,tconst,averageRating,numVotes
18899,tt0035423,6.4,93476
85855,tt0113026,5.7,1488
90368,tt0118589,2.5,24468
90451,tt0118694,8.0,186162
91983,tt0120467,5.2,4414
92112,tt0120630,7.1,223901
92136,tt0120662,5.0,16598
92139,tt0120667,5.7,371874
92147,tt0120679,7.3,101121
92149,tt0120681,6.7,171248
92161,tt0120695,4.8,13436
92189,tt0120737,8.9,2186053
92202,tt0120753,5.7,23187
92204,tt0120755,6.1,411408
92245,tt0120804,6.6,307534
92255,tt0120824,6.7,34689
92312,tt0120903,7.3,687968
92315,tt0120910,7.1,43750
92316,tt0120912,6.2,428810
92317,tt0120913,6.6,66402
92319,tt0120917,7.4,246395
92467,tt0121164,7.4,326107
92794,tt0121765,6.6,813821
92795,tt0121766,7.7,913523
93226,tt0122459,7.0,24958
94888,tt0125022,6.3,61809
95540,tt0126029,7.9,803257
96318,tt0127349,6.4,7954
97849,tt0130623,6.4,72319
98366,tt0131704,4.3,21874
98581,tt0132245,4.6,44991
98987,tt0133152,5.7,241082
99051,tt0133240,7.2,146684
99418,tt0134084,5.7,181205
99426,tt0134108,5.8,65
99810,tt0134847,7.0,262789
99895,tt0134983,4.9,20762
101688,tt0138524,6.3,105435
101847,tt0138749,6.9,118156
101966,tt0138946,6.4,24487
102322,tt0139654,7.8,512444
103245,tt0141399,5.4,2654
103489,tt0141907,4.5,5472
103495,tt0141926,6.6,91533
104692,tt0144084,7.6,825761
104926,tt0144528,4.5,55418
105181,tt0144964,4.6,22126
105407,tt0145487,7.4,957784
105635,tt0145937,6.4,6522
105778,tt0146309,7.3,66373
105782,tt0146316,5.8,229603
106012,tt0146882,7.4,198394
106051,tt0146984,6.7,61976
107475,tt0149624,5.8,16304
108649,tt0151150,6.1,11734
111627,tt0156323,5.7,9969
111870,tt0156812,7.0,22029
111884,tt0156841,4.7,12074
112109,tt0157262,3.5,13915
112196,tt0157472,5.2,15701
112680,tt0158583,6.4,2942
112694,tt0158607,3.7,96
112704,tt0158622,3.8,26820
112905,tt0159097,7.2,184881
113001,tt0159273,6.4,118713
113049,tt0159365,7.2,163526
113440,tt0160009,5.7,32210
113504,tt0160127,5.6,206512
113542,tt0160184,5.3,30910
113646,tt0160399,6.2,25331
113700,tt0160484,4.8,11766
113707,tt0160498,5.3,655
113783,tt0160644,5.5,3786
113863,tt0160797,6.4,52505
114025,tt0161081,6.6,144691
114026,tt0161083,5.5,18004
114595,tt0162222,7.8,684256
114639,tt0162346,7.3,131729
114739,tt0162650,6.0,84918
114920,tt0162983,4.9,13753
114948,tt0163025,6.0,367357
115285,tt0163676,4.7,5043
115444,tt0163978,6.6,267281
115447,tt0163983,5.1,15936
115461,tt0164003,5.9,6149
115490,tt0164052,5.9,145635
115566,tt0164184,6.5,133541
115585,tt0164212,6.4,30195
115655,tt0164334,6.4,103262
116504,tt0165929,6.1,76854
116533,tt0165982,6.8,63782
116625,tt0166110,4.5,8778
116656,tt0166158,5.6,2692
116729,tt0166276,4.8,20181
117047,tt0166813,7.2,93829
117112,tt0166924,7.9,424088
117265,tt0167190,6.9,368812
117273,tt0167203,5.6,5104
117310,tt0167260,9.0,2145389
117311,tt0167261,8.8,1938750
117423,tt0167456,4.3,15065
118110,tt0168612,5.2,169
118116,tt0168629,7.9,123233
118197,tt0168786,7.3,40524
118224,tt0168856,6.1,8027
118321,tt0169102,8.1,128708
118766,tt0170016,6.4,331480
119090,tt0170691,6.9,45241
119414,tt0171356,5.6,8281
119416,tt0171359,5.9,10353
119453,tt0171433,6.4,54286
119523,tt0171580,6.3,37061
119685,tt0171928,6.6,1308
119785,tt0172109,1.8,920
119801,tt0172156,6.6,286741
119922,tt0172495,8.5,1830968
120439,tt0173716,6.3,17860
120516,tt0173840,6.4,85743
120876,tt0174480,5.6,30324
121203,tt0175142,6.3,318933
122053,tt0176783,5.9,18345
122467,tt0177650,5.2,2247
122634,tt0177971,6.5,187485
123340,tt0179098,6.6,15178
123355,tt0179116,6.9,50555
123628,tt0179626,6.1,53409
123907,tt0180052,3.9,28226
123920,tt0180073,7.2,58907
123933,tt0180093,8.3,966473
124330,tt0180734,6.4,35815
124607,tt0181151,5.7,10094
124842,tt0181536,7.3,92899
124933,tt0181689,7.6,617536
124958,tt0181739,6.3,41196
125011,tt0181836,5.7,2698
125019,tt0181852,6.3,435085
125024,tt0181865,7.5,229426
125031,tt0181875,7.9,313229
125093,tt0181984,7.0,59792
125102,tt0182000,5.8,8314
125272,tt0182295,5.9,5098
125933,tt0183505,6.6,263822
125944,tt0183523,5.7,79367
126014,tt0183649,7.1,300493
126023,tt0183659,7.0,30879
126101,tt0183790,7.0,217803
126149,tt0183869,6.5,62567
126691,tt0184858,5.8,44706
126714,tt0184894,6.6,141628
126722,tt0184907,5.2,14682
126793,tt0185014,7.2,68791
126910,tt0185183,2.5,85597
127030,tt0185431,5.3,118934
127368,tt0186045,5.7,16468
127411,tt0186151,7.4,122658
127473,tt0186253,6.9,7778
127669,tt0186566,6.5,90737
127679,tt0186589,5.8,16270
127881,tt0186894,5.8,22392
127882,tt0186895,5.7,1234
128005,tt0187078,6.5,308617
128204,tt0187393,7.2,310943
128426,tt0187738,6.7,251097
128778,tt0188453,6.0,27087
129158,tt0189192,5.7,21076
129630,tt0189998,6.9,47525
129707,tt0190138,6.7,135836
129805,tt0190332,7.9,292976
129824,tt0190374,3.7,37748
129887,tt0190524,4.4,11088
129923,tt0190590,7.7,349647
130097,tt0190865,6.0,68744
130230,tt0191133,5.6,7960
130368,tt0191397,6.6,74019
130580,tt0191754,6.1,57417
130717,tt0192071,5.7,20842
130739,tt0192111,5.4,15973
130798,tt0192255,5.8,12466
130957,tt0192614,5.6,35122
131015,tt0192731,4.4,20152
131388,tt0193560,5.3,6622
131704,tt0194218,6.6,9685
131958,tt0194704,6.9,49
132238,tt0195234,6.9,20041
132480,tt0195685,7.5,243433
132494,tt0195714,6.7,331130
132517,tt0195778,5.2,9243
132591,tt0195945,6.2,47212
132702,tt0196158,3.5,8079
132727,tt0196216,6.7,42398
132737,tt0196229,6.5,314308
133718,tt0198021,6.7,38266
134087,tt0198781,8.1,1064787
134360,tt0199290,4.7,3897
134513,tt0199626,5.4,27693
134569,tt0199725,7.2,26444
134584,tt0199753,5.7,62231
134733,tt0200027,6.5,31760
134967,tt0200465,7.2,196322
135007,tt0200530,6.6,6192
135017,tt0200550,5.8,127902
135076,tt0200669,5.9,4726
135095,tt0200720,7.0,8630
135923,tt0202402,5.5,13024
135964,tt0202470,6.3,46939
136086,tt0202677,6.6,37051
136274,tt0203009,7.5,312798
136280,tt0203019,7.2,131073
136658,tt0203755,6.2,31952
136848,tt0204137,6.6,15980
136869,tt0204175,5.4,18235
136934,tt0204313,5.1,42303
136953,tt0204350,4.9,1502
137260,tt0204946,6.2,113565
137397,tt0205271,4.7,20904
137471,tt0205461,4.3,5207
137748,tt0206113,6.3,1720
137798,tt0206200,6.3,343
137813,tt0206226,6.1,7416
137839,tt0206275,6.2,68766
137862,tt0206314,6.6,81404
137921,tt0206420,5.3,11227
138027,tt0206634,7.9,562223
138082,tt0206750,6.6,451
138176,tt0206917,6.1,17091
138204,tt0206963,7.1,6120
138331,tt0207201,6.5,237916
138735,tt0208003,5.3,95399
138784,tt0208092,8.2,970514
139150,tt0208874,6.9,26011
139203,tt0208988,5.2,38983
139255,tt0209077,5.8,31971
139293,tt0209144,8.4,1424207
139299,tt0209163,6.4,365052
139470,tt0209475,5.4,92306
139672,tt0209958,6.4,115344
139731,tt0210075,6.7,11907
139884,tt0210382,5.8,10471
139986,tt0210567,5.7,4497
140013,tt0210616,6.7,23877
140191,tt0210945,7.8,247841
140323,tt0211181,4.9,41664
140459,tt0211443,4.5,66338
140472,tt0211465,6.1,25690
140642,tt0211792,5.3,1858
140729,tt0211915,8.3,835294
140736,tt0211933,6.5,86410
140740,tt0211938,5.7,13671
140905,tt0212338,7.0,376090
140908,tt0212346,6.4,246503
141107,tt0212712,7.4,65305
141111,tt0212720,7.2,337457
141133,tt0212797,6.2,532
141149,tt0212826,7.0,6379
141224,tt0212985,6.8,311981
141298,tt0213149,6.3,367695
141322,tt0213203,6.2,14428
141590,tt0213790,5.2,14418
141633,tt0213890,7.1,37027
141784,tt0214265,6.4,1132
141792,tt0214289,6.3,3941
142218,tt0215129,6.5,187662
142416,tt0215545,6.7,13021
142538,tt0215750,7.5,291797
142806,tt0216216,5.9,133312
143321,tt0217107,4.0,806
143550,tt0217505,7.5,501836
143712,tt0217756,5.4,16129
143785,tt0217869,7.3,465378
144061,tt0218378,6.3,7115
144201,tt0218619,3.9,10163
144306,tt0218817,6.1,31262
144362,tt0218922,6.0,63182
144389,tt0218967,6.9,130307
144738,tt0219653,4.9,38586
144758,tt0219699,6.7,80538
144809,tt0219822,6.4,19542
144820,tt0219854,6.1,46163
144883,tt0219965,6.5,74011
144960,tt0220099,6.4,21602
144961,tt0220100,6.0,7325
145228,tt0220506,3.9,53615
145331,tt0220673,6.4,195
145548,tt0221027,7.5,286397
145638,tt0221218,5.8,42344
145936,tt0221809,7.5,478
145948,tt0221838,6.8,2675
146018,tt0222012,8.0,15068
146023,tt0222024,5.4,8353
146408,tt0222850,6.9,8572
146409,tt0222851,7.1,25793
146490,tt0223067,5.2,320
146801,tt0223897,7.2,128350
147295,tt0225071,5.7,26441
148039,tt0227005,6.3,20334
148116,tt0227194,5.5,6148
148207,tt0227445,6.8,142747
148245,tt0227538,5.6,134972
148438,tt0227984,6.3,52503
148619,tt0228277,6.1,855
148651,tt0228333,4.9,61355
148888,tt0228750,6.3,60780
149182,tt0229260,4.1,41830
149235,tt0229340,7.2,6593
149612,tt0230011,6.9,146442
149621,tt0230030,6.1,118485
149935,tt0230600,7.6,424042
150048,tt0230838,6.7,98504
150354,tt0231402,4.8,27410
150379,tt0231448,5.6,8197
150537,tt0231775,5.4,25646
150838,tt0232500,6.8,453313
151120,tt0233142,6.0,50908
151296,tt0233469,5.5,80752
151638,tt0234215,7.2,666561
151711,tt0234354,5.8,12405
151921,tt0234829,5.1,17238
152107,tt0235198,7.1,98251
152330,tt0235679,5.9,16526
152344,tt0235712,5.9,10654
152361,tt0235737,7.0,33266
152696,tt0236348,5.7,26549
152711,tt0236388,6.8,6386
152760,tt0236493,6.1,120575
152890,tt0236784,6.1,32610
153255,tt0237534,7.0,76321
153274,tt0237572,6.7,76602
153546,tt0238112,5.9,37270
153602,tt0238247,6.1,1192
153667,tt0238380,7.3,360896
153731,tt0238546,5.3,63869
153734,tt0238552,5.4,16490
153864,tt0238883,7.6,19942
153883,tt0238924,6.9,14641
153887,tt0238936,7.6,51788
153892,tt0238948,5.4,9016
154099,tt0239395,5.2,65366
154346,tt0239948,5.9,45642
154347,tt0239949,5.0,14185
154360,tt0239986,6.4,7073
154588,tt0240462,4.8,49681
154593,tt0240468,6.2,50576
154614,tt0240510,6.5,36511
154619,tt0240515,4.7,53940
154755,tt0240772,7.7,668311
154826,tt0240890,6.8,130991
154833,tt0240900,5.3,15745
154899,tt0241025,6.2,24115
155013,tt0241303,7.2,209600
155086,tt0241527,7.7,942596
155164,tt0241760,5.8,39534
155296,tt0242150,5.5,2805
155310,tt0242193,6.9,43020
155356,tt0242252,6.0,5777
155358,tt0242256,8.3,8862
155464,tt0242423,5.5,152012
155475,tt0242445,5.6,38465
155517,tt0242519,8.2,79974
155524,tt0242527,6.2,49815
155545,tt0242572,7.7,4171
155551,tt0242587,7.1,11096
155590,tt0242653,6.7,572343
155711,tt0242888,6.5,9843
155771,tt0242998,4.9,31636
155781,tt0243017,7.6,69281
155844,tt0243133,7.5,119891
155856,tt0243155,6.8,285270
155996,tt0243415,5.1,624
156086,tt0243585,5.5,61551
156121,tt0243655,6.5,63470
156174,tt0243736,5.6,78241
156229,tt0243862,7.0,14430
156305,tt0244000,5.9,18471
156388,tt0244173,6.9,2522
156417,tt0244244,6.5,202732
156564,tt0244504,7.0,1994
156663,tt0244659,7.4,25
156694,tt0244709,5.8,1106
156834,tt0244970,6.1,28707
156904,tt0245120,5.3,9676
157067,tt0245429,8.6,955899
157124,tt0245562,6.1,76882
157133,tt0245574,7.7,139858
157183,tt0245674,5.6,100353
157190,tt0245686,6.0,65029
157205,tt0245712,8.0,271639
157249,tt0245803,5.5,53786
157274,tt0245844,7.7,158796
157621,tt0246460,6.1,239168
157625,tt0246464,6.4,22901
157649,tt0246500,6.3,5222
157671,tt0246544,4.8,15419
157690,tt0246578,8.0,905402
157744,tt0246677,6.9,27058
157881,tt0246894,3.2,30795
157939,tt0246989,5.3,20607
158061,tt0247199,7.1,43380
158105,tt0247303,4.7,5912
158148,tt0247425,7.4,44217
158208,tt0247586,7.9,62178
158233,tt0247638,6.4,180176
158276,tt0247745,7.0,118100
158356,tt0247911,3.2,2968
158410,tt0248012,6.0,4740
158462,tt0248126,7.5,62507
158488,tt0248190,6.0,4708
158497,tt0248216,4.9,3202
158691,tt0248667,6.7,109811
158742,tt0248845,7.7,39002
158872,tt0249161,7.0,68
158979,tt0249371,6.4,16165
159024,tt0249462,7.7,151082
159031,tt0249478,5.6,29862
159049,tt0249516,1.3,12611
159410,tt0250223,6.7,62495
159411,tt0250224,6.4,27365
159432,tt0250274,6.3,5338
159449,tt0250310,4.8,14189
159454,tt0250323,6.5,12494
159478,tt0250371,6.3,5021
159534,tt0250468,5.4,20715
159549,tt0250494,6.5,280749
159644,tt0250687,6.5,129791
159709,tt0250797,6.7,106625
159845,tt0251075,6.1,142304
159871,tt0251114,6.4,57596
159877,tt0251127,6.5,316551
159896,tt0251160,7.1,152697
160172,tt0251736,6.0,99550
160183,tt0251756,6.1,1347
160326,tt0252028,5.5,30649
160358,tt0252076,5.4,101844
160434,tt0252223,4.8,2780
160478,tt0252299,6.7,26282
160551,tt0252444,7.4,31540
160570,tt0252480,7.0,12054
160585,tt0252501,6.9,43175
160586,tt0252503,6.5,41267
160758,tt0252866,6.5,285358
161002,tt0253474,8.5,1003722
161032,tt0253556,6.2,151989
161099,tt0253754,6.4,87463
161121,tt0253798,6.3,19411
161157,tt0253867,5.2,65617
161339,tt0254199,6.2,5214
161444,tt0254481,7.2,30982
161530,tt0254686,7.5,79636
161538,tt0254703,4.3,1301
161737,tt0255094,7.4,7188
161792,tt0255198,6.0,5263
161911,tt0255477,4.3,8888
161959,tt0255589,6.9,15590
162056,tt0255798,4.9,67198
162063,tt0255819,6.5,18291
162176,tt0256009,7.3,75111
162296,tt0256276,6.3,13988
162337,tt0256380,6.0,153270
162352,tt0256415,6.2,132978
162393,tt0256524,6.7,43960
162610,tt0257044,7.6,299189
162619,tt0257076,6.1,159424
162635,tt0257106,5.4,190316
162693,tt0257231,6.4,8574
162765,tt0257360,7.2,137715
162862,tt0257516,5.1,37193
162882,tt0257568,4.5,35567
162985,tt0257756,6.4,51336
163112,tt0258000,6.8,313096
163133,tt0258038,5.3,15737
163153,tt0258068,7.0,30977
163206,tt0258153,6.1,64075
163262,tt0258273,6.7,8114
163361,tt0258463,7.8,609823
163577,tt0258854,6.4,283
163787,tt0259288,6.1,41383
163813,tt0259324,5.3,267341
163884,tt0259446,6.6,150702
163959,tt0259567,5.4,1467
164040,tt0259711,6.9,306555
164106,tt0259822,5.5,9188
164191,tt0259974,6.1,8468
164589,tt0260695,5.5,822
164676,tt0260866,6.3,65590
164918,tt0261289,5.3,19640
164972,tt0261392,6.8,165924
165168,tt0261755,5.5,616
165271,tt0261983,6.4,66741
165316,tt0262050,4.4,37
165512,tt0262396,5.9,8199
165536,tt0262432,7.2,8919
166131,tt0263488,6.2,156248
166282,tt0263728,4.0,3090
166287,tt0263734,5.9,4884
166300,tt0263757,6.3,51689
166492,tt0264150,5.3,30045
166609,tt0264395,6.4,69438
166623,tt0264429,3.7,2065
166639,tt0264464,8.1,1220745
166641,tt0264472,6.5,77591
166715,tt0264616,7.2,98902
166778,tt0264761,6.5,18004
166795,tt0264796,7.4,47142
166861,tt0264935,6.2,66077
166910,tt0265029,5.7,62685
166936,tt0265086,7.7,451625
166937,tt0265087,5.0,45745
166991,tt0265208,6.7,260909
167034,tt0265298,5.5,42672
167039,tt0265307,6.6,4729
167058,tt0265343,7.3,27779
167061,tt0265349,6.4,88985
167098,tt0265459,6.8,139112
167174,tt0265632,6.5,12464
167182,tt0265651,6.6,20592
167185,tt0265662,6.9,39065
167188,tt0265666,7.6,331456
167250,tt0265808,5.1,14194
167485,tt0266308,7.5,206073
167522,tt0266391,6.4,9484
167526,tt0266408,5.3,1970
167550,tt0266452,6.3,44411
167557,tt0266465,6.0,51040
167568,tt0266489,5.9,65262
167594,tt0266543,8.2,1197595
167659,tt0266697,8.2,1294654
167687,tt0266747,3.0,5608
167770,tt0266915,6.7,258327
167798,tt0266987,7.1,177016
167851,tt0267129,6.1,13957
167914,tt0267248,4.8,10436
167932,tt0267287,6.4,14060
168082,tt0267626,6.7,71698
168095,tt0267664,7.0,202
168166,tt0267804,5.9,99486
168215,tt0267913,5.4,139137
168303,tt0268126,7.6,213070
168335,tt0268200,6.7,1725
168341,tt0268219,6.8,1212
168431,tt0268380,7.5,560120
168441,tt0268397,6.1,40384
168595,tt0268695,6.0,135362
168606,tt0268711,4.5,1285
168737,tt0268978,8.2,1047489
168743,tt0268995,6.9,60512
168784,tt0269095,6.1,27608
168871,tt0269341,6.1,7942
168875,tt0269347,6.1,54465
168979,tt0269604,5.1,2084
169213,tt0270288,7.0,95224
169485,tt0270891,4.7,2746
169573,tt0271027,6.6,69379
169700,tt0271219,6.1,6429
169728,tt0271259,6.3,16221
169730,tt0271263,5.3,28273
169778,tt0271337,4.6,704
169800,tt0271367,5.5,62798
169932,tt0271582,6.7,2222
170159,tt0271945,4.6,1067
170160,tt0271946,5.8,19823
170186,tt0272020,7.0,90531
170262,tt0272152,7.4,201809
170288,tt0272207,7.1,45237
170357,tt0272338,7.3,196405
170980,tt0273517,5.4,20960
171075,tt0273719,6.0,4022
171121,tt0273799,5.5,9291
171161,tt0273870,7.6,2195
171187,tt0273923,6.2,53759
171213,tt0273982,6.8,11476
171307,tt0274166,6.3,184384
171523,tt0274558,7.5,146467
171614,tt0274711,5.4,12254
171673,tt0274812,6.9,108526
171803,tt0275022,3.9,47233
171832,tt0275083,7.1,11490
172077,tt0275491,7.4,65707
172190,tt0275719,7.2,22119
172274,tt0275847,7.4,241697
172293,tt0275876,6.4,44
172374,tt0276033,4.3,6536
172779,tt0276751,7.1,199380
172819,tt0276816,6.1,25888
172881,tt0276919,8.0,167658
172913,tt0276977,6.1,1175
172940,tt0277027,7.6,161460
173071,tt0277296,5.5,151134
173104,tt0277371,5.8,125250
173133,tt0277434,7.2,158853
173407,tt0277895,6.6,538
173416,tt0277909,6.6,1436
173642,tt0278295,5.8,16464
173717,tt0278435,5.8,50941
173742,tt0278488,6.2,65007
173752,tt0278500,6.8,25870
173755,tt0278504,7.2,339809
173780,tt0278554,6.7,229
173857,tt0278731,6.7,43079
173917,tt0278823,6.5,29062
174071,tt0279111,6.2,18044
174072,tt0279112,7.0,7942
174073,tt0279113,6.4,49800
174181,tt0279286,4.2,4534
174208,tt0279331,6.6,25476
174300,tt0279493,5.9,37854
174463,tt0279778,6.1,21760
174466,tt0279781,5.5,16845
174534,tt0279889,5.6,11689
174621,tt0280030,5.8,23739
174824,tt0280380,6.1,26994
174878,tt0280460,5.7,17958
174893,tt0280477,7.0,10903
174898,tt0280486,5.6,51859
174954,tt0280590,5.8,162895
174964,tt0280609,6.8,70625
175000,tt0280665,6.2,39251
175026,tt0280707,7.2,101536
175059,tt0280760,6.8,37114
175069,tt0280778,7.0,19805
175119,tt0280870,5.7,8353
175134,tt0280898,9.0,2266
175378,tt0281322,6.1,36627
175396,tt0281358,7.3,230308
175400,tt0281364,6.6,45457
175406,tt0281373,5.2,29912
175589,tt0281680,6.5,996
175591,tt0281686,6.9,53940
176121,tt0282687,5.8,34914
176130,tt0282698,6.9,9355
176324,tt0283026,5.1,22139
176358,tt0283084,6.6,26730
176378,tt0283111,6.4,120309
176399,tt0283139,7.1,35730
176410,tt0283160,4.4,5849
176586,tt0283426,5.3,19444
176635,tt0283503,6.3,6137
176640,tt0283509,7.9,50350
176728,tt0283632,4.8,14644
176856,tt0283832,7.0,35984
176895,tt0283900,7.3,43930
176973,tt0284034,5.9,7029
177255,tt0284490,5.6,67054
177457,tt0284837,6.2,99300
177503,tt0284929,5.8,8590
177530,tt0284978,6.7,33036
177626,tt0285175,5.4,21810
177775,tt0285441,7.4,7073
177786,tt0285462,4.9,33356
177834,tt0285531,5.5,100784
177938,tt0285728,5.6,12419
177950,tt0285742,7.0,98040
177995,tt0285823,6.3,175916
178008,tt0285861,7.0,15977
178015,tt0285869,4.8,816
178148,tt0286106,6.8,411644
178154,tt0286112,7.3,96032
178173,tt0286152,6.2,5552
178177,tt0286162,6.5,2930
178217,tt0286244,7.7,59185
178227,tt0286261,7.5,12163
178351,tt0286499,6.7,122359
178468,tt0286716,5.7,291247
178487,tt0286751,6.6,30665
178508,tt0286788,5.8,70304
178855,tt0287467,7.9,121340
178886,tt0287537,6.0,1955
178989,tt0287717,5.3,78368
179128,tt0287978,5.3,239892
179166,tt0288045,5.2,45977
179223,tt0288144,4.5,78
179402,tt0288477,5.6,116429
179685,tt0289043,7.5,538829
179893,tt0289408,6.5,11591
180033,tt0289635,6.3,15257
180112,tt0289765,7.2,310125
180170,tt0289848,5.9,92592
180190,tt0289879,7.6,552729
180195,tt0289889,6.1,4466
180245,tt0289992,7.5,131784
180253,tt0290002,6.4,300864
180308,tt0290095,5.4,92987
180338,tt0290145,6.6,3817
180372,tt0290212,4.7,11552
180400,tt0290249,5.9,406
180457,tt0290332,4.8,8154
180458,tt0290334,7.4,608962
180629,tt0290673,7.3,161332
180662,tt0290747,4.1,7513
180667,tt0290759,3.5,15
180732,tt0290879,6.4,2030
180988,tt0291341,6.4,43795
181065,tt0291502,3.6,18673
181223,tt0291832,6.8,3279
181612,tt0292490,8.0,79580
181624,tt0292506,6.6,146945
181678,tt0292610,5.4,8202
181694,tt0292644,6.6,55391
181813,tt0292886,6.3,4966
181850,tt0292963,7.3,121179
181873,tt0293007,7.6,24471
181915,tt0293086,7.0,565
182066,tt0293416,7.2,23850
182070,tt0293429,6.1,202857
182111,tt0293508,7.2,137725
182140,tt0293564,6.3,197868
182189,tt0293662,6.8,336651
182274,tt0293815,5.8,32531
182507,tt0294252,6.1,3498
182526,tt0294289,4.9,211
182807,tt0294870,6.9,57952
182978,tt0295178,6.3,233578
183021,tt0295238,6.4,4101
183033,tt0295254,3.4,23772
183060,tt0295289,5.6,19542
183067,tt0295297,7.5,759096
183137,tt0295427,3.4,28733
183313,tt0295700,6.1,144759
183314,tt0295701,5.9,193000
183326,tt0295721,5.8,48438
183329,tt0295725,5.3,3288
183495,tt0296042,6.9,63546
183550,tt0296166,6.9,8794
183757,tt0296572,6.6,250705
183759,tt0296574,7.9,17154
184000,tt0297037,6.5,10943
184051,tt0297144,6.8,6755
184061,tt0297162,4.6,17702
184069,tt0297181,5.4,55319
184116,tt0297284,6.3,67063
184336,tt0297721,7.5,13749
184437,tt0297884,7.3,51392
184548,tt0298130,7.1,399956
184560,tt0298148,7.4,550268
184590,tt0298203,7.2,348686
184604,tt0298228,7.5,45447
184638,tt0298296,3.9,9037
184691,tt0298388,6.5,4822
184747,tt0298504,6.5,5705
184892,tt0298744,6.7,15957
184932,tt0298814,5.5,114569
184996,tt0298943,6.5,394
185105,tt0299172,5.4,29268
185245,tt0299458,6.7,11298
185339,tt0299658,7.2,255271
185450,tt0299930,2.7,51934
185470,tt0299977,7.9,193424
185471,tt0299981,3.0,10323
185485,tt0300015,6.8,8342
185499,tt0300051,6.2,74311
185539,tt0300140,7.8,54897
185692,tt0300471,6.2,117143
185724,tt0300532,5.7,34390
185737,tt0300556,5.6,69001
185899,tt0300902,4.2,3487
186118,tt0301357,7.7,159060
186171,tt0301470,5.7,75925
186292,tt0301727,7.9,12661
186293,tt0301730,5.2,714
186574,tt0302280,5.5,568
186717,tt0302640,5.6,109279
186731,tt0302674,6.0,20598
186813,tt0302886,7.0,255917
186882,tt0303021,5.4,1570
186990,tt0303243,7.3,4295
187001,tt0303267,6.8,749
187064,tt0303353,7.3,8292
187070,tt0303361,6.6,44047
187266,tt0303714,6.4,35613
187324,tt0303816,5.6,88277
187381,tt0303933,6.0,37625
187487,tt0304141,7.9,759628
187530,tt0304229,6.8,6987
187586,tt0304328,6.3,6959
187623,tt0304415,6.6,98568
187625,tt0304417,6.0,774
187745,tt0304669,5.8,69564
187747,tt0304672,5.9,15
187775,tt0304711,5.1,19047
188055,tt0305206,7.4,54492
188068,tt0305224,6.3,240632
188140,tt0305357,5.0,138408
188158,tt0305396,5.4,8478
188266,tt0305632,3.9,1671
188282,tt0305669,5.6,41048
188309,tt0305711,5.5,77415
188447,tt0305973,5.6,4798
188488,tt0306047,5.6,169703
188814,tt0306685,5.8,48586
188875,tt0306810,7.7,14
188892,tt0306841,5.6,44560
189031,tt0307109,6.8,5302
189200,tt0307453,6.0,211269
189214,tt0307479,6.2,88877
189265,tt0307596,6.7,1300
189304,tt0307681,7.2,1311
189427,tt0307901,7.6,190882
189436,tt0307920,7.7,3586
189471,tt0307987,7.0,167132
189548,tt0308152,6.4,35423
189575,tt0308208,3.7,21749
189646,tt0308353,4.5,11543
189658,tt0308379,6.7,37225
189660,tt0308383,6.2,33614
189716,tt0308506,5.4,24294
189764,tt0308599,7.0,30
189787,tt0308644,7.6,216829
190094,tt0309291,7.2,5004
190143,tt0309377,6.4,50543
190223,tt0309530,6.3,46883
190256,tt0309593,6.2,215670
190313,tt0309698,7.3,290000
190393,tt0309820,6.6,16627
190400,tt0309832,6.2,4834
190433,tt0309912,7.1,14856
190475,tt0309987,7.1,141347
190578,tt0310203,7.1,32327
190618,tt0310281,7.2,31470
190665,tt0310357,6.1,21316
190858,tt0310775,7.5,80893
190864,tt0310790,5.0,683
190866,tt0310793,7.9,152110
190919,tt0310910,6.6,36290
191016,tt0311113,7.5,253810
191076,tt0311289,7.0,108751
191151,tt0311429,5.8,191284
191233,tt0311592,5.6,183
191434,tt0312004,7.5,156732
191623,tt0312329,5.3,7633
191740,tt0312528,4.2,93554
191751,tt0312549,6.8,22971
192139,tt0313300,6.2,1669
192235,tt0313443,6.5,71039
192289,tt0313542,7.1,120635
192377,tt0313737,6.2,133862
192414,tt0313792,6.3,34149
192467,tt0313911,5.2,39060
192583,tt0314111,6.6,6188
192612,tt0314166,6.0,8259
192705,tt0314331,7.5,578238
192720,tt0314353,6.6,136959
192748,tt0314412,7.4,26542
192818,tt0314524,6.5,5888
192892,tt0314676,5.4,9180
192939,tt0314786,5.8,18424
192985,tt0314871,6.1,418
193061,tt0315000,5.5,1105
193200,tt0315297,5.3,24874
193215,tt0315327,6.8,466313
193260,tt0315431,4.3,717
193353,tt0315642,7.1,20784
193418,tt0315733,7.6,252778
193467,tt0315824,4.9,19254
193536,tt0315983,7.5,75554
193652,tt0316188,7.2,5930
193734,tt0316356,7.4,83435
193754,tt0316396,6.8,84511
193783,tt0316465,6.9,47003
193872,tt0316654,7.5,775641
193901,tt0316732,4.6,47949
193933,tt0316824,6.0,4798
194104,tt0317132,6.4,13604
194133,tt0317198,6.0,132478
194145,tt0317219,7.3,527928
194161,tt0317248,8.6,864578
194182,tt0317303,5.7,78751
194288,tt0317519,8.4,11
194343,tt0317640,6.1,5284
194349,tt0317648,6.7,88413
194360,tt0317676,2.1,39767
194376,tt0317705,8.0,891153
194393,tt0317740,7.0,405289
194486,tt0317919,6.9,422490
194512,tt0317962,6.5,365
194579,tt0318081,4.3,21637
194608,tt0318155,5.8,42801
194693,tt0318283,5.5,14416
194726,tt0318374,6.9,37068
194750,tt0318411,7.7,29899
194873,tt0318627,6.1,219735
194882,tt0318649,6.1,108701
194936,tt0318761,6.5,22473
195051,tt0318974,6.1,23477
195099,tt0319061,7.9,476771
195198,tt0319262,6.5,508676
195235,tt0319343,7.1,345211
195358,tt0319557,7.5,3263
195469,tt0319736,8.2,18230
195490,tt0319769,7.5,16335
195766,tt0320244,6.2,18149
195975,tt0320661,7.3,349347
195993,tt0320691,7.0,299174
196469,tt0321781,6.9,1588
196537,tt0321997,4.1,2585
196653,tt0322259,6.0,321091
196687,tt0322330,6.4,175978
196760,tt0322500,6.6,116
196794,tt0322589,5.3,49387
196823,tt0322659,6.2,5707
196839,tt0322700,5.1,2067
196892,tt0322802,6.6,105826
197003,tt0323013,7.8,27851
197012,tt0323033,5.9,25825
197143,tt0323298,6.7,4900
197244,tt0323531,3.4,7199
197294,tt0323642,6.1,9447
197424,tt0323944,7.1,39931
197520,tt0324127,5.8,22139
197524,tt0324133,6.7,51125
197545,tt0324197,6.4,12209
197556,tt0324216,6.2,161266
197701,tt0324554,6.9,60874
197785,tt0324770,7.2,24
197889,tt0325005,5.6,1831
197916,tt0325055,6.3,11585
197995,tt0325258,5.6,16308
198089,tt0325537,5.5,22162
198107,tt0325596,6.0,11753
198127,tt0325655,6.6,30914
198151,tt0325703,5.5,151102
198154,tt0325710,7.8,501578
198202,tt0325805,7.3,144899
198274,tt0325980,8.1,1311912
198469,tt0326450,6.9,2967
198612,tt0326769,4.7,14713
198627,tt0326806,5.1,867
198636,tt0326828,5.0,1657
198647,tt0326856,4.8,33397
198666,tt0326905,6.6,25025
198705,tt0327036,5.4,1831
198711,tt0327056,7.9,518632
198716,tt0327067,4.8,128
198722,tt0327084,6.7,201591
198755,tt0327162,5.4,73284
198780,tt0327247,5.5,60491
198876,tt0327437,5.9,99094
198912,tt0327554,3.5,131570
198924,tt0327597,7.8,297488
198962,tt0327679,6.3,80150
199001,tt0327785,5.8,20587
199025,tt0327850,6.6,147696
199106,tt0328099,5.3,21934
199109,tt0328107,7.7,416221
199115,tt0328132,6.0,1963
199261,tt0328538,6.8,107138
199277,tt0328589,6.8,64737
199381,tt0328828,6.3,227943
199384,tt0328832,7.3,90667
199399,tt0328880,6.9,135231
199450,tt0329028,3.5,44304
199477,tt0329101,5.8,135486
199498,tt0329162,5.3,4579
199637,tt0329575,7.3,79772
199674,tt0329691,4.2,30431
199684,tt0329717,5.4,41263
199711,tt0329774,4.5,76381
199865,tt0330099,4.9,17622
199910,tt0330193,3.9,386
200011,tt0330373,7.7,745515
200113,tt0330602,6.7,7148
200138,tt0330691,4.9,5965
200182,tt0330793,6.4,179457
200207,tt0330843,6.8,9442
200231,tt0330896,4.6,174
200409,tt0331282,7.0,2116
200507,tt0331468,5.1,26104
200590,tt0331632,5.3,72039
200726,tt0331933,5.5,26429
200740,tt0331953,5.7,32666
200782,tt0332047,6.2,49699
200805,tt0332136,7.0,35068
200863,tt0332280,7.8,680554
200907,tt0332375,6.7,50902
200908,tt0332379,7.2,355628
200943,tt0332452,7.3,610958
201008,tt0332605,7.0,2961
201026,tt0332658,6.8,17264
201041,tt0332712,4.5,4013
201165,tt0333089,4.9,393
201374,tt0333766,7.4,228441
201376,tt0333780,4.8,78287
201773,tt0335013,6.2,7152
201817,tt0335119,6.9,85365
201819,tt0335121,4.8,27186
201874,tt0335245,6.2,112183
201887,tt0335266,7.7,524988
201916,tt0335345,7.3,269269
201952,tt0335438,6.1,161169
201995,tt0335559,5.6,30554
201996,tt0335563,6.5,24653
202721,tt0337563,6.3,244486
202729,tt0337573,6.9,9527
202734,tt0337579,5.7,16987
202773,tt0337631,6.5,1550
202821,tt0337692,6.0,44624
202835,tt0337711,5.6,9525
202857,tt0337741,6.8,137971
202916,tt0337851,4.1,2447
202926,tt0337876,6.3,44322
202950,tt0337909,6.9,29317
202956,tt0337917,5.2,11393
202959,tt0337921,6.5,110049
202984,tt0337961,6.2,6328
202991,tt0337971,6.5,3352
202996,tt0337978,7.1,434624
203015,tt0338013,8.3,1173166
203054,tt0338077,5.9,14219
203066,tt0338094,5.2,60908
203067,tt0338095,6.7,82520
203068,tt0338096,5.9,30811
203086,tt0338135,7.5,30859
203118,tt0338188,6.5,41427
203133,tt0338216,5.9,21584
203173,tt0338294,4.1,253
203179,tt0338309,7.7,44518
203185,tt0338325,5.7,16096
203191,tt0338337,6.3,117935
203193,tt0338348,6.6,269873
203234,tt0338427,6.3,25307
203255,tt0338459,4.4,70826
203260,tt0338466,5.8,56564
203289,tt0338512,7.0,16552
203298,tt0338526,6.1,305218
203319,tt0338564,8.0,137498
203400,tt0338706,6.5,5340
203410,tt0338751,7.5,405233
203413,tt0338763,4.6,22266
203505,tt0339034,1.9,27284
203544,tt0339135,6.1,22671
203603,tt0339291,6.8,230312
203617,tt0339334,5.2,4026
203648,tt0339412,5.6,15798
203650,tt0339419,7.1,4860
203730,tt0339638,5.4,198
203758,tt0339727,5.8,2147
203798,tt0339827,6.2,1448
203807,tt0339840,5.3,15189
203938,tt0340110,5.6,3871
203963,tt0340163,6.5,116033
204049,tt0340377,7.6,79019
204123,tt0340855,7.3,172043
204214,tt0341266,6.4,4481
204514,tt0342062,4.7,132
204580,tt0342258,7.0,111641
204595,tt0342295,5.4,92
204604,tt0342316,5.9,745
204771,tt0342735,7.2,26322
204918,tt0343121,7.9,10051
204926,tt0343135,6.0,150281
204950,tt0343221,7.6,4788
205160,tt0343660,6.8,411022
205191,tt0343737,6.7,112010
205217,tt0343818,7.1,611096
205277,tt0343996,6.5,10152
205624,tt0344854,6.0,44115
205711,tt0345074,6.3,8929
205869,tt0345412,8.5,23
205953,tt0345551,7.1,19361
206105,tt0345853,6.3,3300
206150,tt0345950,7.2,111611
206238,tt0346156,6.1,90077
206384,tt0346457,6.5,11035
206405,tt0346491,5.6,182756
206487,tt0346631,6.7,37756
206517,tt0346723,6.5,17653
206703,tt0347149,8.2,506156
206802,tt0347332,7.4,17412
207156,tt0348121,6.8,19626
207174,tt0348150,6.1,302173
207223,tt0348258,6.2,610
207251,tt0348333,6.7,112111
207362,tt0348593,6.6,16627
207446,tt0348836,5.8,124076
207449,tt0348843,5.3,2523
207542,tt0349047,5.5,18053
207580,tt0349115,3.5,461
207601,tt0349159,3.0,552
207606,tt0349169,5.6,6584
207623,tt0349205,5.9,115765
207643,tt0349260,6.0,3055
207690,tt0349416,6.4,9646
207708,tt0349467,5.2,17824
207803,tt0349683,6.3,182237
207813,tt0349710,6.5,60953
207861,tt0349825,7.5,63388
207885,tt0349889,5.0,5507
207892,tt0349903,6.5,436184
207940,tt0350028,6.0,39357
208007,tt0350194,5.7,2067
208032,tt0350258,7.7,164539
208034,tt0350261,7.0,35938
208276,tt0350907,4.9,15
208391,tt0351283,6.9,474683
208523,tt0351817,8.1,26903
208564,tt0351977,6.2,112796
208689,tt0352248,8.0,208170
208701,tt0352277,6.6,12303
208908,tt0352757,3.6,633
209003,tt0352994,7.3,7226
209103,tt0353168,6.8,667
209402,tt0353765,5.8,67
209495,tt0353969,8.1,261454
209851,tt0354766,5.6,6353
209921,tt0354899,7.2,72071
210129,tt0355295,5.9,131415
210337,tt0355702,7.1,60615
210471,tt0355954,5.2,11445
210576,tt0356150,6.6,241979
210581,tt0356159,5.5,2905
210588,tt0356176,6.1,6068
210723,tt0356470,6.0,100992
210789,tt0356614,6.4,11864
210792,tt0356618,5.8,70899
210800,tt0356634,5.1,100118
210815,tt0356680,6.3,89460
210832,tt0356721,6.5,67497
210929,tt0356910,6.5,588310
211008,tt0357110,6.5,12650
211009,tt0357111,5.9,16095
211078,tt0357277,4.7,104513
211153,tt0357413,7.1,399105
211179,tt0357474,4.6,7110
211190,tt0357507,4.2,33711
211330,tt0357894,5.1,2567
211373,tt0357991,4.8,1186
211420,tt0358082,6.4,173616
211441,tt0358135,6.2,52225
211502,tt0358273,7.8,279292
211509,tt0358294,4.3,8403
211539,tt0358349,4.6,16899
211819,tt0359013,5.8,200135
211991,tt0359423,6.6,14328
212032,tt0359517,4.6,8924
212124,tt0359692,7.4,5561
212235,tt0359950,7.3,368087
212268,tt0360009,6.5,34255
212274,tt0360016,5.6,2519
212284,tt0360033,6.2,1095
212327,tt0360139,6.1,42328
212350,tt0360201,6.4,68942
212409,tt0360323,6.2,7465
212484,tt0360486,7.0,404598
212580,tt0360717,7.2,468161
212666,tt0360916,2.9,3982
212737,tt0361089,5.5,25706
212758,tt0361127,7.1,36705
212868,tt0361309,6.2,10447
212873,tt0361322,6.5,292
212902,tt0361411,6.2,22553
212920,tt0361467,4.8,33452
212932,tt0361500,4.3,3311
212960,tt0361596,7.5,134822
212972,tt0361620,5.2,31173
213015,tt0361696,5.8,29812
213023,tt0361715,7.1,9063
213035,tt0361748,8.4,1761621
213072,tt0361841,5.4,19782
213084,tt0361862,7.6,439243
213117,tt0361925,5.3,14383
213212,tt0362120,5.1,137791
213233,tt0362165,2.3,62094
213246,tt0362204,4.3,179
213260,tt0362227,7.4,531662
213283,tt0362269,7.0,52472
213284,tt0362270,7.2,220253
213394,tt0362478,5.6,97649
213512,tt0362789,5.9,163
213668,tt0363163,8.2,398095
213689,tt0363226,7.4,53137
213723,tt0363282,5.0,26257
213839,tt0363473,6.7,16038
213860,tt0363504,5.9,1662
213877,tt0363532,6.9,5420
213886,tt0363547,7.2,286978
213910,tt0363589,7.1,103542
214031,tt0363771,6.9,455186
214163,tt0363988,6.5,220467
214204,tt0364045,6.2,100765
214350,tt0364385,6.7,51883
214369,tt0364457,4.7,1876
214405,tt0364569,8.3,710352
214415,tt0364621,4.8,2728
214448,tt0364725,6.7,283806
214460,tt0364751,5.9,53797
214592,tt0364970,5.5,100656
214662,tt0365109,7.4,3272
214672,tt0365125,5.1,14152
214753,tt0365376,7.1,73546
214810,tt0365485,6.7,47547
214891,tt0365675,6.3,13643
214897,tt0365686,6.3,108114
214918,tt0365737,6.9,138141
214927,tt0365748,7.8,635381
214970,tt0365830,6.8,119057
214977,tt0365847,6.1,17216
214991,tt0365885,6.8,23980
215007,tt0365907,6.5,131557
215018,tt0365929,5.5,42306
215033,tt0365957,3.9,29356
215035,tt0365960,7.2,5615
215161,tt0366174,4.8,37204
215208,tt0366292,6.2,20638
215277,tt0366450,5.5,5715
215306,tt0366548,6.4,212517
215308,tt0366551,7.0,215097
215350,tt0366627,7.1,124179
215446,tt0366777,6.8,27156
215449,tt0366780,6.7,24234
215495,tt0366874,4.8,80
215516,tt0366920,5.0,2946
215559,tt0367000,5.0,5183
215571,tt0367027,6.3,37064
215591,tt0367082,7.0,7403
215592,tt0367085,4.6,26155
215595,tt0367089,7.3,94437
215612,tt0367110,8.2,105519
215817,tt0367478,5.5,10691
215818,tt0367479,6.2,52840
215885,tt0367594,6.7,567369
215912,tt0367631,5.5,19644
215923,tt0367652,4.7,55964
216019,tt0367859,7.6,12542
216032,tt0367882,6.2,511764
216051,tt0367913,6.3,12039
216081,tt0367959,6.1,121120
216109,tt0368008,6.6,122390
216223,tt0368226,3.6,99402
216240,tt0368259,4.7,2691
216341,tt0368447,6.6,295241
216421,tt0368578,4.8,36757
216466,tt0368667,7.8,17554
216495,tt0368709,6.3,74997
216524,tt0368774,6.2,7498
216536,tt0368794,6.8,63310
216554,tt0368833,6.9,59
216589,tt0368891,6.9,374764
216601,tt0368909,7.2,81171
216603,tt0368913,7.3,9853
216618,tt0368933,5.9,96413
216635,tt0368975,5.3,19225
216673,tt0369060,7.2,21083
216754,tt0369226,2.4,48332
216808,tt0369339,7.5,464191
216844,tt0369436,5.7,88411
216849,tt0369441,6.2,162161
216905,tt0369610,6.9,723797
216953,tt0369702,7.9,88602
216967,tt0369735,5.6,68682
217083,tt0369994,5.9,8825
217098,tt0370032,4.4,86257
217204,tt0370263,5.7,231232
217497,tt0370986,7.6,84224
217602,tt0371246,6.4,92356
217609,tt0371257,6.7,92484
217790,tt0371606,5.7,108280
217846,tt0371724,6.7,216275
217852,tt0371739,5.3,7679
217857,tt0371746,7.9,1213094
218085,tt0372183,7.7,510358
218106,tt0372237,5.9,48086
218152,tt0372334,6.8,10192
218165,tt0372370,6.3,191
218241,tt0372532,6.1,58979
218260,tt0372588,7.2,184458
218352,tt0372784,8.2,1698975
218378,tt0372824,7.9,71418
218404,tt0372873,3.5,25904
218467,tt0373051,5.8,140023
218472,tt0373074,7.7,162504
218564,tt0373283,6.6,22035
218642,tt0373450,6.4,19505
218654,tt0373469,7.4,248509
218777,tt0373733,7.2,4452
218867,tt0373883,6.1,138246
218873,tt0373889,7.5,693168
218881,tt0373908,3.5,7728
218890,tt0373926,6.4,113872
218921,tt0373981,7.6,28251
218939,tt0374018,6.4,1145
218987,tt0374102,5.8,58838
219024,tt0374180,5.2,3818
219104,tt0374298,6.9,5051
219116,tt0374330,6.3,4533
219123,tt0374339,6.8,15688
219208,tt0374536,4.9,78151
219220,tt0374563,4.6,24269
219223,tt0374569,6.8,36297
219265,tt0374639,6.4,4706
219357,tt0374900,7.0,254095
219418,tt0375063,7.5,216082
219419,tt0375066,7.3,4010
219452,tt0375154,6.8,55939
219460,tt0375173,6.2,56438
219473,tt0375210,5.5,52848
219604,tt0375568,6.3,42652
219625,tt0375611,8.1,37407
219654,tt0375679,7.7,460729
219747,tt0375912,7.2,206907
219751,tt0375920,6.2,38713
219776,tt0375986,7.1,833
219822,tt0376105,5.2,19125
219823,tt0376108,5.2,14109
219835,tt0376136,6.1,109954
219855,tt0376181,6.6,5042
219861,tt0376196,5.7,4436
219976,tt0376479,6.1,19419
220010,tt0376541,7.1,249779
220236,tt0376994,6.6,569652
220260,tt0377038,7.5,1825
220275,tt0377057,5.1,3120
220278,tt0377062,6.1,58735
220294,tt0377091,7.1,34590
220295,tt0377092,7.1,481354
220303,tt0377107,6.6,47559
220305,tt0377109,5.4,105486
220496,tt0377471,5.6,74759
220579,tt0377701,6.8,2678
220596,tt0377744,4.8,3417
220621,tt0377800,6.6,8331
220626,tt0377818,5.2,84531
220699,tt0377981,5.9,63415
220703,tt0377992,7.7,4562
220759,tt0378109,5.9,83863
220793,tt0378194,8.0,862865
220833,tt0378284,7.7,13145
220903,tt0378417,5.6,3046
220913,tt0378437,5.9,294
221128,tt0378912,5.8,175
221148,tt0378947,6.4,34035
221348,tt0379322,5.0,374
221451,tt0379561,6.8,509
221532,tt0379725,7.3,148690
221559,tt0379786,7.8,314218
221571,tt0379818,6.1,642
221589,tt0379865,6.0,34339
221600,tt0379889,7.0,39854
221646,tt0379976,5.7,12633
221800,tt0380277,3.9,3557
221850,tt0380389,6.7,68342
221913,tt0380510,6.6,190365
221967,tt0380599,6.8,35509
222034,tt0380732,6.3,1403
222069,tt0380798,6.4,1169
222074,tt0380817,6.2,9187
222191,tt0381061,8.0,738865
222309,tt0381270,6.4,5619
222380,tt0381442,6.2,2958
222398,tt0381487,3.1,691
222472,tt0381637,7.6,4019
222496,tt0381681,8.1,312252
222511,tt0381707,5.9,190058
222599,tt0381849,7.6,349520
222639,tt0381936,7.1,8787
222657,tt0381971,6.5,19355
222721,tt0382077,6.0,92349
222799,tt0382205,6.3,1182
222897,tt0382383,7.3,9756
223016,tt0382625,6.7,483239
223018,tt0382628,5.6,67690
223172,tt0382912,6.2,1008
223183,tt0382932,8.1,931265
223201,tt0382960,6.0,875
223219,tt0382992,5.1,58292
223229,tt0383010,5.2,34542
223239,tt0383028,7.5,103969
223257,tt0383060,4.4,23984
223340,tt0383216,5.7,98319
223346,tt0383222,3.0,38427
223520,tt0383574,7.4,819727
223573,tt0383694,7.6,28524
223691,tt0383995,5.3,1612
223798,tt0384286,5.8,29678
223832,tt0384369,7.4,19363
223871,tt0384504,7.4,15124
223878,tt0384533,5.3,8553
223880,tt0384537,6.5,260586
223920,tt0384642,5.6,43400
223930,tt0384680,6.5,85845
223934,tt0384686,6.5,7314
223988,tt0384793,6.4,146629
223996,tt0384806,5.9,122259
224074,tt0385004,7.5,119365
224227,tt0385351,3.1,2056
224427,tt0385752,6.1,203112
224495,tt0385880,6.7,153880
224497,tt0385887,6.8,65877
224500,tt0385890,3.2,1453
224549,tt0386005,6.9,30732
224559,tt0386032,8.0,78179
224564,tt0386038,7.4,3616
224612,tt0386117,6.7,111711
224627,tt0386140,6.0,114103
224755,tt0386438,7.5,526
224821,tt0386588,6.6,347648
224878,tt0386741,6.6,16727
225020,tt0387055,5.5,6920
225022,tt0387057,7.1,733
225024,tt0387059,5.5,7456
225059,tt0387131,7.3,155235
225133,tt0387294,8.5,168
225258,tt0387514,6.2,43300
225285,tt0387564,7.6,505710
225290,tt0387575,4.9,54029
225410,tt0387808,6.5,212883
225447,tt0387877,5.6,79586
225460,tt0387898,7.3,89746
225564,tt0388139,7.2,21220
225585,tt0388182,6.6,24149
225586,tt0388183,4.4,4028
225612,tt0388230,5.0,4615
225741,tt0388482,6.3,225041
225754,tt0388500,5.7,20263
225758,tt0388505,7.8,6556
225925,tt0388789,7.2,18743
225929,tt0388795,7.7,413970
226046,tt0388980,7.4,35772
226241,tt0389326,7.8,4767
226363,tt0389557,7.7,83569
226459,tt0389722,6.6,200012
226487,tt0389790,6.1,195173
226502,tt0389828,6.4,5345
226517,tt0389860,6.4,383896
226567,tt0389957,5.3,16916
226593,tt0390022,7.2,70422
226693,tt0390221,7.4,37447
226742,tt0390320,5.2,788
226772,tt0390384,6.7,120820
226841,tt0390521,7.2,116478
226850,tt0390538,7.1,6877
227073,tt0391104,5.6,547
227106,tt0391198,5.9,157546
227157,tt0391304,6.6,73276
227631,tt0392465,6.7,9617
227774,tt0392883,6.9,1971
227881,tt0393109,7.1,113753
227901,tt0393162,7.4,190598
227966,tt0393329,5.8,1659
227998,tt0393407,3.6,437
228004,tt0393423,6.9,821
228076,tt0393597,7.9,14933
228112,tt0393735,4.4,20939
229004,tt0395119,6.1,14671
229008,tt0395125,7.0,13562
229034,tt0395169,8.1,390338
229085,tt0395251,6.4,46615
229215,tt0395495,5.9,30004
229267,tt0395584,6.7,110628
229330,tt0395699,5.6,106235
229480,tt0395972,7.3,47225
229581,tt0396171,7.5,277902
229591,tt0396190,6.3,2631
229629,tt0396269,7.0,395694
229766,tt0396555,6.8,120659
229788,tt0396592,4.4,13565
229812,tt0396652,6.1,31141
229835,tt0396707,6.1,11958
229858,tt0396752,6.6,91029
230002,tt0397044,5.3,18784
230013,tt0397065,5.5,144353
230025,tt0397078,5.5,65596
230040,tt0397101,6.5,130892
230179,tt0397313,7.3,71422
230283,tt0397535,7.3,171884
230323,tt0397619,7.0,14441
230482,tt0397892,6.8,245884
230529,tt0398017,6.6,78738
230532,tt0398027,6.3,19467
230588,tt0398165,6.4,209825
230636,tt0398286,7.7,540096
230667,tt0398375,5.5,65039
230858,tt0398712,6.3,84207
230896,tt0398808,7.2,189305
230911,tt0398842,4.9,4188
230920,tt0398872,5.4,1189
230934,tt0398913,4.8,47680
231007,tt0399102,6.3,10654
231019,tt0399146,7.4,271273
231042,tt0399201,6.8,340732
231083,tt0399295,7.6,356847
231097,tt0399327,5.5,27506
231277,tt0399862,6.8,5640
231289,tt0399901,6.6,1094
231474,tt0400234,8.4,25446
231549,tt0400400,7.0,799
231564,tt0400426,3.2,15595
231596,tt0400497,4.9,54019
231611,tt0400525,6.2,25894
231707,tt0400717,6.1,113291
231997,tt0401233,6.9,18974
232068,tt0401383,8.0,112662
232069,tt0401385,5.7,709
232096,tt0401445,6.9,106525
232209,tt0401711,7.2,76252
232218,tt0401729,6.6,297847
232246,tt0401792,8.0,818324
232259,tt0401815,5.1,11731
232280,tt0401855,6.7,217051
232343,tt0401997,7.0,63753
232362,tt0402022,5.4,136595
232432,tt0402158,5.8,12578
232535,tt0402399,6.7,93393
232730,tt0402850,6.3,15913
232736,tt0402874,6.1,4144
232743,tt0402894,6.5,58030
232747,tt0402901,5.2,43582
232752,tt0402910,6.4,60250
232788,tt0403016,4.4,5034
232853,tt0403217,5.7,24732
232905,tt0403358,6.4,56839
232976,tt0403508,6.5,68019
233041,tt0403702,6.4,77886
233042,tt0403703,5.0,9600
233119,tt0403848,4.3,1053
233158,tt0403933,5.3,1519
233209,tt0404030,7.4,61257
233211,tt0404032,6.7,148539
233277,tt0404203,7.5,121529
233344,tt0404364,7.1,7223
233354,tt0404390,7.3,106633
233518,tt0404802,6.5,12098
233659,tt0405094,8.4,440880
233686,tt0405159,8.1,761915
233744,tt0405296,7.0,121517
233758,tt0405325,6.3,100482
233765,tt0405336,5.3,42093
233803,tt0405422,7.1,498030
233825,tt0405469,5.2,29421
233844,tt0405508,8.1,126208
233908,tt0405676,6.1,26500
233955,tt0405821,6.0,14061
234170,tt0406375,6.3,125005
234293,tt0406650,6.8,19548
234333,tt0406759,5.4,58717
234358,tt0406816,6.9,102761
234409,tt0406941,5.2,789
234477,tt0407121,6.4,9275
234516,tt0407230,6.4,423
234528,tt0407265,7.3,43230
234544,tt0407304,6.6,503952
234796,tt0407814,4.9,406
234832,tt0407887,8.5,1540903
234997,tt0408236,7.3,405005
235025,tt0408281,7.0,699
235038,tt0408306,7.5,252066
235059,tt0408345,5.8,61164
235143,tt0408524,5.8,24036
235230,tt0408790,6.3,184694
235251,tt0408839,5.9,100940
235304,tt0408985,6.6,42374
235325,tt0409034,6.6,3811
235369,tt0409182,5.7,115103
235371,tt0409184,6.9,21873
235415,tt0409345,6.3,18993
235452,tt0409459,7.6,608467
235476,tt0409527,5.0,1615
235639,tt0409847,6.0,240920
235659,tt0409904,6.4,36263
235739,tt0410097,7.3,45329
235810,tt0410297,6.8,164589
235845,tt0410377,6.0,38141
235859,tt0410403,5.3,969
235888,tt0410454,6.6,1268
235889,tt0410459,3.4,93
235970,tt0410639,6.4,1949
235995,tt0410730,6.8,19497
236004,tt0410764,6.3,35826
236137,tt0411061,5.9,80234
236226,tt0411270,7.2,21515
236228,tt0411272,7.4,32280
236252,tt0411323,5.7,3190
236303,tt0411477,7.0,297822
236376,tt0411705,4.7,25320
236468,tt0411951,4.8,29546
236489,tt0412019,7.1,109953
236515,tt0412080,7.8,63475
236667,tt0412535,5.2,8319
236668,tt0412536,6.6,14186
236805,tt0412922,7.4,25817
236837,tt0413015,7.0,17071
236867,tt0413099,5.4,162021
236947,tt0413267,6.1,357878
236963,tt0413300,6.3,692788
237183,tt0413895,6.3,49652
237246,tt0414055,6.8,77885
237364,tt0414387,7.8,371964
237570,tt0414852,7.1,77035
237571,tt0414853,5.6,38081
237626,tt0414951,6.1,18259
237643,tt0414982,5.9,182690
237648,tt0414993,7.1,257141
237654,tt0415003,5.6,5424
237823,tt0415306,6.6,212501
237916,tt0415481,7.1,4197
237953,tt0415678,5.8,2384
238012,tt0415778,5.1,5910
238082,tt0415940,5.2,657
238101,tt0415965,6.7,21410
238131,tt0416044,7.2,51208
238226,tt0416212,7.2,29605
238242,tt0416236,6.5,108398
238271,tt0416292,7.1,2075
238278,tt0416315,6.2,83808
238279,tt0416316,5.6,4373
238280,tt0416320,7.6,237992
238366,tt0416449,7.6,907578
238393,tt0416496,5.7,38874
238402,tt0416508,7.0,67940
238481,tt0416730,2.3,336
238503,tt0416773,4.5,931
238623,tt0417001,5.9,34161
238647,tt0417056,1.7,19173
238706,tt0417148,5.5,149124
238746,tt0417217,6.2,54242
238834,tt0417385,7.4,7781
238842,tt0417397,7.0,22416
238860,tt0417433,5.8,22536
238963,tt0417658,6.6,15568
238998,tt0417736,6.3,130
239000,tt0417741,7.6,653348
239103,tt0417949,6.1,322
239163,tt0418110,7.2,10125
239238,tt0418279,7.1,713396
239328,tt0418460,6.6,11594
239400,tt0418689,7.1,133808
239424,tt0418746,6.6,57
239428,tt0418753,6.7,7223
239434,tt0418763,7.0,223330
239470,tt0418819,6.2,104555
239559,tt0419058,7.4,31702
239615,tt0419160,4.4,1678
239632,tt0419198,7.0,14785
239677,tt0419294,7.3,43125
239765,tt0419449,6.1,3948
239815,tt0419663,3.8,1589
239838,tt0419704,4.6,2368
239839,tt0419706,5.2,123238
239864,tt0419749,7.0,37840
239897,tt0419815,6.7,984
239912,tt0419843,6.4,33508
239934,tt0419887,7.6,84932
239965,tt0419946,4.8,37302
239991,tt0419984,5.2,37902
240039,tt0420087,6.7,24467
240101,tt0420206,7.2,14949
240108,tt0420223,7.5,244363
240118,tt0420238,6.1,41353
240123,tt0420251,6.9,21844
240147,tt0420294,5.8,81437
240164,tt0420332,7.8,66232
240321,tt0420609,7.0,18808
240424,tt0420835,6.5,1100
240546,tt0421054,5.9,71239
240560,tt0421073,6.8,126284
240566,tt0421082,7.6,71345
240602,tt0421139,8.1,10
240613,tt0421156,3.6,292
240645,tt0421206,6.9,82456
240661,tt0421229,7.6,4620
240668,tt0421238,7.3,57648
240669,tt0421239,6.4,164712
240899,tt0421715,7.8,740538
240904,tt0421729,4.8,49066
240944,tt0421974,5.7,4918
240950,tt0421994,6.8,39198
240957,tt0422015,7.3,9075
240983,tt0422091,6.6,24528
240984,tt0422093,5.8,16898
241045,tt0422272,6.0,18352
241052,tt0422295,6.3,16728
241105,tt0422401,5.7,35967
241231,tt0422720,6.5,130614
241284,tt0422861,5.5,6749
241406,tt0423169,6.6,12343
241443,tt0423294,6.7,100998
241496,tt0423470,8.0,4298
241703,tt0423977,6.9,68093
241762,tt0424095,6.6,148603
241788,tt0424136,7.0,173901
241813,tt0424205,7.6,34168
241890,tt0424345,7.3,144067
242121,tt0424774,3.8,46097
242174,tt0424885,4.1,1419
242188,tt0424908,6.7,14435
242225,tt0424993,5.6,52677
242239,tt0425027,6.7,4900
242250,tt0425055,5.7,3185
242254,tt0425061,6.5,236758
242282,tt0425112,7.8,563585
242287,tt0425123,6.7,125191
242342,tt0425210,7.7,337717
242359,tt0425253,5.8,9041
242442,tt0425413,6.5,71068
242452,tt0425430,5.4,42542
242524,tt0425598,7.2,9829
242525,tt0425600,6.2,1580
242526,tt0425601,7.1,14116
242541,tt0425637,7.3,50216
242554,tt0425661,6.3,2862
242720,tt0426114,4.8,732
242894,tt0426459,6.2,35884
242985,tt0426592,4.8,83313
243183,tt0426883,6.9,111255
243204,tt0426931,7.4,114289
243305,tt0427152,5.9,115805
243331,tt0427229,5.7,93156
243364,tt0427309,7.5,66145
243375,tt0427327,6.7,144990
243408,tt0427380,4.4,354
243415,tt0427392,5.9,87493
243450,tt0427461,6.2,1128
243456,tt0427470,6.9,61962
243663,tt0427944,7.5,235020
243669,tt0427954,7.0,40472
243854,tt0428303,6.0,685
244021,tt0428803,7.5,62042
244113,tt0429052,6.3,1477
244122,tt0429068,6.4,1373
244157,tt0429153,6.0,2077
244212,tt0429277,3.8,1326
244346,tt0429493,6.7,276647
244390,tt0429573,5.0,27799
244395,tt0429589,5.8,44035
244397,tt0429591,5.5,48047
244550,tt0430105,6.8,167571
244614,tt0430252,6.0,487
244640,tt0430304,4.6,65166
244644,tt0430308,5.6,53955
244664,tt0430357,6.1,130330
244677,tt0430377,7.5,1652
244710,tt0430431,6.0,8232
244837,tt0430674,5.9,6434
244882,tt0430770,5.1,24227
244886,tt0430779,5.7,10391
244963,tt0430912,4.4,43546
244968,tt0430922,6.8,251274
244994,tt0431021,5.9,65647
245021,tt0431091,4.6,456
245070,tt0431197,7.0,137080
245077,tt0431213,6.7,4917
245110,tt0431308,7.0,224857
245184,tt0431461,5.2,223
245450,tt0432021,6.2,214395
245462,tt0432047,7.6,18675
245571,tt0432283,7.9,301389
245577,tt0432291,3.7,41244
245611,tt0432348,6.6,295015
245638,tt0432402,6.4,22931
245713,tt0432637,6.5,27970
245875,tt0433035,7.1,378362
245964,tt0433350,6.8,6062
245974,tt0433362,6.4,140394
245994,tt0433383,7.4,104838
245997,tt0433386,5.1,53365
245998,tt0433387,6.8,70602
246007,tt0433398,7.2,996
246020,tt0433412,4.0,23184
246022,tt0433416,7.5,22827
246043,tt0433442,4.7,12748
246126,tt0433578,6.7,57
246141,tt0433605,4.4,639
246258,tt0433883,3.3,1982
246264,tt0433902,5.3,56
246343,tt0434124,7.1,22653
246352,tt0434139,6.4,42709
246383,tt0434215,6.0,8904
246394,tt0434246,7.1,110
246457,tt0434409,8.1,1239701
246462,tt0434424,4.2,2984
246830,tt0435517,6.3,439
246836,tt0435528,5.7,10503
246892,tt0435623,6.9,13512
246894,tt0435625,7.2,269963
246912,tt0435651,6.4,130239
246924,tt0435670,6.1,37234
246932,tt0435680,6.7,20245
246936,tt0435687,6.1,6149
246948,tt0435705,6.2,174032
246986,tt0435761,8.3,961375
247230,tt0436331,5.8,33308
247232,tt0436339,5.1,53065
247361,tt0436613,7.7,10723
247401,tt0436697,7.3,119332
247493,tt0436889,6.4,4325
247573,tt0437086,7.3,321583
247622,tt0437179,5.1,30634
247646,tt0437230,7.0,1342
247647,tt0437232,6.7,11272
247751,tt0437447,7.3,5812
247795,tt0437526,6.2,3993
247873,tt0437800,7.4,22915
247897,tt0437863,5.6,58013
247931,tt0437954,4.7,10032
247999,tt0438097,6.8,315933
248046,tt0438205,7.4,3601
248088,tt0438296,4.4,630
248151,tt0438486,5.5,1334
248152,tt0438488,6.5,391227
248400,tt0439182,6.2,1255
248451,tt0439289,6.1,23691
248643,tt0439572,6.6,245283
248686,tt0439630,6.4,10528
248715,tt0439662,7.1,36873
248815,tt0439815,6.5,94466
249143,tt0440963,8.0,681387
249171,tt0441007,6.2,4405
249200,tt0441048,6.6,32702
249504,tt0441773,7.6,573085
249505,tt0441774,6.4,23119
249522,tt0441796,5.1,35510
249573,tt0441881,6.8,16435
249589,tt0441909,7.6,112232
249668,tt0442207,6.2,2340
249887,tt0442781,7.3,4088
249956,tt0442933,6.3,179244
249969,tt0442973,6.7,288
250073,tt0443272,7.3,283561
250075,tt0443274,6.6,157564
250086,tt0443295,5.5,32256
250169,tt0443431,5.0,9910
250182,tt0443448,6.0,1023
250183,tt0443450,3.8,4239
250185,tt0443453,7.4,473276
250200,tt0443473,6.0,55886
250211,tt0443489,6.6,80552
250247,tt0443536,6.5,71191
250253,tt0443543,7.5,402901
250317,tt0443632,6.1,58105
250328,tt0443649,5.1,139141
250346,tt0443676,7.0,42044
250349,tt0443680,7.5,203024
250366,tt0443701,5.9,96305
250369,tt0443704,6.0,34
250370,tt0443706,7.7,665666
250413,tt0443769,3.6,182
250509,tt0444182,7.0,15565
250594,tt0444505,5.6,6762
250644,tt0444628,6.1,5197
250655,tt0444653,6.8,37591
250669,tt0444682,5.6,45919
250996,tt0445507,5.4,284
251039,tt0445620,7.4,24790
251105,tt0445800,4.1,3872
251125,tt0445841,6.6,82
251174,tt0445922,7.3,117352
251183,tt0445934,6.3,185170
251184,tt0445935,6.0,11946
251192,tt0445946,5.6,27102
251225,tt0445990,7.0,78951
251244,tt0446013,5.4,47490
251253,tt0446029,7.5,493411
251265,tt0446046,6.6,27367
251412,tt0446345,7.5,770
251616,tt0446683,5.8,330
251631,tt0446719,5.6,8504
251653,tt0446755,7.4,99604
252125,tt0448011,6.2,260850
252137,tt0448075,5.9,16503
252156,tt0448115,7.0,410861
252164,tt0448124,7.4,13805
252172,tt0448134,7.2,284501
252189,tt0448157,6.4,536447
252375,tt0448694,6.6,209391
252513,tt0449010,5.1,134279
252543,tt0449059,7.8,553761
252558,tt0449086,5.1,14857
252559,tt0449088,7.1,738573
252560,tt0449089,5.6,66904
252671,tt0449467,7.4,327922
252683,tt0449487,5.8,41035
252733,tt0449570,5.1,159
252927,tt0449994,7.5,36389
252931,tt0449999,6.1,24689
253009,tt0450188,7.5,93788
253026,tt0450232,6.6,138102
253046,tt0450259,8.0,622045
253059,tt0450278,5.9,203052
253081,tt0450314,5.9,70523
253102,tt0450340,6.4,32318
253107,tt0450345,3.8,74449
253131,tt0450385,6.8,312422
253140,tt0450405,5.8,49505
253373,tt0451038,5.5,1277
253388,tt0451069,5.1,2326
253395,tt0451079,6.8,157792
253402,tt0451089,7.0,221
253533,tt0451279,7.3,732432
253670,tt0451833,6.6,13950
253672,tt0451850,6.4,15125
253691,tt0451919,7.4,8250
253979,tt0452594,5.8,144900
253983,tt0452598,5.6,66598
253991,tt0452608,6.4,227496
254000,tt0452623,7.6,308791
254001,tt0452624,6.0,26911
254002,tt0452625,5.6,98720
254012,tt0452637,5.5,107638
254017,tt0452643,6.1,15099
254018,tt0452644,7.1,764
254038,tt0452681,4.9,46475
254045,tt0452694,7.1,164953
254050,tt0452702,6.2,112609
254218,tt0453047,7.5,3734
254322,tt0453365,5.5,2414
254373,tt0453451,6.4,141404
254375,tt0453453,5.9,8819
254381,tt0453467,7.1,343722
254395,tt0453494,5.6,9125
254442,tt0453556,6.2,72004
254446,tt0453562,7.5,108073
254605,tt0454065,7.3,4917
254607,tt0454082,4.7,32997
254752,tt0454559,6.0,47
254881,tt0454792,6.5,8668
254896,tt0454824,6.5,46135
254907,tt0454841,6.4,194586
254913,tt0454848,7.6,422396
254923,tt0454876,7.9,696823
254947,tt0454919,4.7,32138
254948,tt0454921,8.0,614318
254961,tt0454945,6.4,191003
254974,tt0454970,5.4,42210
254984,tt0454987,5.9,27280
255006,tt0455078,5.2,268
255119,tt0455326,6.7,14844
255161,tt0455407,6.5,136798
255207,tt0455499,5.0,50616
255218,tt0455537,3.9,785
255219,tt0455538,6.4,71984
255250,tt0455590,7.6,204915
255261,tt0455612,5.4,12660
255326,tt0455760,6.1,108017
255340,tt0455782,6.7,26741
255350,tt0455805,5.9,10653
255358,tt0455824,6.6,133387
255371,tt0455857,5.1,51556
255429,tt0455944,7.3,461803
255439,tt0455957,6.9,33076
255442,tt0455960,5.6,47449
255447,tt0455967,5.7,92450
255564,tt0456144,8.0,53133
255568,tt0456149,7.8,16801
255642,tt0456470,7.1,12177
255666,tt0456554,6.9,92626
255857,tt0457024,6.7,1193
256025,tt0457303,4.2,540
256029,tt0457308,6.2,2947
256073,tt0457400,5.3,79150
256084,tt0457419,6.2,49178
256091,tt0457430,8.2,743049
256094,tt0457433,5.7,53923
256142,tt0457495,5.1,26423
256153,tt0457510,5.9,101324
256154,tt0457513,6.6,90398
256161,tt0457530,6.1,821
256187,tt0457572,6.7,30988
256319,tt0457939,7.0,365093
256439,tt0458242,6.8,8748
256497,tt0458339,6.9,959554
256506,tt0458352,7.0,524326
256594,tt0458481,6.5,178011
256622,tt0458525,6.5,565078
256847,tt0459272,5.3,120
256890,tt0459440,6.4,41
256924,tt0459516,8.4,9564
257050,tt0459759,5.7,1178
257194,tt0460394,7.9,1653
257207,tt0460411,5.6,701
257262,tt0460505,7.6,5592
257329,tt0460611,6.2,532
257436,tt0460780,3.8,52950
257441,tt0460791,7.8,127466
257461,tt0460829,6.8,68431
257467,tt0460836,4.2,847
257489,tt0460887,4.8,339
257522,tt0460975,3.5,763
257528,tt0460989,7.5,58470
257805,tt0461770,7.1,228376
257891,tt0461936,7.2,44357
258059,tt0462200,6.9,68584
258076,tt0462229,4.6,12522
258087,tt0462244,3.3,18760
258142,tt0462338,6.6,17642
258148,tt0462346,5.4,6420
258175,tt0462396,5.4,38165
258216,tt0462465,6.2,81280
258230,tt0462485,6.0,9849
258238,tt0462499,7.0,255524
258241,tt0462504,7.2,115661
258250,tt0462519,5.9,31652
258255,tt0462538,7.3,362236
258278,tt0462579,5.8,1180
258284,tt0462590,6.5,133417
258426,tt0463034,5.6,86575
258504,tt0463352,5.7,1160
258607,tt0463622,7.3,1794
258678,tt0463854,6.8,357485
258689,tt0463872,5.2,34797
258739,tt0463985,6.1,328317
258749,tt0463998,7.6,92336
258770,tt0464041,6.0,20015
258775,tt0464049,6.8,22292
258835,tt0464141,7.4,169902
258841,tt0464154,5.5,101624
258846,tt0464162,3.3,1913
258856,tt0464184,6.3,1678
258949,tt0464665,6.6,769
259038,tt0464907,6.5,2587
259041,tt0464913,7.0,25088
259101,tt0465142,5.5,25577
259116,tt0465234,6.5,265879
259170,tt0465407,5.6,1044
259185,tt0465436,6.5,12675
259188,tt0465440,5.0,685
259207,tt0465494,6.2,185578
259212,tt0465502,5.9,25052
259227,tt0465538,7.2,182907
259232,tt0465551,7.4,88848
259240,tt0465580,6.1,119182
259251,tt0465602,6.6,158676
259266,tt0465643,3.0,256
259386,tt0465967,7.0,3249
259438,tt0466103,7.1,1807
259539,tt0466342,2.8,64137
259586,tt0466399,6.9,5322
259807,tt0466816,6.9,13546
259817,tt0466839,5.9,20749
259828,tt0466856,6.2,12937
259846,tt0466893,6.5,19343
259856,tt0466909,5.5,66073
259899,tt0467110,4.8,23771
259926,tt0467197,5.3,133566
259927,tt0467200,6.7,126179
259960,tt0467406,7.4,570365
260264,tt0468489,7.1,95205
260266,tt0468492,7.1,142157
260317,tt0468565,7.2,32263
260318,tt0468569,9.1,3134853
260484,tt0469021,6.9,34005
260643,tt0469263,6.3,23787
260674,tt0469494,8.2,701263
260706,tt0469623,7.1,30558
260709,tt0469640,5.8,4841
260710,tt0469641,6.0,91638
260724,tt0469686,6.4,274
260762,tt0469754,6.6,13342
260818,tt0469849,1.7,4725
260851,tt0469903,7.2,23529
260952,tt0470055,5.2,21133
261140,tt0470591,6.6,36
261186,tt0470705,6.1,40374
261211,tt0470752,7.7,633843
261217,tt0470765,6.3,17176
261255,tt0470850,5.9,181
261362,tt0471042,6.2,156854
261718,tt0472033,7.0,156245
261727,tt0472043,7.8,355086
261733,tt0472050,5.7,4301
261742,tt0472062,7.0,130107
261748,tt0472071,5.8,10805
261783,tt0472126,6.8,1877
261801,tt0472160,6.7,69054
261814,tt0472181,5.4,103698
261872,tt0472259,6.0,4330
261897,tt0472399,6.5,182000
262167,tt0473024,2.2,9551
262194,tt0473075,6.5,316241
262210,tt0473102,6.9,4558
262235,tt0473188,5.8,15965
262266,tt0473308,7.0,51018
262294,tt0473356,5.7,12789
262297,tt0473360,5.8,35245
262302,tt0473367,7.4,29357
262348,tt0473444,7.0,47336
262493,tt0473705,7.1,165884
262496,tt0473709,6.5,6179
262513,tt0473753,7.1,37204
262836,tt0475179,6.8,713
262890,tt0475276,7.6,115156
262902,tt0475290,6.3,149287
262905,tt0475293,5.6,104368
262908,tt0475298,4.1,3361
262945,tt0475355,6.3,7138
262965,tt0475394,6.6,157173
263092,tt0475645,4.9,6642
263164,tt0475783,7.6,7886
263202,tt0475937,5.5,13693
263206,tt0475944,5.2,54763
263217,tt0475965,7.1,100
263228,tt0475984,6.4,8734
263237,tt0475998,5.7,3274
263488,tt0476527,6.6,7026
263525,tt0476603,5.7,1720
263550,tt0476643,7.2,5816
263584,tt0476695,5.8,1532
263634,tt0476805,7.1,9050
263699,tt0476958,4.9,12831
263703,tt0476964,6.7,65854
263766,tt0477051,4.3,87272
263777,tt0477071,5.9,85299
263784,tt0477080,6.8,218077
263825,tt0477139,7.2,59497
263889,tt0477302,6.9,107618
263910,tt0477337,4.8,947
263915,tt0477347,6.5,406060
263916,tt0477348,8.2,1175107
264236,tt0478087,6.8,279826
264265,tt0478134,7.1,77207
264371,tt0478304,6.8,191586
264377,tt0478311,6.9,397358
264525,tt0478566,6.8,5389
264731,tt0478970,7.2,774315
264859,tt0479140,4.9,778
264861,tt0479143,7.1,241869
264874,tt0479162,6.7,6032
264990,tt0479500,5.9,22371
264996,tt0479528,6.2,35810
264998,tt0479537,6.6,36536
265048,tt0479647,6.7,13589
265097,tt0479728,3.4,409
265111,tt0479751,7.6,23698
265189,tt0479884,6.9,276138
265236,tt0479952,6.7,268384
265246,tt0479968,4.1,35191
265263,tt0479997,5.4,102409
265283,tt0480025,7.7,134462
265361,tt0480239,5.6,14753
265363,tt0480242,6.8,110675
265368,tt0480249,7.2,870361
265370,tt0480255,6.2,111082
265557,tt0480669,7.1,74535
265566,tt0480687,5.9,135726
265765,tt0481141,6.3,83249
265857,tt0481369,6.4,220669
265941,tt0481499,7.1,249595
265971,tt0481536,6.5,145611
266073,tt0481797,6.1,14741
266206,tt0482088,7.0,34171
266382,tt0482463,7.0,11250
266418,tt0482527,6.2,44383
266430,tt0482546,7.0,33741
266442,tt0482571,8.5,1572350
266443,tt0482572,6.6,65437
266463,tt0482603,4.5,13281
266466,tt0482606,6.1,156412
266484,tt0482629,7.3,22843
266578,tt0482961,5.8,440
266825,tt0483607,5.9,82138
266855,tt0483726,6.2,36718
266869,tt0483756,6.1,6333
267015,tt0484111,5.7,8881
267047,tt0484175,4.6,1194
267255,tt0484562,4.8,16209
267264,tt0484740,6.4,24785
267356,tt0484904,5.5,381
267498,tt0485272,5.2,6129
267598,tt0485510,7.5,14249
267653,tt0485601,7.5,40526
267782,tt0485947,7.7,256477
267792,tt0485985,5.9,38478
267816,tt0486051,5.8,27055
267834,tt0486084,3.5,347
267953,tt0486321,4.5,4950
268021,tt0486551,6.2,73438
268039,tt0486576,5.6,297487
268041,tt0486578,4.7,12421
268043,tt0486583,5.7,50964
268070,tt0486619,4.9,259
268083,tt0486640,4.5,25497
268090,tt0486655,7.6,297349
268102,tt0486674,5.6,29210
268156,tt0486822,6.8,273078
268192,tt0486946,5.9,127382
268551,tt0487887,5.4,2712
268671,tt0488059,5.7,1130
268683,tt0488120,7.2,233807
268695,tt0488164,3.0,1944
268838,tt0488478,7.5,15899
268884,tt0488565,6.0,809
268920,tt0488658,5.4,13112
269107,tt0489037,7.6,12920
269111,tt0489049,6.5,62975
269120,tt0489075,6.8,9
269127,tt0489099,6.1,336387
269156,tt0489235,6.1,26085
269157,tt0489237,6.2,67361
269162,tt0489244,3.1,4075
269172,tt0489270,6.2,226598
269180,tt0489281,6.4,21433
269181,tt0489282,5.2,23525
269264,tt0489486,3.9,2145
269497,tt0490076,5.5,35926
269505,tt0490086,6.2,51675
269548,tt0490181,5.2,27691
269557,tt0490196,3.4,9626
269562,tt0490204,7.4,102424
269565,tt0490210,6.7,8101
269569,tt0490215,7.2,132566
269940,tt0491152,5.8,67251
269953,tt0491175,5.8,49656
269963,tt0491203,6.2,24385
269967,tt0491211,4.4,1165
270171,tt0491720,5.3,1494
270189,tt0491747,7.5,23710
270208,tt0491775,7.1,4139
270312,tt0492044,5.9,67693
270365,tt0492389,3.9,19091
270471,tt0492619,6.2,14277
270541,tt0492869,6.3,446
270587,tt0492956,6.2,103333
270764,tt0493292,6.8,72
270824,tt0493395,5.9,639
270832,tt0493405,6.0,53863
270855,tt0493430,7.0,82854
270883,tt0493464,6.7,426841
270992,tt0493949,6.5,21059
271070,tt0494238,6.1,85184
271093,tt0494271,7.4,16735
271187,tt0494652,5.6,16633
271307,tt0495034,7.5,21307
271335,tt0495116,6.1,393
271459,tt0495596,6.3,47990
271762,tt0496328,5.4,3090
271779,tt0496350,4.8,3543
271908,tt0496595,2.8,761
271928,tt0496634,6.2,8947
271963,tt0496806,6.9,385295
272050,tt0497116,7.4,86969
272113,tt0497316,5.5,1904
272181,tt0497465,7.1,279549
272558,tt0498353,5.5,101609
272575,tt0498380,7.8,176380
272576,tt0498381,4.5,45563
272588,tt0498399,6.8,96161
272657,tt0498521,6.2,32
273005,tt0499375,7.7,26142
273036,tt0499448,6.5,238108
273049,tt0499487,3.2,13594
273080,tt0499549,7.9,1486046
273081,tt0499554,5.9,28657
273082,tt0499556,6.2,101095
273105,tt0499603,6.5,17048
390945,tt0756648,6.8,4576
391275,tt0757361,6.0,23449
391496,tt0757920,5.7,793
391502,tt0757931,6.6,296
391565,tt0758053,5.2,8813
391892,tt0758730,4.6,145870
391902,tt0758742,7.5,33207
391905,tt0758746,5.5,125680
391909,tt0758752,6.7,248411
391915,tt0758758,8.0,692584
391920,tt0758766,6.5,111142
391926,tt0758774,7.0,249427
391928,tt0758781,3.1,7482
391930,tt0758786,6.4,10737
391934,tt0758794,7.1,67554
392536,tt0760329,6.4,44611
393336,tt0762073,7.1,54628
393361,tt0762105,4.7,8979
393363,tt0762107,5.9,160432
393366,tt0762110,7.2,8035
393369,tt0762114,5.3,41983
393375,tt0762121,6.8,12979
393379,tt0762125,6.0,61534
393832,tt0763304,2.8,5688
394011,tt0763831,5.9,47302
394015,tt0763840,5.6,11593
394220,tt0764283,4.0,1464
394528,tt0765010,7.1,170096
394561,tt0765120,6.6,58486
394624,tt0765429,7.8,482638
394627,tt0765432,7.3,41524
394635,tt0765443,7.6,276144
394638,tt0765446,5.8,27926
394658,tt0765476,5.1,45942
395395,tt0768183,5.9,3045
395973,tt0769508,6.3,4397
396282,tt0770203,6.7,1004
396444,tt0770703,6.1,91523
396472,tt0770752,5.7,88903
396484,tt0770772,5.5,17946
396500,tt0770802,8.4,39755
396515,tt0770828,7.1,861773
396516,tt0770829,6.5,4018
397775,tt0775090,4.2,1054
397929,tt0775489,7.4,37511
397954,tt0775539,5.5,27152
397963,tt0775552,5.4,25879
398882,tt0778661,5.9,8830
399491,tt0780503,6.4,3107
399492,tt0780504,7.8,756149
399494,tt0780511,7.1,67204
399498,tt0780516,6.7,28189
399501,tt0780521,7.2,184785
399509,tt0780534,5.3,12927
399510,tt0780536,7.9,490166
399527,tt0780567,5.6,16526
399529,tt0780571,7.2,162869
399549,tt0780607,6.0,22506
399558,tt0780622,5.4,49286
399573,tt0780653,5.9,117150
399941,tt0782037,4.3,5126
400266,tt0783233,7.8,325693
400416,tt0783608,5.8,6071
400429,tt0783640,6.8,15277
400955,tt0785006,5.5,26312
400970,tt0785035,6.2,32986
400991,tt0785077,2.3,15802
401707,tt0787474,6.8,64621
401708,tt0787475,6.7,98644
402524,tt0789783,6.4,50
402830,tt0790604,5.1,39012
402837,tt0790623,6.2,21636
402840,tt0790628,5.9,78005
402844,tt0790636,7.9,545378
402872,tt0790686,6.1,118715
402883,tt0790712,7.1,38347
402892,tt0790724,7.0,389118
402896,tt0790736,5.6,150862
402898,tt0790741,4.8,1946
402929,tt0790804,4.3,12322
403159,tt0791304,5.9,29044
404657,tt0795351,6.2,98891
404671,tt0795368,7.3,127323
404703,tt0795421,6.5,301810
404712,tt0795438,6.1,3446
404714,tt0795441,7.0,14036
404726,tt0795461,3.6,82824
404744,tt0795493,6.6,55256
405079,tt0796366,7.9,636484
405084,tt0796375,6.4,19398
405762,tt0798817,6.0,45682
406069,tt0799934,6.4,96200
406078,tt0799949,2.5,113185
406081,tt0799954,7.2,12762
406134,tt0800039,7.1,318442
406153,tt0800069,5.1,70959
406159,tt0800080,6.6,560210
406207,tt0800164,5.4,502
406257,tt0800240,6.0,42117
406258,tt0800241,6.6,56417
406295,tt0800308,6.7,67749
406302,tt0800320,5.8,303933
406328,tt0800369,7.0,958743
406455,tt0800956,7.4,15001
406663,tt0801526,6.0,7786
407065,tt0803049,5.0,167
407072,tt0803061,7.3,20818
407086,tt0803096,6.7,293632
407089,tt0803100,6.2,1861
407703,tt0804452,3.2,25609
407707,tt0804461,6.7,77600
407730,tt0804497,7.1,151603
407735,tt0804505,6.2,10085
407737,tt0804507,5.0,11837
407742,tt0804516,5.9,38909
407748,tt0804522,6.8,59720
407752,tt0804529,6.0,6806
407758,tt0804540,5.6,32796
407958,tt0805184,6.7,17332
408130,tt0805526,6.5,19079
408153,tt0805564,7.3,166174
408157,tt0805570,6.0,75098
408342,tt0806027,5.3,15560
408372,tt0806088,6.1,17623
408402,tt0806147,3.7,11947
408409,tt0806165,6.3,11849
408850,tt0807721,7.0,2806
408922,tt0807944,7.1,3118
408988,tt0808151,6.7,324295
409069,tt0808279,6.5,109748
409086,tt0808306,6.1,3160
409104,tt0808339,6.4,15579
409113,tt0808357,7.5,48176
409138,tt0808399,6.2,49955
409213,tt0808510,5.1,52917
409223,tt0808526,6.4,8238
410084,tt0810784,6.9,29670
410105,tt0810819,7.1,205856
410108,tt0810822,5.9,634
410109,tt0810823,5.5,13909
410112,tt0810827,7.1,18421
410168,tt0810913,3.3,95503
410173,tt0810922,6.3,57496
410176,tt0810928,5.7,2090
410253,tt0811066,7.1,11533
410260,tt0811080,6.1,82798
410275,tt0811106,4.9,17352
410294,tt0811138,3.8,56730
410306,tt0811159,3.6,1235
410837,tt0812243,6.9,11501
411112,tt0813547,7.5,48416
411330,tt0814005,5.7,268
411341,tt0814022,5.3,59505
411395,tt0814100,3.0,378
411483,tt0814255,5.9,214162
411514,tt0814314,7.6,324768
411525,tt0814335,5.6,42308
411699,tt0814666,6.7,1580
411906,tt0815236,6.4,152341
411911,tt0815244,6.2,54333
412356,tt0816436,5.8,17145
412360,tt0816442,7.5,147162
412369,tt0816462,5.2,105624
412449,tt0816605,4.2,995
412490,tt0816692,8.7,2480385
412501,tt0816711,7.0,776966
412647,tt0817177,7.7,106486
412650,tt0817225,7.5,10642
412653,tt0817230,5.8,129979
412799,tt0817538,5.7,64041
412801,tt0817544,6.4,1758
412802,tt0817545,5.1,4404
412877,tt0817928,4.7,488
412884,tt0817940,6.8,745
412989,tt0818165,5.2,9370
412990,tt0818170,7.0,1146
413676,tt0819953,6.8,3303
414137,tt0821442,7.3,9682
414175,tt0821640,5.8,98728
414176,tt0821642,6.7,56629
414521,tt0822832,7.0,174918
414526,tt0822847,5.7,129134
414528,tt0822854,7.2,373996
414826,tt0823671,6.7,19026
415195,tt0824696,6.6,1657
415227,tt0824747,7.7,274214
415378,tt0825232,7.3,270719
415850,tt0826570,5.2,2387
415947,tt0826823,3.6,140
416815,tt0829150,6.2,221718
416986,tt0829459,6.6,28709
416997,tt0829482,7.6,686866
417218,tt0830199,3.8,508
417334,tt0830515,6.5,494234
417452,tt0830861,1.3,9139
417472,tt0830924,6.0,78
417610,tt0831387,6.4,462008
417795,tt0831887,4.8,64160
418453,tt0833553,5.9,9891
418629,tt0834001,6.5,174406
419050,tt0835034,5.3,932
420166,tt0837562,7.0,310368
420167,tt0837563,5.7,104271
420479,tt0838221,7.2,230949
420484,tt0838232,5.6,51352
420495,tt0838247,5.9,42860
420514,tt0838283,6.9,338972
421225,tt0839980,5.8,89086
421408,tt0840361,7.5,444434
421729,tt0841046,6.9,81142
422011,tt0842001,5.7,530
422245,tt0842926,7.0,137116
422247,tt0842929,6.6,32802
422556,tt0843850,5.9,1939
422714,tt0844286,6.7,53975
422797,tt0844471,6.9,282401
422802,tt0844479,6.3,78968
422862,tt0844671,4.6,12846
422870,tt0844708,6.5,107621
422953,tt0844993,4.7,14775
422971,tt0845046,7.0,33650
423312,tt0846017,6.2,1977
423327,tt0846040,7.0,6913
423381,tt0846308,6.5,6617
423592,tt0846789,5.5,14474
424047,tt0848228,8.0,1546993
424101,tt0848537,6.6,113927
424102,tt0848538,4.8,3910
424113,tt0848557,5.5,50912
424139,tt0848596,7.0,604
424761,tt0850253,6.6,15516
425307,tt0851471,2.7,871
425330,tt0851578,7.7,110582
425524,tt0852713,5.6,95251
425632,tt0852976,5.2,458
425634,tt0852982,4.5,131
425698,tt0853096,6.3,7084
426232,tt0854678,7.4,17601
426675,tt0856070,5.5,11
426767,tt0856288,6.7,48120
427133,tt0857177,4.7,383
427138,tt0857190,6.1,21098
427139,tt0857191,7.6,45939
427181,tt0857295,5.2,6795
427229,tt0857376,5.5,14573
427768,tt0858479,6.1,23703
427771,tt0858486,6.5,12528
428024,tt0859163,5.2,179045
428179,tt0859635,6.0,29794
428228,tt0859760,6.6,2033
428542,tt0860906,7.9,28307
428543,tt0860907,6.9,21462
428717,tt0861366,7.8,10
428922,tt0861689,6.5,76987
428926,tt0861701,2.3,716
428952,tt0861739,8.0,118549
428955,tt0861747,4.0,113
429151,tt0862467,6.0,66299
429250,tt0862748,5.5,1874
429274,tt0862846,6.8,75924
429276,tt0862856,6.7,113928
429388,tt0863041,6.5,1569
429891,tt0864761,6.9,90563
429903,tt0864835,6.8,83569
430025,tt0865297,7.2,9438
430079,tt0865496,6.0,835
430091,tt0865554,4.9,18025
430092,tt0865556,6.5,113144
430095,tt0865559,5.9,21447
430223,tt0865951,6.1,3026
430376,tt0866437,6.7,29769
430378,tt0866439,5.9,79820
430550,tt0867145,8.1,4610
431518,tt0869994,6.8,13192
431563,tt0870111,7.6,115684
431577,tt0870154,6.5,225865
431814,tt0870984,6.5,144068
431921,tt0871426,6.0,49292
431935,tt0871510,8.1,91403
432047,tt0871896,7.3,813
432198,tt0872230,4.8,22496
432815,tt0873886,6.1,69882
433200,tt0875034,5.8,46441
433224,tt0875113,7.1,21625
433396,tt0875616,5.8,9
433681,tt0876291,3.2,1138
433683,tt0876294,4.0,4942
433727,tt0876563,7.6,183024
434425,tt0878804,7.6,384304
434441,tt0878835,6.6,11959
434757,tt0879843,7.0,18109
434765,tt0879870,5.9,113123
434938,tt0880502,7.7,35313
434953,tt0880578,6.2,54568
435059,tt0881200,7.3,7565
435077,tt0881320,5.9,58590
435268,tt0881891,4.8,46047
435584,tt0882759,6.7,847
435626,tt0882977,6.4,95597
436129,tt0884224,5.5,23033
436150,tt0884328,7.1,371062
436255,tt0884726,4.9,6530
436260,tt0884732,6.6,84484
436480,tt0885415,6.1,4284
436814,tt0886539,7.1,11790
437053,tt0887259,5.3,135
437054,tt0887261,5.9,55093
437169,tt0887745,6.6,1895
437184,tt0887769,7.7,3535
437201,tt0887789,8.1,35
437236,tt0887883,7.0,373779
437253,tt0887912,7.5,494038
437266,tt0887971,4.8,7763
437445,tt0888507,5.0,301
437651,tt0889061,6.2,46
437758,tt0889573,6.1,117031
437765,tt0889583,5.9,157956
437769,tt0889588,7.0,10201
438096,tt0890870,5.9,175538
438105,tt0890885,6.7,5243
438274,tt0891520,5.4,3495
438276,tt0891527,6.2,56454
438297,tt0891592,3.7,26141
438488,tt0892318,6.5,112479
438509,tt0892375,8.4,2978
438663,tt0892767,5.5,25251
438664,tt0892769,8.1,884197
438671,tt0892782,6.4,187476
438674,tt0892791,6.3,243479
438884,tt0893382,7.1,12672
438937,tt0893532,5.4,7793
439488,tt0896036,2.7,11945
439679,tt0896798,6.1,47490
439685,tt0896815,4.8,558
439926,tt0897347,5.5,6293
439932,tt0897361,3.6,32074
440163,tt0898367,7.2,269085
440276,tt0898935,5.8,29
440299,tt0899043,6.5,93604
440322,tt0899106,5.7,35828
440329,tt0899128,5.4,13655
440623,tt0900357,5.0,9413
440630,tt0900381,4.1,1043
440632,tt0900387,7.0,30373
440883,tt0901476,5.5,122930
441118,tt0902272,6.8,22461
441132,tt0902290,6.0,11514
441139,tt0902306,9.1,2196
441476,tt0903624,7.8,922248
441479,tt0903627,7.0,7209
441499,tt0903657,7.4,45316
441552,tt0903943,7.4,481
441860,tt0905372,6.3,153858
442095,tt0906108,6.0,14763
442255,tt0906665,6.1,16248
442387,tt0907119,5.5,1181
442526,tt0907657,7.8,124664
442535,tt0907678,5.6,269
443490,tt0910936,6.9,371528
443505,tt0910970,8.4,1307766
443944,tt0912593,8.2,8867
444141,tt0913354,5.7,32694
444179,tt0913425,7.2,44030
444423,tt0914379,6.9,37
444425,tt0914382,6.3,1542
444604,tt0914797,6.8,19100
444605,tt0914798,7.7,271441
444613,tt0914809,7.1,2546
444824,tt0915463,5.3,1563
445682,tt0918628,4.7,2046
445701,tt0918662,5.9,18
445824,tt0918927,7.5,145592
445832,tt0918940,6.2,196996
446188,tt0920458,7.2,20816
446193,tt0920464,7.5,9598
447129,tt0923811,7.5,31144
447179,tt0924129,6.7,25412
447228,tt0924258,4.1,493
447243,tt0924317,7.2,5501
447618,tt0926084,7.7,657693
447643,tt0926129,4.0,39720
447853,tt0926759,7.5,10433
447854,tt0926762,7.2,25949
448150,tt0928124,5.5,505
448530,tt0929632,7.3,120542
448618,tt0929860,6.9,4422
449247,tt0932547,6.3,66
449463,tt0933361,6.4,740
450018,tt0935075,6.9,52669
450515,tt0936501,7.7,668439
450656,tt0937237,6.1,11670
450688,tt0937353,1.7,265
450835,tt0938283,3.9,180595
450862,tt0938330,4.9,70956
451599,tt0940656,5.5,11482
451600,tt0940657,5.3,12310
451633,tt0940709,6.4,18625
452055,tt0942384,7.6,25507
452056,tt0942385,7.1,485279
452218,tt0942903,7.2,25102
452596,tt0944114,5.5,813
452763,tt0944834,6.5,13945
452764,tt0944835,6.5,341720
453036,tt0945513,7.5,579098
453822,tt0947798,8.0,882754
453825,tt0947802,6.2,59199
453829,tt0947810,6.8,147291
453999,tt0948470,6.9,757202
454012,tt0948530,7.2,4419
454337,tt0949731,5.0,226103
454828,tt0951297,7.0,862
454849,tt0951332,5.8,18
454850,tt0951333,5.2,1329
455279,tt0952640,5.3,104179
455306,tt0952682,7.1,11954
455459,tt0953318,7.3,19744
455953,tt0954914,5.6,2425
455966,tt0954947,6.1,36908
455989,tt0954990,6.7,9204
456124,tt0955308,6.6,295144
456160,tt0955411,2.9,2581
456383,tt0956038,6.0,27393
457371,tt0959337,7.3,234586
457594,tt0960144,5.6,226268
457859,tt0960731,6.0,105809
458018,tt0961043,5.1,1310
458034,tt0961097,6.7,24073
458042,tt0961108,6.4,14096
458401,tt0962726,5.1,71978
458406,tt0962736,7.2,68971
458426,tt0962764,6.2,794
458566,tt0963178,6.5,103758
458575,tt0963194,6.4,28194
458752,tt0963794,5.9,90500
458783,tt0963966,6.1,176049
458803,tt0964003,5.7,182
458849,tt0964185,6.8,14236
458943,tt0964517,7.8,406062
458960,tt0964587,5.8,24551
459775,tt0968264,6.9,30988
460147,tt0969733,4.2,62
460332,tt0970179,7.5,348052
460371,tt0970411,6.4,72678
460374,tt0970416,5.5,186488
460388,tt0970452,6.1,80194
460517,tt0970866,5.5,125388
460617,tt0971209,6.5,80505
460984,tt0972558,5.1,6025
461348,tt0974015,6.0,502412
461483,tt0974554,6.7,23789
461499,tt0974613,5.4,13086
461516,tt0974661,6.4,230742
461656,tt0974959,5.3,70675
461741,tt0975645,6.8,83134
461874,tt0976051,7.6,272903
461971,tt0976222,6.3,15580
461976,tt0976238,5.3,40709
461981,tt0976247,4.6,9476
462285,tt0977214,5.5,7584
462443,tt0977855,6.8,52701
462732,tt0978759,7.1,27140
462734,tt0978762,8.1,200683
462736,tt0978764,6.1,260440
462920,tt0979434,5.1,12006
463286,tt0980970,6.3,176465
463301,tt0981042,7.0,3406
463386,tt0981227,6.6,97171
463417,tt0981298,4.9,212
463939,tt0983193,7.3,253607
463951,tt0983213,7.4,70213
464109,tt0983946,4.9,63422
464242,tt0984240,4.1,380
464595,tt0985101,6.1,976
464738,tt0985694,6.6,209232
464740,tt0985699,7.1,273244
464906,tt0986263,6.3,184503
464907,tt0986264,8.3,229994
464921,tt0986329,8.4,4234
465253,tt0987918,4.9,4087
465273,tt0988045,7.5,703234
465275,tt0988047,6.9,60718
465303,tt0988108,7.9,16548
465437,tt0988595,6.1,186729
465729,tt0989757,6.3,163203
465926,tt0990407,5.8,168643
466520,tt0992911,6.7,14486
466732,tt0993840,5.8,199760
466734,tt0993842,6.7,214213
466736,tt0993846,8.2,1764532
467024,tt0995031,7.5,38059
467029,tt0995039,6.7,81221
467190,tt0995747,7.2,3832
467260,tt0995845,4.5,5418
467264,tt0995854,6.0,3325
467464,tt0996382,6.2,293
467649,tt0996962,5.3,357
467700,tt0997047,4.4,17188
468247,tt0999913,5.8,37577
468378,tt10003008,5.7,43014
468744,tt1000774,5.7,132826
468745,tt1000775,6.2,353
468981,tt10011102,7.2,132
469268,tt10014838,6.0,419
469280,tt1001508,6.4,193269
469285,tt1001520,6.1,69183
469294,tt1001526,7.3,322691
469353,tt10016180,6.3,139874
469632,tt10023150,5.4,758
469856,tt1002563,5.7,4079
469877,tt1002567,6.6,5212
470062,tt10028196,5.6,181258
470253,tt1003009,6.3,902
470890,tt10039344,5.4,52341
471160,tt10044182,5.4,490
471936,tt10059518,6.0,86096
472348,tt10065694,5.8,31650
472612,tt1007028,6.5,186281
472613,tt1007029,6.4,116574
472750,tt10072948,5.3,17
473006,tt10077034,4.2,3310
473082,tt10078772,5.2,42826
473470,tt10083340,7.8,66672
473907,tt10090058,5.4,967
473922,tt1009017,2.7,7734
474283,tt10096424,4.9,434
474400,tt10098288,4.3,11519
474411,tt10098448,7.1,16428
474514,tt1010048,8.0,906953
475764,tt10122042,8.5,56
475811,tt10122618,6.7,119
476007,tt1012729,6.2,2330
476149,tt10128846,4.7,41275
476675,tt1013743,6.3,223856
476683,tt1013752,6.5,333050
476684,tt1013753,7.5,185441
476729,tt1013860,5.1,16079
476896,tt10140666,7.4,15
476919,tt10140922,6.3,631
477306,tt1014759,6.4,465352
477312,tt1014763,6.4,79401
477332,tt1014775,4.0,27332
477589,tt10151854,5.9,143851
478210,tt1016075,5.0,17314
478236,tt10160976,5.6,79889
478806,tt10168670,6.8,72279
478967,tt10171472,6.3,7568
479148,tt1017451,6.5,52479
479696,tt10182822,6.7,8146
480010,tt1018765,6.1,24031
480041,tt1018785,6.2,31838
480046,tt1018789,4.3,349
480067,tt1018818,6.2,16697
480079,tt1018830,6.3,1063
480441,tt1019452,7.0,157645
480599,tt10196398,6.7,7865
480917,tt10199590,7.6,30316
480998,tt1020072,7.5,98849
481226,tt1020530,6.7,108113
481242,tt1020558,6.3,89312
481415,tt1020773,7.2,28737
481474,tt10208198,7.0,32361
482321,tt10223460,6.1,47810
482581,tt1022603,7.6,612392
482864,tt1023111,6.5,110911
482865,tt1023114,7.3,127021
482989,tt10233406,4.1,222
483173,tt1023481,6.2,94224
483185,tt1023490,7.2,20355
483645,tt1024255,6.1,68023
483898,tt1024648,7.7,662972
483931,tt1024715,6.4,34735
484095,tt1024943,6.8,55828
484206,tt10250846,6.5,17
484228,tt1025100,5.7,130289
484520,tt10256570,6.7,3054
484795,tt10262160,4.7,233
485338,tt10272386,8.2,241364
485339,tt10272460,6.8,381
485631,tt10276482,5.9,18748
485634,tt10276554,7.5,678
485683,tt1027718,6.2,109611
485740,tt1027820,5.6,5682
485785,tt1027862,6.1,20107
486154,tt1028528,7.0,332038
486160,tt1028532,8.1,339867
486200,tt1028576,7.2,32457
486322,tt10288566,7.7,223523
486432,tt10291544,5.3,860
486469,tt1029231,5.4,28419
486471,tt1029234,7.0,118871
486517,tt1029285,6.0,304
486552,tt1029314,6.3,60
486589,tt1029360,4.9,64295
486911,tt10298810,6.1,134961
486913,tt10298840,5.7,50230
487301,tt10304142,6.2,106301
487551,tt10308928,4.6,14362
487636,tt10310140,5.9,35306
487646,tt10310222,6.2,2121
487766,tt1031282,2.9,1071
487972,tt10314450,6.1,30252
488012,tt10315050,5.3,3640
488286,tt1031969,6.2,41169
488292,tt10319732,8.6,7
488771,tt10327252,5.4,48283
488794,tt1032751,6.3,27941
488797,tt1032755,7.2,274334
488866,tt1032815,5.4,39218
488870,tt1032825,6.3,20305
488894,tt1032846,7.9,65521
488899,tt10328502,7.8,12
489020,tt10329842,4.7,3682
489278,tt10334222,6.0,1240
489382,tt1033575,7.3,259001
489406,tt1033643,6.1,194610
489653,tt1034032,5.7,143542
489728,tt10341034,7.2,19335
489810,tt10342730,5.2,76316
489821,tt10343028,6.4,17874
489822,tt1034303,7.1,160676
489829,tt1034314,5.9,98574
489833,tt1034320,4.3,4619
489834,tt1034324,6.6,2024
489837,tt1034331,6.0,95549
489869,tt1034389,6.2,77184
489881,tt1034402,7.2,519
489903,tt1034415,6.7,104230
489938,tt1034449,4.6,2693
489988,tt10345546,3.4,1141
491123,tt10362466,5.1,43683
491244,tt10364034,6.1,8048
491328,tt10365998,6.0,72784
491347,tt10366206,7.6,405357
491366,tt10366460,8.0,204260
491369,tt10366514,6.3,8936
491593,tt10370042,3.6,1013
491661,tt10370710,7.7,123490
491677,tt10370822,5.6,3052
491755,tt1037163,7.1,3221
491948,tt10374610,6.7,99452
491999,tt10375106,6.6,7601
492133,tt1037705,6.8,359258
492341,tt1038043,6.8,10731
492402,tt10381102,6.5,1633
492694,tt1038685,3.1,4752
492695,tt1038686,5.3,119026
492834,tt1038919,5.6,139800
492888,tt1038988,7.4,214863
493474,tt1039952,7.3,3894
493495,tt10399608,6.1,15906
493510,tt1039969,6.9,1190
493735,tt10403420,6.0,81035
493819,tt10405142,6.1,4907
494023,tt10409498,7.1,9156
494241,tt10413566,5.7,4971
494514,tt1041804,4.1,4497
494524,tt1041829,6.8,393111
494677,tt10420532,7.1,3547
494969,tt1042499,5.3,2672
495179,tt1042877,7.0,24342
495625,tt1043568,6.3,432
495746,tt1043726,4.3,57570
495857,tt1043835,6.3,2469
496244,tt10443794,7.2,1470
496686,tt10451312,5.4,4251
496711,tt10451852,6.8,13498
497011,tt1045658,7.7,770490
497025,tt1045670,7.0,42466
497057,tt10457128,6.9,15915
497121,tt1045772,6.6,103080
497130,tt1045778,5.0,108263
497261,tt1045893,6.2,30
497263,tt1045898,7.9,892
497329,tt10460990,6.7,43
497389,tt1046163,5.8,47967
497394,tt1046173,5.7,220836
497416,tt1046198,7.3,1006
497955,tt1046947,6.6,23223
497981,tt1046997,6.1,19690
498054,tt10471404,9.1,561
498216,tt10473036,6.2,6560
498339,tt1047494,4.6,7592
498371,tt1047540,6.0,27522
498711,tt1048146,4.6,250
498751,tt10481868,3.5,21482
499616,tt1049402,6.6,13660
499618,tt1049405,6.1,6486
499625,tt1049413,8.3,1224221
500248,tt10505316,7.4,7565
500274,tt10505918,6.2,13914
500322,tt1050739,4.9,1882
501175,tt1051904,6.3,101729
501177,tt1051906,7.1,281161
501490,tt10521814,6.5,4298
501535,tt1052342,4.3,775
502102,tt1053424,6.3,113864
502240,tt10537660,5.0,2113
502253,tt1053810,6.2,50604
502281,tt1053859,4.6,20671
502396,tt10540024,6.9,1038
502522,tt1054112,4.8,926
502531,tt1054122,6.6,5651
502787,tt10545296,6.6,178672
502836,tt10545696,5.9,3746
502858,tt1054606,6.7,157286
502980,tt10548174,6.6,195675
503332,tt1055292,6.5,144312
503392,tt1055369,6.0,451420
503495,tt10555920,5.5,26
504625,tt1057500,7.3,173641
505011,tt1058017,6.4,156490
506168,tt1059786,6.6,201062
506178,tt1059793,4.3,2977
506324,tt1059969,6.6,2942
506467,tt1060249,2.1,2839
506508,tt1060277,7.0,441791
506927,tt10611372,7.1,3349
507347,tt10618286,6.8,103745
507464,tt10620868,6.3,54182
507879,tt10627720,7.3,21815
508094,tt10633456,7.4,124130
508252,tt1063669,7.6,121000
508340,tt10638522,7.1,210397
508374,tt10640084,6.3,156
508381,tt10640346,7.1,203833
508781,tt10648342,6.1,455099
508786,tt10648440,7.0,8855
508815,tt10648714,5.2,11448
508858,tt1064932,7.1,47316
508930,tt1065073,7.9,380546
509003,tt10651230,7.6,9053
509318,tt10655524,6.3,98088
509387,tt10656212,6.7,901
509947,tt10665338,5.5,107504
509949,tt10665342,5.0,82079
510289,tt1067106,6.8,140531
510501,tt10675760,9.2,6
510504,tt1067583,6.9,123713
510522,tt10676048,5.5,161422
510523,tt10676052,6.8,246146
510644,tt1067774,5.8,52008
510960,tt1068242,5.9,55218
511169,tt1068641,6.7,22080
511206,tt1068678,6.3,13529
511210,tt1068680,6.8,402902
511447,tt1068953,4.9,4836
511813,tt10695672,6.7,660
511899,tt10696896,6.6,63477
512000,tt10698680,8.2,167942
512119,tt10701074,7.5,38362
512398,tt10706138,8.7,10
512417,tt10706724,7.6,10
512525,tt1070858,6.9,1756
512529,tt1070874,7.7,204240
513067,tt1071812,7.3,8524
513110,tt1071875,4.4,133347
513230,tt10720352,7.0,38172
513662,tt1072748,5.5,39146
513801,tt1073105,5.7,55332
513823,tt10731256,6.3,174701
513934,tt1073241,7.1,41449
514098,tt1073498,2.8,114952
514146,tt10735778,7.6,1230
514275,tt10737918,6.3,4836
514315,tt10738536,7.0,7080
514725,tt1074638,7.8,768210
514815,tt1074929,6.3,3590
515066,tt1075113,5.8,7838
515069,tt1075114,6.9,3438
515425,tt1075417,5.7,65934
515427,tt1075419,6.9,14409
515671,tt1075747,4.7,64451
516244,tt10767052,6.5,30861
516639,tt1077258,7.0,232299
516642,tt1077262,7.2,6760
516693,tt10773090,5.8,9931
516742,tt1077368,6.2,293161
517372,tt1078588,7.3,102385
517535,tt1078912,6.0,227218
517548,tt1078940,5.6,120812
517835,tt1079448,5.1,5217
518102,tt10798072,6.1,1333
518280,tt1080016,6.9,283672
518597,tt10806040,6.0,21425
518828,tt10809934,6.6,84
519237,tt10816484,6.9,4551
519339,tt10818092,3.2,931
519381,tt1081935,6.9,8347
519803,tt1082807,6.2,66304
519832,tt1082868,6.0,82868
519845,tt1082886,6.9,31723
520167,tt1083452,7.3,106727
520171,tt1083456,6.1,47512
520268,tt10838180,5.6,300942
520841,tt1084717,4.0,111
520991,tt1084950,6.7,53238
521279,tt1085492,4.6,19650
521384,tt10855768,7.1,71061
521558,tt10858792,1.8,15
521608,tt1086064,5.9,56355
521865,tt1086772,6.5,156733
522137,tt10871460,5.6,709
522147,tt10872600,8.1,1003398
522289,tt1087455,5.6,194
524096,tt10903446,7.3,23
524222,tt1090634,5.9,84
524572,tt1091191,7.5,322164
524604,tt1091229,4.4,10433
524912,tt1091617,3.7,12311
524976,tt1091722,6.8,174114
525007,tt1091751,5.6,4716
525102,tt10918524,8.4,22
525163,tt10919132,8.2,4837
525196,tt10919380,6.3,80893
525256,tt1092005,5.3,10356
525262,tt1092011,5.2,10969
525276,tt1092026,6.9,279638
525583,tt10923940,5.6,163
525813,tt1092633,5.7,23245
525814,tt1092634,6.3,10779
526428,tt1093357,4.9,65963
526445,tt1093370,7.9,64692
526934,tt1093908,5.9,88334
527171,tt10942220,7.5,1235
527188,tt1094241,7.0,2951
527401,tt10944760,6.4,65449
527449,tt10945254,4.7,632
527450,tt10945274,6.4,3125
527453,tt10945288,6.2,4848
527779,tt10948820,6.2,1387
528018,tt1095174,5.7,26343
528059,tt1095217,6.6,84320
528278,tt10954600,6.0,265907
528282,tt10954652,5.8,182102
528289,tt10954718,6.3,13521
528308,tt10954984,6.8,312286
528818,tt10964430,7.0,27746
528868,tt10965792,5.8,600
529059,tt1097013,5.7,11430
529060,tt1097014,4.8,1162
529368,tt1097560,9.0,28
529843,tt1098327,2.5,84456
530054,tt10986222,7.3,42471
530457,tt1099212,5.4,522417
530610,tt10994712,6.1,1906
530930,tt1100051,5.1,8622
530954,tt1100089,7.0,154543
530987,tt1100119,4.7,8423
531042,tt11003218,6.9,103643
531228,tt11006950,5.4,364
531407,tt1101026,6.6,8999
531651,tt11013572,6.5,2577
531654,tt11013610,5.9,3017
532273,tt1102159,2.9,81
532843,tt1103153,5.5,99395
532913,tt11032374,8.2,98625
532939,tt1103262,3.3,375
532962,tt1103275,7.0,45579
533255,tt1103982,5.5,17751
533262,tt1104001,6.8,385424
533307,tt11040762,5.7,3963
533314,tt1104083,6.3,9997
533718,tt1104733,6.4,17847
534342,tt11057302,4.1,112882
534345,tt1105733,5.3,6436
534364,tt1105748,5.3,372
535104,tt11068094,7.4,8391
535136,tt1106860,5.9,10457
535363,tt1107319,6.4,11837
535537,tt11075264,7.0,7994
535699,tt1107816,4.5,6437
535704,tt1107828,5.2,103
535741,tt1107860,6.0,18582
536119,tt11083552,7.1,235737
536198,tt11084896,5.5,5382
536403,tt1108850,5.5,801
536671,tt11092020,4.7,5173
537007,tt1109624,7.3,154849
537164,tt1110037,3.3,253
538150,tt1111422,6.4,216526
538525,tt1111948,6.4,12253
538649,tt1112110,7.6,364
538819,tt11123206,7.6,43
539147,tt11127878,6.2,924
539227,tt11128440,6.2,21673
540007,tt11138512,7.0,296090
540152,tt11140488,6.2,28696
540428,tt11145118,6.7,105868
540497,tt11146760,8.3,224
540498,tt1114677,4.8,48494
540542,tt1114715,5.1,215
540573,tt1114740,5.3,124262
540847,tt11152168,6.4,65043
541368,tt1116184,7.0,70728
542943,tt1118627,4.9,249
543214,tt1119123,6.0,2873
543279,tt1119199,7.2,2363
543635,tt1119646,7.7,920593
543669,tt11197384,7.9,88
543778,tt11198810,7.3,49004
544295,tt11206302,5.5,2553
544516,tt1120985,7.3,223921
544585,tt11210390,5.1,13336
544634,tt1121096,5.5,84279
544898,tt11214558,6.4,63401
544901,tt11214590,6.6,173703
545172,tt1121931,6.1,166441
545203,tt1121948,5.7,16604
545230,tt1121977,7.2,13258
545961,tt1123372,3.6,307
545962,tt1123373,6.6,12358
546299,tt11240348,4.2,13034
546300,tt1124035,7.1,238223
546303,tt1124037,6.9,67847
546322,tt1124052,7.7,12405
546478,tt11242700,6.5,41
546588,tt1124388,6.3,2972
546591,tt1124396,3.1,2496
546691,tt11245972,6.3,183253
547102,tt11252248,6.5,51882
547112,tt11252440,6.3,16833
547141,tt11252938,5.8,59
547186,tt11253526,5.4,1354
547220,tt11254246,8.2,28
547470,tt11257754,3.2,16
547524,tt1125849,7.9,330153
547985,tt1126590,6.9,104239
547987,tt1126591,6.4,98676
548011,tt1126618,6.5,87066
548307,tt11271038,7.1,158362
548353,tt1127180,6.6,229668
548722,tt1127702,7.1,6431
548878,tt1127884,2.7,12302
548887,tt1127896,6.7,30787
549291,tt11285908,6.2,7119
549363,tt11286314,7.1,664066
549632,tt11291274,7.0,177385
549727,tt1129423,6.5,25413
549750,tt1129437,6.4,5818
549757,tt1129442,6.1,184796
549762,tt1129445,5.8,14205
550173,tt1130080,6.5,69687
550351,tt11304740,5.5,49692
550505,tt11306896,6.9,872
550620,tt1130884,8.2,1624667
550642,tt1130964,5.6,1784
550645,tt1130967,4.4,436
550655,tt1130980,6.2,2563
550667,tt1130988,7.0,41317
550720,tt11310670,6.2,2110
550995,tt11315808,5.2,179167
551113,tt11317142,7.1,41497
551135,tt1131729,7.3,120099
551138,tt1131734,5.6,168825
551741,tt1132449,4.9,12502
551815,tt1132588,2.9,1073
551842,tt1132620,7.8,229837
551846,tt1132626,5.8,147170
552544,tt1133985,5.5,307467
552592,tt11341572,7.8,70
552864,tt1134664,5.1,4350
552883,tt11347146,5.5,1939
553003,tt11348232,2.6,7504
553008,tt1134828,7.2,2573
553041,tt1134854,4.8,23407
553235,tt1135084,6.2,68237
553382,tt1135487,6.1,53728
553405,tt1135503,7.0,135354
553435,tt11355320,7.9,21
553633,tt11358390,6.4,118603
553736,tt1135985,6.5,95561
553740,tt1135989,6.0,4550
554026,tt11365186,6.8,19865
554070,tt1136608,7.9,748854
554078,tt1136617,6.7,220827
554616,tt1137450,6.3,82576
554641,tt1137470,4.1,9570
555376,tt11386020,7.2,709
555623,tt11389872,6.8,166402
555870,tt1139282,6.1,6201
555886,tt1139328,7.2,176261
556031,tt1139592,3.9,26609
556126,tt1139668,4.7,54625
556169,tt1139797,7.8,238853
556904,tt11413018,6.6,28
557248,tt11418452,6.6,6429
557529,tt1142433,5.3,15624
557735,tt1142798,6.0,8522
557740,tt1142800,4.7,13722
557900,tt1142977,6.9,125701
557906,tt1142988,6.4,240647
558803,tt1144551,6.3,1576
558997,tt11448490,3.9,1350
559045,tt1144884,5.1,139699
559413,tt11455260,5.4,1128
559465,tt11456054,6.3,29839
559842,tt1146325,5.8,17806
560087,tt11466222,6.8,54547
560576,tt11474750,7.9,124
560677,tt1147682,6.7,610
560914,tt1148165,6.2,2092
560939,tt1148200,4.1,5909
560945,tt1148204,7.0,275858
561210,tt1148770,6.1,945
561343,tt11490170,7.6,10627
561448,tt11493006,3.4,2050
561485,tt1149361,7.1,32018
561486,tt1149362,7.8,81156
561827,tt11502802,6.2,416
561828,tt11502848,6.4,7
561972,tt11506284,5.6,2203
562108,tt1150947,7.1,2479
562290,tt1151359,6.4,28671
562531,tt1151922,5.0,22954
562749,tt1152398,5.5,81822
562977,tt1152822,6.3,7882
562985,tt1152836,6.9,333690
562994,tt1152850,7.1,21002
563011,tt11529348,2.0,3429
563060,tt1153040,5.5,5671
563153,tt11531530,6.9,3887
563247,tt11535228,6.8,12007
563434,tt1153690,6.9,2475
563449,tt1153706,3.6,13343
563875,tt11547520,6.6,6031
564011,tt1155053,7.1,5672
564014,tt1155056,7.0,224858
564021,tt1155076,6.3,225122
564235,tt1155705,6.6,2949
564438,tt11559652,1.7,490
564532,tt1156173,6.8,6097
564667,tt11563598,7.3,113778
564734,tt1156398,7.5,662817
564795,tt11564570,7.1,516622
564824,tt1156466,7.3,47390
564923,tt11566164,6.2,2352
565169,tt11570056,8.9,51
566222,tt1158939,6.0,5418
566999,tt1160368,5.6,31722
567031,tt1160419,8.0,1023568
567484,tt11612144,7.7,2407
567545,tt11613746,4.4,855
567572,tt1161418,6.2,14316
567849,tt11618536,6.9,7700
567855,tt1161864,6.0,105780
569840,tt11655202,7.5,74788
569860,tt11655566,6.7,91312
569890,tt11656220,4.6,12738
570124,tt1166100,7.4,71757
570133,tt1166110,6.4,552
570341,tt11664368,8.7,8
570887,tt11674072,7.6,1554
570980,tt1167599,5.6,3755
571001,tt1167660,6.8,17774
571007,tt1167675,5.6,10193
571786,tt11687104,5.6,14470
572391,tt11697356,6.8,7
572628,tt11700260,7.0,17589
572784,tt11703244,6.0,26735
572819,tt1170358,7.8,749033
572827,tt11703710,7.4,38047
572850,tt1170391,5.2,1803
572860,tt1170398,5.0,463
573513,tt1171222,5.1,10049
573846,tt1171701,8.0,36823
574121,tt1172049,7.0,131609
574130,tt1172060,3.5,3100
574214,tt1172230,5.1,1464
574216,tt1172233,6.9,72214
574427,tt1172522,7.7,2408
574461,tt1172570,7.0,148667
574477,tt1172587,5.6,2185
574640,tt11729298,7.1,27914
574718,tt1172991,6.7,50706
574730,tt1172998,6.6,3472
574957,tt11734696,3.9,236
575356,tt1174041,3.4,3561
575777,tt1174730,7.3,33350
575779,tt1174732,7.2,140796
576240,tt1175491,6.3,51320
576253,tt1175506,6.7,12315
576731,tt11762114,5.5,40560
576738,tt11762434,2.5,15954
577008,tt1176740,7.0,56548
577271,tt11771656,5.8,327
578322,tt1178663,7.1,79039
578328,tt1178665,6.4,32054
578486,tt1179025,6.3,24358
578493,tt1179034,6.4,126567
578519,tt1179056,5.2,114424
578531,tt1179069,6.0,38857
578640,tt1179258,6.1,12096
578923,tt1179891,5.4,64739
578931,tt1179904,6.3,270694
578941,tt1179933,7.2,381590
579141,tt1180300,5.9,570
579341,tt1180583,8.2,15635
579422,tt11807888,5.9,6291
579690,tt11813216,7.6,292218
579906,tt1181614,6.0,12043
580093,tt1181795,6.1,21008
580123,tt1181840,6.9,8098
580262,tt11821912,6.0,23292
580426,tt1182345,7.8,392677
580428,tt1182350,6.3,48720
580585,tt11827628,5.8,41715
580694,tt1182884,4.3,2996
580720,tt1182921,5.5,14721
580722,tt1182924,5.3,1095
580736,tt1182972,6.2,13445
580832,tt11832046,6.1,9511
580850,tt1183251,5.8,14496
580861,tt1183276,5.9,17063
581108,tt1183658,6.0,508
581214,tt1183917,4.2,1677
581808,tt11851548,5.9,53465
581869,tt1185242,5.2,2708
581891,tt1185266,3.6,15780
581959,tt1185344,6.2,1989
582029,tt1185416,5.5,66976
582033,tt1185420,6.4,17179
582043,tt1185431,6.5,9898
582052,tt1185442,5.7,5776
582130,tt1185616,8.0,62438
582222,tt1185834,6.0,80322
582270,tt11858890,6.7,194207
582407,tt1186025,5.8,229
582607,tt1186366,7.2,4624
582608,tt1186367,6.3,79362
582975,tt1186830,7.1,76043
583104,tt1187043,8.4,477241
583107,tt1187047,3.7,2641
583112,tt1187064,6.9,146798
583521,tt11878266,4.1,137
583934,tt1188729,6.7,166890
584041,tt1188996,7.9,122611
584071,tt1189032,5.9,49
584096,tt1189073,7.6,179056
584314,tt1189340,7.3,268666
584788,tt1190080,5.9,419297
584979,tt1190536,7.4,54123
585050,tt11905962,6.4,29812
585073,tt1190617,4.0,10407
585185,tt11908172,5.5,9774
585407,tt1191111,7.2,93946
585662,tt11916256,9.5,15
586249,tt1192628,7.3,316214
586355,tt1192862,5.6,73
586475,tt11930126,7.0,9323
586560,tt1193088,5.8,2243
586591,tt1193138,7.4,359649
586686,tt11934038,5.5,128
586799,tt1193507,5.8,1915
586810,tt1193516,5.0,31157
586900,tt1193631,6.2,62177
587210,tt11941694,7.3,1392
587215,tt1194173,6.6,327061
587243,tt1194242,6.3,1588
587261,tt1194263,7.0,24656
587319,tt1194417,6.2,18195
587459,tt1194616,6.3,10193
587471,tt1194624,5.5,2300
587850,tt11952606,5.3,3170
588009,tt1195478,6.2,104938
588389,tt1196141,6.3,65393
588402,tt1196170,3.5,482
588521,tt1196340,6.5,6855
589175,tt11976134,4.3,76072
589184,tt1197624,7.4,343029
589187,tt1197628,5.8,67193
589467,tt1198138,5.1,35874
589690,tt11985684,5.4,29
590194,tt11992694,6.5,11382
590649,tt1200263,6.8,20287
590739,tt12003946,6.7,120720
590741,tt12004038,6.3,60660
591040,tt12009844,10.0,8
591137,tt1201167,6.3,126989
591363,tt1201560,4.8,51
591412,tt1201607,8.1,1035726
591908,tt1202532,5.2,806
592649,tt12037194,7.5,315344
593040,tt1204342,7.1,100559
593324,tt1204883,4.6,5615
593402,tt1204975,6.6,140005
593403,tt1204977,4.5,61581
593675,tt1205489,8.1,857164
593735,tt1205537,6.2,142615
594266,tt1206483,5.3,414
594313,tt1206543,6.7,131430
594468,tt1206885,6.1,118773
595418,tt1208713,4.9,249
595989,tt12098452,7.7,43
596119,tt1210027,4.6,6271
596131,tt1210039,6.5,688
596136,tt1210042,6.7,68595
596176,tt1210071,5.1,1958
596216,tt1210106,5.3,9235
596239,tt1210166,7.6,504089
596682,tt1210819,6.4,252022
597286,tt1211837,7.5,872430
597305,tt1211890,6.6,2124
597326,tt1211956,6.7,269564
597659,tt1212419,6.5,98138
597669,tt1212428,6.6,105224
597674,tt1212436,5.3,54617
597684,tt1212450,7.2,261831
597953,tt1213012,5.1,16034
598314,tt1213641,7.3,214632
598317,tt1213644,1.9,97622
598319,tt1213648,6.2,51643
598325,tt1213663,6.9,311602
598936,tt1214961,7.9,6681
598937,tt1214962,6.1,49218
599426,tt1215860,6.2,16
599499,tt1215978,7.2,45
599791,tt1216475,6.2,251494
599801,tt1216487,7.1,101616
599804,tt1216491,6.9,50071
599805,tt1216492,6.5,115770
599813,tt1216496,7.7,79690
599902,tt1216640,2.2,157
600122,tt12171216,3.0,255
600140,tt1217209,7.1,475491
600337,tt1217613,5.7,189797
601248,tt1219289,7.4,642943
601285,tt1219342,6.9,91552
601332,tt12193804,6.6,26786
601587,tt1219827,6.3,238482
601752,tt12200256,6.5,2037
601821,tt1220198,5.9,85783
601836,tt1220214,5.9,10523
601838,tt1220220,4.6,4893
602135,tt1220628,5.2,8904
602138,tt1220634,5.8,186544
602172,tt1220719,8.0,242410
602218,tt1220888,5.9,22243
602235,tt12209072,6.8,30
602238,tt1220911,4.9,1465
602353,tt1221141,6.5,6157
602830,tt12222324,5.3,93
603039,tt12226632,6.7,12422
603130,tt1222815,7.1,6513
603132,tt1222817,5.2,69240
603295,tt1223082,5.2,1086
603357,tt1223236,7.5,6929
603865,tt12240368,7.2,70
603967,tt1224378,5.2,6995
604030,tt1224449,6.6,574
604770,tt1225822,6.1,52608
604892,tt12261776,5.4,105228
604935,tt1226229,6.3,189901
604937,tt1226232,6.6,9837
604940,tt1226236,7.0,25521
604966,tt1226273,6.6,103079
605180,tt1226681,6.5,38166
605228,tt1226753,6.8,73736
605252,tt1226766,6.5,5645
605255,tt1226774,7.4,64001
605285,tt1226837,7.4,125553
605330,tt12269174,6.6,68
605487,tt1227165,5.9,477
605505,tt1227189,6.4,2797
606440,tt1228705,6.9,929889
606563,tt1228953,6.6,10197
606585,tt1228987,7.1,132752
606683,tt1229238,7.4,562602
606736,tt1229340,6.3,201089
606754,tt1229381,6.6,4252
606953,tt1229822,7.3,97320
607014,tt12299608,6.7,232934
607087,tt12300742,7.4,140522
607175,tt1230215,6.0,5094
607280,tt1230414,6.6,102692
607315,tt1230448,6.4,14863
607844,tt1231277,3.6,14952
607852,tt1231287,4.9,12622
607993,tt1231580,4.6,60193
607994,tt1231583,6.5,370341
607997,tt1231587,6.4,197248
608321,tt1232200,5.6,120506
608325,tt1232207,7.4,44538
608599,tt1232776,7.3,68040
608606,tt1232783,5.2,33908
608626,tt1232829,7.2,641056
608879,tt1233227,6.1,134653
608916,tt1233301,6.1,45187
608930,tt1233334,7.2,8011
609202,tt12338536,6.3,36
609507,tt1234548,6.2,141389
609515,tt1234560,3.7,124
609583,tt1234654,6.1,40267
609604,tt1234719,5.3,83488
609606,tt1234721,6.1,248262
609663,tt1234918,6.3,792
609696,tt12349832,5.7,33228
609845,tt1235166,7.8,107027
609862,tt1235189,6.7,42352
610025,tt1235522,6.1,85769
610031,tt1235536,4.7,4720
610171,tt1235796,6.8,23481
610206,tt1235841,7.5,17148
611240,tt1237838,6.6,10071
611797,tt12390572,5.1,4871
612050,tt1239426,7.1,5618
612062,tt1239444,5.0,118
612875,tt1240982,5.5,107415
613065,tt12412888,6.5,114301
613507,tt1242422,7.6,73602
613512,tt1242432,6.2,101894
613532,tt1242457,5.7,3662
613535,tt1242460,7.4,179953
613620,tt1242599,6.3,8247
613725,tt1242782,4.9,3360
614306,tt1243957,6.0,267837
614315,tt1243974,5.4,77462
614529,tt12443946,6.5,4641
614735,tt1244659,6.4,18474
614741,tt1244668,7.2,42440
614789,tt1244754,7.2,48034
614969,tt1245112,6.5,83910
615258,tt1245492,6.6,453242
615273,tt1245526,7.0,337349
615453,tt1245736,3.6,878
616447,tt1247640,6.5,47679
616465,tt1247662,5.7,10046
616473,tt1247667,5.7,8132
616495,tt1247690,5.5,31917
616498,tt1247692,6.6,19619
616508,tt1247704,5.6,6803
618362,tt1250777,7.6,618577
618814,tt1251743,5.3,4937
618902,tt12519030,6.2,17805
618930,tt1252004,6.2,46
619528,tt12532368,6.3,3510
619674,tt12536294,6.5,81582
619800,tt1253863,6.2,327798
619801,tt1253864,6.0,182569
620399,tt12550376,4.5,5638
620437,tt12551078,7.4,27
620834,tt1255919,3.9,41813
620841,tt1255951,6.0,12465
620843,tt1255953,8.3,246176
621340,tt12564514,6.5,3003
621854,tt1257562,6.7,2221
622206,tt1258197,6.7,133856
622341,tt12584954,6.5,191511
622504,tt1258972,5.4,65452
622521,tt1259014,7.5,36490
622609,tt12592252,4.8,12665
622686,tt12593682,7.3,525559
622774,tt1259521,7.0,486915
622776,tt1259528,7.0,152054
622796,tt1259570,5.6,1942
622797,tt1259571,4.8,319904
623637,tt1261047,8.0,17138
624053,tt12618926,7.1,39930
624089,tt1261945,4.6,88157
624364,tt1262416,6.2,187242
624373,tt1262426,7.3,224788
624685,tt1262981,6.8,42099
625193,tt1263670,7.2,98789
625319,tt12637946,4.5,651
625321,tt1263795,6.4,729
625847,tt1264904,7.1,14847
625870,tt12649538,5.3,93
626300,tt1265971,5.8,113
626313,tt1265990,4.8,43538
626351,tt1266029,7.1,40726
626355,tt1266037,7.0,1995
626558,tt12664618,6.2,3369
627031,tt12672536,6.7,26504
627033,tt12672620,6.4,12343
627050,tt1267297,6.0,171077
627175,tt1267500,4.0,1466
627474,tt12680684,7.3,53828
627569,tt1268204,7.8,9512
627808,tt1268799,6.2,75098
627813,tt1268809,4.7,9032
628578,tt1270262,7.0,65259
628596,tt1270286,6.8,5992
628607,tt1270296,5.8,3248
628858,tt1270761,5.5,52132
628890,tt1270797,6.6,601279
628892,tt1270798,7.7,760645
628914,tt1270835,5.5,16363
628915,tt1270836,5.4,39
629221,tt12718300,6.4,26926
629339,tt1272011,7.2,1256
629345,tt1272018,6.6,2264
629392,tt1272051,5.0,1633
629778,tt1272878,6.7,236390
629976,tt12731980,7.3,44499
629988,tt1273218,4.9,1311
629991,tt1273221,3.9,12946
630201,tt12735488,7.0,75001
630383,tt1273678,5.5,49333
630702,tt1274295,7.4,18912
630706,tt1274300,5.3,8461
630786,tt12745164,3.8,1371
631018,tt12748256,6.2,60
631063,tt12749596,6.5,49495
631175,tt12753120,6.3,9084
631406,tt12758486,6.5,8018
631414,tt1275863,6.8,18141
631432,tt1275891,6.8,922
631531,tt1276104,7.4,626083
631532,tt1276105,5.6,3033
631652,tt12763920,6.8,7435
631677,tt1276419,7.5,53796
631686,tt1276434,5.1,15575
632446,tt1277728,6.9,4481
632553,tt1277953,6.8,215250
632685,tt1278180,5.7,2101
632801,tt1278340,6.3,72724
633197,tt12789558,7.2,117035
633212,tt12790098,8.6,82
633443,tt1279462,8.0,541
633654,tt1279935,6.3,178811
633745,tt1280016,5.2,128
633852,tt12801262,7.4,220331
634116,tt1280558,8.1,85627
634124,tt1280567,7.1,5868
634362,tt12810074,5.5,23901
634782,tt12818328,7.6,16146
634992,tt1282140,7.0,441106
635558,tt12833012,3.6,7
635677,tt1283472,6.6,363
635803,tt12838766,6.5,30904
636202,tt12844910,5.8,165522
636347,tt1284575,5.7,221890
636607,tt1285009,5.3,39881
636612,tt1285016,7.8,813387
636708,tt12851324,7.0,5344
636784,tt1285241,7.1,61793
636820,tt1285309,6.4,42771
637250,tt1286126,7.4,48617
637405,tt1286537,7.8,53175
637583,tt1286766,5.8,506
637642,tt1286808,5.2,479
637952,tt12873300,6.6,1937
637977,tt1287349,6.6,154
637982,tt12873562,5.3,40228
638061,tt1287468,4.4,17158
638493,tt1288403,5.3,27281
638539,tt1288466,7.5,18
638612,tt1288558,6.5,211157
638645,tt1288571,6.2,2777
638949,tt12889404,6.4,16150
639142,tt1289401,6.8,257633
639149,tt1289406,7.2,94313
639182,tt1289449,7.2,2886
639549,tt1290389,5.4,284
639705,tt12908150,7.3,59687
639886,tt1291150,5.8,229080
640110,tt1291549,5.8,2700
640123,tt12915716,2.6,137075
640134,tt1291580,7.0,47115
640137,tt1291584,8.1,525821
640189,tt1291643,6.3,142
640378,tt12919688,5.1,166
640478,tt12921446,4.8,50239
640775,tt1292566,6.1,98654
640856,tt1292703,7.7,19218
641433,tt1293793,4.3,1169
641478,tt1293847,5.2,101346
641678,tt1294213,6.3,17690
641699,tt1294226,6.0,95672
641940,tt1294688,6.5,52498
642040,tt12948972,7.2,40
643050,tt12972134,4.6,2370
643373,tt1297844,8.1,24
643400,tt1297919,6.2,95969
643554,tt12981702,5.0,505
643831,tt1298644,5.5,71694
643833,tt1298649,5.7,137306
643834,tt1298650,6.6,602966
644259,tt1299360,5.5,76
645084,tt1300851,6.2,68665
645089,tt1300854,7.1,958267
645367,tt1301264,7.9,2844
645580,tt13017046,3.2,110
645745,tt1302006,7.8,468468
645747,tt1302011,7.3,352772
645767,tt1302067,4.6,24580
646004,tt13024674,6.4,97147
646408,tt1303218,5.2,68
646806,tt1303828,6.7,38151
647220,tt13045058,3.1,84
647283,tt1304591,5.4,70
647827,tt13055264,6.2,13467
647867,tt1305583,5.1,7689
647873,tt1305591,5.4,25221
648092,tt1305797,7.2,33274
648106,tt1305806,8.2,240362
648236,tt1305907,6.1,266
648866,tt1306980,7.6,352178
648901,tt13069986,4.8,24354
648908,tt13070038,4.8,14934
648974,tt1307068,6.7,122924
649262,tt13075730,4.2,2169
649558,tt1308138,6.6,7132
649834,tt13086670,6.2,638
649874,tt1308728,5.5,32051
649875,tt1308729,5.7,54191
649990,tt1309000,1.3,10101
650159,tt13092784,4.7,185
650384,tt1309566,4.9,224
650459,tt13097336,5.7,15085
650544,tt13098590,5.1,2212
651335,tt1311067,4.8,63765
651346,tt1311071,6.4,43159
651559,tt1311638,4.5,1975
651884,tt1312221,7.4,269341
652203,tt13129744,9.0,6
652282,tt1313092,7.2,63093
652311,tt1313139,5.8,14150
652923,tt1314228,4.9,44771
652940,tt1314237,6.4,4634
652948,tt1314241,5.9,543
653200,tt13145534,6.4,5625
653227,tt1314655,6.3,165201
653447,tt13150080,5.3,1503
654129,tt1315981,7.5,121761
654432,tt1316536,6.6,47161
654433,tt1316540,7.7,21123
654947,tt13176330,5.2,1339
655461,tt1318514,7.6,602790
655463,tt1318517,6.3,23692
655536,tt13186482,6.6,80843
656178,tt1319695,6.9,785
656560,tt1320239,6.1,22061
656562,tt1320244,5.7,54158
656565,tt1320253,6.4,378773
656570,tt1320261,4.9,77428
656685,tt13204490,7.4,20536
657241,tt1321509,5.7,56791
657242,tt1321510,7.2,55526
657243,tt1321511,5.8,84600
657488,tt1321860,6.6,52090
657492,tt1321865,7.6,14979
657497,tt1321870,6.7,228237
657714,tt1322269,7.2,99152
657759,tt1322312,6.3,61084
657763,tt1322313,6.9,1504
657782,tt1322333,6.1,8758
657828,tt1322384,6.9,90
658530,tt13235822,4.7,11586
658540,tt1323594,7.6,627619
658734,tt13238346,7.8,168889
658816,tt1323973,6.3,7515
658864,tt1324059,7.6,36976
659412,tt1324999,5.0,271265
659417,tt1325004,5.1,279397
660463,tt13269580,7.4,7106
660498,tt1326972,7.5,26378
660539,tt1327035,7.9,34045
660544,tt13270424,6.7,10141
660592,tt1327194,6.4,117977
660933,tt1327773,7.2,123334
661511,tt13287846,6.3,183847
661616,tt1328913,5.1,940
661623,tt13289298,5.1,53
661988,tt1329469,5.7,173
662852,tt1331064,6.0,8768
663032,tt1331294,6.8,1006
663447,tt13320622,6.1,175223
663527,tt13321244,7.2,8084
663568,tt13321730,6.5,1751
663867,tt1332676,6.5,932
664123,tt1333125,4.4,119694
664295,tt13334578,2.6,10730
664697,tt1334104,5.4,1248
664780,tt1334260,7.1,159394
664885,tt1334470,5.4,5031
664924,tt1334512,5.7,53793
664964,tt1334553,6.7,30602
664975,tt13345606,6.5,165273
665453,tt13352238,7.3,9
665556,tt13353386,5.8,525
665800,tt13357750,7.9,11
665908,tt1335975,6.2,178889
665991,tt13361648,5.9,1771
666139,tt13364790,6.9,3638
666217,tt1336608,5.9,84279
666224,tt1336617,6.3,37471
666513,tt1337051,7.0,5511
666520,tt1337057,6.2,21074
666608,tt1337193,6.0,2072
666769,tt13375076,6.1,100968
667645,tt1339161,6.7,4710
667654,tt13391708,6.7,5979
668249,tt1340094,4.7,40592
668256,tt1340107,7.6,42968
668257,tt1340108,6.6,5225
668273,tt1340138,6.3,305904
668567,tt13405778,5.5,62785
668701,tt1340800,7.0,225079
668726,tt1340838,5.7,4733
668927,tt1341167,7.3,90423
668944,tt1341188,5.4,57148
669876,tt13429870,7.6,24169
669881,tt13429928,3.5,1178
669968,tt1343092,7.2,638330
669971,tt1343097,7.3,77277
670117,tt13433802,6.3,171684
670230,tt13434762,6.6,19
670331,tt1343703,7.4,11089
670349,tt1343727,7.1,310612
670804,tt13445076,6.1,2789
670903,tt1344607,4.6,94
671342,tt13452446,6.1,117779
671368,tt13453006,7.1,42391
671704,tt1345836,8.4,1976699
671813,tt13460398,7.9,95
671901,tt13462472,6.4,1222
671929,tt13462900,5.5,4795
672383,tt1347007,5.6,3227
672750,tt1347521,6.6,11667
673093,tt13482796,5.4,250
673240,tt13484872,7.3,3659
673939,tt13496136,5.7,147
674332,tt13502066,8.2,32
675220,tt1351672,7.4,1865
675242,tt1351685,6.3,154547
675424,tt13521006,6.6,77614
675793,tt13526272,8.4,5
675930,tt1352824,6.2,82358
676167,tt13531468,7.0,3892
676450,tt1353810,3.7,311
676558,tt13539646,6.7,16200
677276,tt13554070,7.6,7
677309,tt1355546,7.7,12488
677384,tt1355630,6.7,131106
677385,tt1355631,7.0,84524
677406,tt1355644,7.0,491190
677424,tt1355683,6.8,201525
677591,tt13560574,6.5,221609
677995,tt1356698,4.9,136
679463,tt13592800,6.5,8
680224,tt13606158,5.9,1783
680627,tt1361306,5.2,38
680633,tt1361313,5.8,5577
680653,tt1361336,5.3,42916
680845,tt13616980,5.5,465
680913,tt1361809,7.4,3984
681088,tt1362118,6.1,1194
681253,tt13622970,6.3,122744
682087,tt13635702,4.4,3031
682312,tt13640696,6.5,73045
682520,tt1364478,7.2,1389
682541,tt13645322,4.7,2706
682813,tt1365048,4.3,3133
682816,tt1365050,7.7,90894
682831,tt13650700,6.0,17898
682874,tt13651794,6.7,72281
682897,tt13652286,6.4,24985
683099,tt1365490,6.4,647
683111,tt13655120,5.3,14212
683116,tt1365519,6.3,240162
683507,tt1366338,5.7,2832
683510,tt1366344,5.6,74689
683519,tt1366365,4.9,41170
683665,tt1366687,5.7,1962
683809,tt13669038,6.9,63218
684385,tt1368047,6.3,141
684388,tt13680520,4.2,2970
685343,tt1369706,5.5,47171
685740,tt1370429,7.3,3531
685747,tt1370439,2.5,741
686050,tt1371111,7.3,385459
686069,tt1371150,6.7,94095
686073,tt1371155,7.1,16560
686912,tt1372686,6.1,34828
686972,tt1372747,4.9,1194
687174,tt13731258,6.1,45
687191,tt1373156,7.2,16333
687227,tt1373243,6.2,933
687425,tt13736010,4.6,20
687934,tt1374989,5.8,64019
687936,tt1374992,6.3,75664
687988,tt13751694,6.2,113723
688156,tt1375666,8.8,2787311
688162,tt1375670,6.0,309216
688398,tt1376213,5.5,7548
688634,tt1376709,6.0,2141
688747,tt13769630,5.5,964
688838,tt1377278,7.4,1925
688971,tt1377541,8.5,21
689756,tt1379177,6.7,28372
689760,tt1379182,7.1,121806
689795,tt1379222,6.6,4349
690944,tt1381263,4.8,13
691056,tt1381404,6.4,37316
691275,tt13818368,6.2,53900
691727,tt1382725,7.1,9849
692053,tt13833688,7.6,278137
692159,tt13834788,7.3,1744
692494,tt13839612,7.6,266
692651,tt13841850,6.0,77328
692976,tt13846402,6.9,3623
692990,tt13846540,5.9,781
693197,tt13848804,6.5,3853
693667,tt1385826,7.0,281382
693691,tt1385867,5.5,92337
693731,tt1385912,4.8,11163
693951,tt13863866,4.7,21
693990,tt13864330,4.9,18
694068,tt1386588,6.7,307475
694132,tt1386697,5.9,755849
694136,tt1386703,6.2,275567
694208,tt1386932,7.5,116091
695078,tt1388418,5.1,10542
695545,tt1389072,5.8,136848
695572,tt1389096,6.4,59451
695602,tt1389137,7.0,159596
695604,tt1389139,5.2,8773
696215,tt1390411,6.9,158248
696537,tt1390821,6.8,615
696654,tt1391137,4.8,10765
696977,tt1391851,6.1,42
697240,tt1392170,7.2,1073726
697249,tt1392190,8.1,1198231
697253,tt1392197,4.4,18637
697263,tt1392214,8.2,921267
697313,tt13923084,6.4,39629
697330,tt13923456,5.4,13939
697413,tt13925862,6.6,1198
697550,tt13927994,6.7,78201
698092,tt1393746,7.5,10214
698733,tt1395054,7.4,20959
698742,tt1395065,5.1,183
699021,tt13957560,6.8,61994
699180,tt1396208,4.4,7835
699187,tt1396218,6.0,112155
699190,tt1396221,4.5,9130
699194,tt1396226,7.3,17953
699324,tt1396484,7.3,688017
699347,tt1396523,5.3,4482
699673,tt1397280,6.2,335672
699797,tt1397514,5.7,120060
700307,tt1398426,7.8,232598
700702,tt1399103,6.2,453268
701078,tt1399683,7.1,157128
701350,tt1400365,5.5,552
701649,tt1401152,6.8,275916
702365,tt14023894,4.9,224
702373,tt14024066,5.6,539
702390,tt1402488,5.8,50589
702658,tt1403130,6.8,8871
702688,tt1403177,6.9,55493
702719,tt1403214,7.0,10825
703077,tt1403865,7.6,374617
703176,tt14039582,7.5,75678
703219,tt1403981,7.1,162519
703222,tt1403983,6.2,742
703226,tt1403988,5.0,12828
703521,tt14044924,6.6,1460
703881,tt14051976,4.3,1192
704003,tt1405500,6.3,8528
704215,tt14057950,8.4,28
704225,tt1405810,7.2,14025
704268,tt14060094,4.9,28190
704282,tt14060232,5.3,12681
704871,tt1407050,4.7,51832
705396,tt1408101,7.7,509015
705474,tt1408253,6.1,128916
705792,tt14088510,4.8,37516
705905,tt1409024,6.8,409499
706487,tt14099334,6.7,28880
706497,tt14099796,6.2,1785
706532,tt1410063,7.5,58120
706872,tt14107334,6.4,78521
707002,tt14109724,6.1,80593
707166,tt1411238,6.2,254327
707172,tt1411250,6.4,185526
707302,tt14114802,7.2,85307
707397,tt1411664,3.4,13456
707417,tt1411697,6.5,573060
707423,tt1411704,5.4,40208
707665,tt14121726,2.6,17060
707775,tt1412386,7.2,103518
707892,tt1412528,5.8,33168
708369,tt1413492,6.5,100119
708371,tt1413495,5.6,40257
708576,tt14137416,7.0,4528
709013,tt1414382,5.8,56597
709058,tt1414404,6.1,776
709197,tt14146688,2.2,170
709339,tt1414840,4.8,853
709614,tt1415283,6.1,39599
710698,tt1417108,5.4,5915
710868,tt14175640,4.7,45
711380,tt1418377,5.1,86041
711677,tt14188930,7.9,6376
712202,tt14200576,7.7,22
712518,tt14205554,7.5,119796
712670,tt14208870,7.5,133348
712718,tt14209618,5.1,28832
712775,tt14209916,5.9,125472
712818,tt1421051,6.3,48435
712924,tt14212090,6.6,1308
713308,tt1422136,6.2,32077
713892,tt14230388,6.4,143031
713897,tt14230458,7.8,385913
714289,tt1423894,7.3,27343
714354,tt1423995,5.4,43977
714514,tt1424310,6.0,26059
714556,tt1424381,6.4,260856
715096,tt1425257,6.4,9490
715178,tt14253846,6.6,62762
715550,tt1425922,4.8,2477
715702,tt14260836,7.5,44144
715775,tt1426329,6.2,44460
716758,tt14279982,7.2,11726
716933,tt1428538,6.1,225906
717718,tt1430132,6.7,521476
717957,tt1430607,7.1,73390
717959,tt1430612,5.6,45611
717960,tt1430615,6.5,21217
717967,tt1430626,6.7,54035
718182,tt1431045,8.0,1242709
718240,tt1431181,7.4,32083
718283,tt1431240,3.1,6341
718353,tt1431347,4.7,198
718684,tt14317880,6.3,5574
719259,tt1433108,6.4,116794
719609,tt1433811,7.5,79969
719621,tt1433822,4.1,21153
719895,tt1434435,6.2,19350
720251,tt14351082,7.3,9844
720345,tt14353332,5.8,13
720703,tt1436045,7.5,71391
720777,tt14362112,6.0,19673
720892,tt14364480,7.3,208354
721023,tt1436559,4.8,9731
721026,tt1436562,6.9,270436
721030,tt1436568,6.1,19105
721466,tt1437358,7.2,49598
721475,tt1437366,7.0,4565
721476,tt1437367,8.1,760
721815,tt1438173,5.2,20985
721816,tt1438176,6.4,119226
721842,tt1438254,6.4,66328
721906,tt1438462,5.7,639
721907,tt1438463,6.2,3694
722027,tt14387660,6.1,246
722174,tt14391292,9.4,19
722249,tt1439229,3.2,162
722719,tt1440129,5.8,268244
722783,tt14402146,6.7,27065
722798,tt1440232,7.1,28210
722837,tt1440266,7.6,16638
722876,tt1440292,7.3,100553
722927,tt1440345,6.7,38472
722941,tt14403504,6.6,35754
723209,tt1440728,6.3,106331
723212,tt1440732,5.4,19838
723213,tt14407336,6.5,11816
723553,tt1441326,6.8,58426
723579,tt1441395,6.3,169359
723657,tt14415204,5.4,18489
723910,tt1441937,7.5,26
723920,tt1441951,6.8,22143
723921,tt1441952,6.8,68838
723929,tt1441956,6.4,3406
724196,tt1442556,3.4,332
724211,tt1442576,4.5,3251
724502,tt14432536,3.6,119
724873,tt14439896,6.5,35694
725146,tt14444726,7.4,108681
726049,tt1446147,5.5,5900
726073,tt1446192,7.2,207910
726415,tt1446714,7.0,692919
726845,tt1447500,7.7,27878
726851,tt1447508,7.4,13138
727109,tt1447972,5.8,11911
727450,tt1448754,6.2,79465
727451,tt1448755,6.4,140572
727796,tt1449283,7.1,30549
728421,tt1450321,7.0,121698
728977,tt14513802,9.0,10
728978,tt14513804,5.6,177636
729211,tt1451797,6.9,2797
729621,tt1452628,4.9,28245
730018,tt1453405,7.2,421030
730106,tt14534796,6.4,4237
730112,tt14534992,4.9,739
730158,tt14536120,7.1,6551
730223,tt14537248,6.4,38352
730397,tt14539740,6.0,132549
730430,tt1454029,8.1,525308
730525,tt14542254,6.7,8047
730628,tt1454468,7.7,895591
730683,tt1454523,6.9,5225
730841,tt14547524,5.7,2103
730908,tt14549270,5.5,4523
730915,tt14549466,5.8,46483
731454,tt1455811,6.2,15455
731691,tt14564000,5.4,25141
731712,tt1456472,6.7,15290
731793,tt1456606,5.2,2385
731797,tt1456635,6.8,93876
731804,tt1456660,7.3,2986
731936,tt1456941,6.1,32691
731983,tt14570440,7.8,7544
732403,tt14577300,3.3,6185
732404,tt14577304,3.0,1916
732428,tt1457765,5.3,19084
732431,tt1457767,7.5,616362
732461,tt14578032,4.4,2152
732629,tt1458169,5.9,40918
732631,tt1458175,7.3,214637
733747,tt14598754,7.3,8864
734483,tt1461277,5.7,63
734908,tt1462041,6.0,71069
735044,tt14622802,5.5,1623
735172,tt14625190,6.8,1431
735287,tt1462758,7.0,175666
735292,tt1462764,6.5,230467
735298,tt1462769,6.6,50128
735371,tt1462900,6.6,38457
736017,tt1464174,4.5,31170
736029,tt1464191,6.2,3402
736109,tt1464335,6.3,296101
736281,tt1464540,6.1,252301
736299,tt1464580,6.4,45652
736357,tt14647404,6.0,8254
736706,tt1465487,6.7,28409
736716,tt1465493,4.9,762
736739,tt1465522,7.5,207731
737373,tt14668196,6.1,741
737387,tt14668630,6.1,17900
737694,tt1467304,4.4,95950
737745,tt1467391,4.3,3527
738854,tt1469304,5.5,217199
739188,tt1470023,5.6,49877
739246,tt14700970,1.0,17
739599,tt1470827,6.3,101528
740412,tt14723224,1.5,40884
740541,tt1472584,4.6,21519
740824,tt1473074,6.1,3922
740974,tt1473357,5.9,2853
741306,tt1473832,6.4,90782
742039,tt1475099,3.9,57
742677,tt1476411,6.0,112
742930,tt1477014,4.5,2867
742959,tt1477076,5.5,117624
742985,tt1477109,6.0,6739
743164,tt14773954,4.9,21
743308,tt1477715,7.2,43030
743349,tt1477834,6.8,550018
743629,tt1478338,6.8,323676
743893,tt1478839,7.6,47755
743932,tt1478964,6.6,115257
744188,tt1479665,6.4,39
744665,tt1480656,5.1,51983
745399,tt14821184,7.0,92
745544,tt1482459,6.4,142542
745547,tt14824600,6.3,38920
745758,tt14827150,4.7,2993
745820,tt14828040,5.4,3640
745912,tt1483010,5.9,338
745915,tt1483013,7.0,583131
746183,tt1483488,5.3,20
746732,tt14846026,6.9,116643
746850,tt14849194,7.9,243895
746930,tt1485063,7.3,125
746941,tt1485072,6.4,706
747385,tt1485796,7.5,343577
747418,tt14858658,6.5,126048
747594,tt1486185,5.4,119169
747598,tt1486192,6.4,90175
747599,tt1486193,5.6,14621
747930,tt1486834,6.8,84178
748081,tt1487118,6.3,27839
748259,tt14873790,7.6,64
748532,tt1487931,5.7,6860
748631,tt1488177,5.1,207
748707,tt14883538,7.5,2135
748832,tt1488555,6.3,203879
749066,tt1489167,6.4,4418
749324,tt1489887,7.1,139434
749325,tt1489889,6.3,236112
749465,tt1490017,7.7,412240
749646,tt14904622,6.1,1516
749731,tt14905854,7.9,56035
749910,tt1490785,5.8,8975
750058,tt1491044,6.8,83403
751018,tt1493274,6.9,70676
751408,tt14941222,6.3,1303
751425,tt14941698,6.0,2473
751643,tt1494828,5.5,114
751662,tt14948432,6.2,157954
752224,tt1496014,5.9,69
752230,tt1496025,6.3,166896
752284,tt14961016,8.1,144532
752436,tt1496380,7.9,2804
752453,tt1496422,5.7,41654
752553,tt14966898,7.0,143739
752580,tt1496729,8.4,5976
753033,tt14976386,6.5,1850
753459,tt1498569,6.7,18715
753799,tt1499201,5.8,7970
754149,tt1499658,6.9,486048
754312,tt14999684,5.4,10810
754644,tt1500516,6.5,1963
754713,tt15006566,7.5,24926
754891,tt15009428,5.6,98758
755700,tt15023958,5.7,179
755702,tt1502397,6.5,195650
755708,tt1502404,5.4,106349
755711,tt1502407,6.5,185574
755811,tt1502712,4.3,191600
755913,tt15028676,6.2,233
756072,tt1503179,5.2,821
756702,tt1504319,5.4,1934
756703,tt1504320,8.0,730525
757247,tt1505343,6.4,614
757530,tt1505886,6.2,308
758059,tt1506999,5.8,92684
758359,tt1507563,4.4,9780
758552,tt15078804,6.7,9405
759044,tt15086202,5.3,74
759059,tt1508675,7.2,25204
759210,tt15090124,6.8,20103
759703,tt15097224,5.2,70
759741,tt1509767,5.7,115403
760436,tt1510907,6.6,388
760438,tt15109082,7.7,28078
760582,tt1511329,6.1,1395
761097,tt1512235,6.7,87053
761480,tt1512888,8.1,8391
761743,tt15134398,6.1,9190
762096,tt15140278,6.4,11568
762104,tt1514041,5.8,11238
762569,tt1514825,6.8,31
762693,tt1515091,7.4,500147
762849,tt15153532,6.3,37448
763119,tt1515894,5.5,117
763367,tt15163652,6.1,30678
763709,tt15170150,8.3,7
763882,tt1517260,5.8,121489
763890,tt1517268,6.8,659113
763973,tt1517451,7.6,446137
763999,tt1517489,3.6,30430
764984,tt15192668,9.2,5
765075,tt1519461,4.3,15919
765656,tt1520498,1.6,15696
766077,tt1521197,6.8,43222
767267,tt1523486,6.6,15647
767508,tt15239678,8.4,716576
767572,tt1524137,6.4,128934
767815,tt1524575,4.7,19914
767953,tt1524930,6.2,131360
768269,tt15255876,6.7,66598
768880,tt15268244,6.4,30185
769099,tt1527186,7.1,207002
769309,tt1527679,6.6,362
769358,tt1527788,7.7,79932
769361,tt1527793,7.6,42817
769502,tt1528100,6.0,186103
769631,tt1528282,7.8,94
769646,tt1528313,6.4,16027
769878,tt1528854,6.2,138434
770014,tt1529235,6.6,11218
770233,tt1529567,6.6,466
770237,tt1529572,6.9,46036
770417,tt15301048,7.6,35840
770699,tt15307448,4.8,970
771131,tt15314262,6.3,176546
771290,tt1531663,6.4,55047
771408,tt1531901,6.5,48390
771617,tt1532261,5.7,594
771650,tt1532382,5.6,2005
771696,tt1532503,7.2,97162
771747,tt15325794,6.4,132706
771836,tt15327088,8.1,115779
771961,tt1532958,5.0,9840
772214,tt15334030,2.2,36506
772254,tt15334488,4.8,11709
772348,tt1533749,6.8,20721
772453,tt15339456,7.6,33415
772632,tt15342244,6.1,13153
773079,tt1535108,6.6,489416
773080,tt1535109,7.8,516824
773176,tt15352542,6.8,8491
773349,tt1535430,6.8,389
773352,tt1535438,6.3,45756
773372,tt1535467,5.7,10027
773395,tt15354916,6.9,110092
773459,tt1535612,5.1,18597
773462,tt1535616,5.7,40233
773616,tt1535970,6.5,21072
773658,tt1536044,5.7,114909
773662,tt1536048,6.2,14097
773846,tt1536537,6.8,143724
774357,tt1537772,4.7,1886
774558,tt15380630,5.4,8732
774679,tt15382170,8.6,15
774753,tt1538403,5.8,143279
775010,tt15387654,8.9,11
775108,tt15389924,5.5,42
775597,tt15397862,7.9,71
775619,tt15398776,8.2,1002914
775756,tt1540011,5.0,53047
775769,tt15400448,6.6,607
775834,tt1540128,5.7,32210
775839,tt1540133,7.3,100960
776149,tt1540767,2.5,6308
776410,tt1541160,6.3,34962
776597,tt15415554,1.1,16
776826,tt1541995,6.1,4152
776973,tt15422224,4.5,5574
777053,tt1542344,7.5,422385
777073,tt1542414,2.5,12
777090,tt1542482,6.8,2369
777272,tt15428134,6.5,85339
777374,tt1542960,4.4,319
777467,tt15431864,6.5,1224
778390,tt1544600,6.3,3362
778655,tt1545106,5.4,12500
778698,tt15452062,6.9,9306
778980,tt1545759,6.8,15111
779377,tt15464390,7.4,5574
779463,tt15465610,6.3,21
779902,tt1547230,4.4,3625
779904,tt1547234,6.5,122103
779993,tt15474916,6.5,235313
780454,tt15482456,8.1,13
780719,tt1548624,4.8,421
781224,tt1549572,6.9,103911
781235,tt1549589,5.6,7942
781539,tt15501640,8.2,51321
782321,tt1551620,6.5,376
782597,tt1552224,4.6,14904
783504,tt1554091,7.2,17050
783934,tt1555064,6.3,19551
785059,tt15574270,5.8,43465
785136,tt15575470,6.1,9164
785729,tt1559547,6.1,93132
785806,tt15599356,6.9,8
785908,tt1560220,6.7,223401
786035,tt1560747,7.1,199535
786118,tt1560985,4.2,38411
786682,tt1562568,6.2,3387
786784,tt1562847,6.3,711
786787,tt1562859,5.7,11271
786794,tt1562871,5.0,51448
786795,tt1562872,8.2,94883
786796,tt1562873,4.8,683
786813,tt1562904,5.4,127
786977,tt1563738,7.0,178659
786979,tt1563742,6.0,44310
787095,tt1564349,6.8,26746
787103,tt1564367,6.4,287222
787149,tt1564585,4.5,94177
787228,tt1564915,6.9,17
787267,tt1565058,5.5,864
787364,tt15654328,7.2,73298
787378,tt15654502,1.8,1467
787981,tt1566501,6.6,5592
788043,tt1566637,4.5,1586
788168,tt15670222,3.2,2546
788218,tt15671028,6.3,212560
788345,tt1567448,7.4,40948
788387,tt1567609,6.9,114497
788598,tt15678738,7.0,4533
788649,tt15679400,6.1,140349
788841,tt1568338,6.6,161942
788849,tt1568346,7.8,525448
789023,tt15685876,6.1,5586
789165,tt1568911,7.2,172291
789177,tt1568921,7.6,115792
789290,tt15690918,5.8,27
789428,tt1569364,5.6,5750
789478,tt1569465,4.7,2645
789871,tt1570728,7.4,610405
789956,tt1570989,6.2,15281
790154,tt1571222,6.4,111735
790160,tt1571234,6.1,152000
790168,tt1571249,6.8,46678
790617,tt1572154,6.9,519
790712,tt1572315,4.8,60173
790771,tt1572491,6.5,15906
790883,tt1572781,8.0,8790
790981,tt1573072,5.7,17890
791063,tt15732324,7.5,47270
791128,tt15734582,6.2,1989
791668,tt15744298,5.6,28784
793600,tt1578116,6.5,7829
793688,tt1578261,5.2,4844
793698,tt1578275,5.3,58655
793979,tt1578802,5.5,58
794057,tt15789038,7.0,161480
794166,tt15791034,7.0,254881
794314,tt1579396,4.1,89
794362,tt1579540,5.4,1616
794570,tt1579944,6.4,688
794718,tt15801594,7.5,2545
795608,tt1582271,5.5,7668
795783,tt15824990,3.9,2654
795792,tt1582507,5.5,84307
795917,tt1582637,3.6,1654
796239,tt1583420,6.1,76713
796240,tt1583421,5.7,192466
796347,tt15837338,5.9,6449
796443,tt15838850,7.0,15079
796538,tt1584016,7.1,44310
796571,tt1584131,3.5,1366
797432,tt1586265,5.7,77866
797606,tt1586752,6.7,71028
797848,tt1587310,6.9,422213
798067,tt1587729,7.3,6091
798184,tt1588170,7.8,163582
798187,tt1588173,6.8,254087
798248,tt1588334,6.4,66402
798251,tt1588337,7.2,16724
798263,tt1588358,7.2,2718
798278,tt1588398,5.3,36276
798342,tt1588875,6.9,7133
798892,tt1590193,6.3,133246
799165,tt1591095,6.8,363936
799232,tt1591479,6.4,73799
799465,tt1592525,6.1,103161
799570,tt1592873,4.4,59771
800175,tt1594562,5.5,39302
800268,tt1594972,3.4,10608
800342,tt1595366,7.5,7276
800436,tt1595842,2.1,9489
800529,tt1596343,7.3,430665
800530,tt1596345,7.0,53822
800531,tt1596346,7.0,55432
800533,tt1596350,6.3,200113
800539,tt1596363,7.8,533537
800540,tt1596365,6.4,199040
800649,tt1596753,6.7,2773
800843,tt1597522,5.3,17973
801082,tt15980138,8.0,15863
801231,tt1598778,6.8,329315
801237,tt1598822,5.6,92675
801241,tt1598828,5.3,45213
801399,tt1599348,6.7,248633
801493,tt1599975,6.5,4461
801546,tt1600195,5.1,85729
801547,tt1600196,7.0,169302
801630,tt1600524,7.0,31051
801971,tt1601913,6.7,273503
802027,tt1602098,6.7,26488
802284,tt1602472,6.0,15299
802290,tt1602476,6.1,8607
802351,tt1602585,7.7,3658
802365,tt1602613,5.7,122369
802369,tt1602620,7.9,110127
802505,tt1603257,4.7,26664
802576,tt1603480,6.7,721
802745,tt1604171,5.4,16037
802843,tt16043930,6.9,1954
803105,tt1605630,6.7,232915
803120,tt1605717,6.9,84400
803140,tt1605769,5.8,4275
803146,tt1605783,7.6,469194
803367,tt1606267,5.3,2402
803420,tt1606378,5.2,222474
803425,tt1606384,7.6,13384
803428,tt1606389,6.8,212933
803430,tt1606392,7.1,56214
803781,tt1608290,4.7,81090
804031,tt1609168,8.1,7580
804142,tt1609479,6.2,16042
804146,tt1609486,5.7,9909
804415,tt1610452,7.2,19435
804520,tt1610996,5.8,21572
804558,tt1611174,7.1,39
804574,tt1611224,5.9,167673
804886,tt16118932,6.2,25
805196,tt1612774,5.7,42669
805257,tt1613062,7.5,8982
805744,tt16150082,7.8,1650
805763,tt1615065,6.4,138319
805802,tt1615147,7.1,160145
805813,tt1615160,7.0,131550
806182,tt1615918,4.4,44111
806231,tt16160622,6.9,3430
806345,tt1616195,6.5,137787
806750,tt16174868,4.5,2563
806822,tt1617661,5.3,200961
806924,tt1618430,6.2,4284
806928,tt1618442,5.9,115953
807035,tt1619029,6.6,86783
807095,tt16194408,5.6,1712
807245,tt1619890,4.9,22
807317,tt1620464,5.3,247
807332,tt1620549,5.1,1160
807361,tt1620680,4.3,49694
807436,tt1620935,6.8,33337
807447,tt1620981,5.9,48893
807474,tt1621039,5.8,28286
807475,tt1621045,6.5,52565
807674,tt1621767,6.3,146
807755,tt1621994,5.2,674
808037,tt1622547,6.0,110014
808192,tt16227830,6.6,1221
808244,tt1622979,5.9,149662
808318,tt1623205,6.3,220846
808339,tt1623288,7.0,116918
809126,tt1625346,6.3,89853
810129,tt16277242,7.8,171555
810261,tt1627927,4.9,254
810308,tt16280138,5.2,19740
810831,tt1628841,5.2,198596
811057,tt1629248,5.7,58
811081,tt1629284,6.8,1361
811125,tt1629376,6.3,7018
811398,tt16300138,6.5,4790
811402,tt1630029,7.5,602306
811406,tt1630036,6.9,22573
811944,tt16311594,7.6,315745
812031,tt1631355,8.2,30
812254,tt1631867,7.9,798167
812492,tt1632708,6.5,417720
812596,tt1633356,4.1,28212
812680,tt1634003,6.4,11183
812714,tt1634106,5.7,90592
812720,tt1634121,5.4,21872
812723,tt1634122,6.3,148662
812729,tt1634136,6.0,13746
813160,tt16350250,7.7,191
813833,tt16366836,6.0,150803
813895,tt1636826,6.7,255194
813901,tt1636842,5.7,133
813945,tt16369410,6.8,75
814098,tt16374352,6.3,2922
814263,tt1637688,6.7,480336
814279,tt1637706,6.4,92357
814297,tt1637725,6.9,704525
814593,tt1638355,7.2,354766
815201,tt1639426,8.1,49623
815255,tt1639826,6.0,6674
815412,tt16402818,6.2,729
815445,tt1640402,7.1,18
815471,tt1640459,6.1,50369
815491,tt1640484,5.7,12028
815515,tt1640548,5.8,26050
815562,tt1640711,5.7,13905
816121,tt16419074,7.4,192945
816378,tt16425284,7.1,6625
816456,tt16426418,7.0,174823
816539,tt16428256,7.6,60928
817558,tt1645048,6.3,576
817586,tt1645089,8.2,82560
817624,tt1645170,6.5,363461
818035,tt16464194,6.3,35
818133,tt1646971,7.8,398008
818140,tt1646980,5.9,32544
818146,tt1646987,5.7,202659
818346,tt1647668,7.0,49223
818503,tt1648099,6.8,1001
818515,tt1648112,6.4,19050
818567,tt1648179,6.4,98878
818575,tt1648190,5.6,154829
818939,tt1649418,6.5,269516
818941,tt1649419,7.5,261581
818949,tt1649431,8.1,9724
818959,tt1649443,5.3,22378
818960,tt1649444,5.0,40988
819167,tt1650043,6.6,41945
819176,tt1650062,7.0,379446
819226,tt1650407,6.3,9965
819275,tt1650554,6.5,299209
819373,tt1651118,7.6,1674
819801,tt16529002,7.9,1449
820193,tt16539454,6.1,65810
820428,tt1654829,6.0,3996
820541,tt16550628,5.7,2105
820612,tt1655420,6.9,91334
820621,tt1655441,7.2,226700
820622,tt1655442,7.8,254703
820626,tt1655460,5.6,82705
820650,tt1655603,6.1,56
820653,tt1655607,7.0,8546
820672,tt1656168,3.2,558
820682,tt1656186,5.5,47545
820683,tt1656190,6.5,124114
820684,tt1656192,6.3,20088
820963,tt1657507,6.4,113873
820964,tt1657510,6.4,9785
821222,tt1658801,6.6,13719
821229,tt1658837,5.9,44802
821411,tt1659216,3.4,5012
821443,tt1659337,7.9,589643
821444,tt1659338,5.6,21427
821447,tt1659343,5.1,22232
821503,tt1659619,6.6,6500
821724,tt16606592,6.7,11715
821793,tt16607614,3.8,286
821952,tt1661199,6.9,204004
821994,tt1661275,6.8,22104
822036,tt1661382,6.4,64796
822111,tt1661820,6.1,14652
822202,tt1662293,4.4,5415
822322,tt1663143,5.4,15826
822341,tt1663202,8.0,940716
822343,tt1663207,5.8,20979
822375,tt1663321,7.0,10328
822442,tt1663631,4.1,604
822458,tt1663662,6.9,556034
822714,tt1664664,3.3,1924
822730,tt1664714,3.9,27
822757,tt1664806,7.0,5058
823093,tt1666185,5.9,26107
823094,tt1666186,3.5,54577
823294,tt1666801,6.4,106601
823444,tt1667310,6.2,42263
823454,tt1667321,6.3,13418
823472,tt1667353,5.6,94822
823473,tt1667354,7.3,8555
823606,tt1667838,5.7,9185
823611,tt1667852,5.3,1579
823630,tt1667889,6.5,241715
823684,tt1668189,6.7,918
823694,tt1668200,7.5,18627
824018,tt1669799,7.2,52
824109,tt1670345,7.2,765042
824398,tt1671474,5.5,308
824519,tt1672091,6.8,622
824868,tt16731908,6.7,4020
824997,tt1673434,5.6,280233
825070,tt1673697,7.1,15902
825473,tt1674771,6.5,85463
825483,tt1674782,6.3,44991
825485,tt1674784,5.3,47354
825628,tt1675192,7.3,115023
825641,tt1675197,6.7,1162
825719,tt1675434,8.5,1017364
825769,tt16756942,4.2,197
826470,tt1677720,7.4,537007
826680,tt1679335,6.4,99704
826871,tt1680058,6.9,3319
826891,tt1680114,6.6,22359
826895,tt1680123,5.9,3660
826900,tt1680140,5.4,1644
826913,tt1680306,7.0,1883
827211,tt1682180,6.7,119799
827212,tt1682181,7.3,10663
827758,tt1684233,6.1,35580
827803,tt1684562,6.8,251959
828058,tt1686018,3.7,3170
828239,tt1686768,6.8,2760
828247,tt1686784,5.9,8887
828267,tt16868156,6.3,17
828275,tt1686821,5.4,58446
828411,tt1687247,7.6,15764
828526,tt1687901,6.5,71757
828834,tt16899302,2.2,143
829047,tt1690953,7.3,456089
829105,tt1691152,7.2,7661
829345,tt16915972,6.7,5114
829395,tt1691832,4.7,1044
829425,tt1691916,6.4,60175
829426,tt1691917,5.7,52132
829549,tt1692486,7.1,137935
829692,tt1693039,6.0,402
829895,tt1694020,5.8,41552
829974,tt1694542,6.8,17844
830307,tt1695765,6.7,820
830321,tt1695800,8.2,6654
830335,tt1695843,6.0,49797
830379,tt1695994,4.5,4052
830442,tt16961210,5.3,148
830748,tt16969006,6.5,1093
831005,tt16972306,7.4,8
831228,tt1697800,4.6,5803
831596,tt1698566,6.1,259
831627,tt1698641,6.2,48769
831971,tt1699491,6.1,2519
832075,tt1699745,6.1,880
832081,tt1699755,5.4,5233
832136,tt1700258,6.2,10779
832172,tt1700423,6.2,3194
832240,tt17005282,5.4,375
832406,tt1700841,6.1,225391
832516,tt17009710,7.6,205931
832580,tt1701210,6.6,13131
832640,tt17014214,6.6,588
832872,tt1702439,6.7,120677
832875,tt1702443,1.7,76578
832876,tt17024450,6.8,158768
832983,tt1703125,5.8,2836
833446,tt1704573,6.8,66906
834026,tt1705772,7.7,17634
834208,tt1706317,4.1,2760
834237,tt1706414,6.5,3328
834343,tt1706593,7.0,276114
834360,tt1706620,7.1,417788
834387,tt1706675,5.7,91
834393,tt1706679,6.5,150
834536,tt17070412,6.2,1066
834749,tt1707380,5.5,6666
834754,tt1707386,7.5,360614
834765,tt1707392,5.3,10473
835083,tt17080412,4.7,1951
835228,tt1708473,6.7,438
835236,tt1708491,6.6,728
835259,tt1708532,5.0,22069
835398,tt1709143,5.5,40556
835437,tt1709654,6.1,4717
835553,tt1710396,5.8,9098
835634,tt1710627,5.0,629
835768,tt1711425,5.8,79555
835806,tt1711525,5.9,93992
835892,tt1712170,5.2,36711
835905,tt1712192,6.4,19170
835929,tt1712261,6.3,81260
836096,tt1713440,6.8,8856
836100,tt1713476,5.7,32500
836221,tt1714203,3.8,47696
836224,tt1714206,7.0,167864
836226,tt1714209,4.7,34921
836227,tt1714210,7.6,34412
836388,tt17146978,6.8,1691
836465,tt1714915,7.2,114874
836589,tt1715336,6.4,26595
836973,tt17164334,4.2,209
837028,tt1716772,6.7,90501
837031,tt1716777,7.0,44963
837268,tt1717715,4.9,5618
837546,tt1718881,5.8,309
837587,tt1719071,6.0,4775
837684,tt1719474,5.7,450
837694,tt1719496,6.4,210
837819,tt1720047,7.7,1553
837875,tt1720182,6.6,8086
837905,tt1720254,4.9,6819
838555,tt1722450,7.3,5208
838564,tt1722484,6.1,1034
838724,tt1723121,7.0,520526
838777,tt1723642,5.5,4650
838836,tt1723808,6.2,12674
838838,tt1723811,7.2,216288
839053,tt1724970,5.3,24896
839199,tt1725795,6.7,14579
839363,tt1726589,5.6,8267
839364,tt1726592,6.3,89390
839388,tt1726669,6.7,87539
839456,tt1726888,7.0,2796
839565,tt1727388,7.4,163410
839597,tt1727491,5.7,355
839598,tt1727496,5.9,4548
839704,tt17277414,6.7,16188
839714,tt1727776,6.3,60297
839740,tt1727824,7.9,639769
839816,tt17279496,7.0,263557
839874,tt1728179,5.1,5928
839899,tt1728245,2.7,1525
840072,tt1728986,5.7,10899
840610,tt1730768,7.0,49038
840660,tt1731141,6.6,263934
840770,tt1731697,5.2,34134
840773,tt1731701,5.4,24400
841178,tt1732563,5.9,443
841321,tt1733105,7.5,6344
841800,tt1734548,6.6,2120
841828,tt1734586,4.4,1165
841998,tt17351056,4.7,2518
842010,tt17351870,2.3,196
842014,tt17351924,7.0,260159
842027,tt1735221,7.4,227
842233,tt1735898,6.1,313787
842245,tt1735932,6.5,514
842539,tt1737156,6.7,1742
842572,tt1737237,6.8,3158
842765,tt17375596,5.2,1547
843007,tt1739196,3.4,114
843208,tt1740017,5.6,75
843360,tt1740707,6.9,82973
843362,tt1740710,5.9,11114
843454,tt1741243,5.9,12660
843458,tt1741273,6.3,54665
843622,tt1742044,6.8,38324
843723,tt1742334,5.7,68779
843725,tt1742336,6.7,29088
843872,tt1742650,5.0,21722
844587,tt1745960,8.2,845038
844678,tt1746246,4.6,1260
844998,tt1747958,6.5,22086
845042,tt1748122,7.8,381380
845065,tt1748179,6.2,70574
845070,tt1748197,4.4,22218
845284,tt17491040,6.1,5398
845872,tt17505010,6.6,44513
845992,tt17507018,6.5,3377
847002,tt17526714,7.2,404183
847065,tt17527468,6.7,56877
847210,tt1753383,7.3,85766
847251,tt1753476,4.9,882
847309,tt1753640,5.1,2474
847339,tt1753722,7.3,5700
847448,tt1753921,3.9,35
847495,tt1754029,2.5,2590
847918,tt1754656,7.6,70924
848340,tt1756415,5.4,4754
848524,tt1756851,4.8,13354
848689,tt1757678,7.4,130340
848726,tt1757772,7.5,2070
848734,tt1757806,5.9,196
848770,tt1757912,5.8,784
848880,tt1758595,5.6,21444
848887,tt1758610,7.0,5094
848901,tt1758666,5.2,36
848910,tt1758692,6.6,64489
848935,tt1758795,5.8,43985
848939,tt1758810,5.2,76729
848943,tt1758830,6.2,159131
849517,tt1762399,5.2,12412
849680,tt1763264,6.0,26759
849703,tt1763303,6.8,75460
850022,tt1764183,6.6,57483
850039,tt1764234,6.2,159675
850167,tt1764600,4.8,3975
850180,tt1764625,5.9,9759
850198,tt1764651,6.6,333293
850383,tt1765729,2.6,1283
850452,tt1766044,6.8,699
850464,tt1766094,5.0,22058
850520,tt17663238,4.7,172
850573,tt17663992,6.4,147097
850723,tt1767354,6.8,61637
850732,tt1767382,5.2,25631
850790,tt17676734,5.9,6671
851419,tt1770734,6.2,13352
851721,tt1772230,5.7,6803
851726,tt1772240,5.2,59954
851746,tt1772288,7.0,34773
851759,tt1772341,7.7,494239
851786,tt1772422,4.9,348
851787,tt1772424,7.4,14034
851935,tt1773015,7.5,6320
852102,tt1773542,8.2,15
852159,tt1773643,7.0,9
852229,tt1773753,5.1,9624
852997,tt1777595,6.4,2470
853111,tt1778304,5.8,103989
853532,tt1780762,4.8,12879
853577,tt1780967,6.0,11145
853705,tt1781769,6.6,111829
853710,tt1781775,4.5,6571
853714,tt1781784,7.4,817
853739,tt1781827,6.6,18585
853773,tt1781922,6.8,98169
853915,tt1782568,6.2,4054
853975,tt1783232,6.4,59850
854077,tt1783732,6.3,41655
854465,tt1785635,4.9,14227
854471,tt1785669,3.3,3735
854654,tt1786751,6.6,11923
854829,tt1787759,4.9,9084
854946,tt1788391,6.3,49422
855490,tt1790809,6.5,381152
855504,tt1790864,6.8,556781
855510,tt1790885,7.4,339132
855511,tt1790886,6.1,141106
855527,tt17909522,5.3,89
855705,tt1791528,6.6,118790
855759,tt1791681,3.8,2688
855760,tt1791682,6.3,55724
856068,tt1793224,6.3,401
856356,tt1794850,5.3,2031
856715,tt1796603,2.8,1288
856738,tt1796657,6.3,2536
856849,tt1797348,6.0,4438
857038,tt1798188,7.4,58671
857055,tt1798243,7.4,20086
857090,tt1798603,5.6,31622
857095,tt1798632,4.6,25426
857108,tt1798684,7.3,276290
857117,tt1798709,8.0,722223
857241,tt1799516,6.4,6083
857364,tt1800241,7.2,516921
857366,tt1800246,6.1,110166
857380,tt1800302,6.7,73808
857463,tt1800741,6.4,59779
857538,tt1801113,3.7,209
857589,tt1801552,4.8,18344
857680,tt1802197,7.0,11628
858509,tt1806913,5.0,13198
858528,tt18069420,4.3,6956
858723,tt18072316,3.7,40668
859031,tt18077924,4.0,3141
859114,tt18079362,5.9,13858
859164,tt1808015,6.3,6964
859286,tt1808153,6.7,238
859335,tt1808239,6.9,58
859365,tt1808274,8.2,62
859438,tt1808454,6.6,12477
859650,tt1809398,7.2,197798
859899,tt1810522,3.0,1264
859923,tt1810618,5.1,195
859942,tt1810683,7.3,24865
859995,tt1810861,5.8,353
860387,tt1813225,4.2,223
860449,tt1813519,3.4,243
860628,tt1814621,5.7,37073
860668,tt1814746,7.1,290
860957,tt1815731,4.4,122
860973,tt1815775,7.1,624
860987,tt1815799,6.1,2665
861002,tt1815849,3.6,401
861009,tt1815862,4.8,215981
861219,tt1816518,7.8,24054
861419,tt1817191,6.3,2567
861440,tt1817273,7.3,306814
861492,tt1817676,5.6,7171
861501,tt1817711,5.8,144
862030,tt1820462,3.9,3649
862043,tt1820524,1.2,311
862044,tt1820526,6.6,1147
862051,tt1820555,4.9,341
862239,tt1821317,8.1,7878
862311,tt1821478,7.0,8459
862312,tt1821480,8.1,69627
862329,tt1821536,4.4,65
862334,tt1821549,7.7,128120
862379,tt1821658,5.7,32166
862385,tt1821680,4.7,2045
862387,tt1821682,8.1,5669
862390,tt1821694,6.6,187984
862585,tt18224752,6.3,2087
863064,tt1823664,5.4,43186
863068,tt1823672,6.8,282599
863844,tt1825683,7.3,902094
864020,tt18259086,6.9,77376
864037,tt18259430,6.7,34
864427,tt1826590,6.0,25853
864526,tt1826660,6.3,4324
864856,tt18272208,6.3,27297
865601,tt1828959,5.5,3425
865627,tt1829012,5.3,25267
866355,tt1830459,3.8,349
866443,tt18305690,6.5,20
866575,tt1830786,3.1,3921
866933,tt1831602,9.1,96
866998,tt1831744,4.0,510
867033,tt1831829,5.0,3008
867117,tt1832334,1.7,128
867131,tt1832382,8.3,276194
867397,tt18330504,4.4,195
867424,tt1833116,6.6,45854
867668,tt1833673,5.4,53106
868463,tt1835948,5.3,126
868839,tt1836912,7.2,9214
868855,tt1836944,6.3,16896
869154,tt1837636,5.7,13403
869195,tt1837703,6.2,43944
869198,tt1837709,6.1,58932
869407,tt18382850,6.6,23199
869468,tt1838520,6.0,10109
869483,tt1838571,6.4,11470
869495,tt1838603,6.7,14006
869719,tt1839492,7.2,108714
869796,tt1839596,7.8,54562
869821,tt1839642,6.2,6221
869968,tt1840309,6.6,515567
869996,tt1840417,7.0,84327
870124,tt18411490,5.6,56257
870177,tt18412256,7.1,281299
870318,tt1841642,5.3,17753
870671,tt1843287,7.0,13732
870768,tt1843866,7.7,964392
871079,tt18453866,6.1,1506
871288,tt1846472,6.4,4853
871325,tt1846589,6.6,80134
871432,tt1846985,6.2,1535
871605,tt1847713,4.8,1494
871617,tt1847746,6.7,8086
871963,tt1848771,6.2,6214
872178,tt1849718,6.9,28626
872201,tt1849814,6.7,464
872433,tt1850397,6.3,63341
872449,tt1850457,6.0,73061
872874,tt18526902,5.1,913
872934,tt1852904,6.7,2066
873111,tt1853728,8.5,1863982
873114,tt1853739,6.6,118383
873193,tt1854236,6.5,15403
873296,tt1854564,5.7,133389
873604,tt1855199,7.6,289973
873657,tt1855325,5.3,157734
873722,tt1855401,5.4,10972
873731,tt1855417,5.7,577
873946,tt18559464,6.9,46488
873988,tt1856014,6.3,9080
874052,tt1856080,7.0,29659
874070,tt1856101,8.0,744779
874754,tt1857842,5.9,3065
875054,tt1859446,6.3,15603
875122,tt1859650,6.3,93076
875204,tt1860152,6.0,3460
875237,tt1860213,5.9,141043
875295,tt1860353,6.4,123452
875297,tt1860357,7.1,197435
875414,tt1861356,3.3,763
875518,tt1862079,6.9,134655
875597,tt18626656,7.5,3374
875668,tt1863160,5.2,194
876309,tt1866249,7.2,44935
876491,tt1867093,5.6,10527
876999,tt18690030,7.0,1111
877244,tt1869716,6.8,53839
877455,tt1870538,6.8,319
877466,tt1870555,5.0,277
877716,tt1872181,6.6,583596
877719,tt1872194,7.4,217872
878616,tt1876451,5.8,6856
878634,tt18764684,7.1,9
878666,tt1876517,3.2,746
878956,tt1877589,5.1,1148
879044,tt1877830,7.8,915537
879045,tt1877832,7.9,784435
879193,tt1878841,4.5,17881
879199,tt1878870,7.3,150123
879443,tt1880418,6.3,1700
879521,tt1881002,5.6,48663
880252,tt1885265,5.7,8614
880264,tt1885300,6.4,10274
881158,tt1890377,5.5,2063
881203,tt1890493,6.5,4278
881400,tt1891788,6.7,1402
881445,tt1891942,6.9,1813
881543,tt18924506,5.0,10646
881575,tt18925334,7.0,156427
881597,tt18926098,6.2,23712
881807,tt1893195,6.6,8639
881836,tt1893256,6.2,81459
882617,tt1895587,8.1,531826
882726,tt1896747,6.6,57308
883266,tt1899353,7.6,228836
883413,tt1901024,4.6,21387
883999,tt1904996,6.2,135330
884016,tt1905041,7.0,437631
884550,tt1907668,7.3,395221
885242,tt1911644,6.7,134054
885245,tt1911658,6.6,114063
885925,tt1915581,6.1,152114
886378,tt1918796,5.4,13
886406,tt1918887,5.4,599
886472,tt1919131,3.6,8
886606,tt1920849,5.3,50214
886616,tt1920885,7.0,7430
886636,tt1920959,5.8,141
886674,tt1921064,5.5,121972
886681,tt1921078,6.4,4987
886902,tt1922612,5.6,6202
886954,tt1922685,5.9,15644
886982,tt1922777,6.8,313345
887162,tt1924245,5.7,36331
887216,tt1924396,7.8,136294
887240,tt1924429,6.9,120666
887246,tt1924435,6.4,143890
887446,tt1925431,5.6,28524
887555,tt1926313,7.6,23544
887869,tt1927035,6.9,1556
888344,tt1929263,5.9,30049
888819,tt1931435,5.6,53594
888867,tt1931533,7.1,286421
889013,tt19319352,6.3,3386
889088,tt1932660,5.2,151
889099,tt1932688,6.0,95
889126,tt1932767,7.4,29320
889315,tt1934231,7.6,34610
889316,tt1934234,7.3,4186
889327,tt1934269,7.1,3377
889475,tt1935074,7.2,48
889505,tt1935179,7.3,198752
889513,tt1935194,5.4,17942
889729,tt19356262,5.4,27799
889922,tt1935859,6.7,206972
890461,tt1937264,7.0,35616
890529,tt1937339,7.7,7018
890553,tt1937390,6.9,138005
891293,tt1939659,5.8,155043
891508,tt19402216,9.2,11
891583,tt19404494,8.8,11
891637,tt19406606,5.6,6351
892739,tt1945062,4.8,11297
892745,tt1945084,5.1,20365
892958,tt1946347,5.2,1728
893000,tt1946502,5.2,8467
893010,tt19465630,6.4,8151
893277,tt1948150,6.8,22240
893913,tt1950135,4.6,949
893927,tt1950186,8.1,561791
894123,tt1951181,6.6,35064
894180,tt1951261,5.9,360002
894184,tt1951264,7.5,768241
894185,tt1951265,6.6,541718
894186,tt1951266,6.6,409958
894648,tt1954206,6.5,11197
894686,tt1954352,5.9,2173
894696,tt1954381,3.9,661
894722,tt1954470,8.2,113128
894781,tt1954701,7.3,18215
895017,tt1956620,5.1,122514
895497,tt1959490,5.8,275526
895514,tt1959563,6.9,261235
895711,tt1961175,6.2,99824
895910,tt19623228,7.1,9507
895912,tt19623240,2.9,36564
896127,tt19637052,6.6,63017
896322,tt1964418,6.4,198825
896692,tt1966359,5.5,23507
896760,tt1966566,5.7,18338
896888,tt1967545,6.9,56051
896999,tt1969062,6.9,17655
897083,tt1969959,2.0,1430
897315,tt19712084,9.2,24
897404,tt1971325,6.0,61547
897420,tt1971352,6.4,40448
897723,tt19719862,6.7,1473
897949,tt1972571,6.7,84359
897969,tt1972591,6.7,245882
898069,tt1972779,6.7,80769
898402,tt1974419,6.1,110298
898403,tt1974420,5.7,12540
898917,tt19760052,7.4,20415
898920,tt1976009,6.0,63379
899047,tt1976608,7.2,195
899737,tt19783626,3.3,1260
899754,tt19783714,7.9,5088
900064,tt1979320,8.1,554621
900083,tt1979376,7.6,310240
900089,tt1979388,6.7,138510
900468,tt1980209,6.4,240324
900593,tt1980929,7.4,175571
900610,tt1980986,5.4,17731
900642,tt1981107,7.0,21292
900647,tt1981115,6.7,771887
900656,tt1981128,5.4,131716
900856,tt19815386,6.5,1073
900942,tt1981677,7.1,348773
901402,tt19838634,6.0,25570
901516,tt19841734,6.6,4754
901777,tt19847976,6.7,58021
901911,tt1985017,5.3,7924
901912,tt1985019,6.3,25277
902434,tt1985949,6.3,115819
902443,tt1985966,6.3,124425
902495,tt1986040,3.8,863
902545,tt19861162,6.3,13771
902735,tt19864802,6.6,57433
902909,tt1986769,4.7,1057
902959,tt1986850,5.5,81
903376,tt1987680,7.1,69444
903396,tt19877662,9.2,13
903832,tt1988573,5.2,2142
903894,tt1988689,4.7,624
904012,tt19888408,8.6,12
904096,tt19890316,4.9,5678
904362,tt19894774,7.2,2400
904537,tt19898550,9.1,11
904679,tt1990314,7.0,67111
904872,tt1991245,5.1,70424
905438,tt1995390,6.3,25686
905557,tt1996264,6.0,17638
905567,tt1996310,7.1,16456
905924,tt1998244,4.6,258
906206,tt1999890,5.5,21435
906211,tt1999910,6.6,2149
906446,tt2002718,5.6,85308
906491,tt2002868,6.7,4380
906747,tt2004420,6.3,343988
906751,tt2004432,6.2,25003
906847,tt2005151,7.1,293534
906912,tt2005374,6.4,72375
907031,tt2006040,5.8,15748
907047,tt2006109,4.5,140
907091,tt2006295,6.9,41574
907195,tt2006781,6.1,760
907284,tt2007387,7.3,7514
907374,tt2007993,7.5,7610
907470,tt2008508,4.5,12
907674,tt2009606,5.8,1152
908014,tt2011159,5.6,24132
908573,tt2012665,4.9,2929
908671,tt2013293,7.8,111597
909132,tt2015381,8.0,1353361
909338,tt2016303,5.2,14082
909459,tt20168564,6.3,7490
909472,tt2016894,5.7,42342
909486,tt2016940,6.0,42247
909505,tt2017020,5.3,50167
909513,tt2017038,6.9,87363
909662,tt2018086,6.5,4103
909797,tt20192062,6.1,317
910089,tt2020110,5.5,993
910306,tt20215234,7.4,252026
910323,tt20215968,6.8,128101
910567,tt20221436,5.3,112223
910615,tt20222166,6.4,7819
911138,tt2023453,6.3,33705
911154,tt20234774,7.0,43362
911215,tt2023587,6.2,199413
911668,tt2024432,5.7,147932
911712,tt2024469,6.9,286497
911736,tt2024506,5.6,5011
911753,tt2024544,8.1,781976
911813,tt20247118,6.0,195
911847,tt20247888,4.1,2982
912126,tt2025526,7.1,13238
912212,tt2025690,6.7,74311
912303,tt20258920,3.3,3841
912408,tt2027140,6.5,17274
912606,tt2030323,3.3,26
912688,tt20315818,6.4,5629
912698,tt20316748,6.9,11794
913015,tt2032557,6.8,15160
913019,tt2032568,6.6,71
913020,tt2032572,5.3,15424
913071,tt20330434,6.5,7221
913257,tt2034031,6.4,47172
913284,tt2034139,4.0,17589
913395,tt2034761,5.8,1939
913406,tt2034800,5.9,158414
913535,tt2035599,7.3,738
913745,tt2038251,7.0,104
913813,tt2039338,5.2,53830
913831,tt2039393,6.0,77422
914541,tt20414834,3.1,2042
914545,tt2041488,5.2,6335
914747,tt20420400,9.2,15
914762,tt20420612,7.8,12
914764,tt20420628,6.1,7865
914779,tt20420790,5.9,935
915015,tt2042568,7.4,171227
915311,tt2043962,6.2,967
915431,tt2044729,4.6,5957
915867,tt20465746,7.1,6336
916233,tt2048824,5.1,2210
916380,tt2049403,6.6,170929
916938,tt2051894,5.9,3507
916961,tt2051941,7.0,4950
917043,tt2053425,7.4,72821
917056,tt2053463,7.0,204459
917335,tt20561198,7.7,39495
917687,tt2057392,7.3,95590
917864,tt2058107,7.1,44342
918016,tt2058673,5.3,68912
918082,tt2059171,6.3,41825
918846,tt2062575,6.7,1198
918891,tt2062700,5.6,23931
919127,tt2063781,6.7,18393
919451,tt2066051,7.3,207799
919623,tt20672356,6.8,4075
920220,tt2070649,8.0,26917
920295,tt2070862,5.0,12719
920485,tt2071590,5.9,1935
920616,tt20721318,5.7,1215
920636,tt2072164,4.7,405
920667,tt2072233,5.6,36346
920720,tt20723376,4.5,674
921694,tt2076176,6.9,3358
921708,tt2076220,7.0,51081
921720,tt2076251,5.7,1343
921736,tt2076298,7.0,40402
922007,tt2076822,5.7,62957
922032,tt20768712,5.6,9949
922342,tt2077833,5.8,26736
922371,tt2077908,6.9,1994
922909,tt2080374,7.2,186474
923094,tt2081266,5.7,425
923238,tt2082197,8.1,93040
923313,tt2082513,7.4,1052
923486,tt2083231,5.1,5002
923532,tt20833394,5.7,89
923546,tt2083355,6.6,17781
923555,tt2083383,6.8,71781
924010,tt2084970,8.0,872508
924019,tt2084989,6.5,36031
924045,tt20850406,8.5,82630
924800,tt2086830,6.7,1961
925374,tt20879602,5.0,11571
925404,tt2088003,5.4,37034
925409,tt2088012,7.3,1369
925679,tt2088840,6.1,222
925694,tt2088871,5.5,1009
925909,tt2089750,5.4,5000
926352,tt2091256,6.2,36191
926459,tt2091473,6.6,40847
926494,tt20916568,6.2,20135
926611,tt2091935,6.3,65307
927022,tt2093991,6.3,15547
927229,tt2094766,5.6,218169
927250,tt2094854,6.1,2786
927254,tt2094872,5.4,346
927260,tt2094890,6.5,1332
927261,tt2094898,4.5,912
927443,tt2095649,5.7,22113
927637,tt2096672,5.6,152800
927638,tt2096673,8.1,904407
927665,tt20969586,7.1,264695
927702,tt2097245,5.6,830
927720,tt2097307,6.1,38878
928028,tt20990442,5.0,20645
928290,tt2100376,4.6,1078
928299,tt2100411,5.1,560
928322,tt2100575,4.3,641
928480,tt2101341,6.4,71734
928501,tt2101441,5.3,153837
928510,tt2101473,7.2,44654
928541,tt2101570,5.7,13714
928787,tt21027726,8.4,7
928789,tt21027780,7.3,35868
929028,tt2103217,6.1,42526
929043,tt2103254,4.9,56756
929051,tt2103267,6.2,38579
929059,tt2103281,7.6,509020
929814,tt2105044,5.8,75036
930324,tt21058720,4.0,61
930517,tt2106361,5.8,73997
930553,tt21064584,7.5,116536
930562,tt2106476,8.3,404988
930604,tt2106537,5.6,6497
930633,tt2106575,5.4,288
930741,tt2106741,6.5,2407
930746,tt2106749,2.9,467
931327,tt21080296,3.0,1450
931633,tt21086802,6.0,1297
931848,tt2109184,4.7,73551
931881,tt2109248,5.6,347663
932740,tt21113962,7.0,4694
932754,tt21114104,5.0,1577
932986,tt2112096,5.4,13838
932993,tt2112124,6.3,71583
933193,tt2112999,8.3,10545
933309,tt21136616,7.0,9
933317,tt2113681,7.0,44100
933396,tt21138322,6.5,625
933641,tt2114504,4.2,6062
934674,tt2118648,5.3,5118
934794,tt21188080,6.1,31618
934868,tt21190316,8.2,35
934919,tt21191906,6.3,2049
934926,tt21192142,7.6,77716
935045,tt2119439,6.3,118
935111,tt2119532,8.1,671599
935117,tt2119543,6.1,59171
935137,tt2119579,4.4,37
935408,tt2120120,5.6,177340
935980,tt21212718,5.3,445
937025,tt21232712,4.1,114
937037,tt21232992,6.9,19347
937155,tt21235248,6.1,103981
938224,tt2125435,7.2,86627
938368,tt2125608,8.2,75974
938566,tt21261712,6.3,30136
938595,tt2126235,5.7,18127
938667,tt2126355,6.1,274000
938668,tt2126357,5.8,32172
938669,tt2126362,5.7,11136
938767,tt21267296,5.3,8134
938993,tt2127326,8.0,11
939121,tt21276958,6.3,7105
939619,tt21288456,6.1,365
940205,tt21307994,4.7,20476
940450,tt2131698,6.6,1759
940623,tt2132285,5.6,95462
940698,tt21325088,6.9,9
940992,tt2133234,2.7,345
941677,tt21348598,6.6,2163
941816,tt21352380,6.0,3156
941835,tt21352854,6.2,123
941843,tt21352916,4.3,882
942608,tt21372280,7.1,911
942756,tt21375602,5.1,3879
942962,tt2137992,5.4,200
943572,tt21397474,7.3,7
943714,tt2140037,5.9,25092
943800,tt2140315,4.2,4410
943824,tt2140373,7.5,175110
943826,tt2140379,6.5,107613
943832,tt21403948,8.8,8
943864,tt2140465,7.6,30585
943870,tt2140479,7.3,392106
943876,tt2140507,6.5,33105
943936,tt2140619,6.3,76267
944314,tt21418328,6.1,126
944436,tt21421252,7.1,83
945414,tt21442114,5.0,1592
945841,tt21454134,6.6,76192
945935,tt2145803,7.8,1005
946343,tt21478426,6.4,2621
947778,tt2155405,6.1,146
948062,tt2157186,5.5,694
948272,tt2158649,6.6,720
949398,tt2161906,5.2,14
950468,tt2165236,6.4,2677
950874,tt2167202,4.4,25946
950970,tt2167873,5.5,192
951126,tt2168910,6.3,16118
951162,tt21692408,6.3,79140
951176,tt2169322,6.5,2941
951308,tt2170299,6.7,57897
951339,tt2170439,6.3,192636
951377,tt2170576,8.4,60
951384,tt2170593,7.2,112892
951629,tt2171867,5.2,23888
951675,tt2172071,5.3,22042
951760,tt2172584,6.2,44486
951821,tt2172934,6.2,101065
951822,tt2172935,7.1,18672
952195,tt21744076,6.6,25
952271,tt21745356,6.0,2997
952568,tt2176013,6.7,62414
952891,tt2177771,6.1,148024
953022,tt2178470,7.3,57303
953026,tt2178508,4.4,12017
953128,tt2179115,5.2,102
953129,tt2179116,7.1,87258
953135,tt2179136,7.3,565440
953407,tt21800162,7.7,17865
953600,tt2180411,5.9,153193
953742,tt21807222,6.6,96049
953913,tt21810682,5.9,8984
954176,tt21815562,5.9,19938
954322,tt2181831,8.2,21485
954407,tt2181931,7.8,44728
954451,tt2182001,7.4,6603
954465,tt2182019,5.5,3112
954594,tt21823606,7.0,138233
954683,tt21825416,7.1,2802
954829,tt2182972,5.8,10615
954841,tt2183034,5.7,20386
955182,tt21839542,5.5,51
955364,tt2184339,5.8,258756
955508,tt21847254,5.3,515
956340,tt2186731,3.2,1186
956347,tt21867434,7.3,67395
956432,tt2186933,6.6,4197
956535,tt2187114,5.5,962
956566,tt2187153,8.1,41041
956724,tt21874690,6.5,1039
956893,tt2187884,5.1,10384
957533,tt21905744,4.7,6630
957780,tt21913198,8.7,16
958045,tt2191701,5.4,188853
958598,tt2193215,5.4,109490
958686,tt21934046,2.1,137
958923,tt21941532,7.5,1066
958995,tt21942866,6.8,92301
959087,tt2194499,7.8,429159
959207,tt2194914,8.0,6
959462,tt21955520,4.8,4652
961099,tt2199571,6.6,119559
961171,tt2199711,7.9,43155
961488,tt22004344,7.0,16216
961981,tt2201548,4.8,5780
962191,tt22022452,7.5,244526
962284,tt22024396,6.5,681
962634,tt2203308,7.1,37851
962752,tt22036406,4.5,15713
962878,tt22038748,5.6,108
962901,tt2203939,6.0,159879
963016,tt22041854,6.4,53223
963048,tt22042944,8.2,18
963248,tt22048180,6.4,32
963256,tt22048412,6.2,84155
963316,tt22050754,4.7,28114
964155,tt22075124,8.7,7
964951,tt2209418,7.9,184398
965126,tt2209764,6.2,246126
965345,tt2210834,6.1,3251
965938,tt2215285,5.0,11916
966045,tt2215719,6.0,14013
966501,tt22173666,5.3,13921
966721,tt2217859,6.6,15127
966821,tt22180518,6.3,1903
967673,tt2222042,6.9,158143
967715,tt2222394,7.3,11327
968023,tt2223990,6.8,72653
968030,tt2224026,6.5,120384
968104,tt2224317,7.4,18011
968805,tt2226417,6.6,201310
968877,tt2226597,6.4,87977
968902,tt2226666,3.1,3810
969184,tt2229208,5.7,745
969346,tt2229848,5.4,5497
969488,tt2230358,5.6,47356
969801,tt2231253,5.6,64145
969841,tt2231461,6.1,199934
969850,tt2231489,5.4,4897
969853,tt2231505,6.2,270
970472,tt2234155,6.3,226411
970644,tt2235108,6.1,27209
970797,tt2235779,5.1,22026
971020,tt22375054,7.0,67113
971069,tt2238032,5.6,23736
971297,tt22394702,3.5,1948
971374,tt2239822,6.4,208392
971378,tt2239832,5.7,24248
971410,tt2239866,5.0,361
971620,tt22408160,6.4,69700
971785,tt2241351,6.5,111701
972086,tt2243275,6.2,750
972105,tt2243389,5.6,25483
972134,tt2243537,5.1,54180
972163,tt2243621,5.4,3116
972174,tt2243629,7.0,72
972265,tt2243900,4.4,4793
972445,tt2244376,7.2,396
972464,tt22444570,7.2,19712
972615,tt2244901,5.7,40738
972653,tt2245084,7.8,548326
973282,tt2246724,5.9,5543
973517,tt22474470,7.5,168
973522,tt2247476,6.6,17622
973626,tt2247692,4.8,11111
974096,tt2249081,6.0,3198
974508,tt2250134,5.3,35
974781,tt2250912,7.4,787943
975473,tt22543326,7.4,11457
975700,tt2255934,4.4,2200
975719,tt2256055,5.1,2832
976040,tt2258337,7.7,30117
976082,tt2258583,5.2,332
976468,tt2261287,6.8,26503
976484,tt2261331,6.4,42995
976570,tt2261749,7.2,10916
976688,tt2262227,7.2,83779
977249,tt2265171,7.9,138267
977642,tt2267968,7.1,214823
977650,tt2267998,8.1,1158404
977655,tt2268016,5.6,63394
977721,tt2268458,6.6,20136
977801,tt22687790,6.5,139810
979021,tt22742964,7.0,7532
979024,tt22743064,5.0,13036
979085,tt2274648,5.3,106865
979328,tt2275471,5.2,2266
979458,tt2275743,4.7,4250
979669,tt2276778,5.2,4652
979826,tt22771994,5.9,367
980010,tt2277860,7.2,330822
980225,tt2278388,8.1,959059
980298,tt2278871,7.6,172357
980401,tt2279339,5.8,29883
980413,tt2279373,6.0,67105
981034,tt22813112,6.3,1261
981198,tt2281587,6.4,39138
981478,tt2283336,5.6,159393
981480,tt2283362,6.9,497221
981511,tt2283748,8.1,70655
981528,tt2283916,8.8,16
982031,tt22866358,5.7,8105
982598,tt2288044,5.6,914
982621,tt2288121,4.0,3750
983257,tt22898462,6.2,92453
983869,tt2292959,3.8,12561
983995,tt2293640,6.4,281792
984189,tt2294449,7.0,436147
984217,tt2294629,7.4,707819
984229,tt2294677,6.6,33804
984318,tt2295196,6.3,1245
984355,tt2295722,5.8,9844
984481,tt2296777,5.3,15480
984659,tt2298224,5.0,1165
984965,tt22990502,7.0,76
985065,tt2299842,7.1,16654
985201,tt2300975,5.4,27105
985249,tt2301155,6.1,8491
985374,tt2301592,7.4,9936
985726,tt2302755,6.5,305474
985889,tt23031564,8.2,149
986258,tt2304517,3.1,2257
986290,tt2304655,7.1,7835
986320,tt2304771,7.1,29992
986357,tt23049206,6.5,3509
986371,tt2304933,5.2,125647
986452,tt2305051,7.1,145627
986606,tt23055660,6.9,23639
986800,tt23060698,5.6,24106
987341,tt2309220,5.8,145
987345,tt2309260,4.3,22553
987397,tt2309764,5.7,11487
987442,tt2309961,6.2,27443
987448,tt2309987,5.3,4195
987513,tt2310332,7.4,613408
987889,tt2312718,6.5,141245
988161,tt23136186,6.0,2964
988198,tt23137390,5.8,59662
988553,tt23148392,8.3,10
988613,tt23149780,6.5,39940
988876,tt2316204,6.4,342225
988930,tt2316548,5.3,17344
988993,tt2316801,6.4,24194
989100,tt2317225,6.0,32837
989144,tt23173980,4.7,3483
989221,tt2317744,4.2,217
989231,tt23177868,5.9,10271
989294,tt2318092,6.2,49108
989474,tt2318405,6.1,5353
989638,tt2318717,6.7,13
989778,tt2319580,7.0,20965
990114,tt2321405,7.8,32546
990150,tt2321513,7.1,366
990152,tt2321517,5.4,1366
990159,tt2321541,4.6,116
990162,tt2321549,6.8,268186
990390,tt2322316,7.6,346
990420,tt2322441,4.2,354012
990903,tt2325589,7.2,337
991015,tt2325977,5.2,10527
991096,tt2326554,6.9,41070
991398,tt2328549,4.8,4533
991424,tt2328678,5.2,7057
991450,tt2328813,6.5,6929
991461,tt2328900,6.3,59853
991464,tt23289160,7.7,200313
991833,tt2331066,6.2,1151
992185,tt2332563,4.7,473
992440,tt23330554,4.6,12948
992585,tt23333866,9.1,19
992667,tt2333784,6.1,205086
992671,tt2333804,6.0,51562
992775,tt2334649,7.5,91030
992789,tt2334733,5.7,9324
992816,tt2334871,4.7,39141
992817,tt2334873,7.3,219264
992819,tt2334879,6.3,247841
993220,tt2337650,7.8,36
993310,tt2338151,8.1,220747
993659,tt2339741,4.8,30412
993678,tt23398348,6.5,1172
994302,tt2343793,6.3,30209
994350,tt2344678,1.8,9680
994372,tt2344824,6.0,247
994396,tt2345112,6.4,18573
994458,tt2345561,6.9,2476
994572,tt2345737,6.4,54050
994583,tt2345759,5.4,220581
994860,tt23468450,6.5,218686
995006,tt2347285,6.8,8388
995084,tt2347497,5.3,10657
995122,tt23476446,6.6,4152
995315,tt2349144,6.4,27693
995373,tt2349630,3.5,359
995480,tt2350496,7.8,67161
995951,tt23538910,5.7,515
996102,tt2354571,7.3,9
996425,tt2355495,6.5,28815
996589,tt2355765,6.7,1124
996597,tt2355791,7.7,3015
996625,tt23558280,5.6,29701
996726,tt23561236,7.5,132090
996733,tt2356180,8.2,78207
996920,tt2357129,6.0,106935
996968,tt23572848,5.7,6778
996975,tt2357291,6.3,110158
997005,tt2357377,6.6,7946
997199,tt2357926,5.9,5458
997224,tt2358092,5.0,168
997263,tt2358592,8.3,13850
997306,tt2358891,7.7,105401
997318,tt2358925,5.4,37218
997343,tt2359024,7.1,85852
997518,tt2359810,7.6,37794
997796,tt2361317,6.4,62066
997831,tt2361509,7.1,306168
997999,tt23621682,5.0,5557
998322,tt2363047,7.4,2627
998384,tt2363213,5.8,9177
998551,tt2363471,6.8,5725
998714,tt23638614,7.0,5726
999150,tt2364841,5.6,67113
999614,tt2366608,5.7,19977
999984,tt2368619,6.4,54810
1000007,tt2368672,7.1,9567
1000119,tt2369135,6.4,185922
1000324,tt2370244,3.4,146
1000325,tt2370248,7.9,95167
1000544,tt2371287,6.8,813
1000581,tt2371399,6.0,1607
1000613,tt2371486,6.6,6976
1000743,tt2372222,5.9,76705
1000789,tt23723194,7.8,7
1000942,tt2372678,6.9,28248
1002310,tt2375574,6.2,14972
1002316,tt2375605,8.2,43891
1002597,tt23770030,7.8,24555
1002714,tt2377322,6.2,90669
1002856,tt23778280,7.6,29
1002878,tt23778968,7.0,27269
1002893,tt2377938,8.0,62068
1003026,tt2378281,7.5,34265
1003097,tt2378507,7.1,40659
1003297,tt23789874,6.0,1423
1003365,tt23790924,6.4,3760
1003407,tt2379318,6.3,1987
1003495,tt2379713,6.8,492884
1003621,tt2380207,6.8,5428
1003662,tt2380307,8.4,695767
1003727,tt23804696,6.9,13747
1003949,tt2381111,7.5,157919
1004013,tt2381249,7.4,443363
1004031,tt2381275,2.3,77
1004199,tt2381941,6.6,293378
1004218,tt2381991,6.1,126044
1004225,tt2382009,6.6,103051
1004312,tt2382320,7.3,482929
1004317,tt2382396,6.8,53335
1004565,tt2383068,6.1,22899
1004873,tt2384022,3.4,1196
1005163,tt23849204,8.7,167634
1005250,tt2385104,7.2,10686
1005382,tt23853982,6.5,19711
1005649,tt23861264,5.6,22
1005724,tt2386321,6.3,91
1005733,tt2386342,3.5,559
1005751,tt2386377,7.2,20
1005778,tt2386490,7.4,176482
1005780,tt2386502,4.6,244
1006098,tt2387408,5.2,6977
1006112,tt2387433,6.3,84437
1006143,tt2387499,5.9,71748
1006167,tt23875550,6.6,5990
1006168,tt2387559,6.3,85555
1006376,tt2388637,6.4,23634
1006405,tt2388715,6.6,148806
1006525,tt2389344,6.4,424
1006764,tt2390283,6.0,1061
1007117,tt2391817,5.4,176
1007312,tt2392830,6.4,6651
1008007,tt2395421,6.8,4779
1008008,tt2395427,7.3,991599
1008018,tt2395469,7.9,46859
1008198,tt2396566,7.4,14405
1008388,tt2397461,5.9,18685
1008412,tt2397535,7.4,331897
1008548,tt2398143,7.3,1371
1008549,tt2398149,7.2,23062
1008565,tt2398231,6.6,38263
1008569,tt2398241,6.0,27258
1008591,tt2398340,5.5,772
1009052,tt2400463,6.6,128293
1009205,tt2401097,5.6,20710
1009404,tt24017902,4.7,1875
1009413,tt2401807,5.0,26337
1009478,tt2401878,7.2,78445
1009570,tt2402101,6.2,49743
1009572,tt2402105,6.1,28154
1009616,tt2402157,6.3,73000
1009795,tt2402927,7.3,152882
1009820,tt2403021,5.4,54335
1009879,tt2403439,5.9,1666
1010071,tt2404181,7.3,34707
1010084,tt2404233,5.4,134900
1010107,tt2404311,6.3,127527
1010135,tt2404425,7.3,65769
1010138,tt2404435,6.9,244187
1010146,tt2404461,7.7,52300
1010148,tt2404463,6.6,187793
1010262,tt24053750,4.9,215
1010287,tt2405564,6.1,86
1010530,tt2406566,6.7,218881
1010538,tt2406636,3.2,2200
1010547,tt2406676,5.8,4910
1010897,tt2407826,4.1,364
1010977,tt2408134,4.6,161
1011062,tt2408790,5.2,25
1011138,tt2409818,5.1,15667
1011159,tt2410266,6.9,195
1011245,tt2411144,5.3,2391
1011592,tt2414166,8.7,2872
1011800,tt2416376,5.9,858
1011974,tt24176060,6.4,28831
1012142,tt2418328,4.5,1160
1012322,tt2420124,5.7,3958
1012468,tt24216998,7.0,11501
1012519,tt24218164,6.0,375
1012521,tt24218194,5.3,1118
1012708,tt24225212,7.9,608
1013256,tt2424988,7.1,29351
1013392,tt2425542,4.8,258
1013722,tt2429144,7.7,1127
1013850,tt2431286,7.6,107016
1014516,tt2436386,6.4,87569
1014534,tt2436516,6.7,16947
1014548,tt2436682,5.8,12693
1014699,tt2438644,7.2,36002
1014812,tt2440354,5.7,4033
1014828,tt24406494,2.1,24
1014943,tt2441982,4.6,5268
1015291,tt2444514,8.2,77
1015488,tt2446042,6.0,214030
1015568,tt2446980,6.6,151822
1016212,tt24516518,8.3,2398
1016262,tt24517830,4.7,27542
1016269,tt24517886,7.9,19
1016321,tt2452042,7.0,53114
1016328,tt2452150,6.6,19339
1016334,tt2452200,6.4,30898
1016339,tt2452244,5.9,76833
1016340,tt2452254,6.7,32438
1016665,tt2456720,5.2,1292
1016721,tt2457382,5.3,10
1016777,tt24577462,5.2,16720
1016917,tt24581070,4.9,243
1017003,tt2458948,8.0,17723
1017017,tt2459022,6.2,4118
1017183,tt2460506,6.8,68
1017279,tt2461150,5.8,65283
1017487,tt2463288,6.0,59022
1017536,tt2463692,6.2,828
1017610,tt2464018,6.9,6773
1017743,tt2465140,5.5,7428
1017744,tt2465146,5.9,16354
1017833,tt2465578,7.2,14072
1018009,tt2466864,7.1,13
1018067,tt2467046,3.1,44303
1018424,tt2471640,7.5,25753
1018470,tt2472432,7.0,2973
1018584,tt2473510,4.6,33043
1018602,tt2473602,6.9,27121
1018615,tt2473682,5.1,47767
1018665,tt2474024,5.9,11217
1018885,tt2476154,4.5,7222
1019616,tt2483516,5.4,744
1019849,tt24850476,6.9,92
1020180,tt24871974,5.4,35031
1020322,tt2488496,7.7,1019904
1020337,tt2488666,4.4,2456
1020722,tt2493486,6.2,47551
1020782,tt2494362,7.1,138335
1020786,tt2494384,5.3,4309
1020899,tt24950660,6.9,41639
1020913,tt2495104,4.3,2265
1021694,tt2503154,6.0,16729
1021740,tt2503944,6.6,141634
1022052,tt25054796,9.0,117
1022435,tt2509428,6.9,26
1022580,tt2510894,6.6,160101
1022669,tt2511670,6.3,2083
1022773,tt2513074,6.2,25144
1023040,tt2515030,6.5,24155
1023041,tt2515034,5.8,45028
1023054,tt2515086,4.4,25518
1023531,tt2519078,6.2,162
1023713,tt2520926,6.8,40
1023974,tt2523600,6.9,4786
1024164,tt2525596,6.1,639
1024264,tt2526660,5.0,713
1024330,tt2527336,6.8,713361
1024331,tt2527338,6.3,536710
1024502,tt2528814,4.6,46714
1024688,tt2531318,7.8,14386
1024691,tt2531344,6.2,91487
1024922,tt2535470,6.2,19185
1025156,tt25377462,7.1,2321
1026306,tt2543164,7.9,853226
1026374,tt25433734,8.3,25714
1026403,tt2543472,7.9,194990
1026410,tt25434854,6.8,2736
1026906,tt2547584,7.2,62774
1026939,tt2548096,6.4,270
1027213,tt2550838,5.4,1369
1027270,tt2551378,4.9,4253
1027506,tt2554274,6.5,168493
1027650,tt2555736,6.5,37574
1027668,tt2555958,7.0,10982
1027804,tt2557256,4.8,3999
1027822,tt2557478,5.6,136126
1027827,tt2557490,6.1,209159
1027858,tt2557868,6.5,253
1027874,tt2558022,4.0,589
1028221,tt2561572,6.0,154483
1028289,tt2562232,7.7,694871
1028440,tt2564144,8.2,6769
1028506,tt25650046,6.2,842
1028673,tt2567026,6.2,133595
1028700,tt2567370,6.3,233
1028792,tt2568862,6.6,98242
1029089,tt2572160,5.0,241
1029162,tt2572764,3.0,415
1029404,tt25750836,6.3,805
1029581,tt2576852,8.0,61116
1030027,tt2580150,6.5,1030
1030094,tt25808194,5.4,4116
1030291,tt2581244,5.7,25766
1030564,tt2582500,4.8,15603
1030594,tt2582782,7.6,274447
1030601,tt2582802,8.5,1137820
1030606,tt2582846,7.6,422504
1030860,tt2584384,7.9,483376
1030949,tt2585562,7.9,9610
1030985,tt2585840,4.2,156
1031006,tt2586118,6.7,5895
1031112,tt2587914,3.8,1830
1031351,tt2592500,6.2,2523
1031360,tt2592614,5.5,107407
1032137,tt2599716,5.9,11400
1032489,tt2603600,2.4,323
1032562,tt26047818,6.1,168076
1032613,tt2605454,6.2,1476
1033071,tt2609050,6.1,157
1033100,tt2609222,6.4,4157
1033145,tt2609758,5.2,8025
1033394,tt2612156,7.6,582
1033558,tt2614684,7.2,64579
1033617,tt2615742,5.4,26
1033725,tt2616620,8.0,1425
1034062,tt2620590,5.0,31000
1034509,tt26229612,7.0,16472
1034664,tt26233598,6.5,13663
1034741,tt26237514,6.2,4561
1034797,tt26238710,6.6,5623
1035363,tt26255020,6.5,1324
1035433,tt26256406,6.3,842
1035563,tt2626350,5.9,37346
1035683,tt2627434,5.4,78
1035992,tt2630526,5.6,458
1036056,tt2631186,8.0,152353
1036557,tt26342131,6.9,611
1036594,tt26342662,6.0,48408
1036602,tt26342863,6.8,1177
1037059,tt2635622,7.0,5937
1037194,tt2637276,6.3,257852
1037196,tt2637294,5.0,44771
1037302,tt2638144,5.7,49341
1037329,tt2638480,6.1,97
1037542,tt2640474,6.7,8564
1037861,tt26421447,7.6,30
1038320,tt2643308,6.4,2521
1038458,tt26439764,8.2,54114
1038460,tt26439870,4.9,4500
1038631,tt26443597,7.4,82806
1038700,tt26445483,5.5,25872
1038741,tt26446278,7.6,46491
1038804,tt26448350,4.8,128
1039822,tt26473516,4.6,116
1040083,tt2649128,6.4,8422
1040241,tt2649554,6.6,86410
1040476,tt2652092,7.4,35405
1040478,tt2652118,6.1,21698
1040658,tt26537298,3.3,472
1040709,tt2653882,6.3,403
1040905,tt2654480,6.1,1653
1040987,tt26546715,4.5,769
1041153,tt2656454,6.2,10
1041172,tt2656588,6.3,2456
1041330,tt26581740,7.4,310693
1041361,tt26584495,6.9,167696
1041759,tt26597666,3.8,611
1042078,tt2660888,7.0,268905
1042397,tt26625693,6.8,60109
1042763,tt2664108,4.9,380
1042850,tt2664880,5.1,3258
1043070,tt26655820,9.1,7
1043083,tt26656556,6.0,658
1043089,tt26656821,6.5,1143
1043126,tt26658104,4.8,19333
1043477,tt26671996,5.7,24314
1043840,tt2667960,5.5,6542
1043925,tt2668134,6.4,13303
1044015,tt26684398,7.3,8966
1044479,tt26693652,7.2,1347
1044772,tt26699529,6.8,2984
1044975,tt2671706,7.2,124754
1044983,tt2671776,5.2,1120
1045002,tt26720001,5.8,858
1045108,tt26729484,7.7,28
1045132,tt26731216,6.8,5820
1045398,tt26736843,5.7,67553
1045507,tt2673854,3.0,157
1045769,tt26743210,7.7,124291
1045787,tt26743414,7.2,4089
1045836,tt2674426,7.4,329646
1046145,tt26749945,6.2,209
1046260,tt26753003,5.8,160361
1046479,tt26757462,4.5,17039
1047276,tt26773537,7.8,74
1047493,tt26783625,5.6,11302
1047594,tt2678948,6.2,15096
1047606,tt2679042,5.7,100815
1048239,tt2690138,5.1,12078
1048287,tt26902481,8.3,17
1048318,tt26903104,7.1,13341
1048622,tt26915336,7.5,14080
1048894,tt2692250,6.2,148181
1049033,tt26927452,4.2,12139
1049071,tt26928684,4.6,2203
1049094,tt2692904,7.1,167795
1049266,tt26932223,4.6,78765
1049469,tt26936666,6.9,41107
1049901,tt2699290,3.8,214
1050638,tt2702724,5.4,50480
1051306,tt2704998,6.9,275373
1051327,tt27050277,6.1,5663
1051598,tt27056012,6.5,28313
1051969,tt2707858,6.2,13700
1052263,tt2709692,6.4,112945
1052296,tt2709768,6.5,233859
1052959,tt27118357,8.1,23636
1053118,tt27122601,8.7,12
1053430,tt27131358,7.0,70180
1053448,tt27131692,3.7,48
1053454,tt2713180,7.6,601881
1053968,tt27155038,5.7,14242
1054682,tt2717558,6.9,3502
1054727,tt2717822,5.5,67223
1054939,tt2718492,7.4,62862
1055071,tt27190968,6.2,293
1055269,tt27196021,6.7,35712
1055416,tt2719848,7.1,245874
1055715,tt2720680,6.7,46081
1055748,tt2720826,5.7,9296
1056024,tt27218960,4.7,20048
1056043,tt27219440,6.0,1043
1057014,tt2726560,7.1,94016
1058581,tt2736854,2.4,376
1058663,tt2737050,7.3,52102
1059226,tt27395353,6.1,737
1059367,tt27403986,7.0,122301
1060093,tt27425164,5.3,33425
1060304,tt27431598,7.7,17174
1060365,tt27433995,7.9,3579
1060511,tt27441481,6.0,23585
1060689,tt27445004,7.2,2041
1061900,tt27487934,5.7,25926
1061940,tt27489557,6.5,113736
1061982,tt27490099,7.0,8148
1061999,tt27490380,6.6,2014
1062442,tt27502365,6.4,1531
1062528,tt27503384,7.9,100384
1062530,tt27503400,5.7,661
1062764,tt27510542,7.6,31
1063259,tt2752200,6.7,40535
1063457,tt2752758,4.2,18458
1063461,tt2752772,5.3,66658
1063751,tt27534307,6.8,129233
1063856,tt27540217,5.3,13317
1064004,tt27543578,6.5,34357
1064011,tt27543632,6.8,86861
1064635,tt2756032,7.0,46834
1065300,tt27581865,6.5,199
1065408,tt27587485,7.8,2644
1066517,tt2762506,7.3,34184
1066792,tt2763304,7.1,140656
1067606,tt27657135,6.9,38005
1067623,tt27657534,4.5,1078
1067720,tt2766268,5.6,1535
1067812,tt27664301,5.2,475
1068370,tt27679608,6.1,20417
1068388,tt27679825,7.2,322
1068645,tt27688034,5.8,10172
1068917,tt27695089,8.0,8
1068968,tt27696645,7.0,822
1069114,tt27704538,9.1,10
1069330,tt27711687,6.6,5
1069343,tt2771200,7.1,356467
1069345,tt27712015,5.3,1655
1069398,tt2771372,6.7,56433
1069448,tt27714581,7.8,48268
1069476,tt27714946,5.9,90525
1069542,tt27715920,3.9,87
1069812,tt27724113,6.5,4956
1070077,tt27731806,7.4,386
1070128,tt27733702,1.0,18
1070522,tt27744786,6.5,56123
1070841,tt27757805,5.0,19337
1071059,tt2776344,7.2,7270
1071120,tt27766538,6.8,2585
1071149,tt2776878,6.6,17091
1071319,tt2777548,3.2,158
1072526,tt27813775,6.2,251
1073657,tt2784678,6.4,28305
1073663,tt27847051,7.3,27804
1073817,tt27851949,5.8,40
1073819,tt27852049,6.6,29700
1073867,tt2785390,5.0,7259
1074117,tt2786278,7.9,3677
1074590,tt27881515,7.3,1117
1074653,tt2788556,6.4,7297
1074663,tt2788710,6.5,374810
1074669,tt2788732,6.7,64121
1075087,tt27907811,6.5,4793
1075186,tt27911000,6.2,61248
1075536,tt27922706,7.3,42326
1076275,tt2795122,3.3,205
1076559,tt2796678,4.5,1311
1076604,tt2797242,6.6,5991
1076925,tt2798920,6.8,390740
1077026,tt2799166,4.7,28856
1077127,tt27995594,6.3,28505
1077179,tt27996716,7.1,1319
1077326,tt2800038,4.3,4149
1077391,tt2800240,7.0,48037
1077617,tt28013320,7.8,12
1077680,tt28015403,7.0,217367
1077875,tt2802144,7.7,771632
1077879,tt2802154,7.6,59625
1078093,tt28028430,2.5,55
1078304,tt28037987,6.3,57353
1078612,tt2806788,6.9,14163
1078954,tt28078628,6.6,1175
1079079,tt28080273,5.7,535
1080626,tt28142896,5.7,6764
1080648,tt2814362,2.1,4543
1080840,tt28151876,6.9,4255
1081149,tt2816776,5.9,194
1081184,tt28172032,5.5,1317
1081341,tt28184207,3.9,1036
1081406,tt2818654,6.8,5929
1081742,tt2820852,7.1,437066
1082208,tt2822672,6.0,6458
1082248,tt28228231,5.9,23588
1082316,tt2823054,6.0,99955
1082675,tt28244549,6.9,2645
1082821,tt28249919,6.1,41928
1082952,tt28252563,6.7,10231
1083263,tt28259207,7.4,45860
1084081,tt28288786,7.8,22897
1084122,tt2828996,4.7,25696
1085522,tt28335618,4.7,297
1085555,tt28336131,6.1,2092
1085958,tt28354262,7.0,191
1086114,tt28358950,7.5,10998
1086183,tt2836252,5.3,1558
1086531,tt2837574,6.7,52418
1087376,tt28443655,5.8,50444
1087510,tt2844798,6.8,17646
1088302,tt28479262,7.6,28558
1088435,tt2848292,6.4,179203
1088748,tt28489948,8.2,38
1089354,tt2850386,6.9,60484
1089740,tt2851314,5.0,352
1089767,tt28513569,6.1,114
1090158,tt2852400,7.1,13840
1090181,tt2852458,6.9,17512
1090742,tt28547912,6.9,1301
1090773,tt2854926,6.5,160111
1090935,tt2855648,7.6,26592
1090997,tt28561745,8.0,24
1091090,tt2856674,5.1,2582
1091097,tt28567651,1.6,193
1091159,tt2857196,9.0,101
1091690,tt28607951,7.4,263847
1092065,tt28618654,4.3,109
1092291,tt28627002,8.8,221
1092404,tt28630624,5.1,2140
1092423,tt28630947,3.4,30
1092476,tt28633405,5.5,477
1092690,tt28639152,5.7,380
1092851,tt28648248,6.2,386
1092943,tt2865120,5.5,12432
1093319,tt2866360,7.2,169926
1093472,tt2866778,4.6,488
1093621,tt28671034,7.1,236
1093645,tt28671344,4.7,10386
1094294,tt28696532,6.1,3587
1094318,tt2869728,5.9,67028
1094511,tt2870612,6.3,128820
1094522,tt2870708,6.6,39683
1094530,tt2870756,6.5,73265
1094869,tt2872518,6.3,42285
1094877,tt2872718,7.8,661580
1094879,tt2872732,6.4,574625
1094881,tt2872750,7.3,46462
1094884,tt2872810,4.6,2129
1094930,tt2873282,6.6,216579
1095501,tt2875926,7.0,2747
1095633,tt2876428,7.6,3135
1095857,tt2877104,6.9,3079
1095858,tt2877108,8.3,13435
1097056,tt28814949,8.0,25631
1097222,tt28821588,5.8,3663
1097252,tt2882328,7.9,25059
1097347,tt2883434,6.7,14448
1097380,tt2883512,7.3,248571
1097403,tt2884018,6.6,61528
1097417,tt2884206,7.3,140273
1097496,tt28856462,7.6,3652
1097523,tt2885734,7.4,10
1097801,tt2888046,7.0,64146
1098035,tt2891174,7.1,41207
1098283,tt2893490,5.5,8381
1098908,tt2899136,4.9,228
1098960,tt28996126,6.3,75507
1099598,tt29031019,6.7,3181
1100384,tt2906216,7.2,271187
1100789,tt2908446,6.2,269828
1100818,tt2908856,6.4,10709
1100847,tt2909116,6.6,6505
1101026,tt2910274,6.7,27011
1101038,tt2910300,6.2,340
1101119,tt2910814,6.0,72385
1101124,tt2910904,7.0,70375
1101236,tt2911666,7.5,818565
1101634,tt29137778,5.2,5157
1102434,tt2918436,5.2,48498
1104061,tt29261272,6.2,423
1104234,tt29268110,6.7,136006
1105088,tt2929690,7.2,4305
1105447,tt29313285,7.6,2748
1105645,tt2932536,5.6,64925
1105757,tt2933544,6.2,11792
1106110,tt29344903,7.0,38518
1106114,tt29344974,6.4,1972
1106371,tt29354040,8.6,3825
1106386,tt2935476,7.1,57218
1106396,tt2935510,6.5,278305
1106453,tt2935564,7.1,13298
1107114,tt2937696,6.9,63842
1107141,tt2937898,6.9,81396
1107324,tt29383191,7.4,9268
1107335,tt29383379,6.6,25394
1107452,tt2938956,5.2,47257
1108749,tt29439114,6.8,27036
1108794,tt2943974,5.9,210
1109786,tt29475628,6.9,2406
1109989,tt2948356,8.0,622845
1110002,tt2948372,8.0,442640
1110146,tt2948840,6.0,9369
1110991,tt29519507,6.5,180
1111185,tt2952602,6.4,12754
1111248,tt2953050,7.2,293764
1111595,tt29544253,6.0,1788
1111621,tt29544868,6.0,784
1111835,tt2955096,5.3,9488
1111915,tt2955316,6.5,19640
1112128,tt29567915,7.4,60760
1112562,tt29585679,6.4,2010
1112939,tt29603959,6.5,84659
1112988,tt2960486,6.3,14
1113054,tt29606499,6.9,7877
1113595,tt29623480,8.2,214698
1113951,tt2963262,5.8,1397
1113961,tt29632994,5.8,220
1114143,tt29644189,6.1,52687
1114541,tt2967224,5.2,57435
1114616,tt2967856,7.3,2948
1115286,tt29714068,8.4,9
1116216,tt2974918,5.0,25505
1116221,tt2975578,6.4,171850
1116223,tt2975590,6.4,787907
1116287,tt2976182,3.2,8191
1116667,tt2978102,5.6,8961
1116690,tt2978462,6.4,10238
1117021,tt2979920,5.5,6760
1117078,tt2980210,6.1,49591
1117174,tt2980516,7.7,505870
1117178,tt2980554,6.1,4831
1117181,tt2980592,6.7,113549
1117186,tt2980648,7.3,91024
1117201,tt2980706,5.9,21564
1117220,tt2980794,7.6,32511
1117330,tt2981714,6.1,120
1118201,tt29898251,1.8,839
1118450,tt2990818,7.1,37
1119073,tt29929565,5.7,13071
1119280,tt2993556,4.1,107
1119432,tt2994190,6.8,44220
1119546,tt29950241,8.5,108
1119738,tt2995992,5.8,630
1119859,tt2996636,3.5,147
1120454,tt30012572,6.3,435
1120592,tt3001638,6.8,12058
1120669,tt30017619,7.0,24699
1120912,tt30024043,6.5,4323
1121410,tt30057084,5.8,79016
1121420,tt30057193,6.7,11
1121804,tt3007512,7.0,80689
1122055,tt30096221,5.2,4171
1122287,tt3011894,8.1,236318
1122621,tt3013602,6.8,13405
1122622,tt3013610,6.8,8007
1122789,tt30141489,8.5,8
1122829,tt3014284,6.1,33831
1122923,tt30144839,7.7,325230
1122997,tt3014666,5.3,14967
1123044,tt3014866,6.3,74505
1123382,tt3018070,5.4,4736
1123876,tt30213663,6.5,304
1124264,tt3022458,6.0,4491
1124752,tt30253473,6.3,88032
1124805,tt30255070,5.0,23
1125249,tt30274401,5.2,32842
1125418,tt3028362,8.1,1512
1125742,tt30309698,5.9,261
1126020,tt30321146,5.5,30314
1126251,tt30327451,7.4,6458
1126594,tt30343021,7.3,15044
1126896,tt3037582,7.6,3705
1127004,tt3038708,5.0,12653
1127368,tt30400277,5.7,3465
1127563,tt3040964,7.3,304318
1127790,tt30419970,7.3,181
1127965,tt30424444,9.9,15
1128410,tt30442596,5.9,724
1128488,tt30444418,7.1,3475
1128685,tt3045616,5.5,79681
1128895,tt30463098,7.6,8
1129063,tt30472557,8.3,46148
1129128,tt30475200,7.2,6
1129172,tt30476486,7.7,7678
1129178,tt30476518,7.4,1976
1129741,tt30505698,6.6,37637
1129940,tt30526240,6.5,630
1131023,tt3060952,7.2,40264
1131074,tt3062096,6.2,201220
1131392,tt3063516,6.5,100425
1131565,tt30645201,5.2,22765
1131648,tt3065204,7.3,339298
1131724,tt3066270,6.4,8012
1131772,tt3067166,7.0,72
1131845,tt3068194,6.4,27586
1132112,tt3069954,6.9,621
1132370,tt3072482,6.7,108065
1132533,tt30743549,2.4,4188
1132831,tt3075360,7.5,3441
1133041,tt3076658,7.6,331641
1133042,tt30766582,4.1,3990
1133252,tt3077214,6.9,46262
1133280,tt3077530,6.7,443
1133360,tt30780739,4.9,31
1133409,tt30781967,6.7,957
1133472,tt3078296,6.2,4626
1133609,tt3078718,6.5,1018
1133670,tt30788842,5.3,17653
1133907,tt3079380,7.0,272813
1133933,tt30795948,7.0,6294
1135363,tt30840798,6.6,63861
1135908,tt30869622,6.8,1395
1136198,tt30877290,6.8,11
1136780,tt30908405,6.3,3530
1136811,tt30911335,6.7,390
1136899,tt3092076,4.8,1925
1137282,tt30953660,6.6,169
1137323,tt3095464,6.5,1177
1137354,tt30955489,5.7,62368
1137411,tt3095734,5.7,20305
1137436,tt30957694,5.1,62
1137613,tt30970235,7.8,27391
1137818,tt30973842,4.2,1785
1137944,tt3098306,5.3,2495
1138173,tt30988718,9.4,10
1138175,tt30988739,6.7,89324
1138328,tt3099498,5.4,71932
1138498,tt31012570,5.5,177
1138871,tt3102440,6.2,5641
1139260,tt31036941,5.8,180423
1139642,tt3104988,6.9,207267
1139648,tt31050020,7.2,2469
1139971,tt31064841,6.9,7531
1141232,tt3110958,6.4,357467
1141961,tt3113696,5.2,5340
1142988,tt31176520,6.6,52365
1143266,tt31184028,6.7,68097
1143602,tt31193180,7.5,402256
1143625,tt31193791,6.5,20722
1143674,tt31194612,5.5,31384
1143955,tt3121604,7.6,2322
1144091,tt3122174,5.1,61
1144213,tt31227572,7.3,109676
1144610,tt31242829,9.8,7
1144933,tt3125324,6.8,18184
1144992,tt31259487,5.9,181
1145086,tt31261333,7.2,46
1145244,tt3127022,6.5,18663
1145566,tt3129632,5.2,113
1145569,tt3129656,6.1,868
1145657,tt3130598,6.8,40
1145849,tt31314296,5.0,19926
1146002,tt3131744,2.4,1968
1146115,tt31322753,7.4,11154
1146579,tt3135556,5.1,3190
1146662,tt3136646,6.1,2029
1146818,tt31381727,6.6,21
1147102,tt31392609,7.9,21202
1147186,tt3140100,7.1,28654
1147354,tt31408354,7.9,281
1147513,tt31415482,6.0,427
1147715,tt3142232,5.2,11486
1147850,tt31434030,6.2,27231
1147882,tt31434639,7.1,104896
1148613,tt3146360,6.9,5993
1149039,tt3148834,6.2,7941
1149376,tt31500456,6.7,9
1149752,tt31513874,8.0,7
1149775,tt31514146,8.4,13083
1150017,tt31522158,4.5,128
1150118,tt3152592,5.6,32601
1150121,tt3152624,6.2,146792
1150405,tt31539773,6.4,13
1150819,tt3155654,6.3,2601
1152440,tt3164256,5.5,13277
1152713,tt3165608,1.6,18018
1152774,tt3166476,6.5,732
1152851,tt3168230,6.8,70108
1153175,tt31702278,6.6,1086
1153288,tt3170832,8.1,477713
1153326,tt3170972,2.7,658
1153437,tt31712434,3.6,53588
1153860,tt3172532,6.8,35292
1153903,tt31727267,6.8,1530
1154067,tt3173594,6.1,12100
1154110,tt3174120,5.0,48
1154274,tt3175888,6.9,2569
1154395,tt3177316,5.7,28472
1154801,tt3179568,6.6,34754
1155127,tt3180664,8.4,511
1155275,tt3181776,5.5,17765
1155277,tt3181822,4.7,48091
1155347,tt3182620,6.0,4314
1155614,tt3183660,7.2,537568
1155847,tt31844586,6.8,24580
1155973,tt31849609,9.0,74
1156898,tt31888477,7.3,15748
1157512,tt31923069,6.7,22351
1157806,tt31945132,6.4,16628
1158082,tt31956415,6.3,36479
1158084,tt3195644,6.1,127405
1158716,tt31973693,6.6,51547
1159718,tt3202098,6.1,703
1159728,tt3202120,6.1,3474
1160240,tt3203528,6.5,28037
1160252,tt3203606,7.4,87312
1160253,tt3203616,5.8,64716
1160623,tt3205376,6.9,49853
1160787,tt32059878,2.8,233
1160838,tt32063050,6.5,33308
1160865,tt32063721,7.3,12
1160951,tt3206586,7.9,347
1161156,tt32080876,7.8,18111
1161986,tt32106176,4.8,5698
1161994,tt3210686,5.8,20282
1162229,tt32116841,6.0,150
1162392,tt32123395,3.6,1773
1162594,tt3212812,6.7,3868
1163334,tt32149847,6.1,53257
1163450,tt32152390,6.3,22
1163478,tt3215356,7.5,4365
1163539,tt3215824,6.0,78096
1163594,tt32159989,5.7,21670
1163717,tt3216348,5.3,14900
1164065,tt32178949,7.5,19230
1164768,tt32204858,7.7,8406
1165082,tt32214143,5.5,2451
1165091,tt32214413,6.3,4213
1165292,tt32221196,6.5,18755
1165389,tt32223398,6.0,13125
1165932,tt3224458,7.2,93530
1166019,tt32246771,7.1,113227
1166283,tt3225780,7.6,11
1166325,tt32260498,8.6,2170
1166654,tt3227034,7.7,330
1166808,tt32276913,6.3,152
1167031,tt32284154,7.8,17162
1167072,tt3228774,7.3,293184
1167244,tt3229520,8.4,8
1167302,tt32298285,7.0,19316
1167329,tt32299316,6.4,31316
1167634,tt3231054,6.3,32882
1167949,tt32321317,6.8,8766
1168101,tt32323252,6.4,13481
1168343,tt32332404,5.5,14773
1169222,tt3235888,6.8,296303
1169295,tt3236120,6.7,9797
1169581,tt32369229,7.0,1639
1169716,tt32373178,10.0,14
1169746,tt32373420,10.0,14
1171227,tt32430706,10.0,16
1171245,tt32430935,10.0,5
1171806,tt32448239,5.8,637
1172156,tt32461003,5.2,1256
1172719,tt32478708,5.7,435
1173338,tt32499484,9.3,7
1173367,tt32500092,9.4,14
1173846,tt32513978,10.0,16
1174472,tt3253930,7.2,38578
1175016,tt32558992,6.0,35615
1175854,tt3258080,6.8,560
1176100,tt32591435,8.2,285
1176160,tt3259320,3.4,378
1176261,tt32597616,7.7,85
1176334,tt3259968,5.7,1853
1176764,tt3261302,3.7,2255
1177054,tt3262342,7.8,67737
1177402,tt32634271,6.2,1185
1177594,tt3263904,7.4,320070
1178026,tt3265506,5.4,358
1178194,tt3265990,6.6,352
1178295,tt3266724,2.9,2776
1178507,tt3268668,5.4,7514
1178798,tt3272066,5.9,70514
1179121,tt3274666,3.8,316
1179128,tt3274728,4.6,197
1179699,tt32768323,6.6,22147
1179728,tt3276924,6.1,34297
1179990,tt3278330,6.4,33129
1180011,tt3278540,5.2,8755
1180253,tt32792934,6.5,3860
1180512,tt3280262,5.3,33744
1180569,tt3280730,3.3,723
1180963,tt3281548,7.8,280765
1181020,tt3282076,4.5,7164
1181046,tt32820897,8.4,63949
1181639,tt32843325,6.2,1734
1181645,tt32843349,7.2,20487
1181808,tt3284618,5.1,221
1181966,tt32851910,5.9,262
1182275,tt32868274,5.2,22
1183309,tt3289724,6.2,27464
1183319,tt3289728,6.0,34340
1183416,tt3289956,6.8,162273
1183727,tt3291150,4.8,54280
1183923,tt32916440,7.9,88214
1184604,tt3296908,6.4,19728
1184810,tt32982610,5.0,197
1184957,tt3298600,6.0,1655
1185048,tt3298690,5.2,372
1185372,tt3300542,5.9,179577
1185375,tt3300572,5.1,5497
1185494,tt3300904,6.4,3136
1185510,tt3300980,7.3,32004
1185586,tt33014583,8.3,114667
1185858,tt33022710,8.4,4967
1185880,tt33022831,9.5,16
1186111,tt33030107,6.6,646
1186176,tt33034103,6.6,17692
1186513,tt33039045,4.4,392
1187200,tt3305248,5.4,30
1187549,tt33057137,5.7,3755
1189089,tt33088452,6.0,15744
1189092,tt33088466,8.7,9
1190189,tt3312830,7.3,87896
1190279,tt33131023,9.7,8
1190432,tt33135843,7.8,7
1190731,tt3315342,8.1,918148
1190815,tt3316302,7.9,736
1191014,tt3316948,6.1,99877
1191015,tt3316960,7.5,149948
1191345,tt3319730,6.0,10330
1191353,tt3319920,5.6,44782
1191527,tt3320542,8.0,7619
1191530,tt3320578,6.5,9433
1191630,tt3321428,5.4,4932
1191695,tt3322364,7.1,104442
1191700,tt3322420,8.1,71130
1191739,tt3322940,5.5,194112
1191789,tt33235979,6.3,780
1192056,tt33244668,5.6,33599
1192236,tt33247023,6.5,13330
1193206,tt3329246,6.2,768
1193236,tt33292816,6.0,63
1193513,tt33298252,6.2,423
1193933,tt33307282,8.4,11
1194301,tt33312280,5.3,93
1194486,tt3331846,7.4,10877
1194641,tt3332064,5.7,69292
1194656,tt33320882,3.2,42
1194783,tt3332410,6.2,352
1195467,tt3334374,7.3,1321
1195605,tt33348127,6.4,618
1196278,tt33366696,6.7,203
1196311,tt33367899,5.7,762
1196516,tt33372494,7.6,19671
1196886,tt33381728,7.7,2247
1196929,tt33382323,6.7,867
1196983,tt3338310,3.1,720
1197073,tt33384687,8.4,9
1197371,tt33397897,5.1,949
1197556,tt33401152,5.3,783
1197696,tt3341170,4.5,371
1197844,tt33422468,1.4,332
1198539,tt3345952,6.9,4224
1198827,tt33477058,4.3,10
1199007,tt33480194,6.3,72
1199337,tt3348730,5.7,101799
1200600,tt3352390,5.2,28945
1200859,tt33540970,5.7,174
1200977,tt33549447,5.6,6550
1202070,tt3361792,6.8,50973
1202794,tt3369096,5.8,515
1202849,tt3369806,6.6,30378
1203024,tt3371366,5.2,184232
1203363,tt3375286,4.3,2123
1204040,tt3380264,4.5,4691
1204146,tt3381008,6.2,119011
1204393,tt33821001,9.4,611
1204399,tt3382148,2.8,4037
1204743,tt33839105,6.8,271
1204939,tt3385516,6.8,489501
1204942,tt3385524,7.2,41482
1205116,tt3387266,6.9,17675
1205153,tt3387520,6.2,91657
1205155,tt3387542,4.8,47600
1205567,tt3390572,8.0,60633
1205892,tt3393786,6.2,191696
1206251,tt3397884,7.7,530803
1206270,tt3398048,4.2,3574
1206273,tt3398066,4.2,2034
1206496,tt3399024,6.7,17881
1206591,tt3399462,6.0,1161
1206664,tt33996352,7.1,126
1207117,tt3401882,5.6,48501
1207127,tt3402138,6.3,115490
1207139,tt3402236,6.5,319317
1207208,tt3403142,3.6,87
1208111,tt3410834,5.7,145319
1208205,tt3411432,5.8,5421
1208207,tt3411444,6.7,70398
1208664,tt34150494,6.8,6
1208755,tt3415692,5.3,808
1208912,tt3416532,7.4,98408
1208941,tt3416742,7.6,212413
1208946,tt3416828,5.7,84834
1209015,tt3417422,8.4,47614
1209422,tt34204649,3.7,51
1209557,tt3421354,4.9,149
1209719,tt3422462,4.5,1514
1210255,tt3427252,5.9,53118
1210396,tt34279959,6.8,5
1210755,tt34305712,7.9,10
1210760,tt34305989,7.7,6
1211000,tt34328086,6.5,7
1211027,tt34329283,5.6,6
1211046,tt3433074,4.2,5700
1211115,tt34335520,7.4,9
1211243,tt34341832,7.8,13
1211249,tt34341936,7.2,15
1211291,tt34348048,7.5,14
1211363,tt3435632,5.2,20
1211444,tt34365591,8.5,45288
1211522,tt34371053,6.4,8
1211537,tt34373216,6.4,6
1212019,tt34381884,8.6,8
1212181,tt3438354,7.0,10205
1212294,tt34385571,6.0,8
1212298,tt34385817,5.0,6
1212772,tt3442006,6.4,40042
1212946,tt3442634,6.3,558
1213583,tt3447364,7.6,25446
1213633,tt3447590,7.0,32758
1213837,tt34487780,6.7,147
1214236,tt3450650,4.5,44434
1214293,tt3450900,6.1,19649
1214312,tt3450958,7.4,324522
1214405,tt3451498,6.1,1349
1214555,tt34525360,6.4,5
1215094,tt34561042,6.8,6
1215188,tt34566840,6.6,6
1215553,tt3458760,4.7,1661
1215808,tt3460252,7.8,716964
1215906,tt34607008,7.3,15
1215959,tt34609706,6.6,6
1216270,tt34621892,6.9,4906
1216536,tt3462710,5.2,17896
1216615,tt3463244,5.9,376
1216708,tt3463848,3.2,422
1216725,tt3464018,7.0,1261
1216818,tt3464902,7.1,330828
1217195,tt3467412,5.8,19407
1217506,tt3469046,6.3,178262
1217569,tt3469244,6.0,10364
1217796,tt3470600,7.1,210436
1217903,tt3471098,6.2,19349
1217960,tt34714055,5.0,840
1218943,tt34754157,8.8,18
1219447,tt3477554,5.8,2652
1219676,tt3478962,7.1,15031
1220124,tt3480822,6.6,472556
1220421,tt34819091,7.1,2291
1220647,tt34832848,7.7,6
1220694,tt3483712,6.2,5095
1220831,tt3485166,6.5,4936
1220991,tt3486080,4.3,1806
1221109,tt3486626,5.5,7982
1221544,tt3488328,5.1,7465
1221629,tt34886821,7.4,3944
1221632,tt3488710,7.3,140993
1222577,tt3495000,7.3,15000
1222579,tt3495026,6.8,53434
1222744,tt34956443,7.9,22906
1223541,tt3498820,7.8,918733
1223583,tt3499096,7.1,43666
1224150,tt3501632,7.9,886239
1224251,tt3501994,7.4,1914
1224370,tt3502802,2.4,166
1225399,tt3507794,6.2,492
1225461,tt3508112,6.7,3475
1225672,tt3508840,6.3,18894
1225958,tt35101356,9.3,59
1226030,tt3510520,4.7,184
1226233,tt35114517,7.8,8
1226234,tt35114531,9.0,9
1226268,tt3511596,5.1,6085
1226331,tt3512072,7.1,2328
1226350,tt35121660,5.1,120
1226503,tt3513068,6.1,76
1226549,tt3513498,6.5,84225
1226550,tt3513500,6.9,50547
1226581,tt3513548,7.5,105790
1227096,tt3517192,7.7,6954
1227726,tt3521126,7.3,170857
1227731,tt3521164,7.6,435900
1227738,tt3521228,6.3,91
1227832,tt35220086,6.2,108
1228028,tt3522806,5.7,102138
1228085,tt35231039,7.7,2829
1228294,tt3523996,5.8,11
1228386,tt3524530,6.8,1183
1228586,tt35257669,6.5,292
1228688,tt3526408,5.5,1955
1229346,tt3529612,6.0,381
1229405,tt3530002,6.4,90033
1229812,tt3530978,6.1,5173
1229936,tt35314383,6.8,93
1230075,tt3531824,6.5,146791
1230191,tt3532216,7.1,230975
1231310,tt3540136,5.3,6426
1231588,tt3541262,7.1,14015
1231763,tt35419747,7.9,77
1232071,tt3543478,5.3,20
1232197,tt3544112,7.9,107067
1232866,tt3547740,7.3,31184
1234007,tt35521922,6.1,27944
1234286,tt3553442,6.6,58841
1234365,tt3553976,7.8,249197
1234380,tt3554046,4.5,86221
1234561,tt35551642,9.2,8649
1235006,tt3558190,5.8,252
1236019,tt3563080,6.4,150
1236316,tt3564472,6.2,42639
1236426,tt3565264,7.6,3321
1236502,tt3565354,4.2,80
1237119,tt3566834,5.6,153596
1237480,tt3567288,6.3,172323
1237707,tt35676003,5.7,318
1238404,tt3569230,6.9,221862
1238416,tt3569356,3.5,6066
1238509,tt3569788,6.5,1280
1239198,tt35727399,6.2,578
1239893,tt3576728,7.6,19622
1240400,tt3581652,7.1,121835
1241117,tt35851026,6.5,1086
1242639,tt3591984,7.0,2221
1242948,tt3593046,6.0,4619
1243633,tt3595298,4.4,25836
1244596,tt3600950,3.9,513
1244845,tt3602334,7.7,19
1245273,tt3605418,4.9,114437
1245546,tt3606752,6.7,147677
1245547,tt3606756,7.5,366118
1245571,tt3606888,7.3,36648
1245621,tt3607198,8.3,2538
1246289,tt36113132,5.0,959
1246377,tt3612126,4.4,32132
1246459,tt3612616,8.0,65265
1246846,tt3614394,4.7,431
1246876,tt3614516,7.9,13625
1246877,tt3614530,4.2,8668
1247278,tt3616292,4.4,518
1247391,tt36168048,1.0,8
1247421,tt3616916,6.6,46102
1247493,tt36173934,1.0,9
1247863,tt3619772,4.4,2625
1247872,tt3619854,3.3,1813
1248110,tt3621288,4.8,528
1248354,tt3622592,6.2,111355
1248462,tt3623726,6.0,25828
1248900,tt36259772,1.0,8
1249064,tt3626742,5.4,8488
1249158,tt36270431,1.0,9
1249460,tt3628584,5.9,17022
1249942,tt3631112,6.5,209969
1249989,tt36315440,7.0,77
1250249,tt3633118,4.6,303
1250839,tt36358984,7.2,51
1251513,tt36389438,6.1,141
1251731,tt3640424,7.1,178949
1251769,tt3640682,6.2,6173
1251958,tt36414538,1.0,10
1252462,tt3645014,3.4,2029
1252536,tt36454677,7.9,1656
1252961,tt36462121,1.0,8
1253044,tt3646540,6.6,600
1253224,tt36474071,7.2,288
1253232,tt3647498,6.4,70600
1253424,tt36491653,7.5,22620
1254447,tt3655414,6.2,7730
1255016,tt3658772,5.3,19012
1255166,tt3659066,8.3,134
1255420,tt3659388,8.0,998224
1255640,tt36598036,7.7,3024
1256957,tt36673871,5.0,1942
1256983,tt3667436,5.9,879
1257068,tt3668162,8.3,27800
1257824,tt3672840,5.9,22401
1258072,tt3674116,5.0,736
1258828,tt3678782,7.4,28516
1259105,tt3680638,8.4,37
1259427,tt3682448,7.6,342932
1260509,tt3688342,6.5,1584
1260951,tt3691740,6.3,98832
1261660,tt36955396,8.4,8
1261884,tt36962950,7.9,13
1262912,tt3700456,5.1,950
1263214,tt37022996,10.0,12
1263384,tt3702652,5.3,20456
1263663,tt3703498,3.2,145
1263790,tt3704050,7.5,29634
1263850,tt3704428,7.3,259043
1264353,tt3707106,5.3,23585
1264760,tt37107071,7.3,34
1264939,tt3711466,6.8,3122
1265119,tt3713166,5.6,86768
1265239,tt3713944,4.4,2010
1265344,tt3714720,6.6,15520
1265515,tt3715320,6.6,70244
1265771,tt3716530,7.1,74210
1265876,tt3717252,5.8,85627
1265923,tt3717490,5.9,118803
1265927,tt3717532,7.6,20314
1266029,tt3718062,1.2,207
1266084,tt3718222,5.4,310
1266237,tt3719198,5.3,317
1266696,tt3721936,7.0,49495
1266701,tt3721964,6.1,33583
1266708,tt3722070,6.7,34351
1266716,tt3722234,6.5,4837
1266759,tt3722614,5.3,10843
1267411,tt3726526,3.2,56
1267493,tt37270452,5.4,39
1267910,tt3729920,6.3,13568
1268146,tt3731562,6.7,371741
1268524,tt37338923,7.9,9
1268850,tt3735246,7.3,42058
1269695,tt3740152,5.7,248
1269751,tt37404293,9.1,175
1269930,tt3741700,6.0,226862
1269942,tt3741834,8.0,265048
1270007,tt3742284,7.2,14826
1270811,tt37457644,2.6,295
1271260,tt3748528,7.8,749123
1271732,tt3750872,7.2,44931
1271792,tt3751126,4.4,170
1273972,tt3758542,6.4,66597
1273999,tt3758814,5.7,56396
1274101,tt3759416,6.9,16853
1274237,tt37599947,1.0,9
1274393,tt3760922,6.0,37589
1274488,tt3761144,8.2,9
1275422,tt3766354,6.7,226568
1275427,tt3766394,6.6,22982
1275586,tt3767372,7.6,36563
1276756,tt3774114,7.3,171813
1276778,tt37741658,8.8,84
1276888,tt3774694,6.1,73431
1277009,tt3775086,7.0,17388
1277343,tt3776826,6.1,8482
1277658,tt3778644,6.9,406048
1278531,tt3783958,8.0,751312
1278662,tt37846979,1.0,4714
1279084,tt3787590,6.2,42340
1279397,tt3788918,6.1,179
1279457,tt37893389,8.3,1867
1279743,tt3789946,4.6,333
1279864,tt3790296,1.4,260
1279948,tt3791302,6.9,4067
1280396,tt3792960,7.1,36908
1280664,tt3794028,6.6,7092
1280705,tt3794354,6.5,190114
1281422,tt3797868,6.5,49262
1281844,tt3799694,7.4,409406
1281849,tt37997249,7.7,932
1282026,tt3801252,7.4,4244
1282638,tt38047685,7.1,103
1282709,tt3805180,6.7,1292
1283320,tt3808342,7.4,54240
1283925,tt3811906,6.2,120551
1283938,tt3811916,6.0,35
1284145,tt38131455,4.0,112
1284177,tt3813310,6.3,36521
1285099,tt3819668,7.1,25649
1285352,tt38222067,8.1,18
1285377,tt3822396,7.9,9411
1285715,tt3824458,7.1,42648
1286148,tt3826834,6.9,1294
1286529,tt3829266,5.3,161260
1286584,tt3829920,7.6,90393
1286851,tt3832914,6.5,17484
1286918,tt3833480,6.9,47295
1287188,tt38350059,6.4,2696
1287232,tt3835080,5.1,24659
1287672,tt3836512,4.8,11868
1287923,tt3838992,4.3,16479
1289262,tt3850214,7.2,91603
1289343,tt3850544,6.1,936
1289345,tt3850590,6.2,94347
1289925,tt3853830,6.0,1179
1290805,tt3858372,7.1,8763
1290987,tt3859076,6.8,22516
1291049,tt3859304,6.1,14390
1291224,tt38598406,6.9,54
1291267,tt3859980,5.6,13620
1291491,tt3861390,6.2,87893
1291744,tt3862750,5.6,11875
1292043,tt3863552,8.1,110051
1292045,tt38635633,8.3,149
1292942,tt3868708,6.9,53
1294023,tt3874544,6.3,156131
1294429,tt38771667,6.7,21
1294755,tt3877844,4.5,1413
1295809,tt3881026,4.6,2583
1295902,tt3881384,6.6,190
1295908,tt3881410,5.7,492
1295981,tt3881784,6.9,53456
1296034,tt3882082,6.0,107582
1296295,tt38838813,9.2,9
1296582,tt3885932,5.6,1017
1297459,tt3890160,7.5,677042
1298810,tt3896016,6.3,1963
1298853,tt3896100,5.8,4301
1298861,tt3896102,6.2,4516
1298888,tt3896198,7.6,821596
1300154,tt3902120,6.1,179
1302506,tt3914624,4.8,54
1302669,tt3915174,7.8,220892
1303097,tt39173556,8.7,508
1303359,tt3918368,5.5,2121
1303820,tt3920820,7.2,10784
1303868,tt3921314,7.2,12898
1304099,tt3922188,8.6,12
1304244,tt3922818,6.4,58546
1304375,tt3923572,5.9,634
1304532,tt3924450,7.0,1148
1307666,tt3949660,5.9,105761
1308355,tt3956336,5.4,552
1308360,tt3956396,2.6,382
1308457,tt3957098,6.9,2848
1308602,tt3958432,6.3,774
1308734,tt3960412,6.7,73652
1309039,tt3963816,5.5,24759
1309125,tt3966404,7.6,42745
1309844,tt3976144,5.4,20711
1310268,tt3982448,6.4,626
1310508,tt3985394,6.6,8
1310633,tt3986820,6.5,56150
1311448,tt4001950,6.2,11
1311515,tt4003440,6.8,104759
1311652,tt4005402,7.0,59482
1311964,tt4009460,1.3,17326
1312403,tt4016934,8.1,200003
1312572,tt4019578,7.5,571
1312834,tt4024546,5.5,1952
1313135,tt4028464,7.0,29571
1313278,tt4030600,4.3,27547
1313466,tt4034228,7.8,352216
1313490,tt4034354,6.9,140030
1313577,tt4035766,6.7,10
1313615,tt4036334,6.5,30
1314028,tt4042818,6.1,8246
1314194,tt4045450,5.1,42711
1314264,tt4046784,6.3,304243
1314660,tt4052882,6.3,152678
1314938,tt4056738,6.1,8676
1315056,tt4057376,6.8,7146
1315100,tt4057916,4.3,702
1315230,tt4059554,7.6,33
1315343,tt4060544,3.7,2446
1315382,tt4061010,5.3,11297
1315492,tt4062536,7.0,152437
1315706,tt4065552,7.7,14603
1316277,tt4073790,5.7,40151
1317191,tt4083850,6.6,1877
1317349,tt4086018,5.6,4229
1317481,tt4088268,7.0,24592
1317515,tt4088848,5.8,483
1317790,tt4094724,6.0,118331
1318305,tt4103724,6.6,24883
1318435,tt4105584,4.2,1718
1318524,tt4106376,5.5,12504
1318801,tt4110388,5.4,4501
1318808,tt4110568,7.0,21811
1318827,tt4110972,7.6,2699
1319147,tt4116284,7.3,190510
1319349,tt4119110,8.6,32
1319435,tt4120176,6.9,15341
1319622,tt4123430,6.5,329576
1319623,tt4123432,6.2,190926
1319865,tt4126476,5.3,74999
1320083,tt4129428,6.4,13731
1320110,tt4129870,5.7,12375
1320260,tt4131800,6.1,8888
1320562,tt4136084,6.8,62020
1320802,tt4139124,6.2,54786
1320870,tt4141024,5.2,889
1320940,tt4142012,7.8,30
1320942,tt4142022,6.1,2922
1321242,tt4145848,5.5,114
1321406,tt4147572,4.3,150
1321850,tt4154664,6.7,653358
1321855,tt4154756,8.4,1353518
1321857,tt4154796,8.4,1426312
1321863,tt4154916,5.5,44914
1321901,tt4155534,5.8,4442
1322135,tt4158096,6.3,53103
1322171,tt4158624,6.0,7283
1322189,tt4158834,6.3,2175
1322309,tt4160708,7.1,328023
1322602,tt4164468,7.6,2053
1322829,tt4168188,7.8,8080
1323188,tt4172430,7.3,178107
1323512,tt4176826,7.0,53586
1323607,tt4178092,7.0,184004
1323764,tt4180286,4.2,579
1324001,tt4183692,6.5,8359
1324140,tt4186170,7.5,276
1324373,tt4191054,5.8,13515
1324417,tt4191580,4.8,38514
1324631,tt4194460,8.0,8
1324819,tt4196450,6.6,22598
1324840,tt4196776,6.6,255978
1324846,tt4196848,7.6,33384
1325107,tt4199898,4.9,5170
1325169,tt4201004,5.6,2431
1325736,tt4209788,7.4,202148
1326043,tt4213806,5.9,3595
1326281,tt4216984,5.6,42478
1326298,tt4217392,5.2,12213
1326376,tt4218572,6.8,108653
1326385,tt4218696,6.2,34434
1326655,tt4223366,6.6,809
1327021,tt4228746,4.5,1612
1327252,tt4232188,7.2,23
1327570,tt4238858,6.6,5288
1327946,tt4244994,7.3,204231
1327947,tt4244998,6.6,71336
1328606,tt4257084,7.1,60
1328689,tt4257926,7.1,31522
1328717,tt4258292,7.3,11084
1328730,tt4258698,6.3,10333
1328880,tt4261452,8.9,9
1328988,tt4262516,3.3,3790
1328995,tt4262980,6.9,45028
1329025,tt4263482,7.0,348162
1329230,tt4265964,6.7,1259
1329294,tt4266638,7.1,10763
1329300,tt4266692,6.3,338
1329557,tt4270516,6.7,17900
1329611,tt4271820,7.4,7964
1329682,tt4273398,6.1,37
1329854,tt4276532,7.2,22
1329876,tt4276752,5.9,4678
1329899,tt4276820,7.2,202649
1330239,tt4281724,5.5,93350
1330257,tt4282396,7.3,1017
1330498,tt4285496,7.8,25744
1330609,tt4287320,5.4,104961
1330817,tt4290746,7.5,2603
1330851,tt4291166,4.4,41
1331085,tt4293766,6.5,473
1331682,tt4302938,7.7,145907
1331914,tt4306116,7.1,676
1332023,tt4307968,5.1,424
1332506,tt4316192,5.2,28
1332639,tt4318010,5.1,105
1333214,tt4326444,7.1,35294
1333303,tt4327752,5.6,3600
1333751,tt4334266,5.2,37626
1333930,tt4337414,7.2,5153
1333942,tt4337690,4.9,4808
1334171,tt4341582,7.4,19870
1334374,tt4345774,7.8,47
1334459,tt4348012,6.4,29229
1334643,tt4353996,7.1,10991
1334821,tt4356220,6.8,136
1335043,tt4361050,6.2,81661
1335227,tt4364194,7.6,118578
1335937,tt4374460,7.6,8418
1335939,tt4374502,5.1,50
1336142,tt4379800,6.9,2728
1336423,tt4383594,5.3,25646
1336595,tt4385888,7.3,52005
1336700,tt4387040,7.9,61363
1337095,tt4393278,3.9,1343
1337367,tt4400058,6.4,8364
1337419,tt4400994,6.3,8619
1338099,tt4411504,6.9,15124
1338104,tt4411584,6.6,19678
1338106,tt4411618,6.0,4719
1338392,tt4415068,6.5,354
1338650,tt4418152,3.2,256
1338744,tt4419684,4.7,15926
1338843,tt4421344,2.3,901
1339120,tt4425200,7.4,564644
1339344,tt4428398,5.8,7464
1339436,tt4429160,6.5,6409
1339441,tt4429194,5.8,10285
1339496,tt4430212,8.2,107385
1339687,tt4432480,8.1,15900
1339808,tt4434004,7.7,33937
1340150,tt4438848,5.7,136583
1340172,tt4439120,6.1,9035
1340259,tt4440640,8.5,9
1340278,tt4440842,6.5,885
1340461,tt4442758,7.4,8711
1341270,tt4455690,6.1,755
1341353,tt4457256,4.4,106
1341946,tt4463894,6.4,61920
1342074,tt4465564,4.6,120404
1342137,tt4466864,4.8,2963
1342271,tt4468634,6.4,17176
1342288,tt4468740,7.8,112566
1342456,tt4471388,4.2,3466
1342631,tt4473938,5.9,233
1342863,tt4477536,4.6,82192
1343098,tt4481414,7.6,157390
1343106,tt4481514,5.6,50027
1343506,tt4486986,5.4,14540
1344040,tt4495098,7.1,132909
1344257,tt4498818,3.5,244
1344393,tt4500922,6.3,188518
1344413,tt4501244,6.2,134489
1344429,tt4501454,6.3,15081
1344624,tt4504044,5.9,30922
1344816,tt4507090,4.4,186
1345145,tt4511566,3.3,2588
1345352,tt4513674,6.6,84499
1345353,tt4513678,7.0,239320
1345475,tt4515684,6.7,3321
1345512,tt4516162,7.0,8557
1345791,tt4520364,5.9,49511
1345840,tt4520988,6.8,216628
1345978,tt4523112,7.1,4215
1346288,tt4526922,8.6,74
1346358,tt4527664,5.9,426
1346369,tt4528386,5.6,510
1346507,tt4530422,6.6,114838
1346605,tt4532038,5.7,27765
1346670,tt4532826,5.4,85967
1346871,tt4535650,5.1,41621
1346966,tt4537362,1.2,715
1347006,tt4537896,6.5,48337
1347071,tt4538916,6.8,7808
1347182,tt4540710,7.5,88063
1347719,tt4549796,7.8,39
1347742,tt4550098,7.4,336617
1347812,tt4551318,7.1,2136
1348091,tt4555426,7.4,241584
1348152,tt4557014,6.7,3546
1348240,tt4558200,6.5,9308
1348290,tt4559046,5.0,12433
1348381,tt4560436,6.1,93136
1348781,tt4566758,5.8,167201
1349170,tt4572514,7.3,121413
1349182,tt4572792,6.6,30605
1349249,tt4573516,5.9,9505
1349381,tt4575576,7.2,90261
1349762,tt4581576,5.7,28329
1350084,tt4586974,8.3,19
1350190,tt4589218,5.4,135250
1350221,tt4590218,8.1,17
1350308,tt4591310,5.9,3733
1350698,tt4597454,6.5,884
1350922,tt4600952,4.0,15365
1350993,tt4602066,6.3,13551
1351291,tt4608574,2.9,937
1351714,tt4613272,7.3,4990
1351831,tt4614612,6.5,5911
1352306,tt4622512,6.7,63283
1352445,tt4624424,6.8,71919
1352525,tt4625352,9.5,12
1352542,tt4625752,4.4,533
1352627,tt4627382,7.0,56622
1352742,tt4629032,6.8,2216
1352852,tt4630562,6.6,272215
1352929,tt4632440,6.5,2939
1352994,tt4633694,8.4,776416
1353033,tt4634422,6.6,970
1353114,tt4635548,6.5,1974
1353452,tt4643432,7.0,1553
1353458,tt4643580,5.8,1369
1353521,tt4644382,6.7,5093
1353563,tt4645330,6.8,24835
1353567,tt4645368,6.8,26197
1353784,tt4649416,6.2,9257
1353795,tt4649466,6.7,398491
1353928,tt4651410,4.6,10251
1353935,tt4651466,6.2,10443
1353939,tt4651520,6.2,140624
1354268,tt4656810,2.4,489
1354961,tt4667094,3.6,24516
1355072,tt4669186,6.0,10255
1355121,tt4669788,7.1,42008
1355137,tt4669986,7.0,38416
1355695,tt4677924,4.2,2557
1355778,tt4679076,7.8,17
1355795,tt4679210,8.3,27876
1355838,tt4680182,6.2,73631
1355969,tt4682266,5.3,100419
1356007,tt4682786,6.8,108871
1356008,tt4682788,6.4,23872
1356010,tt4682810,5.3,2757
1356031,tt4683366,6.2,5562
1356185,tt4685762,4.6,18676
1356254,tt4686604,6.5,1078
1356276,tt4686844,7.3,125360
1356340,tt4687848,5.8,5283
1356680,tt4692368,7.4,3503
1356800,tt4693612,6.3,3284
1356886,tt4695012,6.1,110330
1357123,tt4698684,7.8,151940
1357315,tt4700756,5.1,513
1357334,tt4701182,6.7,206330
1357371,tt4701660,6.2,10876
1357378,tt4701688,7.1,3732
1357379,tt4701702,6.9,4528
1357382,tt4701724,6.1,25233
1357479,tt4703182,4.7,689
1357844,tt4707274,5.6,659
1358192,tt4712810,5.9,53254
1358284,tt4714204,3.8,176
1358312,tt4714782,6.1,45588
1358321,tt4714896,5.7,1278
1358490,tt4717208,4.1,609
1358529,tt4717746,2.5,340
1359317,tt4726636,6.0,5088
1359331,tt4726988,5.3,1069
1359554,tt4729896,6.9,2756
1359618,tt4730838,6.8,771
1359624,tt4731008,5.4,7028
1359633,tt4731136,6.4,122508
1359635,tt4731148,5.6,15322
1359647,tt4731504,7.5,904
1359658,tt4732072,9.4,54
1360108,tt4738174,6.6,4605
1360583,tt4741504,4.8,359
1360668,tt4742670,6.5,759
1360844,tt4744086,5.7,6670
1360991,tt4746484,6.5,2568
1362093,tt4761270,5.8,686
1362116,tt4761916,6.1,42498
1362287,tt4765284,5.8,77870
1362537,tt4768764,7.0,9136
1362749,tt4771774,7.0,62
1362750,tt4771796,4.6,614
1362758,tt4771896,6.7,13066
1362788,tt4772188,7.9,122908
1362845,tt4773112,5.0,501
1362851,tt4773160,6.0,110
1363054,tt4776998,6.1,180240
1363057,tt4777008,6.6,131102
1363107,tt4777660,5.4,265
1363179,tt4778988,6.5,8705
1363232,tt4779682,5.7,226013
1363467,tt4786282,6.3,151267
1363569,tt4788602,6.6,1176
1363787,tt4791322,5.5,1293
1364239,tt4799050,5.2,58541
1364242,tt4799066,6.6,39555
1364516,tt4806232,8.0,5504
1364666,tt4809458,5.1,7326
1364812,tt4814290,7.2,15063
1365303,tt4823776,5.9,25329
1365327,tt4824302,5.7,41982
1365329,tt4824308,4.4,14253
1365429,tt4827558,5.7,44966
1365730,tt4832640,7.1,58511
1365790,tt4833824,7.8,8600
1366095,tt4838334,4.4,471
1366205,tt4840206,7.4,5492
1366446,tt4844148,6.5,7031
1366597,tt4846232,7.3,153981
1366605,tt4846340,7.8,285568
1366637,tt4846920,6.4,212
1366809,tt4849438,8.2,132284
1366901,tt4851630,8.3,11717
1366975,tt4853102,6.4,65265
1367036,tt4853910,3.2,348
1367250,tt4857264,8.0,210825
1367772,tt4864932,5.4,11604
1367820,tt4865436,4.6,3708
1368051,tt4871022,4.8,267
1368159,tt4873118,7.5,205836
1368397,tt4877122,3.5,78790
1368633,tt4881242,5.1,1021
1368690,tt4881806,6.1,377406
1369117,tt4888834,8.0,7541
1369208,tt4892424,6.0,24
1369241,tt4892962,5.0,230
1369623,tt4899880,8.2,1489
1369642,tt4900148,6.7,39740
1369670,tt4900716,7.7,33671
1369713,tt4901756,5.3,1746
1369726,tt4901934,5.5,48
1369791,tt4902904,6.3,2676
1369969,tt4906960,4.9,5555
1370324,tt4912910,7.7,416811
1370369,tt4913966,5.3,65291
1370397,tt4914580,7.1,11935
1370508,tt4916630,7.6,83966
1370532,tt4917224,4.5,5027
1370607,tt4919268,6.5,111186
1370899,tt4924656,6.9,13
1370943,tt4925292,7.4,360647
1371007,tt4926538,5.0,2316
1371091,tt4927984,5.7,612
1371510,tt4935418,5.8,14079
1371536,tt4935782,3.6,215
1371602,tt4936450,7.3,15403
1371799,tt4939066,6.2,6703
1371866,tt4940370,6.3,7005
1371871,tt4940456,4.6,1965
1372040,tt4943322,6.4,27132
1372145,tt4944596,7.1,13330
1372374,tt4947672,6.2,133
1372377,tt4947738,5.3,338
1372500,tt4949290,3.7,2421
1372545,tt4950110,5.9,4556
1372798,tt4954522,6.9,95910
1373144,tt4959750,5.7,4457
1373200,tt4960748,7.2,17623
1373412,tt4964788,6.9,40127
1373554,tt4967094,7.4,6654
1373627,tt4967920,5.5,3625
1373671,tt4968738,5.8,746
1373883,tt4971344,6.9,75071
1373949,tt4972582,7.3,615832
1374138,tt4975722,7.4,349855
1374149,tt4975920,5.9,10377
1374310,tt4978420,4.7,56149
1374545,tt4981636,6.1,10857
1374571,tt4981966,7.9,26365
1374894,tt4991384,8.4,15132
1374956,tt4992086,7.7,4961
1375134,tt4996328,7.4,19141
1375315,tt4998632,6.1,112047
1375556,tt5001718,6.3,44404
1375559,tt5001754,5.9,44039
1376163,tt5013056,7.8,800036
1377005,tt5027774,8.1,601373
1377036,tt5028340,6.6,100346
1377410,tt5033998,5.0,84576
1377472,tt5034474,4.7,9895
1377484,tt5034838,6.3,264807
1377771,tt5040012,7.1,259622
1378137,tt5046070,6.3,288
1378554,tt5052448,7.8,805259
1378558,tt5052474,7.1,189025
1379162,tt5057300,5.6,279
1380120,tt5071886,6.1,15366
1380234,tt5073642,6.1,64114
1380302,tt5074352,8.3,239771
1380545,tt5077538,5.1,367
1380620,tt5078852,6.2,11192
1380718,tt5080556,6.0,30152
1380876,tt5082014,8.1,14906
1381019,tt5083738,7.5,256550
1381693,tt5090568,6.0,129582
1381737,tt5091108,5.1,703
1381754,tt5091538,6.2,2990
1381760,tt5091612,7.3,6983
1381804,tt5092380,5.9,8300
1382000,tt5095030,7.0,490201
1382112,tt5096536,6.8,3726
1382703,tt5104604,7.8,209126
1382960,tt5108476,4.2,8745
1383001,tt5108870,5.1,170170
1383037,tt5109280,7.3,186374
1383057,tt5109784,6.6,266492
1383306,tt5112966,6.1,824
1383313,tt5113040,6.4,77397
1383314,tt5113044,6.5,103864
1383628,tt5117670,6.6,52388
1383727,tt5119202,9.5,100
1383804,tt5120010,5.0,353
1383860,tt5120640,7.3,5832
1384008,tt5121816,6.3,30076
1384052,tt5122374,5.4,1476
1384188,tt5124206,8.1,54
1384268,tt5125414,4.7,1830
1384436,tt5127406,7.8,20
1384898,tt5132186,8.3,15
1384959,tt5133392,6.4,1271
1385567,tt5140878,6.5,168437
1385580,tt5141042,6.9,1646
1385656,tt5141848,4.7,119
1385680,tt5142216,6.2,40
1386311,tt5151622,3.6,145
1386440,tt5153860,4.3,1543
1386699,tt5156746,6.2,6401
1386750,tt5157420,5.5,44
1386951,tt5161058,6.4,1559
1387020,tt5161658,4.5,857
1387082,tt5162658,5.7,2009
1387164,tt5164214,6.3,259608
1387174,tt5164432,7.5,133574
1387209,tt5164926,8.7,9
1387228,tt5165344,7.0,31201
1387936,tt5176252,6.2,4898
1387995,tt5177088,6.1,55229
1387997,tt5177114,7.5,19600
1387998,tt5177120,6.8,153965
1388063,tt5178278,6.3,9316
1388151,tt5179252,4.7,347
1388312,tt5181260,6.1,2681
1388730,tt5187886,5.7,2755
1388902,tt5190958,8.7,2789
1389412,tt5197544,5.4,8144
1389485,tt5198068,8.0,44291
1389519,tt5198844,6.2,426
1389525,tt5198890,5.9,19754
1390258,tt5208216,6.2,11494
1390262,tt5208252,6.6,53539
1390322,tt5208950,5.0,6670
1390389,tt5209546,7.2,10
1390965,tt5215952,7.4,97118
1391365,tt5220122,6.3,98156
1391450,tt5221584,7.4,21931
1391737,tt5225338,6.2,15694
1391753,tt5225580,7.8,686
1391858,tt5226984,6.8,6765
1391861,tt5227024,5.2,41
1392198,tt5232522,6.2,514
1392517,tt5238240,6.3,3162
1393164,tt5247022,7.3,94861
1393620,tt5253372,3.0,74
1393684,tt5254610,5.8,15236
1393687,tt5254640,6.1,1527
1393989,tt5258850,7.4,12112
1394046,tt5259822,5.1,11377
1394058,tt5259966,5.5,3021
1394615,tt5264304,6.8,60
1394873,tt5266218,5.3,1296
1395159,tt5269792,6.8,9
1395263,tt5270948,6.4,15359
1395314,tt5271442,7.9,3921
1395450,tt5273624,5.5,3965
1395845,tt5278832,6.2,11024
1395938,tt5280308,9.5,61
1396074,tt5282006,6.3,3534
1396308,tt5286444,7.6,25106
1396683,tt5290524,6.7,14180
1396724,tt5290882,6.6,4041
1396758,tt5291232,6.8,244
1396991,tt5294550,6.8,96002
1397187,tt5297140,5.2,649
1397203,tt5297256,6.7,10271
1397228,tt5297578,5.6,823
1397392,tt5299638,6.3,173
1397466,tt5300754,5.2,94
1397532,tt5301662,7.3,28714
1397741,tt5304464,6.6,17949
1398085,tt5308322,6.6,183892
1398138,tt5310090,7.6,12925
1398252,tt5311514,8.4,384934
1398255,tt5311542,7.7,27920
1398317,tt5312232,8.3,16272
1398325,tt5312306,6.1,1015
1398429,tt5314190,6.9,2844
1398787,tt5320514,7.6,4831
1398916,tt5322012,5.1,25606
1399107,tt5325452,4.7,10134
1399120,tt5325684,3.4,1990
1399165,tt5326448,7.3,1164
1399256,tt5328004,9.3,8
1399541,tt5331532,5.2,668
1399693,tt5333612,7.5,2922
1400294,tt5340300,7.1,14805
1400307,tt5340522,6.3,1771
1400973,tt5348236,6.7,3197
1401404,tt5354160,8.9,30905
1401746,tt5358714,6.3,942
1401906,tt5360952,5.2,23595
1401910,tt5360996,5.9,12210
1402027,tt5362988,7.7,311445
1402870,tt5376232,7.7,3186
1403308,tt5390504,7.3,58722
1403350,tt5396900,4.8,47
1403366,tt5397194,6.1,51605
1403383,tt5397464,6.1,108
1403797,tt5423310,7.5,797
1404334,tt5431016,3.2,1254
1404546,tt5433138,5.2,178236
1404547,tt5433140,5.7,143870
1404652,tt5434374,5.5,180
1404941,tt5439796,7.0,175685
1404942,tt5439812,6.4,19911
1404990,tt5440404,8.1,23
1405139,tt5442430,6.6,275213
1405446,tt5447140,4.3,153
1406148,tt5456546,3.7,12622
1406227,tt5457722,4.0,4004
1406231,tt5457772,6.6,8700
1406265,tt5458364,5.5,312
1406483,tt5460530,5.2,9853
1406569,tt5461944,7.6,77985
1406599,tt5462400,6.4,2529
1406611,tt5462602,7.5,149642
1406669,tt5463162,7.6,738056
1406835,tt5465472,7.9,52
1407002,tt5467644,5.7,14
1407070,tt5468300,6.3,4571
1407279,tt5472374,6.1,6634
1407415,tt5474042,4.7,8603
1407524,tt5475734,5.5,2604
1407548,tt5476182,4.3,9131
1407709,tt5478478,7.2,106371
1407962,tt5481184,4.5,3136
1408196,tt5485420,3.7,9
1408438,tt5489336,7.2,16
1408719,tt5492684,8.7,7
1409293,tt5500218,5.7,60946
1409534,tt5503686,6.3,112403
1410904,tt5523010,5.6,40352
1411129,tt5525650,7.1,49808
1411528,tt5531536,6.4,1039
1411782,tt5535276,6.5,68980
1411879,tt5537002,7.5,302551
1412194,tt5540188,6.8,10120
1412286,tt5540992,6.4,9693
1412881,tt5548032,7.3,4857
1413067,tt5551590,5.0,171
1413079,tt5552744,7.4,15
1413467,tt5559528,8.1,8813
1413599,tt5562804,3.8,40
1413639,tt5563334,6.7,54040
1413830,tt5565896,6.6,1264
1414028,tt5568402,7.7,80
1414314,tt5571734,8.0,51872
1414997,tt5580036,7.5,259553
1415025,tt5580266,7.5,43374
1415034,tt5580390,7.3,472560
1415861,tt5591458,5.4,439
1415930,tt5592248,6.3,65811
1416191,tt5595240,6.1,254
1416320,tt5597198,6.9,2793
1416602,tt5601424,8.2,319
1417005,tt5606538,6.7,5233
1417021,tt5606664,7.3,242766
1417552,tt5613484,7.4,86979
1417657,tt5614612,6.2,6289
1418051,tt5619332,5.6,42327
1419014,tt5636222,6.1,1034
1419175,tt5638642,6.4,140874
1419724,tt5646136,4.8,8148
1419943,tt5649108,6.6,48554
1419950,tt5649144,7.6,145348
1420257,tt5653294,6.6,6491
1420522,tt5656994,3.5,4834
1420526,tt5657028,6.5,11322
1420580,tt5657846,6.1,91965
1420582,tt5657856,7.1,82523
1420863,tt5662550,3.2,1542
1420887,tt5662932,7.3,17302
1421035,tt5664636,5.6,26164
1421391,tt5668770,7.3,11543
1421465,tt5669936,4.2,9908
1421470,tt5670152,5.9,22490
1421571,tt5671248,3.2,56
1421641,tt5672290,6.5,70473
1421765,tt5674658,6.9,1743
1421780,tt5674842,4.6,2222
1422184,tt5684466,6.8,4436
1422223,tt5685006,5.4,4834
1422424,tt5687334,6.6,6317
1422542,tt5688932,6.9,93640
1422634,tt5690360,3.3,42621
1422665,tt5690810,6.5,14695
1422681,tt5691024,4.0,5320
1422719,tt5691670,6.5,59576
1423019,tt5697572,2.8,58864
1423107,tt5699154,6.9,13258
1423230,tt5700672,7.6,301703
1423351,tt5701718,5.5,2784
1423860,tt5711148,6.7,11129
1424210,tt5715410,6.1,9014
1424240,tt5715874,7.0,212687
1424496,tt5719700,5.8,36924
1424498,tt5719748,6.2,84165
1424581,tt5721088,4.6,9028
1424706,tt5722530,4.9,128
1424961,tt5726086,5.7,79369
1424982,tt5726616,7.8,354979
1425007,tt5727208,7.4,351106
1425008,tt5727282,6.9,36166
1425428,tt5734576,5.2,29153
1425463,tt5735210,7.1,559
1425557,tt5736696,5.6,4880
1425935,tt5742306,6.2,330
1425940,tt5742374,6.7,134907
1426147,tt5746054,5.5,1470
1426243,tt5747714,3.4,1156
1426286,tt5748448,6.2,45018
1427052,tt5758778,5.8,144376
1427267,tt5761544,6.1,46135
1427312,tt5761968,7.1,21
1427463,tt5764096,7.9,35640
1428049,tt5774060,5.9,107318
1428081,tt5774450,6.7,51073
1428262,tt5776858,7.4,160232
1428289,tt5777312,5.8,25
1428376,tt5778384,6.0,530
1428414,tt5779228,5.7,27171
1428466,tt5780034,6.3,1551
1428806,tt5785170,7.2,25781
1428808,tt5785200,2.8,1068
1429696,tt5795282,7.7,1950
1430280,tt5804038,7.9,24679
1430303,tt5804314,4.7,3497
1430954,tt5813916,8.2,112504
1430965,tt5814060,5.4,193507
1431006,tt5814534,6.8,62168
1431167,tt5816374,6.6,6174
1431187,tt5816682,6.8,39865
1431625,tt5822132,4.8,261
1431676,tt5822536,6.6,33829
1431678,tt5822564,5.6,23966
1431715,tt5822848,5.8,901
1431827,tt5824826,8.2,12406
1431875,tt5825380,6.2,32662
1432018,tt5827916,7.4,31768
1432255,tt5832544,6.3,2833
1432412,tt5834262,6.1,62048
1432421,tt5834426,5.2,111567
1432621,tt5837242,7.1,4382
1433062,tt5842616,3.4,13745
1433492,tt5848272,7.0,203216
1433701,tt5851696,7.1,1724
1433710,tt5851904,7.4,4346
1433746,tt5852314,3.1,73
1433847,tt5855378,8.5,14
1434034,tt5858514,6.9,957
1434750,tt5867314,6.2,48524
1435050,tt5871080,7.3,9969
1435877,tt5883570,7.1,6509
1435916,tt5884052,6.5,195238
1435959,tt5884796,6.5,102690
1436062,tt5886046,6.4,158123
1436088,tt5886440,6.7,49175
1436538,tt5892746,6.6,3358
1436607,tt5893524,5.1,89
1437682,tt5910280,6.8,11938
1437696,tt5910350,5.6,5185
1437826,tt5912470,6.7,1623
1438333,tt5918982,6.5,53150
1438851,tt5925772,6.4,3768
1439286,tt5932728,7.2,54661
1439496,tt5935704,7.1,40335
1439643,tt5938084,5.7,2241
1439755,tt5939404,8.4,9
1439934,tt5941692,5.8,14228
1440235,tt5946128,7.4,47196
1440293,tt5946852,7.2,9325
1440455,tt5950044,7.0,389550
1440521,tt5951188,6.6,10995
1440685,tt5953594,5.1,529
1440837,tt5956100,5.9,36479
1441135,tt5960374,5.9,21316
1441142,tt5960464,6.8,1580
1441675,tt5968394,6.0,60291
1441808,tt5969696,7.1,9364
1441888,tt5970844,4.1,22945
1441931,tt5971474,7.2,177421
1441955,tt5971724,7.6,400
1442132,tt5974030,4.4,5957
1442564,tt5982852,7.2,30659
1442733,tt5986440,7.0,2557
1442880,tt5989218,6.9,26868
1442982,tt5990474,7.2,23759
1443032,tt5991410,5.3,2220
1443384,tt5994874,5.4,25
1443517,tt5996836,6.8,8206
1443587,tt5997666,5.1,24123
1443621,tt5998104,7.3,2675
1443805,tt6000478,6.5,47768
1444033,tt6003368,4.3,12662
1444722,tt6015328,6.7,4900
1444749,tt6015706,2.6,2193
1444951,tt6017942,5.8,20200
1445008,tt6018306,6.9,30345
1445041,tt6019206,8.8,25620
1445102,tt6020428,6.0,2676
1445130,tt6020800,5.4,14053
1445275,tt6022812,5.5,20
1445324,tt6023800,5.4,446
1445884,tt6032704,3.2,1207
1446907,tt6044910,6.5,5683
1447105,tt6047298,6.0,4555
1447476,tt6053438,7.1,66979
1447601,tt6054758,8.2,8401
1447608,tt6054874,6.1,4186
1447631,tt6055082,4.1,1327
1447922,tt6059074,6.6,3732
1448228,tt6062774,6.8,19786
1448240,tt6063050,5.9,10819
1448991,tt6073576,5.5,28
1449434,tt6079360,6.5,667
1450070,tt6087226,6.3,12834
1450619,tt6095090,4.6,3195
1450652,tt6095472,6.4,41471
1450811,tt6096852,6.2,93
1450879,tt6097918,6.9,2818
1451495,tt6105098,6.8,289982
1451586,tt6106526,5.2,337
1451665,tt6107548,6.5,43405
1451696,tt6108090,7.7,31971
1451710,tt6108178,6.6,39761
1452046,tt6113488,6.4,11668
1452435,tt6118820,8.4,19
1453350,tt6133130,7.0,30237
1453369,tt6133444,6.7,3534
1453370,tt6133466,5.2,77728
1453522,tt6135348,7.4,17607
1453901,tt6139732,6.9,312428
1454007,tt6141246,6.6,39863
1454172,tt6143568,4.5,12701
1454417,tt6146586,7.4,475322
1455043,tt6155172,7.6,177657
1455058,tt6155374,5.5,3341
1455086,tt6155648,7.9,9
1455103,tt6155922,4.5,1482
1455331,tt6160448,5.7,47443
1455332,tt6160504,4.5,468
1455542,tt6164502,7.1,7209
1455675,tt6166392,6.9,190595
1455793,tt6167894,7.9,7059
1455802,tt6168002,6.1,1572
1456317,tt6175394,6.4,3929
1456738,tt6182908,6.6,45316
1457017,tt6186430,7.5,1054
1457107,tt6188518,3.8,613
1457135,tt6189022,6.4,121795
1457449,tt6194530,6.6,3611
1457450,tt6194538,4.8,523
1457764,tt6199572,4.7,25057
1458018,tt6203702,2.5,9237
1458155,tt6205872,6.0,23275
1458310,tt6207956,6.2,1212
1458325,tt6208148,2.2,393920
1458402,tt6209534,4.6,348
1458521,tt6211418,4.9,486
1458526,tt6211480,5.4,821
1458529,tt6211506,5.2,330
1458598,tt6212478,7.0,52392
1458694,tt6213802,5.6,304
1458699,tt6213850,5.7,667
1458776,tt6214928,6.2,77842
1459030,tt6217564,5.0,5386
1459036,tt6217672,6.4,617
1459039,tt6217724,5.7,1018
1459043,tt6217804,4.1,5787
1459067,tt6217926,6.3,24211
1459074,tt6218010,4.8,9970
1459293,tt6221000,7.5,3085
1459539,tt6224580,4.3,276
1459560,tt6225012,6.8,5
1459579,tt6225520,7.0,21997
1459685,tt6227164,4.4,263
1459814,tt6228672,6.0,110
1460031,tt6231840,4.9,105
1460533,tt6237548,5.0,879
1460534,tt6237562,4.3,618
1461065,tt6244876,3.6,531
1461205,tt6246170,8.6,914
1461228,tt6246322,6.0,81062
1461321,tt6247708,3.9,402
1461326,tt6248178,1.6,1232
1461450,tt6251024,5.6,18384
1461728,tt6255828,5.0,290
1461757,tt6256468,5.9,170
1461815,tt6257174,6.6,27465
1461835,tt6257486,5.8,29
1461998,tt6259380,6.1,57521
1462177,tt6261146,6.1,197
1462376,tt6263850,7.5,555316
1462449,tt6264558,4.8,19
1462455,tt6264654,7.1,482670
1462526,tt6265828,6.8,85934
1462564,tt6266538,7.2,173676
1462802,tt6269810,5.4,2378
1463335,tt6278008,6.8,1148
1464012,tt6286666,6.1,943
1464028,tt6286796,6.6,2859
1464116,tt6288124,6.8,33004
1464154,tt6288694,5.7,14595
1464511,tt6294822,7.2,171083
1464846,tt6299040,7.5,15957
1465012,tt6302160,6.7,9502
1465094,tt6304046,6.9,39371
1465261,tt6306064,6.6,65647
1465499,tt6314690,5.4,1615
1465555,tt6315524,8.0,8096
1465646,tt6316138,8.2,47798
1465853,tt6318608,5.8,4301
1466032,tt6320628,7.3,629653
1466181,tt6322922,6.6,8578
1466314,tt6324278,7.0,46521
1466533,tt6327400,6.1,531
1466719,tt6329716,4.3,1646
1467007,tt6334354,7.2,454158
1467204,tt6337816,6.3,1737
1467618,tt6343314,7.1,168650
1467722,tt6344678,7.9,10
1467919,tt6348138,6.7,30596
1468065,tt6350444,8.0,15
1468175,tt6352548,5.4,1851
1468418,tt6355328,4.8,881
1468710,tt6359956,5.6,62185
1468904,tt6363436,5.0,3022
1469192,tt6367558,6.2,14689
1470776,tt6392808,7.2,5
1470907,tt6394270,6.8,135237
1471114,tt6397530,5.6,502
1471157,tt6398184,7.4,70638
1472359,tt6416676,6.5,731
1472391,tt6417204,7.0,1722
1472632,tt6421110,5.1,11474
1472805,tt6423362,5.9,8880
1472840,tt6423776,6.0,8344
1473115,tt6426832,5.4,1636
1473213,tt6428676,5.9,13584
1473721,tt6439020,6.4,23860
1473919,tt6441310,5.6,40
1474010,tt6443294,6.6,3945
1474016,tt6443346,6.1,301370
1474277,tt6447444,5.2,62
1474317,tt6447998,8.5,41
1474431,tt6449336,6.3,1021
1474432,tt6449342,5.5,62
1474449,tt6449580,6.6,24
1474501,tt6450186,7.3,20174
1474541,tt6450804,6.2,210706
1474618,tt6452574,7.6,66975
1474725,tt6455162,5.7,36013
1474828,tt6458228,6.8,1501
1474852,tt6458726,3.7,174
1474905,tt6459494,1.1,973
1475383,tt6466464,5.5,2049
1475429,tt6467044,5.3,19
1475450,tt6467266,7.3,99904
1475620,tt6469548,5.4,7698
1475735,tt6471410,3.4,304
1475804,tt6472976,7.2,95713
1475935,tt6475714,5.2,74415
1475957,tt6476140,5.4,49003
1476616,tt6487540,7.0,126
1476837,tt6491178,6.9,61497
1476942,tt6493286,7.7,7887
1477031,tt6494418,4.3,18471
1477067,tt6495056,6.6,45842
1477069,tt6495094,5.3,1561
1477113,tt6495770,5.2,12666
1477329,tt6499752,7.5,231465
1477930,tt6511932,5.5,26449
1477976,tt6512784,5.1,8719
1477998,tt6513084,7.7,12
1478000,tt6513120,7.0,92759
1478038,tt6513656,3.9,37990
1478117,tt6516228,8.5,13
1478224,tt6517874,5.9,589
1478453,tt6521876,5.6,30356
1478909,tt6528290,4.4,17933
1479155,tt6532192,5.8,340
1479335,tt6535880,6.3,45271
1479426,tt6537238,7.2,12952
1479911,tt6543652,7.5,65080
1480012,tt6545212,4.7,2189
1480604,tt6556670,6.1,10830
1480620,tt6556890,5.9,16475
1480743,tt6559390,6.3,2000
1481050,tt6565702,5.7,225998
1481082,tt6566142,8.1,13
1481323,tt6570098,4.9,2540
1481579,tt6574272,5.4,7668
1481742,tt6576288,7.3,1150
1482190,tt6587046,7.3,123845
1482224,tt6587640,6.1,32467
1482318,tt6588966,7.5,15145
1482820,tt6597454,6.0,614
1483163,tt6604188,6.2,71498
1484034,tt6620266,5.6,448
1484369,tt6628322,4.4,2889
1484373,tt6628394,7.1,177506
1485094,tt6643972,5.6,13680
1485112,tt6644200,7.5,651715
1485120,tt6644280,3.8,112
1485453,tt6649794,7.2,1730
1485534,tt6652708,4.5,5049
1485779,tt6659936,5.2,1459
1485919,tt6663582,6.1,86791
1486381,tt6673612,5.6,78379
1486392,tt6673840,7.2,8648
1486725,tt6680752,5.3,363
1486989,tt6685538,6.6,7151
1487135,tt6687734,6.4,59
1487342,tt6692354,7.2,16886
1487430,tt6693930,6.0,542
1487593,tt6697582,6.9,41415
1487839,tt6704346,2.8,95
1487912,tt6705612,6.6,1181
1488148,tt6710474,7.7,621597
1488233,tt6711660,6.8,2709
1488246,tt6712014,6.5,6822
1488537,tt6718170,7.0,283740
1488699,tt6721132,5.6,463
1488764,tt6722030,5.6,21585
1488791,tt6722802,5.4,14612
1488843,tt6723592,7.3,677510
1489512,tt6738136,6.4,64067
1490047,tt6747224,6.9,878
1490094,tt6748466,6.7,5561
1490179,tt6749318,4.4,4342
1490322,tt6751668,8.5,1144086
1490727,tt6760876,5.9,12806
1491255,tt6770082,5.5,86
1491459,tt6772804,4.4,19109
1491471,tt6772950,5.3,73292
1491547,tt6774196,7.5,196
1491549,tt6774212,5.3,5540
1491564,tt6774420,6.9,1614
1491577,tt6774786,4.5,17978
1491815,tt6777338,6.6,18377
1492195,tt6781982,5.6,48930
1492529,tt6788942,7.6,25326
1492631,tt6791096,5.7,60145
1492654,tt6791350,7.9,463175
1492768,tt6793580,7.2,12893
1492957,tt6797190,5.8,40
1493196,tt6802308,5.3,37048
1493323,tt6803212,6.4,15432
1493464,tt6805938,5.2,7461
1493475,tt6806448,6.4,255057
1493712,tt6811018,6.1,20336
1493829,tt6813504,7.7,199
1494063,tt6817944,6.8,8667
1494074,tt6818140,5.0,497
1494202,tt6820256,6.8,62997
1494350,tt6823148,6.7,29417
1494363,tt6823368,6.6,301843
1494369,tt6823698,3.8,767
1495025,tt6834916,5.1,4799
1495126,tt6836936,5.1,26561
1496080,tt6850102,8.5,7
1496191,tt6850820,6.5,75440
1496518,tt6856242,6.3,194295
1496590,tt6857112,6.8,387278
1496596,tt6857166,6.1,34784
1496622,tt6857332,7.4,29
1496982,tt6864046,7.0,19703
1497783,tt6878038,7.9,37409
1497801,tt6878306,6.8,100602
1497806,tt6878378,6.1,17788
1497823,tt6878882,6.6,8575
1497933,tt6881490,7.1,2506
1498724,tt6897974,7.2,6
1498962,tt6902332,5.7,48624
1498979,tt6902676,6.3,76919
1499248,tt6906292,5.4,27845
1499512,tt6910282,6.6,11521
1499568,tt6911608,6.6,119324
1499786,tt6916362,7.4,22071
1499908,tt6918220,6.5,3277
1499986,tt6920084,5.2,70813
1500095,tt6921996,6.2,90103
1500210,tt6924204,4.8,65
1500236,tt6924650,6.7,104286
1500606,tt6929642,6.5,11491
1500675,tt6931414,7.0,6747
1500683,tt6931658,6.7,6988
1500744,tt6932818,7.3,4891
1500746,tt6932874,5.9,26043
1501241,tt6947630,5.5,237
1501554,tt6951892,4.6,5230
1502453,tt6964554,5.3,707
1502543,tt6966692,8.2,674486
1502643,tt6967980,7.5,28406
1502816,tt6971752,6.9,12142
1503140,tt6977338,6.7,89127
1503331,tt6979756,6.6,6410
1503384,tt6980546,7.4,19959
1503450,tt6981702,5.7,2763
1503901,tt6987770,6.0,36309
1503976,tt6990206,3.4,33741
1504373,tt6997426,7.3,1969
1504437,tt6998518,6.5,98131
1504906,tt7008872,6.9,46016
1505152,tt7014006,7.3,86358
1505176,tt7014378,7.5,10400
1505250,tt7016254,6.3,6551
1505700,tt7025388,4.8,4947
1505742,tt7026672,6.5,25504
1506366,tt7037566,7.4,145
1506629,tt7040874,6.7,189097
1506955,tt7048622,7.6,19007
1507225,tt7054636,4.7,5558
1507433,tt7059626,7.8,66
1507605,tt7063130,5.2,563
1507633,tt7064498,6.5,4927
1507751,tt7066382,4.7,1841
1507877,tt7068946,6.6,124499
1507891,tt7069210,6.2,166908
1508123,tt7074886,6.1,14929
1508281,tt7076834,6.5,13341
1508402,tt7080422,5.7,2379
1508589,tt7083526,6.3,11799
1508689,tt7085164,6.5,528
1508893,tt7088508,7.1,171
1509181,tt7093904,5.8,2177
1509333,tt7095482,7.1,10208
1509454,tt7097896,5.9,300603
1509486,tt7098658,7.7,36708
1509912,tt7111402,5.2,2173
1510611,tt7125860,7.1,54872
1510675,tt7126948,5.3,309317
1510867,tt7130916,5.3,4027
1510917,tt7131622,7.6,951052
1510939,tt7131870,5.9,9544
1511005,tt7133202,6.3,761
1511057,tt7134096,5.4,21232
1511185,tt7136896,3.8,1478
1511216,tt7137380,6.2,33516
1511244,tt7137846,5.5,17720
1511321,tt7139246,5.1,660
1511354,tt7139936,6.4,57854
1511667,tt7144666,6.9,258287
1511770,tt7146812,7.4,184706
1512233,tt7153766,6.4,53330
1512496,tt7158430,6.9,12382
1512543,tt7159382,7.4,6476
1512550,tt7160070,7.2,21759
1512567,tt7160372,7.3,163341
1512983,tt7167630,6.7,20459
1513679,tt7181546,6.8,139063
1514066,tt7187860,5.0,538
1514108,tt7188858,3.6,8
1514221,tt7192164,5.8,78
1514338,tt7194618,6.9,364
1514640,tt7200946,4.8,9888
1514801,tt7204348,6.9,12301
1515616,tt7218518,7.8,32420
1516679,tt7238392,4.6,12047
1516802,tt7240130,8.8,69
1517208,tt7246542,4.8,15
1518596,tt7270808,6.9,8141
1518751,tt7273648,6.1,1031
1519006,tt7278824,6.5,6413
1519191,tt7282468,7.4,84909
1519328,tt7286250,4.9,23
1519341,tt7286456,8.3,1674493
1519374,tt7286966,3.2,6049
1519730,tt7294150,6.7,8294
1519748,tt7294400,5.3,1670
1519762,tt7294534,7.9,29987
1519774,tt7294844,7.0,424
1521181,tt7322224,7.2,213286
1521571,tt7329656,5.0,33462
1521581,tt7329858,6.6,7871
1521830,tt7334528,5.8,16988
1522084,tt7339248,6.6,43302
1522116,tt7339792,5.8,3731
1522465,tt7349662,7.5,311437
1522489,tt7349950,6.5,350237
1523067,tt7363076,7.4,23536
1523197,tt7365604,6.2,5883
1524379,tt7388562,6.7,11256
1524507,tt7390646,6.4,29448
1524680,tt7394816,4.9,12352
1524937,tt7401588,7.3,134531
1525043,tt7405458,7.5,206859
1525977,tt7424200,6.7,23541
1526113,tt7428166,3.7,179
1526213,tt7430722,6.6,39686
1526290,tt7431980,7.9,26
1526508,tt7437508,8.8,21
1526561,tt7439064,5.8,5015
1526813,tt7444626,8.6,28
1526882,tt7445206,8.3,24
1527071,tt7448180,5.9,9821
1527418,tt7456310,6.7,106661
1527527,tt7458762,6.9,23979
1527792,tt7465992,8.4,16430
1527805,tt7466442,7.0,23999
1527881,tt7468056,7.2,16261
1527902,tt7468616,5.7,5489
1529353,tt7497890,7.2,765
1529412,tt7499368,8.4,36
1529672,tt7504726,6.7,63694
1529915,tt7510222,6.2,76321
1529926,tt7510346,3.9,17425
1530154,tt7515456,5.9,5826
1530308,tt7518786,7.5,42692
1530367,tt7520068,8.7,257
1530405,tt7520532,5.5,430
1530638,tt7524414,7.1,5081
1530851,tt7527682,5.4,8200
1530936,tt7529298,6.8,17346
1531020,tt7531096,5.2,2576
1531385,tt7537738,5.2,3112
1531620,tt7541720,3.2,9608
1531825,tt7545266,4.7,16150
1531829,tt7545524,6.7,25434
1531917,tt7547410,6.1,38955
1531931,tt7547768,5.3,171
1532058,tt7549996,6.8,58097
1532943,tt7563890,4.3,246
1533744,tt7581124,4.8,109
1534073,tt7587604,4.8,2793
1534663,tt7599146,7.6,135849
1534786,tt7601480,6.3,14782
1535541,tt7616584,5.4,364
1535546,tt7616710,7.2,42
1535550,tt7616798,6.7,22467
1535615,tt7618184,7.2,22389
1535639,tt7618564,6.7,47
1536421,tt7634968,5.4,34589
1536649,tt7638344,4.7,12779
1536650,tt7638348,6.8,88983
1537321,tt7650604,6.0,6
1537421,tt7653254,7.9,369509
1537677,tt7657566,6.3,208402
1537959,tt7662118,7.9,110
1538326,tt7668870,7.6,191090
1539516,tt7690670,5.3,8035
1539656,tt7693316,6.6,32299
1540889,tt7713068,6.1,280859
1541024,tt7715988,7.6,1259
1541133,tt7718114,6.6,1440
1541298,tt7720922,5.9,6471
1541340,tt7721946,3.6,16097
1541531,tt7725596,7.9,40547
1541828,tt7731512,6.1,1506
1541956,tt7734218,6.2,54287
1542032,tt7736212,7.1,666
1542112,tt7737786,6.4,163730
1542151,tt7738450,7.0,20611
1542238,tt7740496,7.0,181314
1542240,tt7740510,5.9,49245
1542406,tt7745068,7.3,15237
1542739,tt7752126,6.1,120001
1542763,tt7752454,6.1,3625
1543300,tt7762454,1.7,112
1544487,tt7784604,7.3,448761
1544739,tt7791106,5.2,259
1544926,tt7795376,5.2,634
1545046,tt7798634,6.8,230227
1545048,tt7798646,6.1,6612
1545941,tt7816386,7.2,1867
1546106,tt7818580,6.9,7608
1546882,tt7832124,7.6,21585
1547425,tt7843946,7.1,4290
1547433,tt7844166,6.2,2959
1548119,tt7858472,6.1,1633
1548125,tt7858496,3.6,1071
1548636,tt7869070,4.1,13610
1549016,tt7876510,7.8,4667
1549082,tt7878846,6.2,1590
1549236,tt7881284,4.3,250
1549237,tt7881364,3.1,134
1549601,tt7888964,7.4,386435
1549986,tt7897348,5.6,3853
1549993,tt7897432,5.5,1143
1550189,tt7901384,5.4,1061
1550192,tt7901408,4.8,2239
1550271,tt7903530,5.2,5454
1550658,tt7909204,1.9,639
1550962,tt7914416,7.6,34841
1551209,tt7919680,7.6,20229
1551263,tt7921182,7.3,441
1552240,tt7938472,5.7,44
1552406,tt7941612,4.1,258
1552732,tt7946422,6.3,39985
1552749,tt7946836,6.4,5436
1553515,tt7958736,5.6,70136
1553527,tt7959026,7.0,167422
1553535,tt7959216,7.2,16972
1553612,tt7960962,8.0,17
1553619,tt7961060,7.7,36411
1553728,tt7963848,5.7,396
1553894,tt7967302,6.8,7857
1553902,tt7967412,6.6,9365
1553933,tt7967954,7.0,390
1554038,tt7970690,9.1,7
1554099,tt7972012,5.8,6754
1554327,tt7975244,6.6,315946
1554395,tt7976502,3.9,185
1554819,tt7984734,7.4,298320
1554866,tt7985704,6.3,108876
1555182,tt7991608,6.3,351410
1555348,tt7994188,6.3,806
1555669,tt8001346,6.7,12715
1555804,tt8004664,5.8,19998
1556037,tt8008948,6.3,42758
1556107,tt8010064,4.0,2983
1557351,tt8037610,8.1,597
1557360,tt8037658,4.0,108
1557361,tt8037662,5.2,140
1557460,tt8041270,5.6,242452
1557576,tt8043306,7.0,4317
1557704,tt8045906,7.2,15495
1557889,tt8047962,9.0,6
1557895,tt8048384,5.8,615
1557916,tt8049994,5.3,416
1558301,tt8059926,8.0,2505
1558306,tt8060054,7.7,973
1558374,tt8060328,5.6,6874
1558907,tt8071360,8.1,15
1558977,tt8072400,7.1,3721
1559257,tt8079248,6.8,183624
1559316,tt8080196,6.0,1431
1559317,tt8080204,5.5,45742
1559560,tt8085790,5.6,15927
1559854,tt8093700,6.9,82329
1559989,tt8096832,6.2,26374
1560032,tt8097306,5.0,8523
1560443,tt8106708,4.2,607
1560532,tt8108198,8.2,114950
1560534,tt8108202,7.5,47451
1560550,tt8108274,7.5,38508
1560569,tt8109800,6.4,111
1560585,tt8110232,6.3,68163
1560591,tt8110290,3.5,42
1560622,tt8110652,6.2,89026
1560872,tt8114980,5.5,43736
1560958,tt8115900,6.9,78173
1561038,tt8116428,7.1,10510
1561180,tt8119680,6.7,2787
1561738,tt8134670,7.5,130
1561743,tt8134742,5.4,20051
1562477,tt8151874,7.2,42756
1562644,tt8155288,6.2,95050
1563057,tt8166164,4.5,794
1563165,tt8169552,7.1,2708
1563544,tt8178634,7.8,201480
1563712,tt8183544,4.4,74
1563842,tt8185182,7.1,10570
1563875,tt8186318,6.7,6540
1564043,tt8190662,9.7,7
1564871,tt8206398,5.6,1907
1566009,tt8228288,7.0,320705
1566282,tt8235660,2.8,2840
1566298,tt8236336,7.2,56140
1566327,tt8237172,6.1,6224
1566587,tt8242084,6.4,41218
1566684,tt8244784,6.6,151345
1567178,tt8255452,5.7,689
1567686,tt8266310,6.9,28469
1567767,tt8267604,8.4,122617
1568159,tt8277246,5.9,2919
1568718,tt8286772,5.4,30
1568938,tt8290698,7.4,7212
1569003,tt8291806,7.5,66787
1569685,tt8305806,5.8,21556
1569687,tt8305852,6.3,6953
1569931,tt8310486,5.2,26855
1570780,tt8329148,6.6,2691
1570972,tt8332922,7.2,318564
1571030,tt8333746,6.3,15780
1571053,tt8333978,7.1,11132
1571122,tt8335880,7.0,3158
1571167,tt8337290,5.2,10613
1571742,tt8350360,5.9,100541
1572038,tt8356942,5.6,43280
1572195,tt8359848,6.9,88950
1572400,tt8363914,7.1,2955
1572428,tt8364368,6.1,101857
1572580,tt8366590,2.3,17826
1572630,tt8367814,7.8,452278
1572670,tt8368368,7.1,71395
1572673,tt8368406,5.9,88788
1572674,tt8368408,6.1,55394
1572873,tt8373206,5.8,18724
1573013,tt8376234,6.2,16706
1573067,tt8377736,3.5,1536
1573320,tt8385148,6.1,118421
1573344,tt8385474,7.5,32441
1573681,tt8393764,5.1,243
1573793,tt8395602,8.0,8
1573830,tt8396188,4.9,1205
1573944,tt8398768,5.8,793
1574169,tt8404256,5.4,48030
1574245,tt8406660,4.3,3540
1574250,tt8406750,5.7,240
1574329,tt8408288,5.4,45
1575516,tt8430054,7.9,21037
1575919,tt8438910,5.2,525
1577052,tt8461224,4.9,17070
1577772,tt8480678,3.2,2006
1577864,tt8483272,5.3,263
1578826,tt8503618,8.3,137303
1578834,tt8503732,8.1,17
1579237,tt8513070,7.6,501
1579647,tt8521778,6.2,38475
1580172,tt8532152,4.1,41
1580668,tt8544498,6.7,56327
1580918,tt8550054,6.3,26027
1581126,tt8554460,7.4,76
1581514,tt8561690,5.7,3200
1581617,tt8564902,4.1,7543
1581845,tt8574252,7.2,22076
1582138,tt8579674,8.2,761981
1582524,tt8589358,4.1,323
1582540,tt8589698,7.2,77279
1582649,tt8591526,6.9,4124
1582760,tt8594376,5.8,5632
1583146,tt8602654,8.7,3345
1583542,tt8613070,8.0,125633
1583684,tt8615732,6.1,1419
1583694,tt8615822,4.7,15982
1583983,tt8623904,6.5,105728
1584225,tt8633462,8.0,41616
1584228,tt8633478,6.7,111425
1584375,tt8637428,7.5,75311
1584460,tt8639326,3.7,1765
1584760,tt8649186,7.7,23806
1584768,tt8649252,6.9,8140
1584991,tt8652728,7.5,37389
1585410,tt8662114,5.7,172
1585430,tt8663516,5.7,60194
1586248,tt8682096,5.5,707
1586496,tt8686136,4.7,452
1586605,tt8688634,6.7,80240
1586754,tt8691532,6.8,9
1586875,tt8694428,6.2,22
1586917,tt8695030,5.4,101302
1588155,tt8722346,7.1,36979
1589477,tt8753438,6.3,1903
1589857,tt8760708,6.3,179822
1590161,tt8769226,5.3,164
1590263,tt8772262,7.1,477232
1590727,tt8781414,6.7,44474
1590914,tt8785134,6.4,1363
1591136,tt8790086,5.5,78532
1591297,tt8792898,6.3,663
1591507,tt8799390,6.3,92
1591832,tt8806768,5.6,2104
1592277,tt8820590,6.8,16673
1592429,tt8822390,2.0,135
1592765,tt8831284,6.9,847
1592952,tt8836988,6.6,23838
1593098,tt8840490,6.1,25
1593454,tt8847712,7.1,165781
1593503,tt8850222,5.5,42944
1594064,tt8864596,7.6,62604
1594159,tt8866456,5.8,8778
1594296,tt8869624,7.1,50
1594891,tt8881326,7.5,975
1594965,tt8883486,5.9,14682
1595148,tt8885088,4.3,32
1596452,tt8912936,6.8,79654
1597015,tt8925540,5.6,639
1597473,tt8937542,6.5,22
1597791,tt8946378,7.9,868310
1597927,tt8948208,5.4,1680
1598288,tt8956464,6.1,968
1598299,tt8956872,5.2,3909
1598405,tt8959680,7.1,3368
1598446,tt8960138,4.1,2116
1598825,tt8967900,5.7,291
1599039,tt8972256,5.8,8850
1599083,tt8974368,6.7,1050
1599559,tt8983202,7.0,45044
1600413,tt8999762,7.2,133350
1600826,tt9006564,8.3,16430
1601088,tt9013340,4.7,7570
1601296,tt9015746,3.9,1214
1601465,tt9019352,4.3,1371
1601530,tt9020536,7.9,1840
1601666,tt9024106,5.5,12116
1602158,tt9032400,6.2,423257
1602270,tt9034290,6.4,5688
1602427,tt9037222,5.3,640
1602892,tt9044418,3.4,1516
1603387,tt9051908,7.2,39121
1603454,tt9052870,8.3,71720
1603735,tt9056646,4.8,152
1604214,tt9063106,6.5,3442
1604268,tt9063684,6.2,864
1604274,tt9063902,7.2,7633
1604657,tt9071322,7.6,120224
1604739,tt9072352,6.0,32813
1604793,tt9073702,4.0,144
1605643,tt9086228,5.5,38805
1606307,tt9100018,5.9,45789
1606310,tt9100054,6.7,80881
1606585,tt9104736,3.3,18381
1606954,tt9110904,6.4,3521
1607061,tt9114286,6.6,365170
1607179,tt9115752,5.8,1249
1607930,tt9133370,6.1,1092
1607993,tt9134216,5.2,17687
1608739,tt9150192,5.7,74227
1609053,tt9155512,5.8,2143
1609501,tt9165806,4.2,1587
1609772,tt9172422,7.4,21686
1609791,tt9173002,4.8,1171
1609818,tt9173418,4.7,22373
1610248,tt9179430,8.3,88511
1610474,tt9185206,7.3,37312
1610834,tt9193690,5.5,131
1610997,tt9198364,6.7,71858
1611076,tt9199374,5.1,166
1611136,tt9201172,5.9,905
1611312,tt9204164,5.8,4114
1611489,tt9207700,6.0,12685
1611527,tt9208444,5.7,7711
1611872,tt9214772,6.8,98932
1611876,tt9214832,6.7,70740
1612018,tt9218128,6.5,289313
1612299,tt9224104,5.0,100392
1612308,tt9224288,5.1,6519
1612400,tt9226154,1.1,1306
1612565,tt9231040,7.1,24175
1612992,tt9243804,6.6,130078
1613282,tt9248972,6.6,20435
1613401,tt9252488,5.9,8152
1613536,tt9254940,3.9,744
1613773,tt9260446,5.9,1644
1613916,tt9263550,8.6,61855
1613930,tt9264336,7.2,4807
1614645,tt9284430,6.7,2670
1614674,tt9285882,6.3,9450
1614837,tt9288692,6.0,28930
1614840,tt9288726,6.3,3946
1614845,tt9288776,7.0,6291
1615368,tt9303772,5.4,1531
1616531,tt9334814,5.5,301
1616732,tt9340860,6.7,38467
1617051,tt9347730,5.9,82771
1617481,tt9354944,6.0,33388
1617566,tt9357050,6.1,20819
1617781,tt9362492,6.1,3439
1617787,tt9362722,8.5,509185
1617823,tt9362930,5.9,115329
1618039,tt9368628,6.2,2038
1618332,tt9376612,7.3,483423
1618527,tt9381682,5.9,4568
1618742,tt9387250,4.8,10117
1618752,tt9387352,5.2,492
1618831,tt9389998,7.6,99519
1619612,tt9411972,7.2,156299
1619620,tt9412268,6.3,6118
1619854,tt9419056,5.1,30799
1619896,tt9419884,6.9,538816
1619939,tt9420648,7.3,17944
1620121,tt9426210,7.5,68623
1620175,tt9427166,6.0,3739
1620786,tt9448656,6.8,243
1620928,tt9452824,4.8,42
1621285,tt9462944,6.3,2475
1622277,tt9484998,7.4,211279
1623170,tt9517302,8.0,27
1623650,tt9531772,5.8,81117
1623742,tt9534948,6.3,593
1623771,tt9536384,6.8,7
1623843,tt9537292,7.3,26386
1623850,tt9537346,7.3,3021
1623877,tt9537888,5.0,389
1623959,tt9541602,7.1,15267
1624469,tt9558468,5.4,3252
1624669,tt9564774,5.5,1697
1625908,tt9597838,6.5,3260
1626191,tt9603208,7.2,216971
1626192,tt9603212,7.6,323037
1626526,tt9614314,8.1,8
1626530,tt9614416,6.7,198
1626731,tt9619824,6.7,153758
1626750,tt9620288,7.5,169004
1626751,tt9620292,7.5,252065
1626931,tt9624766,2.9,11293
1627300,tt9634036,7.1,775
1627498,tt9639470,7.0,198203
1627885,tt9648672,3.8,8853
1627909,tt9648942,6.5,1674
1628500,tt9663764,5.6,115994
1628528,tt9664108,5.5,29741
1629270,tt9681728,6.3,833
1629278,tt9682428,4.7,31346
1629315,tt9684016,7.1,92
1629445,tt9686708,7.1,81490
1629724,tt9694312,4.5,2437
1630921,tt9731598,6.3,39237
1631058,tt9735462,6.3,3734
1631392,tt9742794,6.4,35040
1632037,tt9764362,7.2,489639
1632053,tt9764654,5.8,196
1632144,tt9766610,5.8,23
1632245,tt9770150,7.3,216221
1632611,tt9777666,6.6,251240
1632694,tt9779516,6.5,15230
1632846,tt9784798,7.4,113908
1633510,tt9805820,7.8,127
1633748,tt9812474,6.3,44201
1634099,tt9822864,4.9,30
1634670,tt9839038,6.2,1015
1634875,tt9844322,6.1,4640
1634895,tt9844522,5.8,67761
1635015,tt9848626,6.0,46745
1636098,tt9876312,7.8,12
1636125,tt9877170,6.5,13199
1636130,tt9877340,5.3,274
1636478,tt9883996,7.0,7676
1636903,tt9894470,6.1,10261
