,tconst,titleType,primaryTitle,originalTitle,isAdult,startYear,endYear,runtimeMinutes,genres
34793,tt0035423,movie,Kate & Leopold,Kate & Leopold,0,2001,\N,118,"Comedy,Fantasy,Romance"
110445,tt0113026,movie,The Fantasticks,The Fantasticks,0,2000,\N,86,"Musical,Romance"
115792,tt0118589,movie,Glitter,Glitter,0,2001,\N,104,"Drama,Music,Romance"
115892,tt0118694,movie,In the Mood for Love,Fa yeung nin wah,0,2000,\N,98,"Drama,Romance"
117579,tt0120467,movie,Vulgar,Vulgar,0,2000,\N,87,"Crime,Drama,Thriller"
117721,tt0120630,movie,Chicken Run,Chicken Run,0,2000,\N,84,"Adventure,Animation,Comedy"
117745,tt0120662,movie,Eye of the Beholder,Eye of the Beholder,0,1999,\N,109,"Drama,Mystery,Thriller"
117748,tt0120667,movie,Fantastic Four,Fantastic Four,0,2005,\N,106,"Action,Adventure,Fantasy"
117758,tt0120679,movie,Frida,Frida,0,2002,\N,123,"Biography,Drama,Romance"
117760,tt0120681,movie,From Hell,From Hell,0,2001,\N,122,"Crime,Horror,Mystery"
117772,tt0120695,video,From Dusk Till Dawn 3: The Hangman's Daughter,From Dusk Till Dawn 3: The Hangman's Daughter,0,1999,\N,94,"Horror,Thriller,Western"
117803,tt0120737,movie,The Lord of the Rings: The Fellowship of the Ring,The Lord of the Rings: The Fellowship of the Ring,0,2001,\N,178,"Adventure,Drama,Fantasy"
117818,tt0120753,movie,The Million Dollar Hotel,The Million Dollar Hotel,0,2000,\N,122,"Drama,Mystery,Romance"
117820,tt0120755,movie,Mission: Impossible II,Mission: Impossible II,0,2000,\N,123,"Action,Adventure,Thriller"
117861,tt0120804,movie,Resident Evil,Resident Evil,0,2002,\N,100,"Action,Horror,Sci-Fi"
117873,tt0120824,movie,The Shipping News,The Shipping News,0,2001,\N,111,Drama
117933,tt0120903,movie,X-Men,X-Men,0,2000,\N,104,"Action,Adventure,Sci-Fi"
117936,tt0120910,movie,Fantasia 2000,Fantasia 2000,0,1999,\N,75,"Animation,Family,Fantasy"
117937,tt0120912,movie,Men in Black II,Men in Black II,0,2002,\N,88,"Action,Adventure,Comedy"
117938,tt0120913,movie,Titan A.E.,Titan A.E.,0,2000,\N,94,"Action,Adventure,Animation"
117940,tt0120917,movie,The Emperor's New Groove,The Emperor's New Groove,0,2000,\N,78,"Adventure,Animation,Comedy"
118143,tt0121164,movie,Corpse Bride,Corpse Bride,0,2005,\N,77,"Animation,Comedy,Drama"
118660,tt0121765,movie,Star Wars: Episode II - Attack of the Clones,Star Wars: Episode II - Attack of the Clones,0,2002,\N,142,"Action,Adventure,Fantasy"
118661,tt0121766,movie,Star Wars: Episode III - Revenge of the Sith,Star Wars: Episode III - Revenge of the Sith,0,2005,\N,140,"Action,Adventure,Fantasy"
119296,tt0122459,movie,Return to Me,Return to Me,0,2000,\N,115,"Comedy,Drama,Romance"
121697,tt0125022,movie,Heartbreakers,Heartbreakers,0,2001,\N,123,"Comedy,Crime,Romance"
122662,tt0126029,movie,Shrek,Shrek,0,2001,\N,90,"Adventure,Animation,Comedy"
123893,tt0127349,movie,Waking the Dead,Waking the Dead,0,2000,\N,105,"Drama,Mystery,Romance"
127006,tt0130623,movie,Dinosaur,Dinosaur,0,2000,\N,82,"Adventure,Animation,Drama"
128034,tt0131704,movie,The Adventures of Rocky & Bullwinkle,The Adventures of Rocky and Bullwinkle,0,2000,\N,92,"Adventure,Comedy,Family"
128554,tt0132245,movie,Driven,Driven,0,2001,\N,116,"Action,Drama,Sport"
129408,tt0133152,movie,Planet of the Apes,Planet of the Apes,0,2001,\N,120,"Action,Adventure,Sci-Fi"
129496,tt0133240,movie,Treasure Planet,Treasure Planet,0,2002,\N,95,"Action,Adventure,Animation"
130298,tt0134084,movie,Scream 3,Scream 3,0,2000,\N,116,"Horror,Mystery"
130322,tt0134108,movie,Solstice,Solstice,0,1993,\N,48,Drama
131010,tt0134847,movie,Pitch Black,Pitch Black,0,2000,\N,109,"Horror,Sci-Fi,Thriller"
131132,tt0134983,movie,Supernova,Supernova,0,2000,\N,90,"Horror,Sci-Fi,Thriller"
133529,tt0137510,movie,Fallingwater: The Apprentices,Fallingwater: The Apprentices,0,1996,\N,57,Documentary
133544,tt0137526,video,Flesh and Boner,Flesh and Boner,1,1994,\N,\N,Adult
134483,tt0138524,movie,Intolerable Cruelty,Intolerable Cruelty,0,2003,\N,100,"Comedy,Crime,Romance"
134687,tt0138749,movie,The Road to El Dorado,The Road to El Dorado,0,2000,\N,89,"Adventure,Animation,Comedy"
134851,tt0138946,movie,The Yards,The Yards,0,2000,\N,115,"Crime,Drama,Romance"
135510,tt0139654,movie,Training Day,Training Day,0,2001,\N,122,"Crime,Drama,Thriller"
137169,tt0141399,movie,Isn't She Great,Isn't She Great,0,2000,\N,95,"Biography,Comedy,Drama"
137666,tt0141907,movie,Town & Country,Town & Country,0,2001,\N,104,"Comedy,Romance"
137685,tt0141926,movie,U-571,U-571,0,2000,\N,116,"Action,War"
139729,tt0144084,movie,American Psycho,American Psycho,0,2000,\N,102,"Crime,Drama,Horror"
140150,tt0144528,movie,Nutty Professor II: The Klumps,Nutty Professor II: The Klumps,0,2000,\N,106,"Comedy,Romance,Sci-Fi"
140568,tt0144964,movie,Highlander: Endgame,Highlander: Endgame,0,2000,\N,87,"Action,Adventure,Fantasy"
141064,tt0145487,movie,Spider-Man,Spider-Man,0,2002,\N,121,"Action,Adventure,Sci-Fi"
141488,tt0145937,movie,Naqoyqatsi,Naqoyqatsi,0,2002,\N,89,"Documentary,Music"
141843,tt0146309,movie,Thirteen Days,Thirteen Days,0,2000,\N,145,"Drama,History,Thriller"
141849,tt0146316,movie,Lara Croft: Tomb Raider,Lara Croft: Tomb Raider,0,2001,\N,100,"Action,Adventure,Fantasy"
142396,tt0146882,movie,High Fidelity,High Fidelity,0,2000,\N,113,"Comedy,Drama,Music"
142494,tt0146984,movie,The Legend of Bagger Vance,The Legend of Bagger Vance,0,2000,\N,126,"Drama,Sport"
145005,tt0149624,movie,All the Pretty Horses,All the Pretty Horses,0,2000,\N,116,"Drama,Romance,Western"
146486,tt0151150,movie,Josh,Josh,0,2000,\N,162,"Action,Drama,Musical"
151447,tt0156323,movie,Screwed,Screwed,0,2000,\N,81,"Comedy,Crime"
151924,tt0156812,movie,My Dog Skip,My Dog Skip,0,2000,\N,95,"Comedy,Drama,Family"
151952,tt0156841,movie,The Next Best Thing,The Next Best Thing,0,2000,\N,108,"Comedy,Drama,Romance"
152356,tt0157262,movie,2001: A Space Travesty,2001: A Space Travesty,0,2000,\N,99,"Comedy,Sci-Fi"
152555,tt0157472,movie,Clockstoppers,Clockstoppers,0,2002,\N,94,"Action,Adventure,Comedy"
153599,tt0158583,movie,Deterrence,Deterrence,0,1999,\N,104,"Drama,Thriller"
153622,tt0158607,movie,Evicted,Evicted,0,1999,\N,99,Comedy
153637,tt0158622,movie,The Flintstones in Viva Rock Vegas,The Flintstones in Viva Rock Vegas,0,2000,\N,90,"Comedy,Family,Romance"
154072,tt0159097,movie,The Virgin Suicides,The Virgin Suicides,0,1999,\N,97,"Drama,Romance"
154225,tt0159273,movie,Behind Enemy Lines,Behind Enemy Lines,0,2001,\N,106,"Action,Drama,Thriller"
154306,tt0159365,movie,Cold Mountain,Cold Mountain,0,2003,\N,154,"Adventure,Drama,Romance"
154893,tt0160009,movie,The Art of War,The Art of War,0,2000,\N,117,"Action,Adventure,Crime"
155005,tt0160127,movie,Charlie's Angels,Charlie's Angels,0,2000,\N,98,"Action,Adventure,Comedy"
155056,tt0160184,movie,D-Tox,D-Tox,0,2002,\N,96,"Crime,Thriller"
155234,tt0160399,movie,Impostor,Impostor,0,2001,\N,95,"Drama,Mystery,Sci-Fi"
155312,tt0160484,movie,Lost Souls,Lost Souls,0,2000,\N,97,"Drama,Horror,Thriller"
155322,tt0160498,movie,Luminarias,Luminarias,0,1999,\N,100,"Comedy,Romance"
155447,tt0160644,movie,Passion of Mind,Passion of Mind,0,2000,\N,105,"Drama,Fantasy,Mystery"
155588,tt0160797,movie,Rules of Engagement,Rules of Engagement,0,2000,\N,128,"Drama,Thriller,War"
155838,tt0161081,movie,What Lies Beneath,What Lies Beneath,0,2000,\N,130,"Drama,Horror,Mystery"
155840,tt0161083,movie,What's the Worst That Could Happen?,What's the Worst That Could Happen?,0,2001,\N,94,"Comedy,Crime"
156923,tt0162222,movie,Cast Away,Cast Away,0,2000,\N,143,"Adventure,Drama,Romance"
157038,tt0162346,movie,Ghost World,Ghost World,0,2001,\N,111,"Comedy,Drama"
157328,tt0162650,movie,Shaft,Shaft,0,2000,\N,99,"Action,Crime,Thriller"
157639,tt0162983,movie,Hanging Up,Hanging Up,0,2000,\N,94,"Comedy,Drama"
157680,tt0163025,movie,Jurassic Park III,Jurassic Park III,0,2001,\N,92,"Action,Adventure,Sci-Fi"
158298,tt0163676,movie,The in Crowd,The In Crowd,0,2000,\N,105,"Drama,Mystery,Thriller"
158581,tt0163978,movie,The Beach,The Beach,0,2000,\N,119,"Adventure,Drama,Romance"
158584,tt0163983,movie,Bless the Child,Bless the Child,0,2000,\N,107,"Crime,Drama,Horror"
158603,tt0164003,movie,City of Ghosts,City of Ghosts,0,2002,\N,116,"Crime,Drama,Thriller"
158649,tt0164052,movie,Hollow Man,Hollow Man,0,2000,\N,112,"Action,Horror,Sci-Fi"
158762,tt0164184,movie,The Sum of All Fears,The Sum of All Fears,0,2002,\N,124,"Action,Drama,Thriller"
158787,tt0164212,movie,Under Suspicion,Under Suspicion,0,2000,\N,110,"Crime,Drama,Thriller"
158897,tt0164334,movie,Along Came a Spider,Along Came a Spider,0,2001,\N,104,"Crime,Drama,Mystery"
160332,tt0165929,movie,Romeo Must Die,Romeo Must Die,0,2000,\N,115,"Action,Crime,Thriller"
160381,tt0165982,movie,Sinbad: Legend of the Seven Seas,Sinbad: Legend of the Seven Seas,0,2003,\N,86,"Adventure,Animation,Comedy"
160503,tt0166110,movie,Bones,Bones,0,2001,\N,96,"Crime,Fantasy,Horror"
160550,tt0166158,movie,Daddy and Them,Daddy and Them,0,2001,\N,101,"Comedy,Drama"
160658,tt0166276,movie,Monkeybone,Monkeybone,0,2001,\N,93,"Comedy,Fantasy"
161152,tt0166813,movie,Spirit: Stallion of the Cimarron,Spirit: Stallion of the Cimarron,0,2002,\N,83,"Adventure,Animation,Drama"
161251,tt0166924,movie,Mulholland Drive,Mulholland Dr.,0,2001,\N,147,"Drama,Mystery,Thriller"
161492,tt0167190,movie,Hellboy,Hellboy,0,2004,\N,122,"Action,Adventure,Fantasy"
161505,tt0167203,movie,I Dreamed of Africa,I Dreamed of Africa,0,2000,\N,114,"Adventure,Biography,Drama"
161555,tt0167260,movie,The Lord of the Rings: The Return of the King,The Lord of the Rings: The Return of the King,0,2003,\N,201,"Adventure,Drama,Fantasy"
161556,tt0167261,movie,The Lord of the Rings: The Two Towers,The Lord of the Rings: The Two Towers,0,2002,\N,179,"Adventure,Drama,Fantasy"
161738,tt0167456,movie,Thunderbirds,Thunderbirds,0,2004,\N,95,"Action,Adventure,Comedy"
162829,tt0168612,movie,The Playaz Court,The Playaz Court,0,2000,\N,97,"Crime,Drama,Mystery"
162844,tt0168629,movie,Dancer in the Dark,Dancer in the Dark,0,2000,\N,135,"Crime,Drama,Musical"
162986,tt0168786,movie,Antwone Fisher,Antwone Fisher,0,2002,\N,120,"Biography,Drama"
163045,tt0168856,movie,A Fish Tale,Hjælp! Jeg er en fisk,0,2000,\N,80,"Adventure,Animation,Comedy"
163260,tt0169102,movie,Lagaan: Once Upon a Time in India,Lagaan: Once Upon a Time in India,0,2001,\N,224,"Drama,Musical,Sport"
164099,tt0170016,movie,How the Grinch Stole Christmas,How the Grinch Stole Christmas,0,2000,\N,104,"Comedy,Family,Fantasy"
164749,tt0170691,movie,Tigerland,Tigerland,0,2000,\N,101,"Drama,War"
165391,tt0171356,movie,Gun Shy,Gun Shy,0,2000,\N,101,"Comedy,Crime,Romance"
165394,tt0171359,movie,Hamlet,Hamlet,0,2000,\N,112,"Drama,Romance,Thriller"
165465,tt0171433,movie,Keeping the Faith,Keeping the Faith,0,2000,\N,128,"Comedy,Drama,Romance"
165604,tt0171580,movie,Nurse Betty,Nurse Betty,0,2000,\N,110,"Comedy,Crime,Drama"
165937,tt0171928,movie,A Samba for Sherlock,O Xangô de Baker Street,0,2001,\N,124,"Comedy,Crime"
166109,tt0172109,movie,Alex l'ariete,Alex l'ariete,0,2000,\N,122,"Action,Crime"
166153,tt0172156,movie,Bad Boys II,Bad Boys II,0,2003,\N,147,"Action,Comedy,Crime"
166479,tt0172495,movie,Gladiator,Gladiator,0,2000,\N,155,"Action,Adventure,Drama"
167662,tt0173716,movie,Cecil B. Demented,Cecil B. Demented,0,2000,\N,87,"Comedy,Crime,Thriller"
167780,tt0173840,movie,Final Fantasy: The Spirits Within,Final Fantasy: The Spirits Within,0,2001,\N,106,"Action,Adventure,Animation"
168391,tt0174480,movie,Autumn in New York,Autumn in New York,0,2000,\N,103,"Drama,Romance"
169027,tt0175142,movie,Scary Movie,Scary Movie,0,2000,\N,88,Comedy
170575,tt0176783,movie,Gossip,Gossip,0,2000,\N,90,"Drama,Mystery,Thriller"
171402,tt0177650,movie,Company Man,Company Man,0,2000,\N,86,Comedy
171704,tt0177971,movie,The Perfect Storm,The Perfect Storm,0,2000,\N,130,"Action,Adventure,Drama"
172767,tt0179098,movie,Moonlight Mile,Moonlight Mile,0,2002,\N,117,"Drama,Romance"
172784,tt0179116,movie,But I'm a Cheerleader,But I'm a Cheerleader,0,1999,\N,85,"Comedy,Drama,Romance"
173250,tt0179626,movie,15 Minutes,15 Minutes,0,2001,\N,120,"Action,Crime,Drama"
173626,tt0180052,movie,The Adventures of Pluto Nash,The Adventures of Pluto Nash,0,2002,\N,95,"Action,Comedy,Sci-Fi"
173646,tt0180073,movie,Quills,Quills,0,2000,\N,124,"Biography,Drama"
173666,tt0180093,movie,Requiem for a Dream,Requiem for a Dream,0,2000,\N,102,Drama
174271,tt0180734,movie,Hardball,Hard Ball,0,2001,\N,106,"Comedy,Drama,Sport"
174667,tt0181151,movie,What Planet Are You From?,What Planet Are You From?,0,2000,\N,105,"Comedy,Sci-Fi"
175027,tt0181536,movie,Finding Forrester,Finding Forrester,0,2000,\N,136,"Drama,Sport"
175165,tt0181689,movie,Minority Report,Minority Report,0,2002,\N,145,"Action,Crime,Mystery"
175210,tt0181739,movie,Osmosis Jones,Osmosis Jones,0,2001,\N,95,"Action,Adventure,Animation"
175296,tt0181836,movie,The Specials,The Specials,0,2000,\N,82,"Action,Comedy,Fantasy"
175310,tt0181852,movie,Terminator 3: Rise of the Machines,Terminator 3: Rise of the Machines,0,2003,\N,109,"Action,Sci-Fi"
175322,tt0181865,movie,Traffic,Traffic,0,2000,\N,147,"Crime,Drama,Thriller"
175332,tt0181875,movie,Almost Famous,Almost Famous,0,2000,\N,122,"Adventure,Comedy,Drama"
175431,tt0181984,movie,Boiler Room,Boiler Room,0,2000,\N,120,"Crime,Drama,Thriller"
175446,tt0182000,movie,The Caveman's Valentine,The Caveman's Valentine,0,2001,\N,105,"Crime,Drama,Music"
175720,tt0182295,movie,Love's Labour's Lost,Love's Labour's Lost,0,2000,\N,93,"Comedy,Musical,Romance"
176839,tt0183505,movie,"Me, Myself & Irene","Me, Myself & Irene",0,2000,\N,116,Comedy
176857,tt0183523,movie,Mission to Mars,Mission to Mars,0,2000,\N,114,"Adventure,Sci-Fi,Thriller"
176971,tt0183649,movie,Phone Booth,Phone Booth,0,2002,\N,81,"Crime,Thriller"
176981,tt0183659,movie,Pollock,Pollock,0,2000,\N,122,"Biography,Drama"
177099,tt0183790,movie,A Knight's Tale,A Knight's Tale,0,2001,\N,132,"Action,Adventure,Drama"
177176,tt0183869,movie,Taxi 2,Taxi 2,0,2000,\N,88,"Action,Comedy,Crime"
178101,tt0184858,movie,Reindeer Games,Reindeer Games,0,2000,\N,104,"Action,Crime,Thriller"
178135,tt0184894,movie,Shanghai Noon,Shanghai Noon,0,2000,\N,110,"Action,Adventure,Comedy"
178148,tt0184907,movie,Snow Day,Snow Day,0,2000,\N,89,"Adventure,Comedy,Family"
178251,tt0185014,movie,Wonder Boys,Wonder Boys,0,2000,\N,107,"Comedy,Drama"
178413,tt0185183,movie,Battlefield Earth,Battlefield Earth,0,2000,\N,117,"Action,Adventure,Sci-Fi"
178644,tt0185431,movie,Little Nicky,Little Nicky,0,2000,\N,90,"Comedy,Fantasy"
179210,tt0186045,movie,Drowning Mona,Drowning Mona,0,2000,\N,96,"Comedy,Crime,Mystery"
179305,tt0186151,movie,Frequency,Frequency,0,2000,\N,118,"Crime,Drama,Mystery"
179394,tt0186253,movie,Jesus' Son,Jesus' Son,0,1999,\N,107,Drama
179687,tt0186566,movie,Space Cowboys,Space Cowboys,0,2000,\N,130,"Action,Adventure,Thriller"
179710,tt0186589,movie,Sugar & Spice,Sugar & Spice,0,2001,\N,81,"Comedy,Crime"
179998,tt0186894,movie,Bounce,Bounce,0,2000,\N,106,"Drama,Romance"
179999,tt0186895,movie,Les Boys III,Les Boys III,0,2001,\N,124,"Comedy,Drama,Sport"
180164,tt0187078,movie,Gone in 60 Seconds,Gone in Sixty Seconds,0,2000,\N,118,"Action,Crime,Thriller"
180452,tt0187393,movie,The Patriot,The Patriot,0,2000,\N,165,"Action,Drama,War"
180770,tt0187738,movie,Blade II,Blade II,0,2002,\N,117,"Action,Horror,Sci-Fi"
181426,tt0188453,movie,Birthday Girl,Birthday Girl,0,2001,\N,93,"Comedy,Crime,Thriller"
182098,tt0189192,movie,Just Visiting,Just Visiting,0,2001,\N,88,"Adventure,Comedy,Fantasy"
182855,tt0189998,movie,Shadow of the Vampire,Shadow of the Vampire,0,2000,\N,92,"Drama,Horror"
182987,tt0190138,movie,The Whole Nine Yards,The Whole Nine Yards,0,2000,\N,98,"Comedy,Crime"
183161,tt0190332,movie,"Crouching Tiger, Hidden Dragon",Wo hu cang long,0,2000,\N,120,"Action,Adventure,Drama"
183199,tt0190374,movie,Dungeons & Dragons,Dungeons & Dragons,0,2000,\N,107,"Action,Adventure,Fantasy"
183337,tt0190524,movie,Left Behind: The Movie,Left Behind,0,2000,\N,96,"Action,Drama,Fantasy"
183399,tt0190590,movie,"O Brother, Where Art Thou?","O Brother, Where Art Thou?",0,2000,\N,107,"Adventure,Comedy,Crime"
183650,tt0190865,movie,Vertical Limit,Vertical Limit,0,2000,\N,124,"Action,Adventure,Drama"
183901,tt0191133,movie,The Fighting Temptations,The Fighting Temptations,0,2003,\N,123,"Comedy,Drama,Music"
184140,tt0191397,movie,The Replacements,The Replacements,0,2000,\N,118,"Comedy,Sport"
184465,tt0191754,movie,28 Days,28 Days,0,2000,\N,103,"Comedy,Drama"
184761,tt0192071,movie,Get Over It,Get Over It,0,2001,\N,87,"Comedy,Romance"
184797,tt0192111,movie,Head Over Heels,Head Over Heels,0,2001,\N,86,"Comedy,Mystery,Romance"
184937,tt0192255,movie,The Little Vampire,The Little Vampire,0,2000,\N,95,"Adventure,Comedy,Family"
185279,tt0192614,movie,The Skulls,The Skulls,0,2000,\N,106,"Action,Crime,Drama"
185389,tt0192731,movie,Urban Legends: Final Cut,Urban Legends: Final Cut,0,2000,\N,97,"Horror,Mystery"
186164,tt0193560,movie,Texas Rangers,Texas Rangers,0,2001,\N,90,"Action,Adventure,Drama"
186774,tt0194218,movie,Panic,Panic,0,2000,\N,88,"Comedy,Crime,Drama"
187235,tt0194704,movie,Birds of Passage,Birds of Passage,0,2001,\N,115,"Action,Adventure,Crime"
187733,tt0195234,movie,Saving Grace,Saving Grace,0,2000,\N,93,"Comedy,Crime"
188140,tt0195685,movie,Erin Brockovich,Erin Brockovich,0,2000,\N,131,"Biography,Drama"
188167,tt0195714,movie,Final Destination,Final Destination,0,2000,\N,98,"Horror,Thriller"
188227,tt0195778,movie,Here on Earth,Here on Earth,0,2000,\N,96,"Drama,Romance"
188381,tt0195945,movie,Next Friday,Next Friday,0,2000,\N,98,Comedy
188583,tt0196158,movie,Ticker,Ticker,0,2001,\N,92,"Action,Crime,Thriller"
188637,tt0196216,movie,Small Time Crooks,Small Time Crooks,0,2000,\N,94,"Comedy,Crime"
188650,tt0196229,movie,Zoolander,Zoolander,0,2001,\N,90,Comedy
190338,tt0198021,movie,Where the Heart Is,Where the Heart Is,0,2000,\N,120,"Comedy,Drama,Romance"
191031,tt0198781,movie,"Monsters, Inc.","Monsters, Inc.",0,2001,\N,92,"Adventure,Animation,Comedy"
191507,tt0199290,movie,3 Strikes,3 Strikes,0,2000,\N,82,Comedy
191802,tt0199626,movie,In the Cut,In the Cut,0,2003,\N,119,"Mystery,Thriller"
191893,tt0199725,movie,Love & Basketball,Love & Basketball,0,2000,\N,124,"Drama,Romance,Sport"
191919,tt0199753,movie,Red Planet,Red Planet,0,2000,\N,106,"Action,Sci-Fi,Thriller"
192155,tt0200027,movie,Riding in Cars with Boys,Riding in Cars with Boys,0,2001,\N,132,"Biography,Comedy,Drama"
192552,tt0200465,movie,The Bank Job,The Bank Job,0,2008,\N,111,"Crime,Thriller"
192614,tt0200530,movie,Chuck & Buck,Chuck & Buck,0,2000,\N,96,"Comedy,Drama"
192632,tt0200550,movie,Coyote Ugly,Coyote Ugly,0,2000,\N,100,"Comedy,Drama,Music"
192744,tt0200669,movie,The Golden Bowl,The Golden Bowl,0,2000,\N,130,"Drama,Romance"
192790,tt0200720,movie,The House of Mirth,The House of Mirth,0,2000,\N,135,"Drama,Romance"
194287,tt0202402,movie,Whatever It Takes,Whatever It Takes,0,2000,\N,94,"Comedy,Drama,Romance"
194352,tt0202470,movie,Rock Star,Rock Star,0,2001,\N,105,"Drama,Music"
194537,tt0202677,movie,The Way of the Gun,The Way of the Gun,0,2000,\N,119,"Action,Crime,Drama"
194847,tt0203009,movie,Moulin Rouge!,Moulin Rouge!,0,2001,\N,127,"Drama,Musical,Romance"
194856,tt0203019,movie,Men of Honor,Men of Honor,0,2000,\N,129,"Biography,Drama"
195557,tt0203755,movie,One Night at McCool's,One Night at McCool's,0,2001,\N,93,"Comedy,Crime"
195918,tt0204137,movie,Animal Factory,Animal Factory,0,2000,\N,94,"Crime,Drama"
195954,tt0204175,movie,Boys and Girls,Boys and Girls,0,2000,\N,94,"Comedy,Drama,Romance"
196080,tt0204313,movie,Exorcist: The Beginning,Exorcist: The Beginning,0,2004,\N,114,"Horror,Mystery,Thriller"
196116,tt0204350,movie,Poor White Trash,Poor White Trash,0,2000,\N,85,"Comedy,Crime"
196679,tt0204946,movie,Bring It On,Bring It On,0,2000,\N,98,"Comedy,Romance,Sport"
196989,tt0205271,movie,Dr. T & the Women,Dr. T & the Women,0,2000,\N,122,"Comedy,Drama,Romance"
197171,tt0205461,movie,Thomas and the Magic Railroad,Thomas and the Magic Railroad,0,2000,\N,85,"Adventure,Comedy,Family"
197774,tt0206113,movie,Madison,Madison,0,2001,\N,99,"Drama,Sport"
197856,tt0206200,movie,Johnny the Partisan,Il partigiano Johnny,0,2000,\N,135,"Drama,War"
197879,tt0206226,movie,Psycho Beach Party,Psycho Beach Party,0,2000,\N,95,"Comedy,Horror,Mystery"
197922,tt0206275,movie,Save the Last Dance,Save the Last Dance,0,2001,\N,112,"Drama,Music,Romance"
197960,tt0206314,movie,Joy Ride,Joy Ride,0,2001,\N,97,"Mystery,Thriller"
198057,tt0206420,movie,Woman on Top,Woman on Top,0,2000,\N,92,"Comedy,Fantasy,Romance"
198256,tt0206634,movie,Children of Men,Children of Men,0,2006,\N,109,"Drama,Sci-Fi,Thriller"
198366,tt0206750,tvMovie,Navigating the Heart,Navigating the Heart,0,2000,\N,91,"Drama,Romance"
198524,tt0206917,movie,The Man Who Cried,The Man Who Cried,0,2000,\N,100,"Drama,Music,Romance"
198569,tt0206963,movie,My First Mister,My First Mister,0,2001,\N,109,"Comedy,Drama,Romance"
198788,tt0207201,movie,What Women Want,What Women Want,0,2000,\N,127,"Comedy,Fantasy,Romance"
199532,tt0208003,movie,Big Momma's House,Big Momma's House,0,2000,\N,99,"Action,Comedy,Crime"
199617,tt0208092,movie,Snatch,Snatch,0,2000,\N,102,"Comedy,Crime"
200343,tt0208874,movie,The Contender,The Contender,0,2000,\N,126,"Drama,Thriller"
200446,tt0208988,movie,Get Carter,Get Carter,0,2000,\N,102,"Action,Crime,Drama"
200528,tt0209077,movie,Ken Park,Ken Park,0,2002,\N,93,Drama
200592,tt0209144,movie,Memento,Memento,0,2000,\N,113,"Drama,Mystery,Thriller"
200610,tt0209163,movie,The Mummy Returns,The Mummy Returns,0,2001,\N,130,"Action,Adventure,Fantasy"
200902,tt0209475,movie,The Wedding Planner,The Wedding Planner,0,2001,\N,103,"Comedy,Romance"
201370,tt0209958,movie,The Cell,The Cell,0,2000,\N,107,"Crime,Horror,Sci-Fi"
201474,tt0210075,movie,Girlfight,Girlfight,0,2000,\N,110,"Drama,Sport"
201764,tt0210382,movie,The Weight of Water,The Weight of Water,0,2000,\N,114,"Crime,Drama,Mystery"
201933,tt0210567,movie,Beautiful,Beautiful,0,2000,\N,112,"Comedy,Drama"
201982,tt0210616,movie,Center Stage,Center Stage,0,2000,\N,115,"Drama,Music,Romance"
202282,tt0210945,movie,Remember the Titans,Remember the Titans,0,2000,\N,113,"Biography,Comedy,Drama"
202490,tt0211181,movie,102 Dalmatians,102 Dalmatians,0,2000,\N,100,"Adventure,Comedy,Family"
202733,tt0211443,movie,Jason X,Jason X,0,2001,\N,92,"Action,Horror,Sci-Fi"
202754,tt0211465,movie,Knockaround Guys,Knockaround Guys,0,2001,\N,92,"Crime,Drama,Thriller"
203062,tt0211792,tvMovie,Cutaway,Cutaway,0,2000,\N,104,"Action,Crime"
203183,tt0211915,movie,Amélie,Le fabuleux destin d'Amélie Poulain,0,2001,\N,122,"Comedy,Romance"
203200,tt0211933,movie,Awake,Awake,0,2007,\N,84,"Crime,Drama,Mystery"
203205,tt0211938,movie,Bait,Bait,0,2000,\N,119,"Action,Comedy,Crime"
203573,tt0212338,movie,Meet the Parents,Meet the Parents,0,2000,\N,108,"Comedy,Romance"
203581,tt0212346,movie,Miss Congeniality,Miss Congeniality,0,2000,\N,109,"Action,Comedy,Crime"
203932,tt0212712,movie,2046,2046,0,2004,\N,129,"Drama,Romance,Sci-Fi"
203940,tt0212720,movie,A.I. Artificial Intelligence,A.I. Artificial Intelligence,0,2001,\N,146,"Adventure,Drama,Sci-Fi"
204014,tt0212797,movie,The Bankers of God: The Calvi Affair,I banchieri di Dio,0,2002,\N,125,"Biography,Crime,Drama"
204042,tt0212826,movie,Bread and Roses,Bread and Roses,0,2000,\N,110,Drama
204193,tt0212985,movie,Hannibal,Hannibal,0,2001,\N,131,"Crime,Drama,Thriller"
204350,tt0213149,movie,Pearl Harbor,Pearl Harbor,0,2001,\N,183,"Action,Drama,Romance"
204401,tt0213203,movie,Rugrats in Paris,Rugrats in Paris: The Movie - Rugrats II,0,2000,\N,78,"Adventure,Animation,Comedy"
204965,tt0213790,movie,The Ladies Man,The Ladies Man,0,2000,\N,84,Comedy
205060,tt0213890,movie,Mohabbatein,Mohabbatein,0,2000,\N,216,"Drama,Musical,Romance"
205415,tt0214265,movie,Vajont - La diga del disonore,Vajont - La diga del disonore,0,2001,\N,116,Drama
205438,tt0214289,movie,Would I Lie to You? 2,La vérité si je mens! 2,0,2001,\N,105,Comedy
206219,tt0215129,movie,Road Trip,Road Trip,0,2000,\N,93,Comedy
206614,tt0215545,movie,Bamboozled,Bamboozled,0,2000,\N,135,"Comedy,Drama,Music"
206804,tt0215750,movie,Enemy at the Gates,Enemy at the Gates,0,2001,\N,131,"Action,Drama,War"
207253,tt0216216,movie,The 6th Day,The 6th Day,0,2000,\N,123,"Action,Mystery,Sci-Fi"
208090,tt0217107,movie,Trois,Trois,0,2000,\N,93,"Drama,Romance,Thriller"
208465,tt0217505,movie,Gangs of New York,Gangs of New York,0,2002,\N,167,"Crime,Drama"
208702,tt0217756,movie,Ready to Rumble,Ready to Rumble,0,2000,\N,107,"Comedy,Sport"
208814,tt0217869,movie,Unbreakable,Unbreakable,0,2000,\N,106,"Drama,Mystery,Sci-Fi"
209278,tt0218378,movie,The Claim,The Claim,0,2000,\N,120,"Drama,Romance,Western"
209507,tt0218619,movie,Soul Survivors,Soul Survivors,0,2001,\N,84,"Horror,Mystery,Thriller"
209688,tt0218817,movie,Antitrust,Antitrust,0,2001,\N,108,"Action,Crime,Drama"
209788,tt0218922,movie,Original Sin,Original Sin,0,2001,\N,116,"Crime,Drama,Mystery"
209828,tt0218967,movie,The Family Man,The Family Man,0,2000,\N,125,"Comedy,Drama,Fantasy"
210459,tt0219653,movie,Dracula 2000,Dracula 2000,0,2000,\N,99,"Action,Fantasy,Horror"
210499,tt0219699,movie,The Gift,The Gift,0,2000,\N,111,"Drama,Fantasy,Horror"
210608,tt0219822,movie,Human Nature,Human Nature,0,2001,\N,96,"Comedy,Drama"
210634,tt0219854,movie,The Kid,The Kid,0,2000,\N,104,"Comedy,Family,Fantasy"
210736,tt0219965,movie,Bandits,Bandits,0,2001,\N,123,"Action,Comedy,Crime"
210862,tt0220099,movie,The Tigger Movie,The Tigger Movie,0,2000,\N,77,"Adventure,Animation,Comedy"
210863,tt0220100,movie,Timecode,Timecode,0,2000,\N,97,"Drama,Romance"
211249,tt0220506,movie,Halloween: Resurrection,Halloween: Resurrection,0,2002,\N,90,"Horror,Thriller"
211408,tt0220673,video,Nunca asistas a este tipo de fiestas,Nunca asistas a este tipo de fiestas,0,2000,\N,70,"Comedy,Horror"
211743,tt0221027,movie,Blow,Blow,0,2001,\N,124,"Biography,Crime,Drama"
211913,tt0221218,movie,The Glass House,The Glass House,0,2001,\N,106,"Crime,Drama,Mystery"
212451,tt0221809,movie,Ayurveda: Art of Being,Ayurveda: Art of Being,0,2001,\N,102,Documentary
212475,tt0221838,movie,Borstal Boy,Borstal Boy,0,2000,\N,91,"Drama,Romance"
212631,tt0222012,movie,Hey Ram,Hey Ram,0,2000,\N,186,"Crime,Drama,History"
212641,tt0222024,movie,Hum Tumhare Hain Sanam,Hum Tumhare Hain Sanam,0,2002,\N,174,"Comedy,Drama,Romance"
213402,tt0222850,movie,The Broken Hearts Club: A Romantic Comedy,The Broken Hearts Club: A Romantic Comedy,0,2000,\N,94,"Comedy,Drama,Romance"
213403,tt0222851,movie,Brother,Brother,0,2000,\N,114,"Crime,Drama,Thriller"
213607,tt0223067,movie,Crónica de un desayuno,Crónica de un desayuno,0,2000,\N,109,Drama
214380,tt0223897,movie,Pay It Forward,Pay It Forward,0,2000,\N,123,Drama
215495,tt0225071,movie,Angel Eyes,Angel Eyes,0,2001,\N,102,"Drama,Romance"
217344,tt0227005,movie,Made,Made,0,2001,\N,95,"Comedy,Crime,Drama"
217528,tt0227194,movie,One 2 Ka 4,One 2 Ka 4,0,2001,\N,169,"Action,Crime,Drama"
217765,tt0227445,movie,The Score,The Score,0,2001,\N,124,"Crime,Drama,Thriller"
217855,tt0227538,movie,Spy Kids,Spy Kids,0,2001,\N,88,"Action,Adventure,Comedy"
218285,tt0227984,movie,Formula 51,The 51st State,0,2001,\N,93,"Action,Comedy,Crime"
218568,tt0228277,movie,Everything Put Together,Everything Put Together,0,2000,\N,89,Drama
218623,tt0228333,movie,Ghosts of Mars,Ghosts of Mars,0,2001,\N,98,"Action,Horror,Sci-Fi"
219015,tt0228750,movie,Proof of Life,Proof of Life,0,2000,\N,135,"Action,Drama,Thriller"
219488,tt0229260,movie,Book of Shadows: Blair Witch 2,Book of Shadows: Blair Witch 2,0,2000,\N,90,"Adventure,Fantasy,Horror"
219559,tt0229340,movie,Dinner Rush,Dinner Rush,0,2000,\N,99,"Crime,Drama,Romance"
220174,tt0230011,movie,Atlantis: The Lost Empire,Atlantis: The Lost Empire,0,2001,\N,95,"Action,Adventure,Animation"
220191,tt0230030,movie,Bedazzled,Bedazzled,0,2000,\N,93,"Comedy,Fantasy"
220745,tt0230600,movie,The Others,The Others,0,2001,\N,104,"Horror,Mystery,Thriller"
220976,tt0230838,movie,Sweet November,Sweet November,0,2001,\N,119,"Drama,Romance"
221522,tt0231402,movie,Crocodile Dundee in Los Angeles,Crocodile Dundee in Los Angeles,0,2001,\N,95,"Adventure,Comedy,Crime"
221568,tt0231448,movie,Deuces Wild,Deuces Wild,0,2002,\N,96,"Action,Drama"
221880,tt0231775,movie,Down to Earth,Down to Earth,0,2001,\N,87,"Comedy,Fantasy"
222588,tt0232500,movie,The Fast and the Furious,The Fast and the Furious,0,2001,\N,106,"Action,Crime,Thriller"
223179,tt0233142,movie,3000 Miles to Graceland,3000 Miles to Graceland,0,2001,\N,125,"Action,Comedy,Crime"
223497,tt0233469,movie,Collateral Damage,Collateral Damage,0,2002,\N,108,"Action,Drama,Thriller"
224215,tt0234215,movie,The Matrix Reloaded,The Matrix Reloaded,0,2003,\N,138,"Action,Sci-Fi"
224351,tt0234354,movie,Novocaine,Novocaine,0,2001,\N,95,"Comedy,Crime,Drama"
224815,tt0234829,movie,Summer Catch,Summer Catch,0,2001,\N,104,"Comedy,Drama,Romance"
225175,tt0235198,movie,Audition,Ôdishon,0,1999,\N,115,"Drama,Horror,Mystery"
225630,tt0235679,movie,Pokémon 3 the Movie: Spell of the Unown,Gekijôban Poketto Monsutâ Kesshôtô no Teiô Entei,0,2000,\N,93,"Action,Adventure,Animation"
225661,tt0235712,movie,Ring 0: Birthday,Ringu 0: Bâsudei,0,2000,\N,99,"Horror,Mystery,Thriller"
225685,tt0235737,movie,The Salton Sea,The Salton Sea,0,2002,\N,103,"Crime,Drama,Mystery"
226275,tt0236348,movie,Josie and the Pussycats,Josie and the Pussycats,0,2001,\N,98,"Comedy,Music"
226315,tt0236388,movie,The Original Kings of Comedy,The Original Kings of Comedy,0,2000,\N,115,"Comedy,Documentary"
226417,tt0236493,movie,The Mexican,The Mexican,0,2001,\N,123,"Adventure,Comedy,Drama"
226698,tt0236784,movie,The Tailor of Panama,The Tailor of Panama,0,2001,\N,109,"Drama,Thriller"
227426,tt0237534,movie,Brotherhood of the Wolf,Le pacte des loups,0,2001,\N,142,"Action,Adventure,Drama"
227463,tt0237572,movie,The Pledge,The Pledge,0,2001,\N,124,"Crime,Drama,Mystery"
227982,tt0238112,movie,Captain Corelli's Mandolin,Captain Corelli's Mandolin,0,2001,\N,131,"Drama,Music,Romance"
228107,tt0238247,movie,God's Army,God's Army,0,2000,\N,108,Drama
228234,tt0238380,movie,Equilibrium,Equilibrium,0,2002,\N,107,"Action,Drama,Sci-Fi"
228391,tt0238546,movie,Queen of the Damned,Queen of the Damned,0,2002,\N,101,"Drama,Fantasy,Horror"
228397,tt0238552,movie,Replicant,Replicant,0,2001,\N,100,"Action,Sci-Fi,Thriller"
228710,tt0238883,movie,Brat 2,Brat 2,0,2000,\N,122,"Action,Crime,Drama"
228749,tt0238924,movie,The Dangerous Lives of Altar Boys,The Dangerous Lives of Altar Boys,0,2002,\N,104,"Comedy,Drama"
228761,tt0238936,movie,Devdas,Devdas,0,2002,\N,185,"Drama,Musical,Romance"
228773,tt0238948,movie,Double Take,Double Take,0,2001,\N,88,"Action,Comedy,Crime"
229197,tt0239395,movie,Cats & Dogs,Cats & Dogs,0,2001,\N,87,"Action,Adventure,Comedy"
229732,tt0239948,movie,Saving Silverman,Saving Silverman,0,2001,\N,90,"Comedy,Crime,Romance"
229733,tt0239949,movie,Say It Isn't So,Say It Isn't So,0,2001,\N,95,"Comedy,Romance"
229770,tt0239986,movie,Sidewalks of New York,Sidewalks of New York,0,2001,\N,108,"Comedy,Romance"
230227,tt0240462,movie,Dr. Dolittle 2,Dr. Dolittle 2,0,2001,\N,87,"Comedy,Family,Fantasy"
230233,tt0240468,movie,Kung Pow: Enter the Fist,Kung Pow: Enter the Fist,0,2002,\N,81,"Action,Comedy"
230275,tt0240510,movie,The Four Feathers,The Four Feathers,0,2002,\N,132,"Adventure,Drama,Romance"
230280,tt0240515,movie,Freddy Got Fingered,Freddy Got Fingered,0,2001,\N,87,Comedy
230530,tt0240772,movie,Ocean's Eleven,Ocean's Eleven,0,2001,\N,116,"Crime,Thriller"
230645,tt0240890,movie,Serendipity,Serendipity,0,2001,\N,90,"Comedy,Romance"
230655,tt0240900,movie,Slackers,Slackers,0,2002,\N,86,"Comedy,Romance"
230776,tt0241025,movie,Vanity Fair,Vanity Fair,0,2004,\N,141,Drama
231044,tt0241303,movie,Chocolat,Chocolat,0,2000,\N,121,"Drama,Romance"
231259,tt0241527,movie,Harry Potter and the Sorcerer's Stone,Harry Potter and the Sorcerer's Stone,0,2001,\N,152,"Adventure,Family,Fantasy"
231486,tt0241760,movie,The New Guy,The New Guy,0,2002,\N,88,Comedy
231868,tt0242150,movie,Xchange,Xchange,0,2000,\N,110,"Sci-Fi,Thriller"
231908,tt0242193,movie,Bully,Bully,0,2001,\N,108,"Biography,Crime,Drama"
231967,tt0242252,movie,The Affair of the Necklace,The Affair of the Necklace,0,2001,\N,118,"Drama,History,Romance"
231970,tt0242256,movie,Alai Payuthey,Alai Payuthey,0,2000,\N,156,"Drama,Musical,Romance"
232131,tt0242423,movie,"Dude, Where's My Car?","Dude, Where's My Car?",0,2000,\N,83,"Comedy,Mystery,Sci-Fi"
232151,tt0242445,movie,Exit Wounds,Exit Wounds,0,2001,\N,101,"Action,Crime,Thriller"
232223,tt0242519,movie,Hera Pheri,Hera Pheri,0,2000,\N,156,"Action,Comedy,Crime"
232231,tt0242527,movie,The Hole,The Hole,0,2001,\N,102,"Drama,Mystery,Thriller"
232272,tt0242572,movie,I Have Found It,Kandukondain Kandukondain,0,2000,\N,151,"Drama,Musical,Romance"
232286,tt0242587,movie,L.I.E.,L.I.E.,0,2001,\N,97,"Crime,Drama"
232350,tt0242653,movie,The Matrix Revolutions,The Matrix Revolutions,0,2003,\N,129,"Action,Sci-Fi"
232573,tt0242888,movie,The Sleeping Dictionary,The Sleeping Dictionary,0,2003,\N,109,"Drama,Romance"
232680,tt0242998,movie,Valentine,Valentine,0,2001,\N,96,"Horror,Mystery,Thriller"
232697,tt0243017,movie,Waking Life,Waking Life,0,2001,\N,99,"Animation,Drama,Fantasy"
232805,tt0243133,movie,The Man Who Wasn't There,The Man Who Wasn't There,0,2001,\N,116,"Crime,Drama"
232826,tt0243155,movie,Bridget Jones's Diary,Bridget Jones's Diary,0,2001,\N,97,"Comedy,Drama,Romance"
233072,tt0243415,movie,Mercy Streets,Mercy Streets,0,2000,\N,106,"Action,Crime,Drama"
233231,tt0243585,movie,Stuart Little 2,Stuart Little 2,0,2002,\N,77,"Adventure,Comedy,Family"
233297,tt0243655,movie,Wet Hot American Summer,Wet Hot American Summer,0,2001,\N,97,"Comedy,Romance"
233370,tt0243736,movie,40 Days and 40 Nights,40 Days and 40 Nights,0,2002,\N,96,"Comedy,Romance"
233487,tt0243862,movie,Italian for Beginners,Italiensk for begyndere,0,2000,\N,112,"Comedy,Drama,Romance"
233620,tt0244000,movie,American Outlaws,American Outlaws,0,2001,\N,94,"Action,Drama,Western"
233786,tt0244173,movie,The King Is Dancing,Le roi danse,0,2000,\N,115,"Drama,History,Music"
233855,tt0244244,movie,Swordfish,Swordfish,0,2001,\N,99,"Action,Crime,Thriller"
234103,tt0244504,movie,Me You Them,Eu Tu Eles,0,2000,\N,104,"Comedy,Drama"
234254,tt0244659,movie,Mimpi Moon,Mimpi Moon,0,2000,\N,102,"Comedy,Drama,Romance"
234302,tt0244709,movie,Pavilion of Women,Pavilion of Women,0,2001,\N,116,"Drama,Romance,War"
234546,tt0244970,movie,Someone Like You,Someone Like You...,0,2001,\N,97,"Comedy,Romance"
234687,tt0245120,movie,The Forsaken,The Forsaken,0,2001,\N,90,"Action,Fantasy,Horror"
234983,tt0245429,movie,Spirited Away,Sen to Chihiro no kamikakushi,0,2001,\N,124,"Adventure,Animation,Family"
235108,tt0245562,movie,Windtalkers,Windtalkers,0,2002,\N,134,"Action,Drama,War"
235120,tt0245574,movie,Y Tu Mamá También,Y tu mamá también,0,2001,\N,106,Drama
235214,tt0245674,movie,Thir13en Ghosts,Thir13en Ghosts,0,2001,\N,91,"Fantasy,Horror"
235225,tt0245686,movie,Joe Dirt,Joe Dirt,0,2001,\N,91,"Adventure,Comedy,Drama"
235250,tt0245712,movie,Amores Perros,Amores perros,0,2000,\N,154,"Drama,Thriller"
235337,tt0245803,movie,Bulletproof Monk,Bulletproof Monk,0,2003,\N,104,"Action,Comedy,Fantasy"
235377,tt0245844,movie,The Count of Monte Cristo,The Count of Monte Cristo,0,2002,\N,131,"Action,Adventure,Drama"
235955,tt0246460,movie,Die Another Day,Die Another Day,0,2002,\N,133,"Action,Adventure,Thriller"
235959,tt0246464,movie,Big Trouble,Big Trouble,0,2002,\N,85,"Comedy,Crime,Thriller"
235993,tt0246500,movie,Who Is Cletis Tout?,Who Is Cletis Tout?,0,2001,\N,92,"Action,Comedy,Crime"
236033,tt0246544,movie,The Musketeer,The Musketeer,0,2001,\N,104,"Action,Adventure,Romance"
236066,tt0246578,movie,Donnie Darko,Donnie Darko,0,2001,\N,113,"Drama,Mystery,Sci-Fi"
236158,tt0246677,movie,Heaven,Heaven,0,2002,\N,97,"Crime,Drama,Romance"
236363,tt0246894,movie,Rollerball,Rollerball,0,2002,\N,98,"Action,Sci-Fi,Sport"
236455,tt0246989,movie,Tomcats,Tomcats,0,2001,\N,95,Comedy
236657,tt0247199,movie,The Believer,The Believer,0,2001,\N,98,Drama
236755,tt0247303,movie,The Shaft,Down,0,2001,\N,111,"Action,Horror,Mystery"
236871,tt0247425,movie,In the Bedroom,In the Bedroom,0,2001,\N,131,"Crime,Drama"
237027,tt0247586,movie,Nine Queens,Nueve reinas,0,2000,\N,114,"Crime,Drama,Thriller"
237076,tt0247638,movie,The Princess Diaries,The Princess Diaries,0,2001,\N,115,"Comedy,Family,Romance"
237178,tt0247745,movie,Super Troopers,Super Troopers,0,2001,\N,100,"Comedy,Crime,Mystery"
237336,tt0247911,movie,Aap Mujhe Achche Lagne Lage,Aap Mujhe Achche Lagne Lage,0,2002,\N,180,"Action,Drama,Romance"
237430,tt0248012,movie,Fiza,Fiza,0,2000,\N,170,"Crime,Drama,Romance"
237541,tt0248126,movie,Kabhi Khushi Kabhie Gham...,Kabhi Khushi Kabhie Gham...,0,2001,\N,210,"Drama,Musical,Romance"
237604,tt0248190,movie,No Such Thing,No Such Thing,0,2001,\N,102,"Comedy,Drama,Fantasy"
237629,tt0248216,movie,Na Tum Jaano Na Hum,Na Tum Jaano Na Hum,0,2002,\N,158,"Action,Comedy,Drama"
238064,tt0248667,movie,Ali,Ali,0,2001,\N,157,"Biography,Drama,Sport"
238236,tt0248845,movie,Hedwig and the Angry Inch,Hedwig and the Angry Inch,0,2001,\N,95,"Comedy,Drama,Music"
238536,tt0249161,movie,Spinning Gasing,Spinning Gasing,0,2000,\N,90,"Drama,Music"
238731,tt0249371,movie,Asoka,Asoka,0,2001,\N,180,"Action,Biography,Drama"
238815,tt0249462,movie,Billy Elliot,Billy Elliot,0,2000,\N,110,"Drama,Music"
238830,tt0249478,movie,Domestic Disturbance,Domestic Disturbance,0,2001,\N,89,"Crime,Thriller"
238867,tt0249516,movie,Foodfight!,Foodfight!,0,2012,\N,91,"Adventure,Animation,Comedy"
239541,tt0250223,movie,Asterix & Obelix: Mission Cleopatra,Astérix & Obélix : Mission Cléopâtre,0,2002,\N,107,"Adventure,Comedy,Family"
239542,tt0250224,movie,Crazy/Beautiful,Crazy/Beautiful,0,2001,\N,99,"Drama,Romance"
239590,tt0250274,movie,The Brothers,The Brothers,0,2001,\N,106,"Comedy,Drama,Romance"
239622,tt0250310,movie,Corky Romano,Corky Romano,0,2001,\N,86,"Comedy,Crime"
239634,tt0250323,movie,The Deep End,The Deep End,0,2001,\N,101,"Crime,Drama,Mystery"
239678,tt0250371,movie,The Other Side of Heaven,The Other Side of Heaven,0,2001,\N,113,"Adventure,Biography,Drama"
239770,tt0250468,movie,Killing Me Softly,Killing Me Softly,0,2002,\N,100,"Drama,Mystery,Romance"
239795,tt0250494,movie,Legally Blonde,Legally Blonde,0,2001,\N,96,"Comedy,Romance"
239975,tt0250687,movie,Rat Race,Rat Race,0,2001,\N,112,"Action,Adventure,Comedy"
240080,tt0250797,movie,Unfaithful,Unfaithful,0,2002,\N,124,"Drama,Romance,Thriller"
240343,tt0251075,movie,Evolution,Evolution,0,2001,\N,101,"Comedy,Sci-Fi"
240380,tt0251114,movie,Hart's War,Hart's War,0,2002,\N,125,"Drama,War"
240393,tt0251127,movie,How to Lose a Guy in 10 Days,How to Lose a Guy in 10 Days,0,2003,\N,116,"Comedy,Romance"
240423,tt0251160,movie,John Q,John Q,0,2002,\N,116,"Crime,Drama,Thriller"
240955,tt0251736,movie,House of 1000 Corpses,House of 1000 Corpses,0,2003,\N,89,Horror
240974,tt0251756,movie,Jungle,Jungle,0,2000,\N,146,"Action,Adventure,Romance"
241238,tt0252028,movie,Surviving Christmas,Surviving Christmas,0,2004,\N,91,"Comedy,Romance"
241284,tt0252076,movie,Maid in Manhattan,Maid in Manhattan,0,2002,\N,105,"Comedy,Drama,Romance"
241421,tt0252223,movie,All the Queen's Men,All the Queen's Men,0,2001,\N,99,"Action,Comedy,Drama"
241495,tt0252299,movie,Buffalo Soldiers,Buffalo Soldiers,0,2001,\N,98,"Comedy,Crime,Drama"
241630,tt0252444,movie,Rabbit-Proof Fence,Rabbit-Proof Fence,0,2002,\N,94,"Adventure,Biography,Drama"
241665,tt0252480,movie,The Grey Zone,The Grey Zone,0,2001,\N,108,"Drama,History,War"
241686,tt0252501,movie,Hearts in Atlantis,Hearts in Atlantis,0,2001,\N,101,"Drama,Mystery"
241688,tt0252503,movie,Heist,Heist,0,2001,\N,109,"Action,Crime,Drama"
242039,tt0252866,movie,American Pie 2,American Pie 2,0,2001,\N,108,Comedy
242605,tt0253474,movie,The Pianist,The Pianist,0,2002,\N,150,"Biography,Drama,Music"
242686,tt0253556,movie,Reign of Fire,Reign of Fire,0,2002,\N,101,"Action,Adventure,Fantasy"
242873,tt0253754,movie,Star Trek: Nemesis,Star Trek: Nemesis,0,2002,\N,116,"Action,Adventure,Sci-Fi"
242915,tt0253798,movie,Out Cold,Out Cold,0,2001,\N,89,"Comedy,Sport"
242983,tt0253867,movie,The Sweetest Thing,The Sweetest Thing,0,2002,\N,84,"Comedy,Romance"
243307,tt0254199,movie,CQ,CQ,0,2001,\N,88,"Comedy,Drama,Sci-Fi"
243576,tt0254481,movie,Koi... Mil Gaya,Koi... Mil Gaya,0,2003,\N,171,"Action,Drama,Fantasy"
243774,tt0254686,movie,The Piano Teacher,La pianiste,0,2001,\N,131,"Drama,Music,Romance"
243790,tt0254703,movie,The Point Men,The Point Men,0,2001,\N,100,"Action,Drama,Thriller"
244164,tt0255094,movie,The Circle,Dayereh,0,2000,\N,90,Drama
244265,tt0255198,movie,Godzilla vs. Megaguirus,Gojira tai Megagirasu: Jî shômetsu sakusen,0,2000,\N,105,"Action,Sci-Fi,Thriller"
244528,tt0255477,movie,Pinocchio,Pinocchio,0,2002,\N,100,"Comedy,Family,Fantasy"
244633,tt0255589,movie,The Isle,Seom,0,2000,\N,90,"Drama,Thriller"
244835,tt0255798,movie,The Animal,The Animal,0,2001,\N,84,"Comedy,Sci-Fi"
244855,tt0255819,movie,Baby Boy,Baby Boy,0,2001,\N,130,"Crime,Drama,Romance"
245040,tt0256009,movie,The Devil's Backbone,El espinazo del diablo,0,2001,\N,106,"Drama,Horror,Thriller"
245302,tt0256276,movie,Possession,Possession,0,2002,\N,102,"Drama,Mystery,Romance"
245401,tt0256380,movie,Shallow Hal,Shallow Hal,0,2001,\N,114,"Comedy,Drama,Fantasy"
245434,tt0256415,movie,Sweet Home Alabama,Sweet Home Alabama,0,2002,\N,108,"Comedy,Romance"
245533,tt0256524,movie,The Curse of the Jade Scorpion,The Curse of the Jade Scorpion,0,2001,\N,103,"Comedy,Crime,Mystery"
246034,tt0257044,movie,Road to Perdition,Road to Perdition,0,2002,\N,117,"Crime,Drama,Thriller"
246064,tt0257076,movie,S.W.A.T.,S.W.A.T.,0,2003,\N,117,"Action,Adventure,Crime"
246093,tt0257106,movie,Scary Movie 2,Scary Movie 2,0,2001,\N,83,"Comedy,Horror"
246209,tt0257231,movie,Torrente 2: Mission in Marbella,Torrente 2: Misión en Marbella,0,2001,\N,99,"Action,Comedy,Crime"
246334,tt0257360,movie,About Schmidt,About Schmidt,0,2002,\N,125,Drama
246485,tt0257516,movie,Cursed,Cursed,0,2005,\N,97,"Comedy,Horror,Mystery"
246536,tt0257568,movie,Kangaroo Jack,Kangaroo Jack,0,2003,\N,89,"Action,Adventure,Comedy"
246720,tt0257756,movie,High Crimes,High Crimes,0,2002,\N,115,"Crime,Drama,Mystery"
246952,tt0258000,movie,Panic Room,Panic Room,0,2002,\N,112,"Crime,Drama,Thriller"
246989,tt0258038,movie,Pootie Tang,Pootie Tang,0,2001,\N,81,"Action,Adventure,Comedy"
247018,tt0258068,movie,The Quiet American,The Quiet American,0,2002,\N,101,"Drama,Romance,Thriller"
247098,tt0258153,movie,S1m0ne,S1m0ne,0,2002,\N,117,"Comedy,Drama,Sci-Fi"
247206,tt0258273,movie,Lovely & Amazing,Lovely & Amazing,0,2001,\N,91,"Comedy,Drama,Romance"
247391,tt0258463,movie,The Bourne Identity,The Bourne Identity,0,2002,\N,119,"Action,Mystery,Thriller"
247768,tt0258854,movie,One Week,One Week,0,2000,\N,97,"Drama,Romance"
248187,tt0259288,movie,Dragonfly,Dragonfly,0,2002,\N,104,"Drama,Fantasy,Mystery"
248221,tt0259324,movie,Ghost Rider,Ghost Rider,0,2007,\N,110,"Action,Fantasy,Thriller"
248336,tt0259446,movie,My Big Fat Greek Wedding,My Big Fat Greek Wedding,0,2002,\N,95,"Comedy,Drama,Romance"
248452,tt0259567,movie,Perfect Opposites,Perfect Opposites,0,2004,\N,99,"Drama,Romance"
248581,tt0259711,movie,Vanilla Sky,Vanilla Sky,0,2001,\N,136,"Fantasy,Mystery,Romance"
248690,tt0259822,movie,.45,.45,0,2006,\N,101,"Crime,Drama,Thriller"
248831,tt0259974,movie,Digimon: The Movie,Digimon: The Movie,0,2000,\N,82,"Action,Adventure,Animation"
249518,tt0260695,movie,Hometown Legend,Hometown Legend,0,2002,\N,108,"Drama,Family,Sport"
249681,tt0260866,movie,Don't Say a Word,Don't Say a Word,0,2001,\N,113,"Drama,Mystery,Thriller"
250089,tt0261289,movie,Serving Sara,Serving Sara,0,2002,\N,99,"Comedy,Romance"
250185,tt0261392,movie,Jay and Silent Bob Strike Back,Jay and Silent Bob Strike Back,0,2001,\N,104,Comedy
250533,tt0261755,movie,Jackpot,Jackpot,0,2001,\N,97,"Comedy,Drama"
250746,tt0261983,movie,Session 9,Session 9,0,2001,\N,97,"Drama,Horror,Mystery"
250809,tt0262050,movie,Todo menos la chica,Todo menos la chica,0,2002,\N,103,Comedy
251132,tt0262396,movie,Empire,Empire,0,2002,\N,90,"Crime,Drama,Thriller"
251165,tt0262432,movie,George Washington,George Washington,0,2000,\N,89,Drama
252178,tt0263488,movie,Jeepers Creepers,Jeepers Creepers,0,2001,\N,90,"Horror,Mystery"
252410,tt0263728,movie,Megiddo: The Omega Code 2,Megiddo: The Omega Code 2,0,2001,\N,104,"Action,Adventure,Fantasy"
252416,tt0263734,movie,Men with Brooms,Men with Brooms,0,2002,\N,102,"Comedy,Drama,Romance"
252439,tt0263757,movie,Uptown Girls,Uptown Girls,0,2003,\N,92,"Comedy,Drama,Romance"
252823,tt0264150,movie,View from the Top,View from the Top,0,2003,\N,87,"Comedy,Romance"
253055,tt0264395,movie,Basic,Basic,0,2003,\N,98,"Crime,Drama,Mystery"
253088,tt0264429,movie,Black Mask 2: City of Masks,Black Mask 2: City of Masks,0,2002,\N,102,"Action,Drama,Sci-Fi"
253119,tt0264464,movie,Catch Me If You Can,Catch Me If You Can,0,2002,\N,141,"Biography,Crime,Drama"
253127,tt0264472,movie,Changing Lanes,Changing Lanes,0,2002,\N,98,"Drama,Thriller"
253263,tt0264616,movie,Frailty,Frailty,0,2001,\N,100,"Crime,Drama,Thriller"
253399,tt0264761,movie,Kissing Jessica Stein,Kissing Jessica Stein,0,2001,\N,97,"Comedy,Drama,Romance"
253433,tt0264796,movie,Life as a House,Life as a House,0,2001,\N,125,Drama
253566,tt0264935,movie,Murder by Numbers,Murder by Numbers,0,2002,\N,115,"Crime,Mystery,Thriller"
253651,tt0265029,movie,America's Sweethearts,America's Sweethearts,0,2001,\N,102,"Comedy,Romance"
253705,tt0265086,movie,Black Hawk Down,Black Hawk Down,0,2001,\N,144,"Action,Drama,History"
253706,tt0265087,movie,Black Knight,Black Knight,0,2001,\N,95,"Adventure,Comedy,Fantasy"
253820,tt0265208,movie,The Girl Next Door,The Girl Next Door,0,2004,\N,109,"Comedy,Drama,Romance"
253898,tt0265298,movie,Big Fat Liar,Big Fat Liar,0,2002,\N,88,"Adventure,Comedy,Family"
253906,tt0265307,movie,The Man from Elysian Fields,The Man from Elysian Fields,0,2001,\N,106,"Drama,Romance"
253939,tt0265343,movie,Monsoon Wedding,Monsoon Wedding,0,2001,\N,114,"Comedy,Drama,Romance"
253945,tt0265349,movie,The Mothman Prophecies,The Mothman Prophecies,0,2002,\N,119,"Drama,Horror,Mystery"
254048,tt0265459,movie,One Hour Photo,One Hour Photo,0,2002,\N,96,"Drama,Thriller"
254208,tt0265632,movie,Recess: School's Out,Recess: School's Out,0,2001,\N,82,"Adventure,Animation,Comedy"
254226,tt0265651,movie,Ripley's Game,Ripley's Game,0,2002,\N,110,"Crime,Drama,Mystery"
254235,tt0265662,movie,The Rookie,The Rookie,0,2002,\N,127,"Drama,Family,Sport"
254239,tt0265666,movie,The Royal Tenenbaums,The Royal Tenenbaums,0,2001,\N,110,"Comedy,Drama"
254377,tt0265808,movie,Stealing Harvard,Stealing Harvard,0,2002,\N,85,"Comedy,Crime"
254852,tt0266308,movie,Battle Royale,Batoru rowaiaru,0,2000,\N,114,"Action,Drama,Thriller"
254929,tt0266391,movie,The Cat's Meow,The Cat's Meow,0,2001,\N,114,"Crime,Drama,Romance"
254946,tt0266408,movie,China Strike Force,Lei ting zhan jing,0,2000,\N,103,"Action,Crime"
254988,tt0266452,movie,Death to Smoochy,Death to Smoochy,0,2002,\N,109,"Comedy,Crime,Drama"
255001,tt0266465,movie,A Man Apart,A Man Apart,0,2003,\N,109,"Action,Crime,Drama"
255024,tt0266489,movie,Duplex,Duplex,0,2003,\N,89,Comedy
255077,tt0266543,movie,Finding Nemo,Finding Nemo,0,2003,\N,100,"Adventure,Animation,Comedy"
255224,tt0266697,movie,Kill Bill: Vol. 1,Kill Bill: Vol. 1,0,2003,\N,111,"Action,Crime,Thriller"
255271,tt0266747,movie,Marci X,Marci X,0,2003,\N,84,"Comedy,Music"
255427,tt0266915,movie,Rush Hour 2,Rush Hour 2,0,2001,\N,90,"Action,Comedy,Crime"
255492,tt0266987,movie,Spy Game,Spy Game,0,2001,\N,126,"Action,Crime,Thriller"
255625,tt0267129,movie,Yamakasi,Yamakasi - Les samouraïs des temps modernes,0,2001,\N,90,"Action,Crime,Drama"
255740,tt0267248,movie,Abandon,Abandon,0,2002,\N,99,"Drama,Mystery,Romance"
255777,tt0267287,movie,Avalon,Abaron,0,2001,\N,107,"Action,Drama,Fantasy"
256099,tt0267626,movie,K-19: The Widowmaker,K-19: The Widowmaker,0,2002,\N,138,"Drama,History,Thriller"
256135,tt0267664,movie,Leftenan Adnan,Leftenan Adnan,0,2000,\N,116,"Action,Biography,Drama"
256272,tt0267804,movie,The One,The One,0,2001,\N,87,"Action,Sci-Fi,Thriller"
256375,tt0267913,movie,Scooby-Doo,Scooby-Doo,0,2002,\N,86,"Adventure,Comedy,Family"
256580,tt0268126,movie,Adaptation.,Adaptation.,0,2002,\N,115,"Comedy,Drama"
256645,tt0268200,movie,Brigham City,Brigham City,0,2001,\N,119,"Crime,Drama,Mystery"
256664,tt0268219,movie,How I Killed My Father,Comment j'ai tué mon père,0,2001,\N,98,"Drama,Thriller"
256816,tt0268380,movie,Ice Age,Ice Age,0,2002,\N,81,"Adventure,Animation,Comedy"
256833,tt0268397,movie,Jimmy Neutron: Boy Genius,Jimmy Neutron: Boy Genius,0,2001,\N,82,"Action,Adventure,Animation"
257120,tt0268695,movie,The Time Machine,The Time Machine,0,2002,\N,96,"Action,Adventure,Sci-Fi"
257134,tt0268711,movie,Tuno negro,Tuno negro,0,2001,\N,110,"Action,Adventure,Crime"
257391,tt0268978,movie,A Beautiful Mind,A Beautiful Mind,0,2001,\N,135,"Biography,Drama,Mystery"
257407,tt0268995,movie,The Majestic,The Majestic,0,2001,\N,152,"Drama,Romance"
257503,tt0269095,movie,City by the Sea,City by the Sea,0,2002,\N,108,"Crime,Drama,Mystery"
257740,tt0269341,movie,Two Can Play That Game,Two Can Play That Game,0,2001,\N,90,"Comedy,Romance"
257746,tt0269347,movie,The Hunted,The Hunted,0,2003,\N,94,"Action,Crime,Drama"
257989,tt0269604,movie,Naken,Naken,0,2000,\N,94,"Comedy,Fantasy,Romance"
258653,tt0270288,movie,Confessions of a Dangerous Mind,Confessions of a Dangerous Mind,0,2002,\N,113,"Biography,Comedy,Crime"
259232,tt0270891,movie,Costa!,Costa!,0,2001,\N,95,"Comedy,Romance"
259362,tt0271027,movie,Kiss of the Dragon,Kiss of the Dragon,0,2001,\N,98,"Action,Crime,Thriller"
259543,tt0271219,movie,Tadpole,Tadpole,0,2002,\N,78,"Comedy,Drama,Romance"
259580,tt0271259,movie,Welcome to Collinwood,Welcome to Collinwood,0,2002,\N,86,"Comedy,Crime"
259584,tt0271263,movie,Eight Crazy Nights,Eight Crazy Nights,0,2002,\N,76,"Animation,Comedy,Musical"
259655,tt0271337,movie,18 ans après,18 ans après,0,2003,\N,90,"Comedy,Drama,Romance"
259684,tt0271367,movie,Eight Legged Freaks,Eight Legged Freaks,0,2002,\N,99,"Action,Adventure,Comedy"
259891,tt0271582,movie,Joshua,Joshua,0,2002,\N,91,Drama
260236,tt0271945,movie,Absolutely Fabulous,Absolument fabuleux,0,2001,\N,105,Comedy
260237,tt0271946,movie,The Accidental Spy,Dak mo mai sing,0,2001,\N,87,"Action,Comedy,Crime"
260307,tt0272020,movie,The Last Castle,The Last Castle,0,2001,\N,131,"Action,Drama,Thriller"
260431,tt0272152,movie,K-PAX,K-PAX,0,2001,\N,120,"Drama,Mystery,Sci-Fi"
260482,tt0272207,movie,Narc,Narc,0,2002,\N,105,"Crime,Drama,Mystery"
260602,tt0272338,movie,Punch-Drunk Love,Punch-Drunk Love,0,2002,\N,95,"Comedy,Drama,Romance"
261736,tt0273517,movie,Darkness,Darkness,0,2002,\N,88,Horror
261934,tt0273719,movie,Shake It All About,En kort en lang,0,2001,\N,98,"Comedy,Drama,Romance"
262013,tt0273799,movie,Max Keeble's Big Move,Max Keeble's Big Move,0,2001,\N,86,"Action,Comedy,Crime"
262080,tt0273870,movie,Narasimham,Narasimham,0,2000,\N,175,"Action,Drama"
262129,tt0273923,movie,Orange County,Orange County,0,2002,\N,82,"Comedy,Drama"
262186,tt0273982,movie,Poolhall Junkies,Poolhall Junkies,0,2002,\N,99,"Comedy,Drama,Sport"
262360,tt0274166,movie,Johnny English,Johnny English,0,2003,\N,87,"Action,Adventure,Comedy"
262728,tt0274558,movie,The Hours,The Hours,0,2002,\N,114,"Drama,Romance"
262875,tt0274711,movie,People I Know,People I Know,0,2002,\N,100,"Crime,Drama,Mystery"
262968,tt0274812,movie,Secretary,Secretary,0,2002,\N,107,"Comedy,Drama,Romance"
263169,tt0275022,movie,Crossroads,Crossroads,0,2002,\N,93,"Comedy,Drama,Romance"
263226,tt0275083,movie,The Warrior,Musa,0,2001,\N,158,"Action,Drama,History"
263620,tt0275491,movie,Bad Education,La mala educación,0,2004,\N,106,"Crime,Drama"
263837,tt0275719,movie,Tape,Tape,0,2001,\N,86,Drama
263962,tt0275847,movie,Lilo & Stitch,Lilo & Stitch,0,2002,\N,85,"Adventure,Animation,Comedy"
263989,tt0275876,movie,10 + 2: The Great Secret,10 + 2: El gran secreto,0,2000,\N,85,"Animation,Family"
264135,tt0276033,movie,The Country Bears,The Country Bears,0,2002,\N,88,"Comedy,Family,Music"
264800,tt0276751,movie,About a Boy,About a Boy,0,2002,\N,101,"Comedy,Drama,Romance"
264861,tt0276816,movie,Below,Below,0,2002,\N,105,"Action,Horror,Mystery"
264957,tt0276919,movie,Dogville,Dogville,0,2003,\N,171,"Crime,Drama"
265012,tt0276977,movie,Gang Tapes,Gang Tapes,0,2001,\N,91,"Crime,Drama"
265059,tt0277027,movie,I Am Sam,I Am Sam,0,2001,\N,132,Drama
265310,tt0277296,movie,The Scorpion King,The Scorpion King,0,2002,\N,92,"Action,Adventure,Fantasy"
265377,tt0277371,movie,Not Another Teen Movie,Not Another Teen Movie,0,2001,\N,89,"Comedy,Romance"
265437,tt0277434,movie,We Were Soldiers,We Were Soldiers,0,2002,\N,138,"Action,Drama,History"
265877,tt0277895,movie,Mickey,Mickey,0,2004,\N,105,"Drama,Sport"
265891,tt0277909,movie,Mutant Aliens,Mutant Aliens,0,2001,\N,81,"Animation,Comedy,Sci-Fi"
266267,tt0278295,movie,All About the Benjamins,All About the Benjamins,0,2002,\N,95,"Action,Comedy,Crime"
266400,tt0278435,movie,Enough,Enough,0,2002,\N,115,"Crime,Drama,Thriller"
266451,tt0278488,movie,How High,How High,0,2001,\N,93,"Comedy,Fantasy"
266463,tt0278500,movie,The Importance of Being Earnest,The Importance of Being Earnest,0,2002,\N,97,"Comedy,Drama,Romance"
266467,tt0278504,movie,Insomnia,Insomnia,0,2002,\N,118,"Drama,Mystery,Thriller"
266515,tt0278554,movie,Clean Sweep,Mars Turkey,0,2001,\N,90,"Comedy,Crime,Drama"
266686,tt0278731,movie,Spider,Spider,0,2002,\N,98,"Drama,Mystery,Thriller"
266777,tt0278823,movie,Hollywood Ending,Hollywood Ending,0,2002,\N,112,"Comedy,Romance"
267057,tt0279111,movie,Gods and Generals,Gods and Generals,0,2003,\N,219,"Biography,Drama,History"
267058,tt0279112,movie,"Godzilla, Mothra and King Ghidorah: Giant Monsters All-Out Attack",Gojira Mosura Kingu Gidora Daikaijû sôkôgeki,0,2001,\N,105,"Action,Adventure,Drama"
267059,tt0279113,movie,The Good Girl,The Good Girl,0,2002,\N,93,"Drama,Romance"
267227,tt0279286,movie,On the Line,On the Line,0,2001,\N,85,"Comedy,Family,Romance"
267272,tt0279331,movie,Dark Blue,Dark Blue,0,2002,\N,118,"Crime,Drama,Thriller"
267427,tt0279493,movie,Undercover Brother,Undercover Brother,0,2002,\N,86,"Action,Comedy"
267700,tt0279778,movie,Divine Secrets of the Ya-Ya Sisterhood,Divine Secrets of the Ya-Ya Sisterhood,0,2002,\N,116,Drama
267703,tt0279781,movie,Sorority Boys,Sorority Boys,0,2002,\N,93,Comedy
267806,tt0279889,movie,Joe Somebody,Joe Somebody,0,2001,\N,98,"Comedy,Drama"
267946,tt0280030,movie,Return to Never Land,Return to Never Land,0,2002,\N,72,"Adventure,Animation,Family"
268283,tt0280380,movie,Trapped,Trapped,0,2002,\N,106,"Action,Crime,Drama"
268362,tt0280460,movie,The Banger Sisters,The Banger Sisters,0,2002,\N,98,"Comedy,Drama"
268379,tt0280477,movie,Better Luck Tomorrow,Better Luck Tomorrow,0,2002,\N,101,"Crime,Drama,Romance"
268388,tt0280486,movie,Bad Company,Bad Company,0,2002,\N,116,"Action,Comedy,Thriller"
268489,tt0280590,movie,Mr. Deeds,Mr. Deeds,0,2002,\N,96,"Comedy,Romance"
268508,tt0280609,movie,Dog Soldiers,Dog Soldiers,0,2002,\N,105,"Action,Horror,Thriller"
268564,tt0280665,movie,Femme Fatale,Femme Fatale,0,2002,\N,114,"Crime,Drama,Mystery"
268604,tt0280707,movie,Gosford Park,Gosford Park,0,2001,\N,137,"Comedy,Drama,Mystery"
268654,tt0280760,movie,Igby Goes Down,Igby Goes Down,0,2002,\N,98,"Comedy,Drama"
268672,tt0280778,movie,Iris,Iris,0,2001,\N,91,"Biography,Drama,Romance"
268759,tt0280870,movie,Liberty Stands Still,Liberty Stands Still,0,2002,\N,96,"Action,Drama,Thriller"
268785,tt0280898,video,Iron Maiden: Rock in Rio,Iron Maiden: Rock in Rio,0,2002,\N,120,"Documentary,Music"
269191,tt0281322,movie,Undisputed,Undisputed,0,2002,\N,94,"Action,Crime,Drama"
269226,tt0281358,movie,A Walk to Remember,A Walk to Remember,0,2002,\N,101,"Drama,Romance"
269232,tt0281364,movie,Wasabi,Wasabi,0,2001,\N,94,"Action,Comedy,Crime"
269241,tt0281373,movie,Snow Dogs,Snow Dogs,0,2002,\N,99,"Adventure,Comedy,Family"
269531,tt0281680,movie,"The Bread, My Sweet","The Bread, My Sweet",0,2001,\N,105,"Drama,Romance"
269537,tt0281686,movie,Bubba Ho-Tep,Bubba Ho-Tep,0,2002,\N,92,"Comedy,Fantasy,Horror"
270497,tt0282687,movie,Life or Something Like It,Life or Something Like It,0,2002,\N,103,"Comedy,Romance"
270508,tt0282698,movie,Love Liza,Love Liza,0,2002,\N,90,"Comedy,Drama"
270827,tt0283026,movie,Swimfan,Swimfan,0,2002,\N,85,"Drama,Thriller"
270883,tt0283084,movie,Tuck Everlasting,Tuck Everlasting,0,2002,\N,90,"Drama,Family,Fantasy"
270910,tt0283111,movie,Van Wilder,National Lampoon's Van Wilder,0,2002,\N,92,"Comedy,Romance"
270938,tt0283139,movie,White Oleander,White Oleander,0,2002,\N,109,Drama
270955,tt0283160,movie,Extreme Ops,Extreme Ops,0,2002,\N,93,"Action,Adventure,Thriller"
271209,tt0283426,movie,The Jungle Book 2,The Jungle Book 2,0,2003,\N,72,"Adventure,Animation,Comedy"
271282,tt0283503,movie,Brooklyn Rules,Brooklyn Rules,0,2007,\N,99,"Crime,Drama"
271288,tt0283509,movie,No Man's Land,No Man's Land,0,2001,\N,98,"Comedy,Drama,War"
271406,tt0283632,movie,They,They,0,2002,\N,89,"Horror,Mystery,Thriller"
271598,tt0283832,movie,8 Women,8 femmes,0,2002,\N,111,"Comedy,Crime,Musical"
271661,tt0283900,movie,The Spanish Apartment,L'auberge espagnole,0,2002,\N,122,"Comedy,Drama,Romance"
271782,tt0284034,movie,Demonlover,Demonlover,0,2002,\N,129,"Drama,Mystery,Thriller"
272204,tt0284490,movie,Showtime,Showtime,0,2002,\N,95,"Action,Comedy,Crime"
272528,tt0284837,movie,Ali G Indahouse,Ali G Indahouse,0,2002,\N,87,Comedy
272614,tt0284929,movie,Ted Bundy,Ted Bundy,0,2002,\N,99,"Biography,Crime,Drama"
272661,tt0284978,movie,Cypher,Cypher,0,2002,\N,95,"Mystery,Sci-Fi,Thriller"
272846,tt0285175,movie,Havoc,Havoc,0,2005,\N,85,"Crime,Drama"
273102,tt0285441,movie,Atanarjuat: The Fast Runner,Atanarjuat,0,2001,\N,172,Drama
273123,tt0285462,movie,Boat Trip,Boat Trip,0,2002,\N,94,Comedy
273188,tt0285531,movie,Dreamcatcher,Dreamcatcher,0,2003,\N,134,"Drama,Horror,Sci-Fi"
273377,tt0285728,movie,Dahmer,Dahmer,0,2002,\N,101,"Biography,Crime,Drama"
273391,tt0285742,movie,Monster's Ball,Monster's Ball,0,2001,\N,111,"Drama,Romance"
273471,tt0285823,movie,Once Upon a Time in Mexico,Once Upon a Time in Mexico,0,2003,\N,102,"Action,Crime,Thriller"
273508,tt0285861,movie,Owning Mahowny,Owning Mahowny,0,2003,\N,104,"Crime,Drama,Thriller"
273516,tt0285869,movie,Pandora's Box,Pandora's Box,0,2002,\N,103,"Drama,Thriller"
273740,tt0286106,movie,Signs,Signs,0,2002,\N,106,"Drama,Mystery,Sci-Fi"
273746,tt0286112,movie,Shaolin Soccer,Siu Lam juk kau,0,2001,\N,87,"Action,Comedy,Fantasy"
273783,tt0286152,movie,Stark Raving Mad,Stark Raving Mad,0,2002,\N,101,"Action,Comedy,Crime"
273793,tt0286162,movie,Stolen Summer,Stolen Summer,0,2002,\N,91,Drama
273867,tt0286244,movie,The Triplets of Belleville,Les triplettes de Belleville,0,2003,\N,80,"Adventure,Animation,Comedy"
273883,tt0286261,movie,All or Nothing,All or Nothing,0,2002,\N,128,Drama
274111,tt0286499,movie,Bend It Like Beckham,Bend It Like Beckham,0,2002,\N,112,"Comedy,Drama,Romance"
274321,tt0286716,movie,Hulk,Hulk,0,2003,\N,138,"Action,Sci-Fi"
274356,tt0286751,movie,Pulse,Kairo,0,2001,\N,119,"Horror,Mystery,Sci-Fi"
274391,tt0286788,movie,What a Girl Wants,What a Girl Wants,0,2003,\N,105,"Comedy,Drama,Family"
275043,tt0287467,movie,Talk to Her,Hable con ella,0,2002,\N,112,"Drama,Mystery,Romance"
275106,tt0287537,movie,Love Ke Liye Kuch Bhi Karega,Love Ke Liye Kuch Bhi Karega,0,2001,\N,131,"Comedy,Crime,Romance"
275279,tt0287717,movie,Spy Kids 2: Island of Lost Dreams,Spy Kids 2: Island of Lost Dreams,0,2002,\N,100,"Action,Adventure,Comedy"
275527,tt0287978,movie,Daredevil,Daredevil,0,2003,\N,103,"Action,Crime,Drama"
275592,tt0288045,movie,The Medallion,The Medallion,0,2003,\N,88,"Action,Comedy,Fantasy"
275687,tt0288144,movie,Offending Angels,Offending Angels,0,2000,\N,94,"Comedy,Drama"
276003,tt0288477,movie,Ghost Ship,Ghost Ship,0,2002,\N,91,"Horror,Mystery,Thriller"
276542,tt0289043,movie,28 Days Later,28 Days Later,0,2002,\N,113,"Drama,Horror,Sci-Fi"
276898,tt0289408,movie,The Powerpuff Girls Movie,The Powerpuff Girls Movie,0,2002,\N,73,"Action,Adventure,Animation"
277117,tt0289635,movie,Young Adam,Young Adam,0,2003,\N,98,"Crime,Drama"
277242,tt0289765,movie,Red Dragon,Red Dragon,0,2002,\N,124,"Crime,Drama,Thriller"
277319,tt0289848,movie,Analyze That,Analyze That,0,2002,\N,96,"Comedy,Crime"
277350,tt0289879,movie,The Butterfly Effect,The Butterfly Effect,0,2004,\N,113,"Drama,Sci-Fi,Thriller"
277359,tt0289889,movie,Carolina,Carolina,0,2003,\N,96,"Comedy,Drama,Romance"
277450,tt0289992,movie,The Life of David Gale,The Life of David Gale,0,2003,\N,130,"Crime,Drama,Mystery"
277459,tt0290002,movie,Meet the Fockers,Meet the Fockers,0,2004,\N,115,"Comedy,Romance"
277547,tt0290095,movie,The Tuxedo,The Tuxedo,0,2002,\N,98,"Action,Comedy,Sci-Fi"
277593,tt0290145,movie,Blue Car,Blue Car,0,2002,\N,96,Drama
277654,tt0290212,movie,Full Frontal,Full Frontal,0,2002,\N,101,"Comedy,Romance"
277690,tt0290249,movie,New Suit,New Suit,0,2002,\N,94,Comedy
277772,tt0290332,movie,The Wash,The Wash,0,2001,\N,93,Comedy
277774,tt0290334,movie,X2: X-Men United,X2,0,2003,\N,134,"Action,Sci-Fi,Thriller"
278079,tt0290673,movie,Irreversible,Irréversible,0,2002,\N,97,"Crime,Drama,Mystery"
278149,tt0290747,movie,Man-Thing,Man-Thing,0,2005,\N,97,"Action,Adventure,Horror"
278160,tt0290759,tvMovie,The Tanker,Mayday! Überfall auf hoher See,0,2001,\N,95,Thriller
278266,tt0290879,movie,The Legend of Suriyothai,Suriyothai,0,2001,\N,142,"Action,Adventure,Biography"
278714,tt0291341,movie,Mean Machine,Mean Machine,0,2001,\N,99,"Comedy,Crime,Drama"
278868,tt0291502,movie,Swept Away,Swept Away,0,2002,\N,89,"Comedy,Romance"
279182,tt0291832,movie,Crackerjack,Crackerjack,0,2002,\N,92,"Comedy,Sport"
279815,tt0292490,movie,Dil Chahta Hai,Dil Chahta Hai,0,2001,\N,183,"Comedy,Drama,Romance"
279830,tt0292506,movie,The Recruit,The Recruit,0,2003,\N,115,"Action,Thriller"
279931,tt0292610,movie,No Good Deed,No Good Deed,0,2002,\N,97,"Crime,Drama,Thriller"
279962,tt0292644,movie,The Rules of Attraction,The Rules of Attraction,0,2002,\N,110,"Comedy,Drama,Romance"
280198,tt0292886,movie,Eight Hundred Bullets,800 balas,0,2002,\N,124,"Action,Adventure,Comedy"
280272,tt0292963,movie,Before the Devil Knows You're Dead,Before the Devil Knows You're Dead,0,2007,\N,117,"Crime,Drama,Thriller"
280316,tt0293007,movie,Carandiru,Carandiru,0,2003,\N,145,"Crime,Drama"
280391,tt0293086,movie,Desmundo,Desmundo,0,2002,\N,101,Drama
280715,tt0293416,movie,Metropolis,Metoroporisu,0,2001,\N,108,"Adventure,Animation,Drama"
280726,tt0293429,movie,Mortal Kombat,Mortal Kombat,0,2021,\N,110,"Action,Adventure,Fantasy"
280804,tt0293508,movie,The Phantom of the Opera,The Phantom of the Opera,0,2004,\N,143,"Drama,Musical,Romance"
280858,tt0293564,movie,Rush Hour 3,Rush Hour 3,0,2007,\N,91,"Action,Comedy,Crime"
280948,tt0293662,movie,The Transporter,The Transporter,0,2002,\N,92,"Action,Crime,Thriller"
281093,tt0293815,movie,Friday After Next,Friday After Next,0,2002,\N,85,"Comedy,Drama"
281519,tt0294252,movie,2009: Lost Memories,2009 loseuteu maemorijeu,0,2002,\N,136,"Action,Drama,Sci-Fi"
281555,tt0294289,movie,American Adobo,American Adobo,0,2001,\N,104,"Comedy,Romance"
282115,tt0294870,movie,Rent,Rent,0,2005,\N,135,"Drama,Musical,Romance"
282411,tt0295178,movie,Austin Powers in Goldmember,Austin Powers in Goldmember,0,2002,\N,94,"Action,Adventure,Comedy"
282469,tt0295238,movie,Personal Velocity,Personal Velocity: Three Portraits,0,2002,\N,86,"Drama,Romance"
282484,tt0295254,movie,Feardotcom,Feardotcom,0,2002,\N,101,"Crime,Horror,Thriller"
282516,tt0295289,movie,A Guy Thing,A Guy Thing,0,2003,\N,101,"Comedy,Romance"
282524,tt0295297,movie,Harry Potter and the Chamber of Secrets,Harry Potter and the Chamber of Secrets,0,2002,\N,161,"Adventure,Family,Fantasy"
282650,tt0295427,movie,The Master of Disguise,The Master of Disguise,0,2002,\N,80,"Adventure,Comedy,Family"
282904,tt0295700,movie,Wrong Turn,Wrong Turn,0,2003,\N,84,"Horror,Thriller"
282905,tt0295701,movie,xXx,xXx,0,2002,\N,124,"Action,Adventure,Drama"
282921,tt0295721,movie,Taxi 3,Taxi 3,0,2003,\N,84,"Action,Comedy,Crime"
282925,tt0295725,movie,Time Changer,Time Changer,0,2002,\N,95,"Drama,Fantasy,Sci-Fi"
283234,tt0296042,movie,Ichi the Killer,Koroshiya 1,0,2001,\N,129,"Action,Crime,Drama"
283355,tt0296166,movie,Real Women Have Curves,Real Women Have Curves,0,2002,\N,90,"Comedy,Drama"
283753,tt0296572,movie,The Chronicles of Riddick,The Chronicles of Riddick,0,2004,\N,119,"Action,Adventure,Sci-Fi"
283755,tt0296574,movie,Company,Company,0,2002,\N,142,"Action,Crime,Drama"
284174,tt0297037,movie,Brown Sugar,Brown Sugar,0,2002,\N,109,"Comedy,Drama,Music"
284275,tt0297144,movie,Ghosts of the Abyss,Ghosts of the Abyss,0,2003,\N,61,"Documentary,Family"
284293,tt0297162,movie,Half Past Dead,Half Past Dead,0,2002,\N,98,"Action,Crime,Thriller"
284310,tt0297181,movie,I Spy,I Spy,0,2002,\N,97,"Action,Adventure,Comedy"
284412,tt0297284,movie,Mindhunters,Mindhunters,0,2004,\N,106,"Crime,Horror,Thriller"
284830,tt0297721,movie,All About Lily Chou-Chou,Riri Shushu no subete,0,2001,\N,146,"Crime,Drama,Music"
284988,tt0297884,movie,Far from Heaven,Far from Heaven,0,2002,\N,107,"Drama,Romance"
285229,tt0298130,movie,The Ring,The Ring,0,2002,\N,115,"Horror,Mystery"
285247,tt0298148,movie,Shrek 2,Shrek 2,0,2004,\N,93,"Adventure,Animation,Comedy"
285298,tt0298203,movie,8 Mile,8 Mile,0,2002,\N,110,"Drama,Music"
285323,tt0298228,movie,Whale Rider,Whale Rider,0,2002,\N,101,"Drama,Family"
285388,tt0298296,movie,Derailed,Derailed,0,2002,\N,89,"Action,Thriller"
285473,tt0298388,movie,Jonah: A VeggieTales Movie,Jonah: A VeggieTales Movie,0,2002,\N,82,"Adventure,Animation,Comedy"
285579,tt0298504,movie,Undertaking Betty,Plots with a View,0,2002,\N,94,"Comedy,Romance"
285804,tt0298744,movie,Auto Focus,Auto Focus,0,2002,\N,105,"Biography,Crime,Drama"
285869,tt0298814,movie,The Core,The Core,0,2003,\N,135,"Action,Adventure,Sci-Fi"
285994,tt0298943,movie,The Uninvited,Jelangkung,0,2001,\N,102,Horror
286217,tt0299172,movie,Home on the Range,Home on the Range,0,2004,\N,76,"Adventure,Animation,Comedy"
286490,tt0299458,movie,All the Real Girls,All the Real Girls,0,2003,\N,108,"Drama,Romance"
286687,tt0299658,movie,Chicago,Chicago,0,2002,\N,113,"Comedy,Crime,Musical"
286933,tt0299930,movie,Gigli,Gigli,0,2003,\N,121,"Comedy,Crime,Romance"
286979,tt0299977,movie,Hero,Ying xiong,0,2002,\N,94,"Action,Adventure,Drama"
286983,tt0299981,tvMovie,Highlander: The Source,Highlander: The Source,0,2007,\N,86,"Action,Adventure,Drama"
287017,tt0300015,movie,I Capture the Castle,I Capture the Castle,0,2003,\N,113,"Drama,Romance"
287051,tt0300051,movie,Jersey Girl,Jersey Girl,0,2004,\N,102,"Comedy,Drama,Romance"
287138,tt0300140,movie,Lilya 4-Ever,Lilja 4-ever,0,2002,\N,109,"Crime,Drama"
287454,tt0300471,movie,Shanghai Knights,Shanghai Knights,0,2003,\N,114,"Action,Adventure,Comedy"
287512,tt0300532,movie,Blue Crush,Blue Crush,0,2002,\N,104,"Drama,Romance,Sport"
287536,tt0300556,movie,Timeline,Timeline,0,2003,\N,116,"Action,Adventure,Sci-Fi"
287864,tt0300902,movie,Absolon,Absolon,0,2003,\N,96,"Action,Sci-Fi,Thriller"
288277,tt0301357,movie,Good Bye Lenin!,Good Bye Lenin!,0,2003,\N,121,"Comedy,Drama,Romance"
288382,tt0301470,movie,Jeepers Creepers 2,Jeepers Creepers 2,0,2003,\N,104,Horror
288617,tt0301727,movie,Winged Migration,Le peuple migrateur,0,2001,\N,89,Documentary
288618,tt0301730,movie,The Pharmacist,Le pharmacien de garde,0,2003,\N,84,"Crime,Drama,Horror"
289112,tt0302280,movie,I Murder Seriously,Asesino en serio,0,2002,\N,84,"Comedy,Mystery,Thriller"
289453,tt0302640,movie,The Hot Chick,The Hot Chick,0,2002,\N,104,"Comedy,Fantasy"
289485,tt0302674,movie,Gerry,Gerry,0,2002,\N,103,"Adventure,Drama,Mystery"
289685,tt0302886,movie,Old School,Old School,0,2003,\N,88,Comedy
289811,tt0303021,movie,Second Name,El segundo nombre,0,2002,\N,98,"Horror,Thriller"
290021,tt0303243,movie,Happy Times,Xing fu shi guang,0,2000,\N,102,"Comedy,Drama,Romance"
290044,tt0303267,movie,The Last Train,El último tren,0,2002,\N,94,"Action,Adventure,Comedy"
290128,tt0303353,movie,The Kid Stays in the Picture,The Kid Stays in the Picture,0,2002,\N,93,"Biography,Documentary"
290136,tt0303361,movie,May,May,0,2002,\N,93,"Drama,Horror"
290474,tt0303714,movie,Barbershop,Barbershop,0,2002,\N,102,"Comedy,Drama"
290572,tt0303816,movie,Cabin Fever,Cabin Fever,0,2002,\N,93,Horror
290686,tt0303933,movie,Drumline,Drumline,0,2002,\N,118,"Comedy,Drama,Music"
290885,tt0304141,movie,Harry Potter and the Prisoner of Azkaban,Harry Potter and the Prisoner of Azkaban,0,2004,\N,142,"Adventure,Family,Fantasy"
290970,tt0304229,movie,Japanese Story,Japanese Story,0,2003,\N,106,"Drama,Romance"
291066,tt0304328,movie,Levity,Levity,0,2003,\N,100,"Crime,Drama"
291150,tt0304415,movie,Mona Lisa Smile,Mona Lisa Smile,0,2003,\N,117,Drama
291152,tt0304417,movie,Monique,Monique,0,2002,\N,92,"Comedy,Drama,Romance"
291392,tt0304669,movie,The Santa Clause 2,The Santa Clause 2,0,2002,\N,104,"Comedy,Family,Fantasy"
291395,tt0304672,short,Le savon lave,Le savon lave,0,2000,\N,1,"Animation,Short"
291434,tt0304711,movie,The Order,The Order,0,2003,\N,102,"Horror,Mystery,Thriller"
291905,tt0305206,movie,American Splendor,American Splendor,0,2003,\N,101,"Biography,Comedy,Drama"
291923,tt0305224,movie,Anger Management,Anger Management,0,2003,\N,106,Comedy
292048,tt0305357,movie,Charlie's Angels: Full Throttle,Charlie's Angels: Full Throttle,0,2003,\N,106,"Action,Adventure,Comedy"
292080,tt0305396,movie,The Crocodile Hunter: Collision Course,The Crocodile Hunter: Collision Course,0,2002,\N,90,"Action,Adventure,Comedy"
292293,tt0305632,movie,Fascination,Fascination,0,2004,\N,95,"Drama,Mystery,Romance"
292329,tt0305669,movie,Bringing Down the House,Bringing Down the House,0,2003,\N,105,Comedy
292369,tt0305711,movie,Just Married,Just Married,0,2003,\N,95,"Comedy,Romance"
292622,tt0305973,movie,Sonny,Sonny,0,2002,\N,110,"Crime,Drama"
292692,tt0306047,movie,Scary Movie 3,Scary Movie 3,0,2003,\N,84,Comedy
293306,tt0306685,movie,Cradle 2 the Grave,Cradle 2 the Grave,0,2003,\N,101,"Action,Crime,Drama"
293425,tt0306810,short,Fire,Le feu,0,2001,\N,1,"Animation,Short"
293455,tt0306841,movie,The Lizzie McGuire Movie,The Lizzie McGuire Movie,0,2003,\N,94,"Adventure,Comedy,Family"
293716,tt0307109,movie,The Lost Skeleton of Cadavra,The Lost Skeleton of Cadavra,0,2001,\N,90,"Comedy,Horror,Sci-Fi"
294045,tt0307453,movie,Shark Tale,Shark Tale,0,2004,\N,90,"Adventure,Animation,Comedy"
294070,tt0307479,movie,Solaris,Solaris,0,2002,\N,99,"Drama,Mystery,Romance"
294183,tt0307596,movie,"The Tulse Luper Suitcases, Part 1: The Moab Story","The Tulse Luper Suitcases, Part 1: The Moab Story",0,2003,\N,127,"Adventure,Biography,Drama"
294265,tt0307681,movie,I Not Stupid,Xiaohai bu ben,0,2002,\N,105,"Comedy,Drama"
294475,tt0307901,movie,25th Hour,25th Hour,0,2002,\N,135,Drama
294493,tt0307920,movie,What's Up with Cinta?,Ada Apa dengan Cinta?,0,2002,\N,112,"Drama,Romance"
294556,tt0307987,movie,Bad Santa,Bad Santa,0,2003,\N,92,"Comedy,Crime,Drama"
294716,tt0308152,movie,Dead End,Dead End,0,2003,\N,85,"Adventure,Horror,Mystery"
294770,tt0308208,movie,Ballistic: Ecks vs. Sever,Ballistic: Ecks vs. Sever,0,2002,\N,91,"Action,Crime,Mystery"
294909,tt0308353,movie,Happily N'Ever After,Happily N'Ever After,0,2006,\N,87,"Adventure,Animation,Comedy"
294934,tt0308379,movie,Dark Water,Honogurai mizu no soko kara,0,2002,\N,101,"Drama,Horror,Mystery"
294937,tt0308383,movie,The Human Stain,The Human Stain,0,2003,\N,106,"Drama,Romance,Thriller"
295057,tt0308506,movie,Like Mike,Like Mike,0,2002,\N,99,"Comedy,Family,Fantasy"
295145,tt0308599,short,The Internal Combustion Engine,Le moteur à explosion,0,2000,\N,1,"Animation,Short"
295190,tt0308644,movie,Finding Neverland,Finding Neverland,0,2004,\N,106,"Biography,Drama,Family"
295806,tt0309291,movie,Blue Spring,Aoi haru,0,2001,\N,83,Drama
295889,tt0309377,movie,Blood Work,Blood Work,0,2002,\N,110,"Action,Crime,Drama"
296039,tt0309530,movie,Down with Love,Down with Love,0,2003,\N,101,"Comedy,Romance"
296099,tt0309593,movie,Final Destination 2,Final Destination 2,0,2003,\N,90,"Horror,Thriller"
296202,tt0309698,movie,Identity,Identity,0,2003,\N,90,"Mystery,Thriller"
296324,tt0309820,movie,Luther,Luther,0,2003,\N,123,"Biography,Drama,History"
296336,tt0309832,movie,Malefique,Maléfique,0,2002,\N,90,"Fantasy,Horror,Mystery"
296411,tt0309912,movie,Nicholas Nickleby,Nicholas Nickleby,0,2002,\N,132,"Adventure,Drama,Romance"
296483,tt0309987,movie,The Dreamers,The Dreamers,0,2003,\N,115,"Drama,Romance"
296693,tt0310203,movie,Ruby & Quentin,Tais-toi!,0,2003,\N,85,"Comedy,Crime"
296767,tt0310281,movie,A Mighty Wind,A Mighty Wind,0,2003,\N,91,"Comedy,Music"
296842,tt0310357,movie,Willard,Willard,0,2003,\N,100,"Drama,Horror,Thriller"
297246,tt0310775,movie,Sympathy for Mr. Vengeance,Boksuneun naui geot,0,2002,\N,129,"Crime,Drama,Thriller"
297259,tt0310790,movie,The Living Forest,El bosque animado,0,2001,\N,83,"Animation,Family,Fantasy"
297262,tt0310793,movie,Bowling for Columbine,Bowling for Columbine,0,2002,\N,120,"Crime,Documentary,Drama"
297376,tt0310910,movie,Confidence,Confidence,0,2003,\N,97,"Crime,Thriller"
297571,tt0311113,movie,Master and Commander: The Far Side of the World,Master and Commander: The Far Side of the World,0,2003,\N,138,"Action,Adventure,Drama"
297739,tt0311289,movie,Holes,Holes,0,2003,\N,117,"Adventure,Comedy,Drama"
297874,tt0311429,movie,The League of Extraordinary Gentlemen,The League of Extraordinary Gentlemen,0,2003,\N,110,"Action,Adventure,Fantasy"
298032,tt0311592,movie,Il nostro matrimonio è in crisi,Il nostro matrimonio è in crisi,0,2002,\N,91,Comedy
298426,tt0312004,movie,Wallace & Gromit: The Curse of the Were-Rabbit,The Curse of the Were-Rabbit,0,2005,\N,85,"Adventure,Animation,Comedy"
298740,tt0312329,movie,Against the Ropes,Against the Ropes,0,2004,\N,111,"Biography,Drama,Romance"
298937,tt0312528,movie,The Cat in the Hat,The Cat in the Hat,0,2003,\N,82,"Adventure,Comedy,Family"
298956,tt0312549,movie,Veronica Guerin,Veronica Guerin,0,2003,\N,98,"Biography,Crime,Drama"
299673,tt0313300,movie,The Blue Butterfly,The Blue Butterfly,0,2004,\N,97,"Adventure,Drama"
299813,tt0313443,movie,Out of Time,Out of Time,0,2003,\N,105,"Crime,Drama,Mystery"
299903,tt0313542,movie,Runaway Jury,Runaway Jury,0,2003,\N,127,"Crime,Drama,Thriller"
300090,tt0313737,movie,Two Weeks Notice,Two Weeks Notice,0,2002,\N,101,"Comedy,Romance"
300144,tt0313792,movie,Anything Else,Anything Else,0,2003,\N,108,"Comedy,Romance"
300260,tt0313911,movie,Agent Cody Banks,Agent Cody Banks,0,2003,\N,102,"Action,Adventure,Comedy"
300454,tt0314111,movie,Godzilla Against Mechagodzilla,Gojira × Mekagojira,0,2002,\N,88,"Action,Sci-Fi,Thriller"
300508,tt0314166,movie,Hey Arnold! The Movie,Hey Arnold! The Movie,0,2002,\N,76,"Adventure,Animation,Comedy"
300667,tt0314331,movie,Love Actually,Love Actually,0,2003,\N,135,"Comedy,Drama,Romance"
300689,tt0314353,movie,Tears of the Sun,Tears of the Sun,0,2003,\N,121,"Action,Drama,Thriller"
300745,tt0314412,movie,My Life Without Me,My Life Without Me,0,2003,\N,106,"Drama,Romance"
300856,tt0314524,movie,Popular Music,Populärmusik från Vittula,0,2004,\N,105,"Comedy,Drama"
301002,tt0314676,movie,The Singing Detective,The Singing Detective,0,2003,\N,109,"Comedy,Crime,Musical"
301105,tt0314786,movie,The In-Laws,The In-Laws,0,2003,\N,98,"Action,Comedy,Thriller"
301183,tt0314871,movie,Washington Heights,Washington Heights,0,2002,\N,89,"Drama,Romance"
301308,tt0315000,movie,El Cid: The Legend,El Cid: La leyenda,0,2003,\N,90,"Adventure,Animation,Biography"
301594,tt0315297,movie,Twisted,Twisted,0,2004,\N,97,"Crime,Drama,Mystery"
301623,tt0315327,movie,Bruce Almighty,Bruce Almighty,0,2003,\N,101,"Comedy,Fantasy"
301723,tt0315431,movie,Constellation,Constellation,0,2005,\N,96,Drama
301927,tt0315642,movie,Wazir,Wazir,0,2016,\N,103,"Action,Crime,Drama"
302016,tt0315733,movie,21 Grams,21 Grams,0,2003,\N,124,"Crime,Drama,Thriller"
302103,tt0315824,movie,The Big Bounce,The Big Bounce,0,2004,\N,88,"Comedy,Crime"
302257,tt0315983,movie,House of Sand and Fog,House of Sand and Fog,0,2003,\N,126,"Crime,Drama"
302457,tt0316188,movie,Raising Victor Vargas,Raising Victor Vargas,0,2002,\N,88,"Drama,Romance"
302620,tt0316356,movie,Open Range,Open Range,0,2003,\N,139,"Action,Drama,Romance"
302658,tt0316396,movie,Peter Pan,Peter Pan,0,2003,\N,113,"Adventure,Family,Fantasy"
302722,tt0316465,movie,Radio,Radio,0,2003,\N,109,"Biography,Drama,Sport"
302900,tt0316654,movie,Spider-Man 2,Spider-Man 2,0,2004,\N,127,"Action,Adventure,Sci-Fi"
302973,tt0316732,movie,Taxi,Taxi,0,2004,\N,97,"Action,Comedy,Crime"
303061,tt0316824,movie,In Enemy Hands,In Enemy Hands,0,2004,\N,94,"Action,Drama,Thriller"
303356,tt0317132,movie,Because of Winn-Dixie,Because of Winn-Dixie,0,2005,\N,106,"Comedy,Drama,Family"
303420,tt0317198,movie,Bridget Jones: The Edge of Reason,Bridget Jones: The Edge of Reason,0,2004,\N,108,"Comedy,Drama,Romance"
303441,tt0317219,movie,Cars,Cars,0,2006,\N,116,"Adventure,Animation,Comedy"
303469,tt0317248,movie,City of God,Cidade de Deus,0,2002,\N,130,"Crime,Drama"
303523,tt0317303,movie,Daddy Day Care,Daddy Day Care,0,2003,\N,92,"Comedy,Family"
303730,tt0317519,movie,Footlong,Footlong,0,2002,\N,87,Documentary
303848,tt0317640,movie,The Hebrew Hammer,The Hebrew Hammer,0,2003,\N,85,Comedy
303856,tt0317648,movie,Hidalgo,Hidalgo,0,2004,\N,136,"Action,Adventure,Biography"
303883,tt0317676,movie,House of the Dead,House of the Dead,0,2003,\N,90,"Action,Adventure,Horror"
303912,tt0317705,movie,The Incredibles,The Incredibles,0,2004,\N,115,"Action,Adventure,Animation"
303944,tt0317740,movie,The Italian Job,The Italian Job,0,2003,\N,111,"Action,Crime,Thriller"
304116,tt0317919,movie,Mission: Impossible III,Mission: Impossible III,0,2006,\N,126,"Action,Adventure,Thriller"
304157,tt0317962,movie,One-Man Show,One-Man Show,0,2001,\N,139,"Comedy,Drama"
304269,tt0318081,movie,A Sound of Thunder,A Sound of Thunder,0,2005,\N,110,"Action,Adventure,Horror"
304340,tt0318155,movie,Looney Tunes: Back in Action,Looney Tunes: Back in Action,0,2003,\N,91,"Adventure,Animation,Comedy"
304466,tt0318283,movie,Alex & Emma,Alex & Emma,0,2003,\N,96,"Comedy,Romance"
304555,tt0318374,movie,The Cooler,The Cooler,0,2003,\N,101,"Drama,Romance"
304591,tt0318411,movie,The Magdalene Sisters,The Magdalene Sisters,0,2002,\N,114,Drama
304800,tt0318627,movie,Resident Evil: Apocalypse,Resident Evil: Apocalypse,0,2004,\N,94,"Action,Horror,Sci-Fi"
304822,tt0318649,movie,Sahara,Sahara,0,2005,\N,124,"Action,Adventure,Comedy"
304933,tt0318761,movie,Thumbsucker,Thumbsucker,0,2005,\N,96,"Comedy,Drama"
305136,tt0318974,movie,The Alamo,The Alamo,0,2004,\N,137,"Drama,History,War"
305222,tt0319061,movie,Big Fish,Big Fish,0,2003,\N,125,"Adventure,Drama,Fantasy"
305416,tt0319262,movie,The Day After Tomorrow,The Day After Tomorrow,0,2004,\N,124,"Action,Adventure,Sci-Fi"
305493,tt0319343,movie,Elf,Elf,0,2003,\N,97,"Adventure,Comedy,Family"
305701,tt0319557,movie,Indra,Indra,0,2002,\N,173,"Action,Drama"
305876,tt0319736,movie,The Legend of Bhagat Singh,The Legend of Bhagat Singh,0,2002,\N,155,"Biography,Drama,History"
305909,tt0319769,movie,Mondays in the Sun,Los lunes al sol,0,2002,\N,113,"Comedy,Drama"
306366,tt0320244,movie,Party Monster,Party Monster,0,2003,\N,98,"Biography,Crime,Drama"
306765,tt0320661,movie,Kingdom of Heaven,Kingdom of Heaven,0,2005,\N,144,"Action,Adventure,Drama"
306795,tt0320691,movie,Underworld,Underworld,0,2003,\N,121,"Action,Fantasy,Thriller"
307847,tt0321781,movie,Cremaster 3,Cremaster 3,0,2002,\N,182,"Drama,Fantasy"
308059,tt0321997,movie,Detention,Detention,0,2003,\N,98,"Action,Drama,Thriller"
308309,tt0322259,movie,2 Fast 2 Furious,2 Fast 2 Furious,0,2003,\N,107,"Action,Crime,Thriller"
308379,tt0322330,movie,Freaky Friday,Freaky Friday,0,2003,\N,97,"Comedy,Family,Fantasy"
308544,tt0322500,tvMovie,Hardcore,Hardcore,0,2001,\N,\N,Documentary
308629,tt0322589,movie,Honey,Honey,0,2003,\N,94,"Drama,Music,Romance"
308698,tt0322659,movie,Northfork,Northfork,0,2003,\N,103,"Drama,Fantasy"
308737,tt0322700,movie,I Love Your Work,I Love Your Work,0,2003,\N,111,"Drama,Mystery"
308838,tt0322802,movie,Jackass: The Movie,Jackass: The Movie,0,2002,\N,85,"Action,Comedy,Documentary"
309046,tt0323013,movie,Lakshya,Lakshya,0,2004,\N,186,"Action,Drama,Romance"
309066,tt0323033,movie,Laws of Attraction,Laws of Attraction,0,2004,\N,90,"Comedy,Romance"
309321,tt0323298,movie,The Mother,The Mother,0,2003,\N,112,"Drama,Romance"
309548,tt0323531,video,Out for a Kill,Out for a Kill,0,2003,\N,90,"Action,Crime,Thriller"
309655,tt0323642,movie,Piglet's Big Movie,Piglet's Big Movie,0,2003,\N,75,"Adventure,Animation,Comedy"
309941,tt0323944,movie,Shattered Glass,Shattered Glass,0,2003,\N,94,"Drama,History"
310119,tt0324127,movie,Suspect Zero,Suspect Zero,0,2004,\N,99,"Crime,Horror,Mystery"
310125,tt0324133,movie,Swimming Pool,Swimming Pool,0,2003,\N,102,"Crime,Drama,Mystery"
310186,tt0324197,movie,Time of the Wolf,Le Temps du loup,0,2003,\N,114,Drama
310205,tt0324216,movie,The Texas Chainsaw Massacre,The Texas Chainsaw Massacre,0,2003,\N,98,Horror
310527,tt0324554,movie,Wicker Park,Wicker Park,0,2004,\N,114,"Drama,Mystery,Romance"
310735,tt0324770,tvSeries,Det' jo løgn,Det' jo løgn,0,1996,\N,\N,Comedy
310963,tt0325005,movie,Antikiller,[Anti]killer,0,2002,\N,114,"Action,Crime"
311013,tt0325055,movie,Sylvia,Sylvia,0,2003,\N,100,"Biography,Drama,Romance"
311208,tt0325258,movie,Dickie Roberts: Former Child Star,Dickie Roberts: Former Child Star,0,2003,\N,98,Comedy
311479,tt0325537,movie,Head of State,Head of State,0,2003,\N,95,Comedy
311538,tt0325596,movie,The I Inside,The I Inside,0,2004,\N,90,"Mystery,Sci-Fi,Thriller"
311595,tt0325655,movie,The Eye,Gin gwai,0,2002,\N,99,"Horror,Mystery,Thriller"
311643,tt0325703,movie,Lara Croft: Tomb Raider - The Cradle of Life,Lara Croft: Tomb Raider - The Cradle of Life,0,2003,\N,117,"Action,Adventure,Fantasy"
311650,tt0325710,movie,The Last Samurai,The Last Samurai,0,2003,\N,154,"Action,Drama"
311743,tt0325805,movie,Matchstick Men,Matchstick Men,0,2003,\N,116,"Comedy,Crime,Drama"
311911,tt0325980,movie,Pirates of the Caribbean: The Curse of the Black Pearl,Pirates of the Caribbean: The Curse of the Black Pearl,0,2003,\N,143,"Action,Adventure,Fantasy"
312365,tt0326450,movie,The Star,Zvezda,0,2002,\N,97,"Action,Adventure,Drama"
312670,tt0326769,movie,Biker Boyz,Biker Boyz,0,2003,\N,110,"Action,Drama"
312707,tt0326806,movie,Civil Brand,Civil Brand,0,2002,\N,95,"Crime,Drama,Thriller"
312726,tt0326828,movie,A Different Loyalty,A Different Loyalty,0,2004,\N,96,"Drama,Romance,Thriller"
312753,tt0326856,movie,Envy,Envy,0,2004,\N,99,Comedy
312799,tt0326905,movie,The Great Raid,The Great Raid,0,2005,\N,132,"Action,Drama,War"
312925,tt0327036,movie,Martin Lawrence Live: Runteldat,Martin Lawrence Live: Runteldat,0,2002,\N,113,"Comedy,Documentary"
312945,tt0327056,movie,Mystic River,Mystic River,0,2003,\N,138,"Crime,Drama,Mystery"
312956,tt0327067,movie,Stereoblood,Odinochestvo krovi,0,2002,\N,96,Thriller
312973,tt0327084,movie,Over the Hedge,Over the Hedge,0,2006,\N,83,"Adventure,Animation,Comedy"
313050,tt0327162,movie,The Stepford Wives,The Stepford Wives,0,2004,\N,93,"Comedy,Horror,Sci-Fi"
313131,tt0327247,movie,The Whole Ten Yards,The Whole Ten Yards,0,2004,\N,98,"Comedy,Crime,Thriller"
313311,tt0327437,movie,Around the World in 80 Days,Around the World in 80 Days,0,2004,\N,120,"Action,Adventure,Comedy"
313423,tt0327554,movie,Catwoman,Catwoman,0,2004,\N,104,"Action,Crime,Fantasy"
313465,tt0327597,movie,Coraline,Coraline,0,2009,\N,100,"Animation,Drama,Family"
313544,tt0327679,movie,Ella Enchanted,Ella Enchanted,0,2004,\N,96,"Comedy,Family,Fantasy"
313649,tt0327785,movie,The Killer's Game,The Killer's Game,0,2024,\N,104,"Action,Comedy,Thriller"
313713,tt0327850,movie,The Rundown,The Rundown,0,2003,\N,104,"Action,Adventure,Comedy"
313951,tt0328099,movie,Malibu's Most Wanted,Malibu's Most Wanted,0,2003,\N,86,"Comedy,Crime"
313957,tt0328107,movie,Man on Fire,Man on Fire,0,2004,\N,146,"Action,Crime,Drama"
313980,tt0328132,movie,One-Way Ticket to Mombasa,Menolippu Mombasaan,0,2002,\N,88,"Comedy,Drama"
314361,tt0328538,movie,Thirteen,Thirteen,0,2003,\N,100,Drama
314412,tt0328589,movie,Under the Tuscan Sun,Under the Tuscan Sun,0,2003,\N,113,"Comedy,Drama,Romance"
314646,tt0328828,movie,American Wedding,American Wedding,0,2003,\N,96,Comedy
314650,tt0328832,video,The Animatrix,The Animatrix,0,2003,\N,102,"Action,Animation,Sci-Fi"
314697,tt0328880,movie,Brother Bear,Brother Bear,0,2003,\N,85,"Adventure,Animation,Comedy"
314843,tt0329028,movie,Dumb and Dumberer: When Harry Met Lloyd,Dumb and Dumberer: When Harry Met Lloyd,0,2003,\N,85,Comedy
314915,tt0329101,movie,Freddy vs. Jason,Freddy vs. Jason,0,2003,\N,97,Horror
314975,tt0329162,movie,Devil's Pond,Devil's Pond,0,2003,\N,92,"Drama,Thriller"
315378,tt0329575,movie,Seabiscuit,Seabiscuit,0,2003,\N,140,"Drama,History,Sport"
315491,tt0329691,movie,Torque,Torque,0,2004,\N,84,"Action,Comedy,Crime"
315516,tt0329717,movie,Hollywood Homicide,Hollywood Homicide,0,2003,\N,116,"Action,Comedy,Crime"
315572,tt0329774,movie,xXx: State of the Union,xXx: State of the Union,0,2005,\N,101,"Action,Adventure,Crime"
315882,tt0330099,movie,The Brown Bunny,The Brown Bunny,0,2003,\N,93,Drama
315975,tt0330193,movie,Dangerous People,Les dangereux,0,2002,\N,108,"Comedy,Crime"
316151,tt0330373,movie,Harry Potter and the Goblet of Fire,Harry Potter and the Goblet of Fire,0,2005,\N,157,"Adventure,Family,Fantasy"
316374,tt0330602,movie,Mambo Italiano,Mambo Italiano,0,2003,\N,99,"Comedy,Drama,Romance"
316413,tt0330643,movie,Miss Kim,Miss Kim,0,1985,\N,105,\N
316459,tt0330691,movie,The Card Player,Il cartaio,0,2003,\N,103,"Horror,Mystery,Thriller"
316558,tt0330793,movie,The Punisher,The Punisher,0,2004,\N,124,"Action,Crime,Drama"
316605,tt0330843,movie,Saathiya,Saathiya,0,2002,\N,138,"Drama,Family,Romance"
316655,tt0330896,movie,Skin Deep,Skin Deep,0,2003,\N,89,"Action,Adventure,Comedy"
317028,tt0331282,movie,Little Night Music,Mala nocna muzika,0,2002,\N,95,"Action,Comedy,Thriller"
317208,tt0331468,movie,Cold Creek Manor,Cold Creek Manor,0,2003,\N,118,"Drama,Mystery,Thriller"
317367,tt0331632,movie,Scooby-Doo 2: Monsters Unleashed,Scooby-Doo 2: Monsters Unleashed,0,2004,\N,93,"Adventure,Comedy,Family"
317661,tt0331933,movie,Man of the House,Man of the House,0,2005,\N,100,"Comedy,Crime"
317681,tt0331953,movie,Club Dread,Club Dread,0,2004,\N,104,"Comedy,Horror,Mystery"
317772,tt0332047,movie,Fever Pitch,Fever Pitch,0,2005,\N,104,"Comedy,Drama,Romance"
317854,tt0332136,movie,If Only,If Only,0,2004,\N,92,"Comedy,Drama,Fantasy"
317992,tt0332280,movie,The Notebook,The Notebook,0,2004,\N,123,"Drama,Romance"
318084,tt0332375,movie,Saved!,Saved!,0,2004,\N,92,"Comedy,Drama"
318086,tt0332379,movie,School of Rock,School of Rock,0,2003,\N,109,"Comedy,Music"
318158,tt0332452,movie,Troy,Troy,0,2004,\N,163,"Action,Adventure,Drama"
318304,tt0332605,movie,House of Fools,Dom durakov,0,2002,\N,104,"Drama,Music,Romance"
318356,tt0332658,movie,Intermission,Intermission,0,2003,\N,105,"Comedy,Crime,Drama"
318409,tt0332712,movie,My Baby's Daddy,My Baby's Daddy,0,2004,\N,86,Comedy
318779,tt0333089,movie,Open My Heart,Aprimi il cuore,0,2002,\N,93,Drama
319449,tt0333766,movie,Garden State,Garden State,0,2004,\N,102,"Comedy,Drama,Romance"
319463,tt0333780,movie,"Legally Blonde 2: Red, White & Blonde","Legally Blonde 2: Red, White & Blonde",0,2003,\N,95,Comedy
320666,tt0335013,movie,The Company,The Company,0,2003,\N,112,"Drama,Music,Romance"
320771,tt0335119,movie,Girl with a Pearl Earring,Girl with a Pearl Earring,0,2003,\N,100,"Biography,Drama,Romance"
320773,tt0335121,movie,Godsend,Godsend,0,2004,\N,102,"Action,Drama,Fantasy"
320893,tt0335245,movie,The Ladykillers,The Ladykillers,0,2004,\N,104,"Comedy,Crime,Thriller"
320914,tt0335266,movie,Lost in Translation,Lost in Translation,0,2003,\N,102,"Comedy,Drama"
320991,tt0335345,movie,The Passion of the Christ,The Passion of the Christ,0,2004,\N,127,Drama
321083,tt0335438,movie,Starsky & Hutch,Starsky & Hutch,0,2004,\N,101,"Comedy,Crime"
321202,tt0335559,movie,Win a Date with Tad Hamilton!,Win a Date with Tad Hamilton!,0,2004,\N,95,"Comedy,Romance"
321205,tt0335563,movie,Wonderland,Wonderland,0,2003,\N,104,"Crime,Drama,Mystery"
323160,tt0337563,movie,13 Going on 30,13 Going on 30,0,2004,\N,98,"Comedy,Fantasy,Romance"
323169,tt0337573,movie,Antibodies,Antikörper,0,2005,\N,127,"Crime,Drama,Horror"
323175,tt0337579,movie,Barbershop 2: Back in Business,Barbershop 2: Back in Business,0,2004,\N,106,"Comedy,Drama"
323225,tt0337631,movie,The Boys & Girl from County Clare,The Boys from County Clare,0,2003,\N,90,"Comedy,Music,Romance"
323281,tt0337692,movie,On the Road,On the Road,0,2012,\N,124,"Adventure,Drama,Romance"
323299,tt0337711,movie,Rugrats Go Wild,Rugrats Go Wild,0,2003,\N,80,"Adventure,Animation,Comedy"
323328,tt0337741,movie,Something's Gotta Give,Something's Gotta Give,0,2003,\N,128,"Comedy,Drama,Romance"
323431,tt0337851,tvMovie,Baywatch: Hawaiian Wedding,Baywatch: Hawaiian Wedding,0,2003,\N,100,"Action,Adventure,Drama"
323454,tt0337876,movie,Birth,Birth,0,2004,\N,100,"Drama,Fantasy,Mystery"
323484,tt0337909,movie,Calendar Girls,Calendar Girls,0,2003,\N,108,"Comedy,Drama"
323491,tt0337917,movie,Catch That Kid,Catch That Kid,0,2004,\N,91,"Adventure,Comedy,Crime"
323495,tt0337921,movie,Cellular,Cellular,0,2004,\N,94,"Action,Crime,Thriller"
323534,tt0337961,movie,In My Skin,Dans ma peau,0,2002,\N,93,"Drama,Horror"
323543,tt0337971,movie,Deewangee,Deewangee,0,2002,\N,169,"Crime,Drama,Mystery"
323549,tt0337978,movie,Live Free or Die Hard,Live Free or Die Hard,0,2007,\N,128,"Action,Thriller"
323580,tt0338013,movie,Eternal Sunshine of the Spotless Mind,Eternal Sunshine of the Spotless Mind,0,2004,\N,108,"Drama,Romance,Sci-Fi"
323637,tt0338077,movie,Grind,Grind,0,2003,\N,105,"Adventure,Comedy,Sport"
323653,tt0338094,movie,The Haunted Mansion,The Haunted Mansion,0,2003,\N,88,"Comedy,Family,Fantasy"
323654,tt0338095,movie,High Tension,Haute tension,0,2003,\N,91,Horror
323655,tt0338096,movie,Dirty Dancing: Havana Nights,Dirty Dancing: Havana Nights,0,2004,\N,86,"Drama,Music,Romance"
323692,tt0338135,movie,The Barbarian Invasions,Les invasions barbares,0,2003,\N,99,"Comedy,Crime,Drama"
323742,tt0338188,movie,The Missing,The Missing,0,2003,\N,137,"Adventure,Drama,Thriller"
323770,tt0338216,movie,Lucky You,Lucky You,0,2007,\N,124,"Drama,Romance,Sport"
323846,tt0338294,movie,Nowhere Man,Nowhere Man,0,2005,\N,78,"Action,Comedy,Crime"
323861,tt0338309,movie,Evil,Ondskan,0,2003,\N,113,Drama
323875,tt0338325,movie,Paparazzi,Paparazzi,0,2004,\N,84,"Action,Crime,Drama"
323887,tt0338337,movie,Paycheck,Paycheck,0,2003,\N,119,"Action,Mystery,Sci-Fi"
323898,tt0338348,movie,The Polar Express,The Polar Express,0,2004,\N,100,"Adventure,Animation,Family"
323971,tt0338427,movie,Shopgirl,Shopgirl,0,2005,\N,106,"Drama,Romance"
324002,tt0338459,movie,Spy Kids 3: Game Over,Spy Kids 3: Game Over,0,2003,\N,84,"Action,Adventure,Comedy"
324009,tt0338466,movie,Stuck on You,Stuck on You,0,2003,\N,118,Comedy
324053,tt0338512,movie,Two Brothers,Deux frères,0,2004,\N,109,"Adventure,Drama,Family"
324067,tt0338526,movie,Van Helsing,Van Helsing,0,2004,\N,131,"Action,Adventure,Fantasy"
324104,tt0338564,movie,Infernal Affairs,Mou gaan dou,0,2002,\N,101,"Crime,Drama,Mystery"
324237,tt0338706,movie,Alexandra's Project,Alexandra's Project,0,2003,\N,103,"Drama,Mystery,Thriller"
324281,tt0338751,movie,The Aviator,The Aviator,0,2004,\N,170,"Biography,Drama"
324293,tt0338763,movie,Battle Royale II: Requiem,Batoru rowaiaru II: Rekuiemu,0,2003,\N,133,"Action,Drama,Thriller"
324556,tt0339034,movie,From Justin to Kelly,From Justin to Kelly,0,2003,\N,81,"Comedy,Music,Musical"
324654,tt0339135,movie,In Hell,In Hell,0,2003,\N,98,"Action,Drama,Thriller"
324800,tt0339291,movie,A Series of Unfortunate Events,A Series of Unfortunate Events,0,2004,\N,108,"Adventure,Comedy,Family"
324841,tt0339334,movie,The Magic Roundabout,The Magic Roundabout,0,2004,\N,81,"Adventure,Animation,Comedy"
324918,tt0339412,movie,Mr. 3000,Mr. 3000,0,2004,\N,104,"Comedy,Drama,Romance"
324925,tt0339419,movie,The Mudge Boy,The Mudge Boy,0,2003,\N,94,"Crime,Drama,Romance"
325137,tt0339638,movie,Screen Door Jesus,Screen Door Jesus,0,2003,\N,119,"Comedy,Drama,Fantasy"
325222,tt0339727,movie,Stateside,Stateside,0,2004,\N,97,"Drama,Music,Romance"
325320,tt0339827,movie,Twist,Twist,0,2003,\N,97,Drama
325331,tt0339840,movie,Undead,Undead,0,2003,\N,97,"Action,Comedy,Fantasy"
325595,tt0340110,movie,Fat Pizza,Fat Pizza,0,2003,\N,96,"Action,Adventure,Comedy"
325648,tt0340163,movie,Hostage,Hostage,0,2005,\N,113,"Action,Crime,Drama"
325857,tt0340377,movie,The Station Agent,The Station Agent,0,2003,\N,89,"Comedy,Drama"
326148,tt0340855,movie,Monster,Monster,0,2003,\N,109,"Biography,Crime,Drama"
326432,tt0341266,movie,Bhoot,Bhoot,0,2003,\N,113,"Horror,Mystery,Thriller"
327208,tt0342062,movie,Ethereal,Asiri,0,2002,\N,102,"Drama,Horror"
327401,tt0342258,movie,Unleashed,Unleashed,0,2005,\N,103,"Action,Crime,Thriller"
327437,tt0342295,video,"Doggie Tails, Vol. 1: Lucky's First Sleep-Over","Doggie Tails, Vol. 1: Lucky's First Sleep-Over",0,2003,\N,32,"Family,Short"
327457,tt0342316,movie,"Love, Sex and Eating the Bones","Love, Sex and Eating the Bones",0,2003,\N,100,"Comedy,Romance"
327867,tt0342735,movie,Manderlay,Manderlay,0,2005,\N,133,Drama
328242,tt0343121,movie,Tupac: Resurrection,Tupac: Resurrection,0,2003,\N,112,"Biography,Documentary,Music"
328256,tt0343135,movie,Along Came Polly,Along Came Polly,0,2004,\N,90,"Comedy,Romance"
328339,tt0343221,movie,Mother of Mine,Äideistä parhain,0,2005,\N,111,"Drama,War"
328762,tt0343660,movie,50 First Dates,50 First Dates,0,2004,\N,99,"Comedy,Drama,Romance"
328837,tt0343737,movie,The Good Shepherd,The Good Shepherd,0,2006,\N,167,"Drama,History,Thriller"
328918,tt0343818,movie,"I, Robot","I, Robot",0,2004,\N,115,"Action,Mystery,Sci-Fi"
329091,tt0343996,movie,The Lost City,The Lost City,0,2005,\N,144,"Drama,Romance"
329932,tt0344854,movie,Arthur and the Invisibles,Arthur et les Minimoys,0,2006,\N,94,"Adventure,Animation,Comedy"
330147,tt0345074,movie,Connie and Carla,Connie and Carla,0,2004,\N,98,"Comedy,Crime,Music"
330473,tt0345412,movie,Hula mo huli ko,Hula mo huli ko,0,2002,\N,101,"Action,Comedy"
330608,tt0345551,movie,Latter Days,Latter Days,0,2003,\N,107,"Comedy,Drama,Romance"
330902,tt0345853,movie,Rembrandt,Rembrandt,0,2002,\N,109,"Action,Comedy,Crime"
330995,tt0345950,movie,The SpongeBob SquarePants Movie,The SpongeBob SquarePants Movie,0,2004,\N,87,"Adventure,Animation,Comedy"
331197,tt0346156,movie,Sky Captain and the World of Tomorrow,Sky Captain and the World of Tomorrow,0,2004,\N,106,"Action,Adventure,Mystery"
331487,tt0346457,movie,Mangal Pandey,Mangal Pandey: The Rising,0,2005,\N,150,"Biography,Drama,History"
331518,tt0346491,movie,Alexander,Alexander,0,2004,\N,175,"Action,Biography,Drama"
331654,tt0346631,movie,Blood and Bone,Blood and Bone,0,2009,\N,93,"Action,Crime,Drama"
331744,tt0346723,movie,Chalte Chalte,Chalte Chalte,0,2003,\N,167,"Drama,Romance"
332166,tt0347149,movie,Howl's Moving Castle,Hauru no ugoku shiro,0,2004,\N,119,"Adventure,Animation,Family"
332343,tt0347332,movie,Khakee,Khakee,0,2004,\N,174,"Action,Crime,Drama"
333107,tt0348121,movie,Steamboy,Suchîmubôi,0,2004,\N,126,"Action,Adventure,Animation"
333136,tt0348150,movie,Superman Returns,Superman Returns,0,2006,\N,154,"Action,Adventure,Sci-Fi"
333242,tt0348258,movie,Tujhe Meri Kasam,Tujhe Meri Kasam,0,2003,\N,155,Romance
333313,tt0348333,movie,Waiting...,Waiting...,0,2005,\N,94,Comedy
333567,tt0348593,movie,The Door in the Floor,The Door in the Floor,0,2004,\N,111,"Comedy,Drama"
333801,tt0348836,movie,Gothika,Gothika,0,2003,\N,98,"Horror,Mystery,Thriller"
333807,tt0348843,movie,Jism,Jism,0,2003,\N,136,"Drama,Romance,Thriller"
334006,tt0349047,movie,(T)Raumschiff Surprise - Periode 1,(T)Raumschiff Surprise - Periode 1,0,2004,\N,87,"Comedy,Sci-Fi"
334071,tt0349115,movie,Baaz: A Bird in Danger,Baaz: A Bird in Danger,0,2003,\N,180,"Action,Drama,Mystery"
334115,tt0349159,movie,"The Book of Mormon Movie, Volume 1: The Journey","The Book of Mormon Movie, Volume 1: The Journey",0,2003,\N,120,Adventure
334125,tt0349169,movie,Breakin' All the Rules,Breakin' All the Rules,0,2004,\N,85,"Comedy,Romance"
334159,tt0349205,movie,Cheaper by the Dozen,Cheaper by the Dozen,0,2003,\N,98,"Comedy,Family"
334211,tt0349260,movie,In My Country,Country of My Skull,0,2004,\N,105,"Drama,Romance"
334359,tt0349416,movie,Eulogy,Eulogy,0,2004,\N,91,"Comedy,Drama"
334408,tt0349467,movie,Freedomland,Freedomland,0,2006,\N,113,"Crime,Drama,Mystery"
334617,tt0349683,movie,King Arthur,King Arthur,0,2004,\N,126,"Action,Adventure,Drama"
334644,tt0349710,movie,Ladder 49,Ladder 49,0,2004,\N,115,"Action,Drama,Thriller"
334756,tt0349825,movie,Miracle,Miracle,0,2004,\N,135,"Biography,Drama,History"
334818,tt0349889,movie,Unstoppable,Unstoppable,0,2004,\N,96,"Action,Adventure,Drama"
334832,tt0349903,movie,Ocean's Twelve,Ocean's Twelve,0,2004,\N,125,"Crime,Thriller"
334956,tt0350028,movie,Raising Helen,Raising Helen,0,2004,\N,119,"Comedy,Drama,Romance"
335116,tt0350194,movie,Teacher's Pet,Teacher's Pet,0,2004,\N,73,"Adventure,Animation,Comedy"
335178,tt0350258,movie,Ray,Ray,0,2004,\N,152,"Biography,Drama,Music"
335181,tt0350261,movie,An Unfinished Life,An Unfinished Life,0,2005,\N,108,"Drama,Family,Romance"
335816,tt0350907,movie,Opération Cobra,Opération Cobra,0,2001,\N,75,Drama
336186,tt0351283,movie,Madagascar,Madagascar,0,2005,\N,86,"Adventure,Animation,Comedy"
336711,tt0351817,movie,The Twilight Samurai,Tasogare Seibei,0,2002,\N,129,"Drama,Romance"
336867,tt0351977,movie,Walking Tall,Walking Tall,0,2004,\N,86,"Action,Crime"
337130,tt0352248,movie,Cinderella Man,Cinderella Man,0,2005,\N,144,"Biography,Drama,Romance"
337159,tt0352277,movie,De-Lovely,De-Lovely,0,2004,\N,125,"Biography,Drama,Music"
337630,tt0352757,movie,Raja,Raja,0,2002,\N,133,Romance
337861,tt0352994,movie,Walk on Water,Walk on Water,0,2004,\N,103,"Drama,Mystery,Thriller"
338028,tt0353168,short,Fighter Pilot: Operation Red Flag,Fighter Pilot: Operation Red Flag,0,2004,\N,40,"Documentary,Short"
338602,tt0353765,movie,Lost in Galicia,Los muertos van deprisa,0,2009,\N,104,Comedy
338801,tt0353969,movie,Memories of Murder,Salinui chueok,0,2003,\N,131,"Crime,Drama,Mystery"
339573,tt0354766,movie,Never Die Alone,Never Die Alone,0,2004,\N,88,"Action,Crime,Drama"
339702,tt0354899,movie,The Science of Sleep,La science des rêves,0,2006,\N,105,"Comedy,Drama,Fantasy"
340085,tt0355295,movie,The Brothers Grimm,The Brothers Grimm,0,2005,\N,118,"Action,Adventure,Comedy"
340482,tt0355702,movie,Lords of Dogtown,Lords of Dogtown,0,2005,\N,107,"Biography,Drama,Sport"
340727,tt0355954,movie,Riding the Bullet,Riding the Bullet,0,2004,\N,98,"Horror,Thriller"
340919,tt0356150,movie,EuroTrip,EuroTrip,0,2004,\N,92,Comedy
340928,tt0356159,movie,Hellbent,Hellbent,0,2004,\N,84,"Horror,Thriller"
340945,tt0356176,movie,Dark Woods,Villmark,0,2003,\N,85,"Adventure,Horror,Mystery"
341232,tt0356470,movie,A Cinderella Story,A Cinderella Story,0,2004,\N,95,"Comedy,Family,Romance"
341373,tt0356614,movie,Foolproof,Foolproof,0,2003,\N,94,"Action,Comedy,Crime"
341377,tt0356618,movie,The Forgotten,The Forgotten,0,2004,\N,91,"Drama,Mystery,Sci-Fi"
341393,tt0356634,movie,Garfield: The Movie,Garfield: The Movie,0,2004,\N,80,"Adventure,Comedy,Family"
341439,tt0356680,movie,The Family Stone,The Family Stone,0,2005,\N,103,"Comedy,Drama,Romance"
341477,tt0356721,movie,I Heart Huckabees,I Heart Huckabees,0,2004,\N,107,Comedy
341662,tt0356910,movie,Mr. & Mrs. Smith,Mr. & Mrs. Smith,0,2005,\N,120,"Action,Comedy,Crime"
341857,tt0357110,movie,The Ballad of Jack and Rose,The Ballad of Jack and Rose,0,2005,\N,112,Drama
341858,tt0357111,movie,RRRrrrr!!!,RRRrrrr!!!,0,2004,\N,98,"Comedy,Crime,Mystery"
342018,tt0357277,movie,Elektra,Elektra,0,2005,\N,97,"Action,Adventure,Crime"
342148,tt0357413,movie,Anchorman: The Legend of Ron Burgundy,Anchorman: The Legend of Ron Burgundy,0,2004,\N,94,Comedy
342209,tt0357474,video,Belly of the Beast,Belly of the Beast,0,2003,\N,91,Action
342242,tt0357507,movie,Boogeyman,Boogeyman,0,2005,\N,89,"Drama,Horror,Mystery"
342622,tt0357894,movie,Silver Hawk,Fei Ying,0,2004,\N,99,"Action,Adventure,Sci-Fi"
342716,tt0357991,movie,Moscow Gold,El oro de Moscú,0,2003,\N,100,"Action,Adventure,Comedy"
342806,tt0358082,movie,Robots,Robots,0,2005,\N,91,"Adventure,Animation,Comedy"
342859,tt0358135,movie,Shall We Dance?,Shall We Dance?,0,2004,\N,106,"Comedy,Drama,Music"
342992,tt0358273,movie,Walk the Line,Walk the Line,0,2005,\N,136,"Biography,Drama,Music"
343011,tt0358294,movie,Into the Sun,Into the Sun,0,2005,\N,97,"Action,Thriller"
343064,tt0358349,movie,Agent Cody Banks 2: Destination London,Agent Cody Banks 2: Destination London,0,2004,\N,100,"Action,Adventure,Comedy"
343713,tt0359013,movie,Blade: Trinity,Blade: Trinity,0,2004,\N,113,"Action,Horror,Sci-Fi"
344115,tt0359423,movie,A Home at the End of the World,A Home at the End of the World,0,2004,\N,97,"Drama,Romance"
344208,tt0359517,movie,Johnson Family Vacation,Johnson Family Vacation,0,2004,\N,97,Comedy
344382,tt0359692,movie,When the Last Sword Is Drawn,Mibu gishi den,0,2002,\N,143,"Drama,History"
344634,tt0359950,movie,The Secret Life of Walter Mitty,The Secret Life of Walter Mitty,0,2013,\N,114,"Adventure,Comedy,Drama"
344693,tt0360009,movie,Spartan,Spartan,0,2004,\N,106,"Action,Crime,Drama"
344700,tt0360016,movie,Standing Still,Standing Still,0,2005,\N,90,"Comedy,Drama,Romance"
344717,tt0360033,tvMovie,The Stranger Beside Me,The Stranger Beside Me,0,2003,\N,90,"Biography,Crime,Drama"
344821,tt0360139,movie,Chasing Liberty,Chasing Liberty,0,2004,\N,111,"Comedy,Romance"
344882,tt0360201,movie,Wimbledon,Wimbledon,0,2004,\N,98,"Comedy,Romance,Sport"
344999,tt0360323,movie,10th & Wolf,10th & Wolf,0,2006,\N,107,"Crime,Drama,Thriller"
345157,tt0360486,movie,Constantine,Constantine,0,2005,\N,121,"Action,Fantasy,Horror"
345383,tt0360717,movie,King Kong,King Kong,0,2005,\N,187,"Action,Adventure,Romance"
345578,tt0360916,movie,The Real Cancun,The Real Cancun,0,2003,\N,96,Documentary
345742,tt0361089,movie,Valiant,Valiant,0,2005,\N,76,"Adventure,Animation,Comedy"
345779,tt0361127,movie,The Woodsman,The Woodsman,0,2004,\N,87,Drama
345951,tt0361309,movie,We Don't Live Here Anymore,We Don't Live Here Anymore,0,2004,\N,101,"Drama,Romance"
345964,tt0361322,movie,Assisted Living,Assisted Living,0,2003,\N,78,"Comedy,Drama"
346050,tt0361411,movie,Bride & Prejudice,Bride & Prejudice,0,2004,\N,122,"Comedy,Drama,Musical"
346103,tt0361467,movie,Confessions of a Teenage Drama Queen,Confessions of a Teenage Drama Queen,0,2004,\N,89,"Comedy,Family,Music"
346133,tt0361500,movie,Delgo,Delgo,0,2008,\N,94,"Adventure,Animation,Comedy"
346227,tt0361596,movie,Fahrenheit 9/11,Fahrenheit 9/11,0,2004,\N,122,"Documentary,Drama,War"
346250,tt0361620,movie,First Daughter,First Daughter,0,2004,\N,106,"Comedy,Drama,Romance"
346320,tt0361696,movie,Raise Your Voice,Raise Your Voice,0,2004,\N,103,"Family,Music,Musical"
346338,tt0361715,movie,Duma,Duma,0,2005,\N,100,"Adventure,Drama,Family"
346369,tt0361748,movie,Inglourious Basterds,Inglourious Basterds,0,2009,\N,153,"Adventure,Drama,War"
346459,tt0361841,movie,Little Black Book,Little Black Book,0,2004,\N,107,"Comedy,Drama,Romance"
346479,tt0361862,movie,The Machinist,The Machinist,0,2004,\N,101,"Drama,Thriller"
346542,tt0361925,movie,Welcome to Mooseport,Welcome to Mooseport,0,2004,\N,110,"Comedy,Romance"
346731,tt0362120,movie,Scary Movie 4,Scary Movie 4,0,2006,\N,83,Comedy
346773,tt0362165,movie,Son of the Mask,Son of the Mask,0,2005,\N,94,"Comedy,Family,Fantasy"
346811,tt0362204,movie,Supari,Supari,0,2003,\N,142,"Action,Crime,Drama"
346834,tt0362227,movie,The Terminal,The Terminal,0,2004,\N,128,"Comedy,Drama,Romance"
346875,tt0362269,movie,Kinsey,Kinsey,0,2004,\N,118,"Biography,Drama,Romance"
346876,tt0362270,movie,The Life Aquatic with Steve Zissou,The Life Aquatic with Steve Zissou,0,2004,\N,119,"Action,Adventure,Comedy"
347076,tt0362478,movie,The Box,The Box,0,2009,\N,115,"Drama,Mystery,Thriller"
347378,tt0362789,movie,Ay Juancito,Ay Juancito,0,2004,\N,115,"Biography,Drama,History"
347736,tt0363163,movie,Downfall,Der Untergang,0,2004,\N,156,"Biography,Drama,History"
347798,tt0363226,movie,The Blind Swordsman: Zatoichi,Zatôichi,0,2003,\N,116,"Action,Comedy,Crime"
347853,tt0363282,movie,New York Minute,New York Minute,0,2004,\N,91,"Adventure,Comedy,Crime"
348037,tt0363473,movie,Beyond the Sea,Beyond the Sea,0,2004,\N,118,"Biography,Drama,Music"
348068,tt0363504,movie,Bigger Than the Sky,Bigger Than the Sky,0,2005,\N,106,"Comedy,Drama,Romance"
348094,tt0363532,movie,Intimate Strangers,Confidences trop intimes,0,2004,\N,104,"Drama,Romance,Thriller"
348108,tt0363547,movie,Dawn of the Dead,Dawn of the Dead,0,2004,\N,101,"Action,Horror"
348148,tt0363589,movie,Elephant,Elephant,0,2003,\N,81,"Crime,Drama,Thriller"
348324,tt0363771,movie,"The Chronicles of Narnia: The Lion, the Witch and the Wardrobe","The Chronicles of Narnia: The Lion, the Witch and the Wardrobe",0,2005,\N,143,"Adventure,Family,Fantasy"
348534,tt0363988,movie,Secret Window,Secret Window,0,2004,\N,96,"Drama,Mystery,Thriller"
348588,tt0364045,movie,Taking Lives,Taking Lives,0,2004,\N,103,"Crime,Mystery,Thriller"
348924,tt0364385,movie,Ju-on: The Grudge,Ju-on,0,2002,\N,92,Horror
348996,tt0364457,movie,The Keeper,The Keeper,0,2004,\N,95,"Crime,Drama,Thriller"
349106,tt0364569,movie,Oldboy,Oldeuboi,0,2003,\N,120,"Action,Drama,Mystery"
349156,tt0364621,movie,Qayamat: City Under Threat,Qayamat: City Under Threat,0,2003,\N,180,"Action,Adventure,Thriller"
349259,tt0364725,movie,Dodgeball: A True Underdog Story,Dodgeball: A True Underdog Story,0,2004,\N,92,"Comedy,Sport"
349285,tt0364751,movie,Without a Paddle,Without a Paddle,0,2004,\N,95,"Adventure,Comedy,Mystery"
349491,tt0364970,movie,Babylon A.D.,Babylon A.D.,0,2008,\N,90,"Action,Adventure,Sci-Fi"
349623,tt0365109,movie,Deep Blue,Deep Blue,0,2003,\N,83,Documentary
349638,tt0365125,movie,A Dirty Shame,A Dirty Shame,0,2004,\N,89,Comedy
349873,tt0365376,movie,A Tale of Two Sisters,"Janghwa, Hongryeon",0,2003,\N,114,"Drama,Horror,Mystery"
349975,tt0365485,movie,The Matador,The Matador,0,2005,\N,96,"Comedy,Crime,Thriller"
350159,tt0365675,movie,The Red Baron,Der Rote Baron,0,2008,\N,106,"Action,Adventure,Biography"
350168,tt0365686,movie,Revolver,Revolver,0,2005,\N,111,"Action,Crime,Drama"
350218,tt0365737,movie,Syriana,Syriana,0,2005,\N,128,"Drama,Thriller"
350228,tt0365748,movie,Shaun of the Dead,Shaun of the Dead,0,2004,\N,99,"Comedy,Horror"
350305,tt0365830,movie,Tenacious D in the Pick of Destiny,Tenacious D in The Pick of Destiny,0,2006,\N,94,"Adventure,Comedy,Music"
350322,tt0365847,movie,The Myth,San wa,0,2005,\N,122,"Action,Adventure,Comedy"
350355,tt0365885,movie,The Upside of Anger,The Upside of Anger,0,2005,\N,118,"Comedy,Drama"
350375,tt0365907,movie,A Walk Among the Tombstones,A Walk Among the Tombstones,0,2014,\N,114,"Action,Crime,Drama"
350396,tt0365929,movie,Whiteout,Whiteout,0,2009,\N,100,"Action,Crime,Mystery"
350424,tt0365957,movie,You Got Served,You Got Served,0,2004,\N,95,"Drama,Music"
350427,tt0365960,movie,Zero Day,Zero Day,0,2002,\N,92,Drama
350631,tt0366174,movie,Anacondas: The Hunt for the Blood Orchid,Anacondas: The Hunt for the Blood Orchid,0,2004,\N,97,"Action,Adventure,Horror"
350745,tt0366292,movie,One Missed Call,Chakushin ari,0,2003,\N,112,"Horror,Mystery"
350894,tt0366450,movie,Five Children and It,Five Children and It,0,2004,\N,89,"Adventure,Family,Fantasy"
350990,tt0366548,movie,Happy Feet,Happy Feet,0,2006,\N,108,"Adventure,Animation,Comedy"
350993,tt0366551,movie,Harold & Kumar Go to White Castle,Harold & Kumar Go to White Castle,0,2004,\N,88,"Adventure,Comedy"
351063,tt0366627,movie,The Jacket,The Jacket,0,2005,\N,103,"Drama,Fantasy,Mystery"
351207,tt0366777,movie,Millions,Millions,0,2004,\N,98,"Comedy,Crime,Drama"
351210,tt0366780,movie,Mirrormask,Mirrormask,0,2005,\N,101,"Drama,Fantasy"
351300,tt0366874,movie,Parasuram,Parasuram,0,2003,\N,142,"Action,Drama"
351342,tt0366920,movie,Pride and Prejudice,Pride and Prejudice,0,2003,\N,104,"Comedy,Romance"
351418,tt0367000,movie,House of Voices,Saint Ange,0,2004,\N,98,"Drama,Fantasy,Horror"
351444,tt0367027,movie,Shortbus,Shortbus,0,2006,\N,101,"Comedy,Drama,Romance"
351496,tt0367082,movie,Fateless,Sorstalanság,0,2005,\N,140,"Drama,Romance,War"
351499,tt0367085,movie,Soul Plane,Soul Plane,0,2004,\N,86,Comedy
351503,tt0367089,movie,The Squid and the Whale,The Squid and the Whale,0,2005,\N,81,"Comedy,Drama"
351524,tt0367110,movie,Swades,"Swades: We, the People",0,2004,\N,189,"Drama,Musical"
351875,tt0367478,movie,Wake of Death,Wake of Death,0,2004,\N,91,"Action,Adventure,Drama"
351876,tt0367479,movie,After the Sunset,After the Sunset,0,2004,\N,97,"Action,Comedy,Crime"
351988,tt0367594,movie,Charlie and the Chocolate Factory,Charlie and the Chocolate Factory,0,2005,\N,115,"Adventure,Comedy,Family"
352023,tt0367631,movie,D.E.B.S.,D.E.B.S.,0,2004,\N,91,"Action,Comedy,Romance"
352042,tt0367652,movie,Deuce Bigalow: European Gigolo,Deuce Bigalow: European Gigolo,0,2005,\N,83,Comedy
352237,tt0367859,movie,The Man Who Copied,O Homem que Copiava,0,2003,\N,124,"Comedy,Crime,Drama"
352257,tt0367882,movie,Indiana Jones and the Kingdom of the Crystal Skull,Indiana Jones and the Kingdom of the Crystal Skull,0,2008,\N,122,"Action,Adventure"
352288,tt0367913,movie,Ju-On: The Grudge 2,Ju-on 2,0,2003,\N,92,"Drama,Horror,Mystery"
352333,tt0367959,movie,Hannibal Rising,Hannibal Rising,0,2007,\N,121,"Adventure,Crime,Drama"
352377,tt0368008,movie,The Manchurian Candidate,The Manchurian Candidate,0,2004,\N,129,"Drama,Mystery,Sci-Fi"
352587,tt0368226,movie,The Room,The Room,0,2003,\N,99,Drama
352619,tt0368259,movie,Sex Lives of the Potato Men,Sex Lives of the Potato Men,0,2004,\N,82,Comedy
352800,tt0368447,movie,The Village,The Village,0,2004,\N,108,"Drama,Mystery,Thriller"
352923,tt0368578,movie,Are We There Yet?,Are We There Yet?,0,2005,\N,95,"Adventure,Comedy,Family"
353012,tt0368667,movie,Interstella 5555: The 5tory of the 5ecret 5tar 5ystem,Interstella 5555: The 5tory of the 5ecret 5tar 5ystem,0,2003,\N,68,"Adventure,Animation,Music"
353053,tt0368709,movie,Elizabethtown,Elizabethtown,0,2005,\N,123,"Comedy,Drama,Romance"
353117,tt0368774,movie,The Heart Is Deceitful Above All Things,The Heart Is Deceitful Above All Things,0,2004,\N,97,Drama
353135,tt0368794,movie,I'm Not There,I'm Not There,0,2007,\N,135,"Biography,Drama,Music"
353170,tt0368833,video,Latham Entertainment Presents,Latham Entertainment Presents,0,2003,\N,90,Comedy
353227,tt0368891,movie,National Treasure,National Treasure,0,2004,\N,131,"Action,Adventure,Mystery"
353244,tt0368909,movie,Ong-Bak: The Thai Warrior,Ong-Bak,0,2003,\N,105,"Action,Crime,Thriller"
353247,tt0368913,movie,Osama,Osama,0,2003,\N,83,Drama
353266,tt0368933,movie,The Princess Diaries 2: Royal Engagement,The Princess Diaries 2: Royal Engagement,0,2004,\N,113,"Comedy,Family,Romance"
353303,tt0368975,movie,Sleepover,Sleepover,0,2004,\N,89,"Comedy,Family,Romance"
353384,tt0369060,movie,Infernal Affairs II,Mou gaan dou II,0,2003,\N,119,"Action,Crime,Drama"
353547,tt0369226,movie,Alone in the Dark,Alone in the Dark,0,2005,\N,96,"Action,Horror,Sci-Fi"
353657,tt0369339,movie,Collateral,Collateral,0,2004,\N,120,"Action,Crime,Drama"
353748,tt0369436,movie,Four Christmases,Four Christmases,0,2008,\N,88,"Comedy,Drama,Romance"
353753,tt0369441,movie,Fun with Dick and Jane,Fun with Dick and Jane,0,2005,\N,90,"Comedy,Crime"
353918,tt0369610,movie,Jurassic World,Jurassic World,0,2015,\N,124,"Action,Adventure,Sci-Fi"
354003,tt0369702,movie,The Sea Inside,Mar adentro,0,2004,\N,126,"Biography,Drama"
354036,tt0369735,movie,Monster-in-Law,Monster-in-Law,0,2005,\N,101,"Comedy,Romance"
354282,tt0369994,movie,Strangers with Candy,Strangers with Candy,0,2005,\N,86,Comedy
354314,tt0370032,movie,Ultraviolet,Ultraviolet,0,2006,\N,88,"Action,Sci-Fi"
354535,tt0370263,movie,Alien vs. Predator,AVP: Alien vs. Predator,0,2004,\N,101,"Action,Adventure,Horror"
355243,tt0370986,movie,Mysterious Skin,Mysterious Skin,0,2004,\N,105,Drama
355497,tt0371246,movie,Spanglish,Spanglish,0,2004,\N,131,"Comedy,Drama,Romance"
355508,tt0371257,movie,Stay,Stay,0,2005,\N,99,"Drama,Mystery,Thriller"
355847,tt0371606,movie,Chicken Little,Chicken Little,0,2005,\N,81,"Adventure,Animation,Comedy"
355957,tt0371724,movie,The Hitchhiker's Guide to the Galaxy,The Hitchhiker's Guide to the Galaxy,0,2005,\N,109,"Adventure,Comedy,Sci-Fi"
355972,tt0371739,movie,The Zodiac,The Zodiac,0,2005,\N,92,"Crime,Drama,Horror"
355979,tt0371746,movie,Iron Man,Iron Man,0,2008,\N,126,"Action,Adventure,Sci-Fi"
356398,tt0372183,movie,The Bourne Supremacy,The Bourne Supremacy,0,2004,\N,108,"Action,Mystery,Thriller"
356452,tt0372237,movie,Guess Who,Guess Who,0,2005,\N,105,"Comedy,Romance"
356547,tt0372334,movie,House of D,House of D,0,2004,\N,97,"Comedy,Drama"
356582,tt0372370,movie,Lana's Rain,Lana's Rain,0,2002,\N,107,Drama
356738,tt0372532,movie,The Wedding Date,The Wedding Date,0,2005,\N,90,"Comedy,Romance"
356790,tt0372588,movie,Team America: World Police,Team America: World Police,0,2004,\N,98,"Action,Comedy"
356973,tt0372784,movie,Batman Begins,Batman Begins,0,2005,\N,140,"Action,Crime,Drama"
357012,tt0372824,movie,The Chorus,Les choristes,0,2004,\N,97,"Drama,Music"
357058,tt0372873,movie,Dragon Wars: D-War,D-War,0,2007,\N,107,"Action,Drama,Fantasy"
357230,tt0373051,movie,Journey to the Center of the Earth,Journey to the Center of the Earth,0,2008,\N,93,"Action,Adventure,Family"
357253,tt0373074,movie,Kung Fu Hustle,Kung Fu Hustle,0,2004,\N,99,"Action,Comedy,Fantasy"
357458,tt0373283,movie,Saints and Soldiers,Saints and Soldiers,0,2003,\N,90,"Action,Drama,War"
357618,tt0373450,movie,Where the Truth Lies,Where the Truth Lies,0,2005,\N,107,"Crime,Mystery,Thriller"
357635,tt0373469,movie,Kiss Kiss Bang Bang,Kiss Kiss Bang Bang,0,2005,\N,103,"Comedy,Crime,Mystery"
357892,tt0373733,movie,Boys,Boys,0,2003,\N,172,"Comedy,Drama,Music"
358035,tt0373883,movie,Halloween,Halloween,0,2007,\N,109,Horror
358041,tt0373889,movie,Harry Potter and the Order of the Phoenix,Harry Potter and the Order of the Phoenix,0,2007,\N,138,"Action,Adventure,Family"
358060,tt0373908,movie,The Honeymooners,The Honeymooners,0,2005,\N,90,"Comedy,Family,Romance"
358076,tt0373926,movie,The Interpreter,The Interpreter,0,2005,\N,128,"Crime,Mystery,Thriller"
358131,tt0373981,movie,Control,Kontroll,0,2003,\N,111,"Comedy,Crime,Drama"
358167,tt0374018,movie,Man About Dog,Man About Dog,0,2004,\N,85,Comedy
358246,tt0374102,movie,Open Water,Open Water,0,2003,\N,79,"Adventure,Drama,Horror"
358320,tt0374180,movie,Romasanta: The Werewolf Hunt,Romasanta,0,2004,\N,90,"Drama,Horror"
358432,tt0374298,movie,The Turkish Gambit,Turetskiy gambit,0,2005,\N,130,"Action,Drama,Mystery"
358462,tt0374330,movie,Warriors of Heaven and Earth,Tian di ying xiong,0,2003,\N,120,"Action,Adventure,Drama"
358471,tt0374339,movie,Infernal Affairs III,Mou gaan dou III: Jung gik mou gaan,0,2003,\N,118,"Action,Crime,Drama"
358661,tt0374536,movie,Bewitched,Bewitched,0,2005,\N,102,"Comedy,Fantasy,Romance"
358686,tt0374563,movie,Captivity,Captivity,0,2007,\N,85,"Crime,Horror,Mystery"
358691,tt0374569,movie,Che: Part Two,Che: Part Two,0,2008,\N,135,"Biography,Drama,History"
358758,tt0374639,movie,Incident at Loch Ness,Incident at Loch Ness,0,2004,\N,94,"Adventure,Comedy,Fantasy"
359015,tt0374900,movie,Napoleon Dynamite,Napoleon Dynamite,0,2004,\N,96,Comedy
359171,tt0375063,movie,Sideways,Sideways,0,2004,\N,127,"Comedy,Drama,Romance"
359174,tt0375066,movie,Simhadri,Simhadri,0,2003,\N,170,"Action,Drama"
359260,tt0375154,movie,Tristan + Isolde,Tristan + Isolde,0,2006,\N,125,"Action,Drama,Romance"
359279,tt0375173,movie,Alfie,Alfie,0,2004,\N,103,"Comedy,Drama,Romance"
359315,tt0375210,movie,White Noise,White Noise,0,2005,\N,101,"Drama,Horror,Mystery"
359665,tt0375568,movie,Astro Boy,Astro Boy,0,2009,\N,94,"Action,Adventure,Animation"
359706,tt0375611,movie,Black,Black,0,2005,\N,122,Drama
359772,tt0375679,movie,Crash,Crash,0,2004,\N,112,"Crime,Drama,Thriller"
359997,tt0375912,movie,Layer Cake,Layer Cake,0,2004,\N,105,"Crime,Drama,Thriller"
360005,tt0375920,movie,The Libertine,The Libertine,0,2004,\N,114,"Biography,Drama,History"
360071,tt0375986,tvMovie,Mother Teresa,Madre Teresa,0,2003,\N,110,"Biography,Drama"
360186,tt0376105,movie,Racing Stripes,Racing Stripes,0,2005,\N,102,"Adventure,Comedy,Drama"
360189,tt0376108,movie,Rebound,Rebound,0,2005,\N,86,"Comedy,Family,Sport"
360217,tt0376136,movie,The Rum Diary,The Rum Diary,0,2011,\N,119,"Comedy,Drama,Romance"
360261,tt0376181,movie,Shadows in the Sun,The Shadow Dancer,0,2005,\N,100,"Comedy,Drama,Romance"
360276,tt0376196,movie,Slow Burn,Slow Burn,0,2005,\N,93,"Drama,Mystery,Thriller"
360548,tt0376479,movie,American Pastoral,American Pastoral,0,2016,\N,108,"Crime,Drama,Mystery"
360609,tt0376541,movie,Closer,Closer,0,2004,\N,104,"Drama,Romance"
361050,tt0376994,movie,X-Men: The Last Stand,X-Men: The Last Stand,0,2006,\N,104,"Action,Adventure,Sci-Fi"
361094,tt0377038,movie,The Best Two Years,The Best Two Years,0,2004,\N,112,"Comedy,Drama"
361113,tt0377057,movie,Elvis Has Left the Building,Elvis Has Left the Building,0,2004,\N,90,Comedy
361117,tt0377062,movie,Flight of the Phoenix,Flight of the Phoenix,0,2004,\N,113,"Action,Adventure,Drama"
361142,tt0377091,movie,Mean Creek,Mean Creek,0,2004,\N,90,"Crime,Drama"
361143,tt0377092,movie,Mean Girls,Mean Girls,0,2004,\N,97,Comedy
361156,tt0377107,movie,Proof,Proof,0,2005,\N,100,"Drama,Mystery"
361158,tt0377109,movie,The Ring Two,The Ring Two,0,2005,\N,110,"Horror,Mystery"
361506,tt0377471,movie,Be Cool,Be Cool,0,2005,\N,119,"Comedy,Crime,Music"
361732,tt0377701,movie,Cowboys & Angels,Cowboys & Angels,0,2003,\N,89,"Comedy,Crime,Drama"
361773,tt0377744,movie,A Day Without a Mexican,A Day Without a Mexican,0,2004,\N,100,"Comedy,Drama,Fantasy"
361828,tt0377800,movie,Don't Come Knocking,Don't Come Knocking,0,2005,\N,122,"Drama,Music"
361845,tt0377818,movie,The Dukes of Hazzard,The Dukes of Hazzard,0,2005,\N,104,"Action,Adventure,Comedy"
362004,tt0377981,movie,Gnomeo & Juliet,Gnomeo & Juliet,0,2011,\N,84,"Adventure,Animation,Comedy"
362014,tt0377992,movie,The Gospel of John,The Gospel of John,0,2003,\N,180,"Biography,Drama,History"
362129,tt0378109,movie,Into the Blue,Into the Blue,0,2005,\N,110,"Action,Adventure,Crime"
362213,tt0378194,movie,Kill Bill: Vol. 2,Kill Bill: Vol. 2,0,2004,\N,137,"Action,Crime,Thriller"
362301,tt0378284,movie,Machuca,Machuca,0,2004,\N,121,"Biography,Drama,History"
362433,tt0378417,movie,Night of the Living Dorks,Die Nacht der lebenden Loser,0,2004,\N,89,"Comedy,Horror"
362453,tt0378437,short,New Year's Eve,New Year's Eve,0,2002,\N,18,"Romance,Short"
362914,tt0378912,movie,Trio,Trio,0,2003,\N,102,Crime
362948,tt0378947,movie,Melinda and Melinda,Melinda and Melinda,0,2004,\N,99,"Comedy,Drama,Romance"
363310,tt0379322,movie,Indigo,Indigo,0,2003,\N,89,Drama
363541,tt0379561,movie,"The Tulse Luper Suitcases, Part 3: From Sark to the Finish","The Tulse Luper Suitcases, Part 3: From Sark to the Finish",0,2004,\N,124,"Adventure,Biography,Drama"
363700,tt0379725,movie,Capote,Capote,0,2005,\N,114,"Biography,Crime,Drama"
363758,tt0379786,movie,Serenity,Serenity,0,2005,\N,119,"Action,Adventure,Sci-Fi"
363788,tt0379818,movie,I: Proud to Be an Indian,I: Proud to Be an Indian,0,2004,\N,129,"Action,Crime,Drama"
363834,tt0379865,movie,Leatherheads,Leatherheads,0,2008,\N,114,"Comedy,Drama,Romance"
363858,tt0379889,movie,The Merchant of Venice,The Merchant of Venice,0,2004,\N,131,"Drama,Romance"
363943,tt0379976,movie,Savage Grace,Savage Grace,0,2007,\N,97,Drama
364233,tt0380277,movie,The Cookout,The Cookout,0,2004,\N,97,Comedy
364340,tt0380389,movie,Goal! The Dream Begins,Goal!,0,2005,\N,118,"Drama,Romance,Sport"
364457,tt0380510,movie,The Lovely Bones,The Lovely Bones,0,2009,\N,135,"Drama,Fantasy,Thriller"
364543,tt0380599,movie,Oliver Twist,Oliver Twist,0,2005,\N,130,"Crime,Drama"
364670,tt0380732,movie,Evil Words,Sur le seuil,0,2003,\N,97,"Action,Drama,Horror"
364733,tt0380798,movie,Viper in the Fist,Vipère au poing,0,2004,\N,100,Drama
364752,tt0380817,movie,Winter Passing,Winter Passing,0,2005,\N,98,"Comedy,Drama"
364993,tt0381061,movie,Casino Royale,Casino Royale,0,2006,\N,144,"Action,Adventure,Thriller"
365198,tt0381270,movie,Happily Ever After,Ils se marièrent et eurent beaucoup d'enfants,0,2004,\N,100,"Comedy,Drama,Music"
365364,tt0381442,movie,Narco,Narco,0,2004,\N,105,Comedy
365408,tt0381487,movie,People,People,0,2004,\N,84,Comedy
365551,tt0381637,movie,Symmetry,Symetria,0,2003,\N,99,"Drama,Thriller"
365593,tt0381681,movie,Before Sunset,Before Sunset,0,2004,\N,80,"Drama,Romance"
365618,tt0381707,movie,White Chicks,White Chicks,0,2004,\N,109,"Comedy,Crime"
365757,tt0381849,movie,3:10 to Yuma,3:10 to Yuma,0,2007,\N,122,"Action,Crime,Drama"
365838,tt0381936,movie,Bummer,Bumer,0,2003,\N,110,"Adventure,Crime,Drama"
365872,tt0381971,movie,Curious George,Curious George,0,2006,\N,87,"Adventure,Animation,Comedy"
365975,tt0382077,movie,Hide and Seek,Hide and Seek,0,2005,\N,101,"Horror,Mystery"
366102,tt0382205,movie,Eyes of Crystal,Occhi di cristallo,0,2004,\N,107,"Mystery,Thriller"
366275,tt0382383,movie,Yuva,Yuva,0,2004,\N,161,"Action,Drama,Thriller"
366511,tt0382625,movie,The Da Vinci Code,The Da Vinci Code,0,2006,\N,149,"Mystery,Thriller"
366514,tt0382628,movie,Dark Water,Dark Water,0,2005,\N,105,"Drama,Horror,Mystery"
366785,tt0382912,movie,Tow-Truck Pluck,Pluk van de Petteflet,0,2004,\N,91,"Family,Fantasy,Musical"
366805,tt0382932,movie,Ratatouille,Ratatouille,0,2007,\N,111,"Adventure,Animation,Comedy"
366833,tt0382960,movie,Kameleon 2,Kameleon 2,0,2005,\N,105,"Adventure,Comedy,Family"
366865,tt0382992,movie,Stealth,Stealth,0,2005,\N,121,"Action,Adventure,Sci-Fi"
366881,tt0383010,movie,The Three Stooges,The Three Stooges,0,2012,\N,92,"Comedy,Family"
366896,tt0383028,movie,"Synecdoche, New York","Synecdoche, New York",0,2008,\N,124,Drama
366927,tt0383060,movie,Zoom,Zoom,0,2006,\N,83,"Action,Adventure,Comedy"
367080,tt0383216,movie,The Pink Panther,The Pink Panther,0,2006,\N,93,"Adventure,Comedy,Crime"
367086,tt0383222,movie,BloodRayne,BloodRayne,0,2005,\N,95,"Action,Fantasy,Horror"
367427,tt0383574,movie,Pirates of the Caribbean: Dead Man's Chest,Pirates of the Caribbean: Dead Man's Chest,0,2006,\N,151,"Action,Adventure,Fantasy"
367541,tt0383694,movie,Vera Drake,Vera Drake,0,2004,\N,125,"Crime,Drama"
367757,tt0383995,movie,Les clefs de bagnole,Les clefs de bagnole,0,2003,\N,90,Comedy
367954,tt0384286,movie,Cry Wolf,Cry Wolf,0,2005,\N,90,"Drama,Horror,Mystery"
368011,tt0384369,movie,Before the Fall,Napola - Elite für den Führer,0,2004,\N,110,"Drama,Sport,Thriller"
368099,tt0384504,movie,Saving Face,Saving Face,0,2004,\N,91,"Comedy,Drama,Romance"
368118,tt0384533,movie,She Hate Me,She Hate Me,0,2004,\N,138,"Comedy,Drama"
368120,tt0384537,movie,Silent Hill,Silent Hill,0,2006,\N,125,"Horror,Mystery"
368192,tt0384642,movie,Kicking & Screaming,Kicking & Screaming,0,2005,\N,95,"Comedy,Family,Romance"
368217,tt0384680,movie,The Weather Man,The Weather Man,0,2005,\N,102,"Comedy,Drama"
368222,tt0384686,movie,The White Countess,The White Countess,0,2005,\N,135,"Drama,History,Romance"
368316,tt0384793,movie,Accepted,Accepted,0,2006,\N,93,Comedy
368329,tt0384806,movie,The Amityville Horror,The Amityville Horror,0,2005,\N,90,Horror
368520,tt0385004,movie,House of Flying Daggers,Shi mian mai fu,0,2004,\N,119,"Action,Adventure,Drama"
368856,tt0385351,movie,Yeh Lamhe Judaai Ke,Yeh Lamhe Judaai Ke,0,2004,\N,188,"Drama,Mystery,Romance"
369241,tt0385752,movie,The Golden Compass,The Golden Compass,0,2007,\N,113,"Adventure,Family,Fantasy"
369364,tt0385880,movie,Monster House,Monster House,0,2006,\N,91,"Animation,Comedy,Family"
369371,tt0385887,movie,Motherless Brooklyn,Motherless Brooklyn,0,2019,\N,144,"Crime,Drama,Mystery"
369374,tt0385890,movie,My Big Fat Independent Movie,My Big Fat Independent Movie,0,2005,\N,80,Comedy
369482,tt0386005,movie,New Police Story,San ging chaat goo si,0,2004,\N,123,"Action,Crime,Thriller"
369508,tt0386032,movie,Sicko,Sicko,0,2007,\N,123,"Documentary,Drama"
369514,tt0386038,movie,Silentium,Silentium,0,2004,\N,116,"Crime,Thriller"
369587,tt0386117,movie,Where the Wild Things Are,Where the Wild Things Are,0,2009,\N,101,"Adventure,Drama,Family"
369610,tt0386140,movie,The Legend of Zorro,The Legend of Zorro,0,2005,\N,129,"Action,Adventure,Drama"
369902,tt0386438,movie,Eski açik sari desene,Eski açik sari desene,0,2003,\N,90,"Documentary,Sport"
370049,tt0386588,movie,Hitch,Hitch,0,2005,\N,118,"Comedy,Romance"
370200,tt0386741,movie,Renaissance,Renaissance,0,2006,\N,105,"Action,Animation,Sci-Fi"
370503,tt0387055,movie,Battle in Heaven,Batalla en el cielo,0,2005,\N,98,"Crime,Drama"
370505,tt0387057,movie,Beat the Drum,Beat the Drum,0,2003,\N,114,Drama
370507,tt0387059,movie,Bee Season,Bee Season,0,2005,\N,104,"Drama,Family"
370577,tt0387131,movie,The Constant Gardener,The Constant Gardener,0,2005,\N,129,"Drama,Mystery,Romance"
370735,tt0387294,tvMovie,Hugo & Rosa,Hugo och Rosa,0,2002,\N,57,"Biography,Documentary"
370953,tt0387514,movie,Prime,Prime,0,2005,\N,105,"Comedy,Drama,Romance"
371002,tt0387564,movie,Saw,Saw,0,2004,\N,103,"Horror,Mystery,Thriller"
371013,tt0387575,movie,Seed of Chucky,Seed of Chucky,0,2004,\N,87,"Comedy,Horror,Thriller"
371240,tt0387808,movie,Idiocracy,Idiocracy,0,2006,\N,84,"Adventure,Comedy,Sci-Fi"
371307,tt0387877,movie,The Black Dahlia,The Black Dahlia,0,2006,\N,121,"Crime,Drama,Mystery"
371328,tt0387898,movie,Caché,Caché,0,2005,\N,117,"Drama,Mystery,Thriller"
371565,tt0388139,movie,It's All Gone Pete Tong,It's All Gone Pete Tong,0,2004,\N,90,"Biography,Comedy,Drama"
371606,tt0388182,movie,King of California,King of California,0,2007,\N,93,"Comedy,Drama"
371607,tt0388183,movie,King's Ransom,King's Ransom,0,2005,\N,95,"Comedy,Crime"
371651,tt0388230,movie,Malevolence,Malevolence,0,2003,\N,90,"Crime,Horror,Mystery"
371898,tt0388482,movie,Transporter 2,Transporter 2,0,2005,\N,87,"Action,Thriller"
371916,tt0388500,movie,Beauty Shop,Beauty Shop,0,2005,\N,105,Comedy
371921,tt0388505,movie,Live and Become,"Va, vis et deviens",0,2005,\N,140,Drama
372201,tt0388789,movie,Born Into Brothels: Calcutta's Red Light Kids,Born Into Brothels: Calcutta's Red Light Kids,0,2004,\N,85,"Biography,Documentary,News"
372207,tt0388795,movie,Brokeback Mountain,Brokeback Mountain,0,2005,\N,134,"Drama,Romance"
372387,tt0388980,movie,The Greatest Game Ever Played,The Greatest Game Ever Played,0,2005,\N,120,"Biography,Drama,Sport"
372725,tt0389326,movie,Riding Giants,Riding Giants,0,2004,\N,105,"Biography,Documentary,History"
372945,tt0389557,movie,Black Book,Zwartboek,0,2006,\N,145,"Drama,Thriller,War"
373107,tt0389722,movie,30 Days of Night,30 Days of Night,0,2007,\N,113,"Horror,Thriller"
373174,tt0389790,movie,Bee Movie,Bee Movie,0,2007,\N,91,"Adventure,Animation,Comedy"
373211,tt0389828,movie,C.S.A.: The Confederate States of America,C.S.A.: The Confederate States of America,0,2004,\N,89,"Comedy,Drama,War"
373243,tt0389860,movie,Click,Click,0,2006,\N,107,"Comedy,Drama,Fantasy"
373339,tt0389957,movie,Edison,Edison,0,2005,\N,99,"Action,Crime,Drama"
373402,tt0390022,movie,Friday Night Lights,Friday Night Lights,0,2004,\N,118,"Action,Drama,Sport"
373596,tt0390221,movie,Maria Full of Grace,Maria Full of Grace,0,2004,\N,101,"Crime,Drama"
373692,tt0390320,movie,The Junior Olsen Gang Rocks It,Olsenbanden Junior på rocker'n,0,2004,\N,92,"Comedy,Family"
373755,tt0390384,movie,Primer,Primer,0,2004,\N,77,"Drama,Sci-Fi,Thriller"
373890,tt0390521,movie,Super Size Me,Super Size Me,0,2004,\N,100,Documentary
373907,tt0390538,movie,Tarnation,Tarnation,0,2003,\N,88,"Biography,Documentary"
374458,tt0391104,movie,Baptists at Our Barbecue,Baptists at Our Barbecue,0,2004,\N,92,"Comedy,Romance"
374551,tt0391198,movie,The Grudge,The Grudge,0,2004,\N,91,"Horror,Mystery,Thriller"
374654,tt0391304,movie,A Lot Like Love,A Lot Like Love,0,2005,\N,107,"Comedy,Drama,Romance"
375779,tt0392465,movie,Mozart and the Whale,Mozart and the Whale,0,2005,\N,94,"Comedy,Drama,Romance"
376186,tt0392883,movie,Valley of Flowers,Valley of Flowers,0,2006,\N,155,"Adventure,Drama,Fantasy"
376402,tt0393109,movie,Brick,Brick,0,2005,\N,110,"Crime,Drama,Mystery"
376453,tt0393162,movie,Coach Carter,Coach Carter,0,2005,\N,136,"Biography,Drama,Sport"
376617,tt0393329,movie,Go Go Tales,Go Go Tales,0,2007,\N,96,"Comedy,Drama"
376694,tt0393407,movie,Kallem mama,Kallem mama,0,2003,\N,90,Comedy
376709,tt0393423,movie,Leef!,Leef!,0,2005,\N,110,Drama
376881,tt0393597,movie,Earth,Earth,0,2007,\N,90,Documentary
377015,tt0393735,movie,The Shaggy Dog,The Shaggy Dog,0,2006,\N,98,"Comedy,Family,Fantasy"
378302,tt0395119,movie,Captain Alatriste: The Spanish Musketeer,Alatriste,0,2006,\N,145,"Adventure,Drama,History"
378308,tt0395125,movie,The Ferpect Crime,Crimen ferpecto,0,2004,\N,105,"Comedy,Crime,Thriller"
378351,tt0395169,movie,Hotel Rwanda,Hotel Rwanda,0,2004,\N,121,"Biography,Drama,History"
378433,tt0395251,movie,The Producers,The Producers,0,2005,\N,134,"Comedy,Crime,Musical"
378673,tt0395495,movie,Catch and Release,Catch and Release,0,2006,\N,124,"Comedy,Drama,Romance"
378758,tt0395584,movie,The Devil's Rejects,The Devil's Rejects,0,2005,\N,107,"Crime,Drama,Horror"
378873,tt0395699,movie,The Pacifier,The Pacifier,0,2005,\N,95,"Action,Comedy,Drama"
379137,tt0395972,movie,North Country,North Country,0,2005,\N,126,Drama
379331,tt0396171,movie,Perfume: The Story of a Murderer,Perfume: The Story of a Murderer,0,2006,\N,147,"Crime,Drama,Fantasy"
379350,tt0396190,movie,Return to Sender,Return to Sender,0,2004,\N,109,"Drama,Thriller"
379429,tt0396269,movie,Wedding Crashers,Wedding Crashers,0,2005,\N,119,"Comedy,Romance"
379708,tt0396555,movie,Meet the Robinsons,Meet the Robinsons,0,2007,\N,95,"Adventure,Animation,Comedy"
379744,tt0396592,movie,Fat Albert,Fat Albert,0,2004,\N,93,"Comedy,Family,Fantasy"
379803,tt0396652,movie,Ice Princess,Ice Princess,0,2005,\N,98,"Comedy,Drama,Family"
379856,tt0396707,movie,The Secret of Moonacre,The Secret of Moonacre,0,2008,\N,103,"Adventure,Family,Fantasy"
379901,tt0396752,movie,Nanny McPhee,Nanny McPhee,0,2005,\N,97,"Comedy,Family,Fantasy"
380186,tt0397044,movie,Blood and Chocolate,Blood and Chocolate,0,2007,\N,98,"Drama,Fantasy,Horror"
380205,tt0397065,movie,House of Wax,House of Wax,0,2005,\N,113,"Horror,Thriller"
380218,tt0397078,movie,Just My Luck,Just My Luck,0,2006,\N,103,"Comedy,Fantasy,Romance"
380238,tt0397101,movie,The Skeleton Key,The Skeleton Key,0,2005,\N,104,"Drama,Horror,Mystery"
380444,tt0397313,movie,Eight Below,Eight Below,0,2006,\N,120,"Adventure,Drama,Family"
380660,tt0397535,movie,Memoirs of a Geisha,Memoirs of a Geisha,0,2005,\N,145,"Drama,Romance"
380744,tt0397619,movie,Samaritan Girl,Samaria,0,2004,\N,97,Drama
381012,tt0397892,movie,Bolt,Bolt,0,2008,\N,96,"Adventure,Animation,Comedy"
381136,tt0398017,movie,Derailed,Derailed,0,2005,\N,108,"Crime,Drama,Thriller"
381146,tt0398027,movie,Down in the Valley,Down in the Valley,0,2005,\N,114,"Drama,Romance,Thriller"
381278,tt0398165,movie,The Longest Yard,The Longest Yard,0,2005,\N,113,"Comedy,Crime,Sport"
381396,tt0398286,movie,Tangled,Tangled,0,2010,\N,100,"Adventure,Animation,Comedy"
381484,tt0398375,movie,Rumor Has It...,Rumor Has It...,0,2005,\N,97,"Comedy,Drama,Romance"
381813,tt0398712,movie,Assault on Precinct 13,Assault on Precinct 13,0,2005,\N,109,"Action,Crime,Drama"
381907,tt0398808,movie,Bridge to Terabithia,Bridge to Terabithia,0,2007,\N,96,"Drama,Family,Fantasy"
381940,tt0398842,movie,The Celestine Prophecy,The Celestine Prophecy,0,2006,\N,99,"Adventure,Drama"
381970,tt0398872,movie,Clifford's Really Big Movie,Clifford's Really Big Movie,0,2004,\N,74,"Adventure,Animation,Comedy"
382010,tt0398913,movie,DOA: Dead or Alive,DOA: Dead or Alive,0,2006,\N,87,"Action,Adventure,Mystery"
382193,tt0399102,movie,Godzilla: Final Wars,Godzilla: Final Wars,0,2004,\N,125,"Action,Adventure,Fantasy"
382237,tt0399146,movie,A History of Violence,A History of Violence,0,2005,\N,96,"Action,Crime,Drama"
382292,tt0399201,movie,The Island,The Island,0,2005,\N,136,"Action,Sci-Fi,Thriller"
382383,tt0399295,movie,Lord of War,Lord of War,0,2005,\N,122,"Crime,Drama"
382413,tt0399327,movie,The Man,The Man,0,2005,\N,83,"Action,Comedy,Crime"
382934,tt0399862,movie,End of the Spear,End of the Spear,0,2005,\N,108,"Adventure,Biography,Drama"
382973,tt0399901,movie,Woman Thou Art Loosed,Woman Thou Art Loosed,0,2004,\N,94,Drama
383299,tt0400234,movie,Black Friday,Black Friday,0,2004,\N,143,"Action,Crime,Drama"
383457,tt0400400,movie,The Five of Us,Elles étaient cinq,0,2004,\N,87,"Crime,Drama"
383482,tt0400426,movie,Far Cry,Far Cry,0,2008,\N,95,"Action,Adventure,Sci-Fi"
383549,tt0400497,movie,Herbie: Fully Loaded,Herbie: Fully Loaded,0,2005,\N,101,"Adventure,Comedy,Family"
383576,tt0400525,movie,The Ice Harvest,The Ice Harvest,0,2005,\N,92,"Comedy,Crime,Drama"
383761,tt0400717,movie,Open Season,Open Season,0,2006,\N,86,"Adventure,Animation,Comedy"
384264,tt0401233,movie,Appleseed,Appurushîdo,0,2004,\N,101,"Action,Adventure,Animation"
384414,tt0401383,movie,The Diving Bell and the Butterfly,Le scaphandre et le papillon,0,2007,\N,112,"Biography,Drama"
384415,tt0401385,movie,Say Uncle,Say Uncle,0,2005,\N,91,"Comedy,Drama"
384473,tt0401445,movie,A Good Year,A Good Year,0,2006,\N,117,"Comedy,Drama,Romance"
384735,tt0401711,movie,"Paris, Je T'aime","Paris, je t'aime",0,2006,\N,120,"Comedy,Drama,Romance"
384753,tt0401729,movie,John Carter,John Carter,0,2012,\N,132,"Action,Adventure,Sci-Fi"
384815,tt0401792,movie,Sin City,Sin City,0,2005,\N,124,"Crime,Thriller"
384838,tt0401815,movie,Tamara,Tamara,0,2005,\N,98,"Drama,Fantasy,Horror"
384878,tt0401855,movie,Underworld: Evolution,Underworld: Evolution,0,2006,\N,106,"Action,Fantasy,Thriller"
385018,tt0401997,movie,Breach,Breach,0,2007,\N,110,"Biography,Crime,Drama"
385041,tt0402022,movie,Æon Flux,Æon Flux,0,2005,\N,93,"Action,Adventure,Sci-Fi"
385177,tt0402158,movie,Empire of the Wolves,L'empire des loups,0,2005,\N,128,"Action,Crime,Drama"
385411,tt0402399,movie,The New World,The New World,0,2005,\N,135,"Biography,Drama,History"
385850,tt0402850,movie,The Big White,The Big White,0,2005,\N,100,"Comedy,Crime,Drama"
385873,tt0402874,movie,Bumer: Film vtoroy,Bumer: Film vtoroy,0,2006,\N,110,"Crime,Drama"
385893,tt0402894,movie,Casanova,Casanova,0,2005,\N,112,"Adventure,Comedy,Drama"
385900,tt0402901,movie,The Cave,The Cave,0,2005,\N,97,"Adventure,Horror,Sci-Fi"
385909,tt0402910,movie,Chaos,Chaos,0,2005,\N,106,"Action,Crime,Drama"
386010,tt0403016,movie,Supercross,Supercross,0,2005,\N,80,"Action,Drama,Romance"
386206,tt0403217,movie,Last Days,Last Days,0,2005,\N,97,"Drama,Music"
386343,tt0403358,movie,Night Watch,Nochnoy dozor,0,2004,\N,114,"Action,Fantasy,Horror"
386491,tt0403508,movie,The Sisterhood of the Traveling Pants,The Sisterhood of the Traveling Pants,0,2005,\N,119,"Comedy,Drama,Romance"
386680,tt0403702,movie,Youth in Revolt,Youth in Revolt,0,2009,\N,90,"Comedy,Drama,Romance"
386681,tt0403703,movie,Yu-Gi-Oh!: The Movie,Yu-Gi-Oh! The Movie,0,2004,\N,90,"Action,Adventure,Animation"
386823,tt0403848,movie,The Ape,The Ape,0,2005,\N,90,"Comedy,Drama"
386903,tt0403933,movie,Chasing Ghosts,Chasing Ghosts,0,2005,\N,119,"Crime,Drama,Mystery"
386999,tt0404030,movie,Everything Is Illuminated,Everything Is Illuminated,0,2005,\N,106,"Comedy,Drama"
387001,tt0404032,movie,The Exorcism of Emily Rose,The Exorcism of Emily Rose,0,2005,\N,119,"Drama,Horror,Thriller"
387171,tt0404203,movie,Little Children,Little Children,0,2006,\N,137,"Drama,Romance"
387325,tt0404364,tvMovie,Reefer Madness: The Movie Musical,Reefer Madness: The Movie Musical,0,2005,\N,109,"Comedy,Drama,Horror"
387351,tt0404390,movie,Running Scared,Running Scared,0,2006,\N,122,"Action,Crime,Drama"
387748,tt0404802,movie,The Notorious Bettie Page,The Notorious Bettie Page,0,2005,\N,91,"Biography,Drama"
388028,tt0405094,movie,The Lives of Others,Das Leben der Anderen,0,2006,\N,137,"Drama,Mystery,Thriller"
388090,tt0405159,movie,Million Dollar Baby,Million Dollar Baby,0,2004,\N,132,"Drama,Sport"
388224,tt0405296,movie,A Scanner Darkly,A Scanner Darkly,0,2006,\N,100,"Animation,Comedy,Crime"
388251,tt0405325,movie,Sky High,Sky High,0,2005,\N,100,"Action,Comedy,Family"
388262,tt0405336,movie,Southland Tales,Southland Tales,0,2006,\N,145,"Comedy,Drama,Mystery"
388343,tt0405422,movie,The 40-Year-Old Virgin,The 40 Year Old Virgin,0,2005,\N,116,"Comedy,Romance"
388389,tt0405469,movie,The Wild,The Wild,0,2006,\N,82,"Adventure,Animation,Comedy"
388427,tt0405508,movie,Rang De Basanti,Rang De Basanti,0,2006,\N,167,"Comedy,Crime,Drama"
388593,tt0405676,movie,All the King's Men,All the King's Men,0,2006,\N,128,"Drama,Thriller"
388737,tt0405821,movie,Casshern,Casshern,0,2004,\N,142,"Action,Drama,Fantasy"
389283,tt0406375,movie,Zathura: A Space Adventure,Zathura: A Space Adventure,0,2005,\N,101,"Action,Adventure,Comedy"
389554,tt0406650,movie,The Chumscrubber,The Chumscrubber,0,2005,\N,108,"Comedy,Drama"
389658,tt0406759,movie,The Eye,The Eye,0,2008,\N,98,"Horror,Mystery"
389714,tt0406816,movie,The Guardian,The Guardian,0,2006,\N,139,"Adventure,Drama"
389830,tt0406941,movie,Lorelei,Lorelei,0,2005,\N,128,"Action,Drama,Sci-Fi"
390004,tt0407121,movie,Pooh's Heffalump Movie,Pooh's Heffalump Movie,0,2005,\N,68,"Adventure,Animation,Comedy"
390108,tt0407230,movie,The Outlander,Le survenant,0,2005,\N,138,Drama
390142,tt0407265,movie,Transamerica,Transamerica,0,2005,\N,103,"Adventure,Comedy,Drama"
390181,tt0407304,movie,War of the Worlds,War of the Worlds,0,2005,\N,117,"Action,Adventure,Sci-Fi"
390674,tt0407814,movie,Full Grown Men,Full Grown Men,0,2006,\N,78,"Comedy,Drama"
390747,tt0407887,movie,The Departed,The Departed,0,2006,\N,151,"Crime,Drama,Thriller"
391084,tt0408236,movie,Sweeney Todd: The Demon Barber of Fleet Street,Sweeney Todd: The Demon Barber of Fleet Street,0,2007,\N,116,"Drama,Horror,Musical"
391128,tt0408281,movie,"The Tulse Luper Suitcases, Part 2: Vaux to the Sea","The Tulse Luper Suitcases, Part 2: Vaux to the Sea",0,2004,\N,108,"Adventure,Biography,Comedy"
391149,tt0408306,movie,Munich,Munich,0,2005,\N,164,"Drama,History,Thriller"
391188,tt0408345,movie,Firewall,Firewall,0,2006,\N,105,"Crime,Thriller"
391362,tt0408524,movie,Bad News Bears,Bad News Bears,0,2005,\N,113,"Comedy,Sport"
391616,tt0408790,movie,Flightplan,Flightplan,0,2005,\N,98,"Drama,Mystery,Thriller"
391663,tt0408839,movie,The Heartbreak Kid,The Heartbreak Kid,0,2007,\N,116,"Comedy,Romance"
391804,tt0408985,movie,Last Holiday,Last Holiday,0,2006,\N,112,"Comedy,Drama,Romance"
391852,tt0409034,movie,Marilyn Hotchkiss' Ballroom Dancing & Charm School,Marilyn Hotchkiss' Ballroom Dancing & Charm School,0,2005,\N,103,"Comedy,Drama,Musical"
392000,tt0409182,movie,Poseidon,Poseidon,0,2006,\N,98,"Action,Adventure,Thriller"
392002,tt0409184,movie,Russian Dolls,Les poupées russes,0,2005,\N,125,"Comedy,Drama,Romance"
392159,tt0409345,movie,Surveillance,Surveillance,0,2008,\N,97,"Crime,Drama,Mystery"
392269,tt0409459,movie,Watchmen,Watchmen,0,2009,\N,162,"Action,Drama,Mystery"
392336,tt0409527,movie,Shabd,Shabd,0,2005,\N,140,"Drama,Thriller"
392648,tt0409847,movie,Cowboys & Aliens,Cowboys & Aliens,0,2011,\N,119,"Action,Drama,Sci-Fi"
392705,tt0409904,movie,Day Watch,Dnevnoy dozor,0,2006,\N,132,"Action,Fantasy,Horror"
392895,tt0410097,movie,Hustle & Flow,Hustle & Flow,0,2005,\N,116,"Crime,Drama,Music"
393093,tt0410297,movie,The Lake House,The Lake House,0,2006,\N,99,"Drama,Fantasy,Romance"
393172,tt0410377,movie,Nim's Island,Nim's Island,0,2008,\N,96,"Adventure,Family,Fantasy"
393197,tt0410403,movie,Only the Brave,Only the Brave,0,2006,\N,99,"Drama,War"
393248,tt0410454,movie,The Work and the Glory,The Work and the Glory,0,2004,\N,110,"Drama,Romance"
393253,tt0410459,movie,Plauto (recuerdo distorsionado de un tonto eventual),Plauto (recuerdo distorsionado de un tonto eventual),0,2004,\N,85,"Action,Comedy,Thriller"
393430,tt0410639,movie,Me and My Sister,Les soeurs fâchées,0,2004,\N,93,"Comedy,Drama"
393521,tt0410730,movie,Taxidermia,Taxidermia,0,2006,\N,94,"Comedy,Horror"
393554,tt0410764,movie,Tideland,Tideland,0,2005,\N,120,"Drama,Fantasy,Horror"
393845,tt0411061,movie,88 Minutes,88 Minutes,0,2007,\N,108,"Crime,Drama,Mystery"
394047,tt0411270,movie,The Beat That My Heart Skipped,De battre mon coeur s'est arrêté,0,2005,\N,108,"Crime,Drama,Music"
394049,tt0411272,movie,Mesrine: Public Enemy No. 1,L'ennemi public n°1,0,2008,\N,133,"Action,Biography,Crime"
394098,tt0411323,movie,Downloading Nancy,Downloading Nancy,0,2008,\N,102,"Drama,Thriller"
394245,tt0411477,movie,Hellboy II: The Golden Army,Hellboy II: The Golden Army,0,2008,\N,120,"Action,Adventure,Fantasy"
394468,tt0411705,movie,9 Songs,9 Songs,0,2004,\N,71,"Drama,Music,Romance"
394708,tt0411951,movie,Tekken,Tekken,0,2010,\N,92,"Action,Crime,Drama"
394775,tt0412019,movie,Broken Flowers,Broken Flowers,0,2005,\N,106,"Comedy,Drama,Mystery"
394835,tt0412080,movie,The World's Fastest Indian,The World's Fastest Indian,0,2005,\N,127,"Biography,Drama,Sport"
395283,tt0412535,movie,The Brice Man,Brice de Nice,0,2005,\N,98,Comedy
395284,tt0412536,movie,Brideshead Revisited,Brideshead Revisited,0,2008,\N,133,"Drama,Romance"
395663,tt0412922,movie,Little Manhattan,Little Manhattan,0,2005,\N,90,"Comedy,Family,Romance"
395753,tt0413015,movie,Mrs. Henderson Presents,Mrs. Henderson Presents,0,2005,\N,103,"Comedy,Drama,Music"
395835,tt0413099,movie,Evan Almighty,Evan Almighty,0,2007,\N,96,"Comedy,Family,Fantasy"
396001,tt0413267,movie,Shrek the Third,Shrek the Third,0,2007,\N,93,"Adventure,Animation,Comedy"
396034,tt0413300,movie,Spider-Man 3,Spider-Man 3,0,2007,\N,139,"Action,Adventure,Sci-Fi"
396610,tt0413895,movie,Charlotte's Web,Charlotte's Web,0,2006,\N,97,"Adventure,Comedy,Family"
396763,tt0414055,movie,Elizabeth: The Golden Age,Elizabeth: The Golden Age,0,2007,\N,114,"Biography,Drama,History"
397084,tt0414387,movie,Pride & Prejudice,Pride & Prejudice,0,2005,\N,129,"Drama,Romance"
397536,tt0414852,movie,District B13,Banlieue 13,0,2004,\N,84,"Action,Crime,Sci-Fi"
397537,tt0414853,movie,Barnyard,Barnyard,0,2006,\N,90,"Adventure,Animation,Comedy"
397628,tt0414951,movie,The Quiet,The Quiet,0,2005,\N,96,"Crime,Drama,Thriller"
397657,tt0414982,movie,Final Destination 3,Final Destination 3,0,2006,\N,93,"Horror,Thriller"
397668,tt0414993,movie,The Fountain,The Fountain,0,2006,\N,97,"Drama,Mystery,Romance"
397678,tt0415003,movie,Garv: Pride and Honour,Garv: Pride and Honour,0,2004,\N,162,"Action,Crime,Drama"
397969,tt0415306,movie,Talladega Nights: The Ballad of Ricky Bobby,Talladega Nights: The Ballad of Ricky Bobby,0,2006,\N,108,"Comedy,Sport"
398134,tt0415481,movie,Alyosha Popovich and Tugarin Zmey,Alyosha Popovich i Tugarin Zmey,0,2004,\N,79,"Adventure,Animation,Comedy"
398324,tt0415678,movie,Shadowboxing,Boy s tenyu,0,2005,\N,132,"Action,Drama,Sport"
398418,tt0415778,movie,End Game,End Game,0,2006,\N,93,"Action,Thriller"
398575,tt0415940,movie,Countdown,Lichnyy nomer,0,2004,\N,100,"Action,Adventure,Crime"
398598,tt0415965,movie,Martian Child,Martian Child,0,2007,\N,106,"Comedy,Drama,Family"
398672,tt0416044,movie,Mongol: The Rise of Genghis Khan,Mongol,0,2007,\N,126,"Action,Biography,Drama"
398837,tt0416212,movie,The Secret Life of Bees,The Secret Life of Bees,0,2008,\N,114,Drama
398860,tt0416236,movie,The Spiderwick Chronicles,The Spiderwick Chronicles,0,2008,\N,96,"Action,Adventure,Drama"
398913,tt0416292,movie,A Driver for Vera,Voditel dlya Very,0,2004,\N,105,Drama
398934,tt0416315,movie,Wolf Creek,Wolf Creek,0,2005,\N,99,"Horror,Thriller"
398935,tt0416316,movie,Wolfhound,Volkodav iz roda Serykh Psov,0,2006,\N,142,"Action,Adventure,Fantasy"
398939,tt0416320,movie,Match Point,Match Point,0,2005,\N,124,"Drama,Romance,Thriller"
399067,tt0416449,movie,300,300,0,2006,\N,117,"Action,Drama"
399112,tt0416496,movie,Bandidas,Bandidas,0,2006,\N,93,"Action,Comedy,Crime"
399124,tt0416508,movie,Becoming Jane,Becoming Jane,0,2007,\N,120,"Biography,Drama,Romance"
399340,tt0416730,movie,FBI: Frikis buscan incordiar,FBI: Frikis buscan incordiar,0,2004,\N,85,Comedy
399383,tt0416773,movie,Girl Play,Girl Play,0,2004,\N,80,"Comedy,Romance"
399609,tt0417001,movie,Must Love Dogs,Must Love Dogs,0,2005,\N,98,"Comedy,Romance"
399664,tt0417056,movie,Pledge This!,National Lampoon's Pledge This,0,2006,\N,91,Comedy
399755,tt0417148,movie,Snakes on a Plane,Snakes on a Plane,0,2006,\N,105,"Action,Adventure,Crime"
399819,tt0417217,movie,Two for the Money,Two for the Money,0,2005,\N,122,"Crime,Drama,Sport"
399984,tt0417385,movie,12 and Holding,12 and Holding,0,2005,\N,94,Drama
399996,tt0417397,movie,9th Company,9 rota,0,2005,\N,139,"Action,Drama,History"
400032,tt0417433,movie,Annapolis,Annapolis,0,2006,\N,108,"Drama,Romance,Sport"
400252,tt0417658,movie,Factotum,Factotum,0,2005,\N,94,"Comedy,Drama,Romance"
400329,tt0417736,movie,Hank Williams First Nation,Hank Williams First Nation,0,2005,\N,92,"Comedy,Drama"
400334,tt0417741,movie,Harry Potter and the Half-Blood Prince,Harry Potter and the Half-Blood Prince,0,2009,\N,153,"Action,Adventure,Family"
400539,tt0417949,movie,Mars,Mars,0,2004,\N,100,Comedy
400689,tt0418110,movie,Romanzo Criminale,Romanzo criminale,0,2005,\N,152,"Crime,Drama"
400848,tt0418279,movie,Transformers,Transformers,0,2007,\N,144,"Action,Adventure,Sci-Fi"
401028,tt0418460,movie,Aitraaz,Aitraaz,0,2004,\N,160,"Drama,Romance,Thriller"
401251,tt0418689,movie,Flags of Our Fathers,Flags of Our Fathers,0,2006,\N,135,"Action,Adventure,Drama"
401306,tt0418746,movie,Imeniny,Imeniny,0,2004,\N,100,Comedy
401313,tt0418753,movie,Inside Deep Throat,Inside Deep Throat,0,2005,\N,89,"Biography,Documentary,History"
401322,tt0418763,movie,Jarhead,Jarhead,0,2005,\N,125,"Biography,Drama,War"
401376,tt0418819,movie,Land of the Dead,Land of the Dead,0,2005,\N,93,"Horror,Sci-Fi,Thriller"
401611,tt0419058,movie,Phir Hera Pheri,Phir Hera Pheri,0,2006,\N,153,"Comedy,Crime"
401710,tt0419160,movie,Spirit Trap,Spirit Trap,0,2005,\N,91,"Horror,Thriller"
401748,tt0419198,movie,The Tiger and the Snow,La tigre e la neve,0,2005,\N,110,"Comedy,Drama,Romance"
401842,tt0419294,movie,The Three Burials of Melquiades Estrada,The Three Burials of Melquiades Estrada,0,2005,\N,121,"Adventure,Crime,Drama"
401992,tt0419449,movie,Antares,Antares,0,2004,\N,105,"Drama,Romance"
402200,tt0419663,movie,Cruel World,Cruel World,0,2005,\N,88,"Comedy,Drama,Horror"
402241,tt0419704,movie,Donkey Xote,Donkey Xote,0,2007,\N,90,"Adventure,Animation,Comedy"
402243,tt0419706,movie,Doom,Doom,0,2005,\N,105,"Action,Horror,Sci-Fi"
402284,tt0419749,movie,Find Me Guilty,Find Me Guilty,0,2006,\N,125,"Biography,Comedy,Crime"
402349,tt0419815,movie,Holly,Holly,0,2006,\N,114,Drama
402377,tt0419843,movie,In the Land of Women,In the Land of Women,0,2007,\N,97,"Comedy,Drama,Romance"
402420,tt0419887,movie,The Kite Runner,The Kite Runner,0,2007,\N,128,Drama
402478,tt0419946,movie,The Marine,The Marine,0,2006,\N,92,"Action,Comedy,Drama"
402515,tt0419984,movie,Mr. Woodcock,Mr. Woodcock,0,2007,\N,87,"Comedy,Romance,Sport"
402617,tt0420087,movie,A Prairie Home Companion,A Prairie Home Companion,0,2006,\N,105,"Comedy,Drama,Music"
402731,tt0420206,movie,Summer Storm,Sommersturm,0,2004,\N,98,"Comedy,Drama,Romance"
402746,tt0420223,movie,Stranger Than Fiction,Stranger Than Fiction,0,2006,\N,113,"Comedy,Drama,Fantasy"
402761,tt0420238,movie,The Tale of Despereaux,The Tale of Despereaux,0,2008,\N,93,"Adventure,Animation,Comedy"
402774,tt0420251,movie,Three... Extremes,Sam gang 2,0,2004,\N,125,Horror
402816,tt0420294,movie,The Texas Chainsaw Massacre: The Beginning,The Texas Chainsaw Massacre: The Beginning,0,2006,\N,91,Horror
402854,tt0420332,movie,Veer-Zaara,Veer-Zaara,0,2004,\N,192,"Drama,Family,Musical"
403124,tt0420609,movie,Infamous,Infamous,0,2006,\N,110,"Biography,Crime,Drama"
403344,tt0420835,movie,Opal Dream,Opal Dream,0,2006,\N,86,"Drama,Family"
403555,tt0421054,movie,Domino,Domino,0,2005,\N,127,"Action,Biography,Crime"
403573,tt0421073,movie,Street Kings,Street Kings,0,2008,\N,109,"Action,Crime,Thriller"
403582,tt0421082,movie,Control,Control,0,2007,\N,122,"Biography,Drama,Music"
403635,tt0421139,tvMovie,Mars: Pioneering the Planet,Mars: Pioneering the Planet,0,2003,\N,120,Documentary
403651,tt0421156,movie,"Veritas, Prince of Truth","Veritas, Prince of Truth",0,2006,\N,93,"Action,Adventure,Family"
403699,tt0421206,movie,Gridiron Gang,Gridiron Gang,0,2006,\N,125,"Biography,Crime,Drama"
403721,tt0421229,movie,Mrs Palfrey at the Claremont,Mrs Palfrey at the Claremont,0,2005,\N,108,"Comedy,Drama"
403730,tt0421238,movie,The Proposition,The Proposition,0,2005,\N,104,"Crime,Drama,Western"
403731,tt0421239,movie,Red Eye,Red Eye,0,2005,\N,85,Thriller
404195,tt0421715,movie,The Curious Case of Benjamin Button,The Curious Case of Benjamin Button,0,2008,\N,166,"Drama,Fantasy,Romance"
404209,tt0421729,movie,Big Momma's House 2,Big Momma's House 2,0,2006,\N,99,"Comedy,Crime"
404452,tt0421974,movie,Sky Fighters,Les chevaliers du ciel,0,2005,\N,102,"Action,Adventure,Drama"
404471,tt0421994,movie,Imagine Me & You,Imagine Me & You,0,2005,\N,90,"Comedy,Drama,Romance"
404492,tt0422015,movie,The Ax,Le couperet,0,2005,\N,117,"Comedy,Crime,Drama"
404568,tt0422091,movie,Dhoom,Dhoom,0,2004,\N,129,"Action,Crime,Drama"
404570,tt0422093,movie,Diary of a Mad Black Woman,Diary of a Mad Black Woman,0,2005,\N,116,"Comedy,Drama,Romance"
404748,tt0422272,movie,Fragile,Frágiles,0,2005,\N,101,"Horror,Mystery,Thriller"
404770,tt0422295,movie,Fur: An Imaginary Portrait of Diane Arbus,Fur: An Imaginary Portrait of Diane Arbus,0,2006,\N,122,"Biography,Drama,Romance"
404874,tt0422401,movie,Hatchet,Hatchet,0,2006,\N,93,"Comedy,Horror,Thriller"
405187,tt0422720,movie,Marie Antoinette,Marie Antoinette,0,2006,\N,123,"Biography,Drama,History"
405324,tt0422861,movie,The Oh in Ohio,The Oh in Ohio,0,2006,\N,88,"Comedy,Drama,Romance"
405627,tt0423169,movie,Sherrybaby,Sherrybaby,0,2006,\N,96,Drama
405750,tt0423294,movie,Surf's Up,Surf's Up,0,2007,\N,85,"Adventure,Animation,Comedy"
405924,tt0423470,movie,Vasoolraja M.B.B.S,Vasoolraja M.B.B.S,0,2004,\N,160,"Comedy,Drama"
406418,tt0423977,movie,Charlie Bartlett,Charlie Bartlett,0,2007,\N,97,"Comedy,Drama,Romance"
406533,tt0424095,movie,Flushed Away,Flushed Away,0,2006,\N,85,"Action,Adventure,Animation"
406574,tt0424136,movie,Hard Candy,Hard Candy,0,2005,\N,104,"Drama,Thriller"
406642,tt0424205,movie,Joyeux Noel,Joyeux Noël,0,2005,\N,116,"Drama,History,Music"
406778,tt0424345,movie,Clerks II,Clerks II,0,2006,\N,97,Comedy
407199,tt0424774,movie,The Adventures of Sharkboy and Lavagirl 3-D,The Adventures of Sharkboy and Lavagirl in 3-D,0,2005,\N,93,"Action,Adventure,Comedy"
407306,tt0424885,movie,Celsius 41.11: The Temperature at Which the Brain... Begins to Die,Celsius 41.11: The Temperature at Which the Brain... Begins to Die,0,2004,\N,72,"Documentary,War"
407329,tt0424908,movie,Copying Beethoven,Copying Beethoven,0,2006,\N,104,"Biography,Drama,Music"
407412,tt0424993,movie,Employee of the Month,Employee of the Month,0,2006,\N,103,"Comedy,Romance"
407446,tt0425027,movie,Flywheel,Flywheel,0,2003,\N,120,Drama
407474,tt0425055,movie,Game 6,Game 6,0,2005,\N,87,"Comedy,Drama,Sport"
407480,tt0425061,movie,Get Smart,Get Smart,0,2008,\N,110,"Action,Adventure,Comedy"
407527,tt0425112,movie,Hot Fuzz,Hot Fuzz,0,2007,\N,121,"Action,Comedy,Mystery"
407538,tt0425123,movie,Just Like Heaven,Just Like Heaven,0,2005,\N,95,"Comedy,Drama,Fantasy"
407624,tt0425210,movie,Lucky Number Slevin,Lucky Number Slevin,0,2006,\N,110,"Crime,Drama,Thriller"
407663,tt0425253,movie,Mini's First Time,Mini's First Time,0,2006,\N,91,"Comedy,Crime,Drama"
407815,tt0425413,movie,Run Fatboy Run,Run Fatboy Run,0,2007,\N,100,"Comedy,Romance,Sport"
407832,tt0425430,movie,The Messengers,The Messengers,0,2007,\N,90,"Drama,Horror,Mystery"
407992,tt0425598,movie,Dave Chappelle's Block Party,Dave Chappelle's Block Party,0,2005,\N,103,"Comedy,Documentary,Music"
407993,tt0425600,movie,"Sorry, Haters","Sorry, Haters",0,2005,\N,83,"Drama,Thriller"
407994,tt0425601,movie,Trailer Park Boys: The Movie,Trailer Park Boys: The Movie,0,2006,\N,95,"Comedy,Crime"
408027,tt0425637,movie,Red Cliff,Chi bi,0,2008,\N,148,"Action,Adventure,Drama"
408050,tt0425661,movie,The Great Yokai War,Yôkai daisensô,0,2005,\N,124,"Adventure,Family,Fantasy"
408498,tt0426114,movie,Moscow Chill,Moroz po kozhe,0,2007,\N,92,"Drama,Thriller"
408835,tt0426459,movie,Feast,Feast,0,2005,\N,95,"Action,Comedy,Horror"
408961,tt0426592,movie,Superhero Movie,Superhero Movie,0,2008,\N,75,"Action,Comedy,Sci-Fi"
409244,tt0426883,movie,Alpha Dog,Alpha Dog,0,2006,\N,122,"Biography,Crime,Drama"
409292,tt0426931,movie,August Rush,August Rush,0,2007,\N,114,"Drama,Music"
409509,tt0427152,movie,Dinner for Schmucks,Dinner for Schmucks,0,2010,\N,114,Comedy
409585,tt0427229,movie,Failure to Launch,Failure to Launch,0,2006,\N,97,"Comedy,Romance"
409663,tt0427309,movie,The Great Debaters,The Great Debaters,0,2007,\N,126,"Biography,Drama,Romance"
409681,tt0427327,movie,Hairspray,Hairspray,0,2007,\N,117,"Comedy,Drama,Musical"
409734,tt0427380,video,In the Face of Evil: Reagan's War in Word and Deed,In the Face of Evil: Reagan's War in Word and Deed,0,2004,\N,110,Documentary
409746,tt0427392,movie,The Invasion,The Invasion,0,2007,\N,99,"Sci-Fi,Thriller"
409814,tt0427461,movie,In ascolto,In ascolto,0,2006,\N,105,"Crime,Drama,Thriller"
409823,tt0427470,movie,The Lookout,The Lookout,0,2007,\N,99,"Crime,Drama,Thriller"
410290,tt0427944,movie,Thank You for Smoking,Thank You for Smoking,0,2005,\N,92,"Comedy,Drama"
410300,tt0427954,movie,The Protector,Tom yum goong,0,2005,\N,83,"Action,Crime,Drama"
410638,tt0428303,movie,Cavite,Cavite,0,2005,\N,80,Thriller
411129,tt0428803,movie,March of the Penguins,La marche de l'empereur,0,2005,\N,80,"Documentary,Family"
411372,tt0429052,movie,Saint-Jacques... La Mecque,Saint-Jacques... La Mecque,0,2005,\N,110,"Comedy,Drama"
411388,tt0429068,movie,The Second Chance,The Second Chance,0,2006,\N,102,Drama
411473,tt0429153,movie,Tara Road,Tara Road,0,2005,\N,97,Drama
411593,tt0429277,movie,Zyzzyx Rd,Zyzzyx Rd,0,2006,\N,90,"Crime,Drama,Thriller"
411803,tt0429493,movie,The A-Team,The A-Team,0,2010,\N,117,"Action,Adventure,Crime"
411881,tt0429573,movie,An American Haunting,An American Haunting,0,2005,\N,83,"Drama,Horror,Mystery"
411897,tt0429589,movie,The Ant Bully,The Ant Bully,0,2006,\N,88,"Adventure,Animation,Comedy"
411899,tt0429591,movie,Aquamarine,Aquamarine,0,2006,\N,110,"Comedy,Family,Fantasy"
412397,tt0430105,movie,Four Brothers,Four Brothers,0,2005,\N,109,"Action,Crime,Drama"
412540,tt0430252,movie,Johan,Johan,0,2005,\N,90,"Drama,Romance"
412592,tt0430304,movie,Little Man,Little Man,0,2006,\N,98,"Comedy,Crime"
412596,tt0430308,movie,Get Rich or Die Tryin',Get Rich or Die Tryin',0,2005,\N,117,"Biography,Crime,Drama"
412644,tt0430357,movie,Miami Vice,Miami Vice,0,2006,\N,132,"Action,Crime,Drama"
412664,tt0430377,movie,Muhammad: The Last Prophet,Muhammad: The Last Prophet,0,2002,\N,95,"Animation,Biography,Drama"
412718,tt0430431,movie,One Night with the King,One Night with the King,0,2006,\N,123,"Biography,Drama,History"
412953,tt0430674,movie,The Thief Lord,The Thief Lord,0,2006,\N,98,"Adventure,Drama,Family"
413044,tt0430770,movie,The Women,The Women,0,2008,\N,114,"Comedy,Drama"
413053,tt0430779,movie,Everyone's Hero,Everyone's Hero,0,2006,\N,87,"Adventure,Animation,Comedy"
413184,tt0430912,movie,Basic Instinct 2,Basic Instinct 2,0,2006,\N,114,"Drama,Mystery,Thriller"
413193,tt0430922,movie,Role Models,Role Models,0,2008,\N,99,Comedy
413285,tt0431021,movie,The Possession,The Possession,0,2012,\N,92,"Horror,Mystery,Thriller"
413350,tt0431091,movie,Going Under,Going Under,0,2004,\N,98,Drama
413449,tt0431197,movie,The Kingdom,The Kingdom,0,2007,\N,110,"Action,Drama,Thriller"
413465,tt0431213,movie,Lassie,Lassie,0,2005,\N,100,"Adventure,Comedy,Drama"
413557,tt0431308,movie,P.S. I Love You,P.S. I Love You,0,2007,\N,126,"Comedy,Drama,Romance"
413706,tt0431461,movie,Waltzing Anna,Waltzing Anna,0,2006,\N,101,Comedy
414252,tt0432021,movie,Resident Evil: Extinction,Resident Evil: Extinction,0,2007,\N,94,"Action,Horror,Sci-Fi"
414278,tt0432047,movie,Sarkar,Sarkar,0,2005,\N,124,"Crime,Drama"
414505,tt0432283,movie,Fantastic Mr. Fox,Fantastic Mr. Fox,0,2009,\N,87,"Adventure,Animation,Comedy"
414513,tt0432291,movie,The Fog,The Fog,0,2005,\N,100,"Horror,Mystery"
414567,tt0432348,movie,Saw II,Saw II,0,2005,\N,93,"Horror,Mystery"
414618,tt0432402,movie,Factory Girl,Factory Girl,0,2006,\N,90,"Biography,Drama"
414846,tt0432637,movie,Krrish,Krrish,0,2006,\N,154,"Action,Sci-Fi"
415231,tt0433035,movie,Real Steel,Real Steel,0,2011,\N,127,"Action,Drama,Sci-Fi"
415532,tt0433350,movie,Boy Culture,Boy Culture,0,2006,\N,88,"Drama,Romance"
415543,tt0433362,movie,Daybreakers,Daybreakers,0,2009,\N,98,"Action,Horror,Sci-Fi"
415563,tt0433383,movie,"Good Night, and Good Luck.","Good Night, and Good Luck.",0,2005,\N,93,"Biography,Drama,History"
415566,tt0433386,movie,The Grudge 2,The Grudge 2,0,2006,\N,102,"Horror,Thriller"
415567,tt0433387,movie,Harsh Times,Harsh Times,0,2005,\N,116,"Action,Crime,Drama"
415578,tt0433398,movie,Journey from the Fall,Journey from the Fall,0,2006,\N,135,Drama
415592,tt0433412,movie,Material Girls,Material Girls,0,2006,\N,98,"Comedy,Family,Romance"
415596,tt0433416,movie,The Namesake,The Namesake,0,2006,\N,122,Drama
415621,tt0433442,movie,The Return,The Return,0,2005,\N,85,"Horror,Mystery,Thriller"
415747,tt0433578,video,Jessica Simpson: Reality Tour Live,Jessica Simpson: Reality Tour Live,0,2004,\N,71,Music
415771,tt0433605,movie,Naach,Naach,0,2004,\N,150,"Drama,Musical,Romance"
416040,tt0433883,tvMovie,The Black Hole,The Black Hole,0,2006,\N,90,"Action,Adventure,Drama"
416059,tt0433902,movie,Bonzaïon,Bonzaïon,0,2004,\N,87,Comedy
416277,tt0434124,movie,Kinky Boots,Kinky Boots,0,2005,\N,107,"Comedy,Drama,Music"
416292,tt0434139,movie,The Last Kiss,The Last Kiss,0,2006,\N,104,"Comedy,Drama,Romance"
416366,tt0434215,movie,Flicka,Flicka,0,2006,\N,95,"Adventure,Drama,Family"
416397,tt0434246,movie,Two Syllables Behind,O dve slabiky pozadu,0,2005,\N,90,"Drama,Romance"
416557,tt0434409,movie,V for Vendetta,V for Vendetta,0,2005,\N,132,"Action,Drama,Sci-Fi"
416572,tt0434424,movie,Undiscovered,Undiscovered,0,2005,\N,97,"Comedy,Music,Romance"
417651,tt0435517,movie,My Quick Way Out,Volando voy,0,2006,\N,115,"Action,Drama"
417662,tt0435528,movie,Whisper,Whisper,0,2007,\N,94,"Crime,Drama,Horror"
417753,tt0435623,movie,Conversations with Other Women,Conversations with Other Women,0,2005,\N,84,"Comedy,Drama,Romance"
417755,tt0435625,movie,The Descent,The Descent,0,2005,\N,99,"Adventure,Horror,Thriller"
417779,tt0435651,movie,The Giver,The Giver,0,2014,\N,97,"Drama,Romance,Sci-Fi"
417797,tt0435670,movie,The Invisible,The Invisible,0,2007,\N,102,"Crime,Drama,Fantasy"
417807,tt0435680,movie,Kidulthood,Kidulthood,0,2006,\N,89,"Crime,Drama,Romance"
417813,tt0435687,movie,The League of Gentlemen's Apocalypse,The League of Gentlemen's Apocalypse,0,2005,\N,91,"Comedy,Fantasy,Horror"
417831,tt0435705,movie,Next,Next,0,2007,\N,96,"Action,Sci-Fi,Thriller"
417883,tt0435761,movie,Toy Story 3,Toy Story 3,0,2010,\N,103,"Adventure,Animation,Comedy"
418433,tt0436331,movie,Friends with Money,Friends with Money,0,2006,\N,88,"Comedy,Drama,Romance"
418441,tt0436339,movie,G-Force,G-Force,0,2009,\N,88,"Action,Adventure,Animation"
418711,tt0436613,movie,Murderball,Murderball,0,2005,\N,88,"Documentary,Sport"
418794,tt0436697,movie,The Queen,The Queen,0,2006,\N,103,"Biography,Drama"
418976,tt0436889,movie,The White Massai,Die weiße Massai,0,2005,\N,131,"Drama,Romance"
419169,tt0437086,movie,Alita: Battle Angel,Alita: Battle Angel,0,2019,\N,122,"Action,Adventure,Sci-Fi"
419261,tt0437179,movie,See No Evil,See No Evil,0,2006,\N,84,"Action,Horror,Thriller"
419312,tt0437230,movie,Dodging the Clock,Horloge biologique,0,2005,\N,100,Comedy
419314,tt0437232,movie,Catch a Fire,Catch a Fire,0,2006,\N,101,"Biography,Drama,History"
419525,tt0437447,movie,Riding Alone for Thousands of Miles,Qian li zou dan qi,0,2005,\N,107,Drama
419601,tt0437526,movie,The Last Mistress,Une vieille maîtresse,0,2007,\N,109,"Drama,Romance"
419866,tt0437800,movie,Akeelah and the Bee,Akeelah and the Bee,0,2006,\N,112,"Drama,Family"
419925,tt0437863,movie,The Benchwarmers,The Benchwarmers,0,2006,\N,85,"Comedy,Sport"
420013,tt0437954,movie,Virgin Territory,Virgin Territory,0,2007,\N,97,"Adventure,Comedy,Romance"
420145,tt0438097,movie,Ice Age: The Meltdown,Ice Age: The Meltdown,0,2006,\N,91,"Adventure,Animation,Comedy"
420253,tt0438205,movie,Mad Hot Ballroom,Mad Hot Ballroom,0,2005,\N,105,"Documentary,Family,Music"
420344,tt0438296,movie,Push,Push,0,2006,\N,105,"Crime,Drama,Thriller"
420530,tt0438486,movie,Ten 'til Noon,Ten 'til Noon,0,2006,\N,80,"Crime,Mystery,Thriller"
420532,tt0438488,movie,Terminator Salvation,Terminator Salvation,0,2009,\N,115,"Action,Adventure,Sci-Fi"
421214,tt0439182,movie,Four Eyed Monsters,Four Eyed Monsters,0,2005,\N,85,"Comedy,Drama,Fantasy"
421317,tt0439289,movie,Running with Scissors,Running with Scissors,0,2006,\N,116,"Comedy,Drama"
421591,tt0439572,movie,The Flash,The Flash,0,2023,\N,144,"Action,Adventure,Fantasy"
421648,tt0439630,movie,Initial D,Tau man ji D,0,2005,\N,107,"Action,Comedy,Drama"
421680,tt0439662,movie,Fanaa,Fanaa,0,2006,\N,168,"Action,Drama,Romance"
421828,tt0439815,movie,Slither,Slither,0,2006,\N,95,"Comedy,Horror,Sci-Fi"
422960,tt0440963,movie,The Bourne Ultimatum,The Bourne Ultimatum,0,2007,\N,115,"Action,Mystery,Thriller"
422997,tt0441007,movie,Gracie,Gracie,0,2007,\N,95,"Biography,Drama,Sport"
423035,tt0441048,movie,Dhoom 2,Dhoom:2,0,2006,\N,152,"Action,Crime,Thriller"
423742,tt0441773,movie,Kung Fu Panda,Kung Fu Panda,0,2008,\N,92,"Action,Adventure,Animation"
423743,tt0441774,movie,Lonely Hearts,Lonely Hearts,0,2006,\N,108,"Biography,Crime,Drama"
423763,tt0441796,movie,Stay Alive,Stay Alive,0,2006,\N,85,"Fantasy,Horror,Mystery"
423845,tt0441881,movie,Danger Close,Danger Close: The Battle of Long Tan,0,2019,\N,118,"Action,Drama,War"
423872,tt0441909,movie,Volver,Volver,0,2006,\N,121,"Comedy,Drama"
424165,tt0442207,movie,Locked Out,Enfermés dehors,0,2006,\N,90,Comedy
424724,tt0442781,movie,Varalaaru,Varalaaru,0,2006,\N,166,"Action,Drama"
424873,tt0442933,movie,Beowulf,Beowulf,0,2007,\N,115,"Action,Adventure,Animation"
424912,tt0442973,movie,For the Living and the Dead,Eläville ja kuolleille,0,2005,\N,95,"Biography,Drama"
425208,tt0443272,movie,Lincoln,Lincoln,0,2012,\N,150,"Biography,Drama,History"
425210,tt0443274,movie,Vantage Point,Vantage Point,0,2008,\N,90,"Action,Drama,Thriller"
425231,tt0443295,movie,"Yours, Mine & Ours","Yours, Mine & Ours",0,2005,\N,88,"Comedy,Family,Romance"
425365,tt0443431,movie,Another Gay Movie,Another Gay Movie,0,2006,\N,92,"Comedy,Romance"
425381,tt0443448,movie,O Jerusalem,O Jerusalem,0,2006,\N,100,"Drama,History"
425383,tt0443450,video,Black Dawn,Black Dawn,0,2005,\N,96,"Action,Thriller"
425386,tt0443453,movie,Borat,Borat: Cultural Learnings of America for Make Benefit Glorious Nation of Kazakhstan,0,2006,\N,84,Comedy
425405,tt0443473,movie,The Condemned,The Condemned,0,2007,\N,113,"Action,Crime,Thriller"
425419,tt0443489,movie,Dreamgirls,Dreamgirls,0,2006,\N,130,"Drama,Musical"
425463,tt0443536,movie,Hoodwinked,Hoodwinked!,0,2005,\N,80,"Adventure,Animation,Comedy"
425470,tt0443543,movie,The Illusionist,The Illusionist,0,2006,\N,110,"Drama,Fantasy,Mystery"
425553,tt0443632,movie,The Sentinel,The Sentinel,0,2006,\N,108,"Action,Crime,Thriller"
425567,tt0443649,movie,"10,000 BC","10,000 BC",0,2008,\N,109,"Action,Adventure,Drama"
425594,tt0443676,video,Undisputed 2: Last Man Standing,Undisputed II: Last Man Standing,0,2006,\N,98,"Action,Crime,Drama"
425598,tt0443680,movie,The Assassination of Jesse James by the Coward Robert Ford,The Assassination of Jesse James by the Coward Robert Ford,0,2007,\N,160,"Biography,Crime,Drama"
425616,tt0443701,movie,The X Files: I Want to Believe,The X Files: I Want to Believe,0,2008,\N,104,"Adventure,Crime,Drama"
425619,tt0443704,movie,Yesterday's Dreams,Yesterday's Dreams,0,2005,\N,95,Drama
425621,tt0443706,movie,Zodiac,Zodiac,0,2007,\N,157,"Crime,Drama,Mystery"
425678,tt0443769,movie,Pirates in Callao,Piratas en el Callao,0,2005,\N,78,"Adventure,Animation,Family"
426087,tt0444182,movie,Days of Glory,Indigènes,0,2006,\N,120,"Drama,War"
426408,tt0444505,movie,Torrente 3: El protector,Torrente 3: El protector,0,2005,\N,91,"Comedy,Crime"
426526,tt0444628,movie,Fay Grim,Fay Grim,0,2006,\N,118,"Action,Comedy,Thriller"
426548,tt0444653,movie,Keeping Mum,Keeping Mum,0,2005,\N,99,"Comedy,Crime"
426574,tt0444682,movie,The Reaping,The Reaping,0,2007,\N,99,"Horror,Thriller"
427377,tt0445507,movie,Love and Happiness,Krama mig,0,2005,\N,86,"Comedy,Drama,Romance"
427490,tt0445620,movie,Paradise Now,Paradise Now,0,2005,\N,91,"Crime,Drama,Thriller"
427668,tt0445800,movie,French Fried Vacation 3: Friends Forever,Les bronzés 3: amis pour la vie,0,2006,\N,97,Comedy
427709,tt0445841,movie,A Gambler's Story,Yat gor lan dou dik chuen suet,0,2001,\N,94,"Comedy,Drama"
427788,tt0445922,movie,Across the Universe,Across the Universe,0,2007,\N,133,"Drama,Fantasy,History"
427799,tt0445934,movie,Blades of Glory,Blades of Glory,0,2007,\N,93,"Comedy,Sport"
427800,tt0445935,movie,Bordertown,Bordertown,0,2007,\N,112,"Crime,Mystery,Thriller"
427811,tt0445946,movie,The Contract,The Contract,0,2006,\N,96,"Action,Crime,Drama"
427853,tt0445990,movie,Invincible,Invincible,0,2006,\N,105,"Biography,Drama,Sport"
427875,tt0446013,movie,Pathfinder,Pathfinder,0,2007,\N,99,"Action,Adventure,Drama"
427889,tt0446029,movie,Scott Pilgrim vs. the World,Scott Pilgrim vs. the World,0,2010,\N,112,"Action,Comedy,Fantasy"
427905,tt0446046,movie,Take the Lead,Take the Lead,0,2006,\N,118,"Drama,Music"
428185,tt0446345,movie,The Ground Truth,The Ground Truth: After the Killing Ends,0,2006,\N,72,"Documentary,War"
428507,tt0446683,movie,Domino One,Domino One,0,2005,\N,86,"Mystery,Thriller"
428533,tt0446719,movie,Isolation,Isolation,0,2005,\N,95,"Horror,Sci-Fi,Thriller"
428566,tt0446755,movie,The Painted Veil,The Painted Veil,0,2006,\N,125,"Drama,Romance"
429782,tt0448011,movie,Knowing,Knowing,0,2009,\N,121,"Mystery,Sci-Fi,Thriller"
429846,tt0448075,movie,The Night Listener,The Night Listener,0,2006,\N,91,"Crime,Drama,Horror"
429884,tt0448115,movie,Shazam!,Shazam!,0,2019,\N,132,"Action,Adventure,Comedy"
429892,tt0448124,movie,Snow Cake,Snow Cake,0,2006,\N,112,"Drama,Romance"
429902,tt0448134,movie,Sunshine,Sunshine,0,2007,\N,107,"Sci-Fi,Thriller"
429924,tt0448157,movie,Hancock,Hancock,0,2008,\N,92,"Action,Comedy,Drama"
430411,tt0448658,short,Nosferatum,Nosferatum,0,2003,\N,9,"Drama,Short"
430446,tt0448694,movie,Puss in Boots,Puss in Boots,0,2011,\N,90,"Action,Adventure,Animation"
430757,tt0449010,movie,Eragon,Eragon,0,2006,\N,104,"Action,Adventure,Family"
430804,tt0449059,movie,Little Miss Sunshine,Little Miss Sunshine,0,2006,\N,101,"Comedy,Drama"
430830,tt0449086,movie,Dominion: Prequel to the Exorcist,Dominion: Prequel to the Exorcist,0,2005,\N,117,"Drama,Horror,Thriller"
430832,tt0449088,movie,Pirates of the Caribbean: At World's End,Pirates of the Caribbean: At World's End,0,2007,\N,169,"Action,Adventure,Fantasy"
430833,tt0449089,movie,RV,RV,0,2006,\N,99,"Adventure,Comedy,Family"
431196,tt0449467,movie,Babel,Babel,0,2006,\N,143,Drama
431215,tt0449487,movie,Passengers,Passengers,0,2008,\N,93,"Mystery,Romance,Thriller"
431297,tt0449570,movie,Buddha Wild: Monk in a Hut,Buddha Wild: Monk in a Hut,0,2006,\N,60,"Adventure,Comedy,Documentary"
431711,tt0449994,movie,Jodhaa Akbar,Jodhaa Akbar,0,2008,\N,213,"Action,Drama,History"
431716,tt0449999,movie,Kabhi Alvida Naa Kehna,Kabhi Alvida Naa Kehna,0,2006,\N,193,"Drama,Romance"
431900,tt0450188,movie,La Vie En Rose,La Môme,0,2007,\N,140,"Biography,Drama,Music"
431942,tt0450232,movie,16 Blocks,16 Blocks,0,2006,\N,102,"Action,Drama,Thriller"
431968,tt0450259,movie,Blood Diamond,Blood Diamond,0,2006,\N,143,"Adventure,Drama,Thriller"
431986,tt0450278,movie,Hostel,Hostel,0,2005,\N,94,Horror
432021,tt0450314,movie,Punisher: War Zone,Punisher: War Zone,0,2008,\N,103,"Action,Crime,Drama"
432046,tt0450340,movie,Unknown,Unknown,0,2006,\N,85,"Crime,Drama,Mystery"
432051,tt0450345,movie,The Wicker Man,The Wicker Man,0,2006,\N,102,"Horror,Mystery,Thriller"
432089,tt0450385,movie,1408,1408,0,2007,\N,104,"Fantasy,Horror,Mystery"
432107,tt0450405,movie,Cirque du Freak: The Vampire's Assistant,Cirque du Freak: The Vampire's Assistant,0,2009,\N,109,"Action,Adventure,Fantasy"
432729,tt0451038,movie,The Derby Stallion,The Derby Stallion,0,2005,\N,99,Drama
432758,tt0451069,movie,The Gospel,The Gospel,0,2005,\N,105,"Adventure,Drama,Family"
432768,tt0451079,movie,Horton Hears a Who!,Horton Hears a Who!,0,2008,\N,86,"Adventure,Animation,Comedy"
432777,tt0451089,movie,Jee Aayan Nu,Jee Aayan Nu,0,2002,\N,187,"Drama,Romance"
432950,tt0451279,movie,Wonder Woman,Wonder Woman,0,2017,\N,141,"Action,Adventure,Fantasy"
433494,tt0451833,movie,No Entry,No Entry,0,2005,\N,158,"Comedy,Drama,Musical"
433511,tt0451850,movie,Paheli,Paheli,0,2005,\N,140,"Comedy,Drama,Fantasy"
433579,tt0451919,movie,Socha Na Tha,Socha Na Tha,0,2005,\N,137,"Comedy,Drama,Romance"
434240,tt0452594,movie,The Break-Up,The Break-Up,0,2006,\N,106,"Comedy,Drama,Romance"
434244,tt0452598,movie,Cheaper by the Dozen 2,Cheaper by the Dozen 2,0,2005,\N,94,"Adventure,Comedy,Family"
434253,tt0452608,movie,Death Race,Death Race,0,2008,\N,105,"Action,Sci-Fi,Thriller"
434264,tt0452623,movie,Gone Baby Gone,Gone Baby Gone,0,2007,\N,114,"Crime,Drama,Mystery"
434265,tt0452624,movie,The Good German,The Good German,0,2006,\N,105,"Drama,Mystery,Romance"
434266,tt0452625,movie,Good Luck Chuck,Good Luck Chuck,0,2007,\N,96,"Comedy,Romance"
434278,tt0452637,movie,Lady in the Water,Lady in the Water,0,2006,\N,110,"Drama,Fantasy,Mystery"
434283,tt0452643,movie,Love and Other Disasters,Love and Other Disasters,0,2006,\N,90,"Comedy,Drama,Romance"
434284,tt0452644,movie,Lucky Miles,Lucky Miles,0,2007,\N,105,"Adventure,Comedy,Drama"
434315,tt0452681,movie,The Santa Clause 3: The Escape Clause,The Santa Clause 3: The Escape Clause,0,2006,\N,92,"Adventure,Comedy,Family"
434324,tt0452694,movie,The Time Traveler's Wife,The Time Traveler's Wife,0,2009,\N,107,"Drama,Fantasy,Romance"
434330,tt0452702,movie,Vacancy,Vacancy,0,2007,\N,85,"Horror,Thriller"
434666,tt0453047,movie,Elsa & Fred,Elsa y Fred,0,2005,\N,108,"Comedy,Drama,Romance"
434975,tt0453365,movie,FC Venus,FC Venus,0,2005,\N,107,"Comedy,Romance,Sport"
435060,tt0453451,movie,Mr. Bean's Holiday,Mr. Bean's Holiday,0,2007,\N,90,"Comedy,Family"
435062,tt0453453,movie,Beer League,Beer League,0,2006,\N,86,"Comedy,Sport"
435074,tt0453467,movie,Deja Vu,Deja Vu,0,2006,\N,126,"Action,Crime,Sci-Fi"
435097,tt0453494,movie,Hoot,Hoot,0,2006,\N,91,"Adventure,Comedy,Family"
435154,tt0453556,movie,TMNT,TMNT,0,2007,\N,87,"Action,Adventure,Animation"
435160,tt0453562,movie,42,42,0,2013,\N,128,"Biography,Drama,Sport"
435656,tt0454065,movie,The Aerial,La antena,0,2007,\N,99,"Drama,Fantasy,Sci-Fi"
435673,tt0454082,movie,Black Christmas,Black Christmas,0,2006,\N,90,Horror
436140,tt0454559,movie,Toni Goldwascher,Toni Goldwascher,0,2007,\N,89,Family
436367,tt0454792,movie,Bubble,Bubble,0,2005,\N,73,"Crime,Drama,Mystery"
436398,tt0454824,movie,Flyboys,Flyboys,0,2006,\N,140,"Action,Drama,History"
436414,tt0454841,movie,The Hills Have Eyes,The Hills Have Eyes,0,2006,\N,107,"Horror,Thriller"
436420,tt0454848,movie,Inside Man,Inside Man,0,2006,\N,129,"Crime,Drama,Mystery"
436446,tt0454876,movie,Life of Pi,Life of Pi,0,2012,\N,127,"Adventure,Drama,Fantasy"
436486,tt0454919,movie,Pulse,Pulse,0,2006,\N,90,"Horror,Sci-Fi,Thriller"
436488,tt0454921,movie,The Pursuit of Happyness,The Pursuit of Happyness,0,2006,\N,117,"Biography,Drama"
436511,tt0454945,movie,She's the Man,She's the Man,0,2006,\N,105,"Comedy,Romance,Sport"
436535,tt0454970,movie,Turistas,Turistas,0,2006,\N,93,"Horror,Mystery,Thriller"
436552,tt0454987,movie,Let's Go to Prison,Let's Go to Prison,0,2006,\N,84,"Comedy,Crime"
436642,tt0455078,movie,L'anniversaire,L'anniversaire,0,2005,\N,100,Comedy
436889,tt0455326,movie,Aqua Teen Hunger Force Colon Movie Film for Theaters,Aqua Teen Hunger Force Colon Movie Film for Theaters,0,2007,\N,86,"Action,Adventure,Animation"
436966,tt0455407,movie,The Crazies,The Crazies,0,2010,\N,101,Horror
437058,tt0455499,movie,Garfield: A Tail of Two Kitties,Garfield: A Tail of Two Kitties,0,2006,\N,82,"Adventure,Comedy,Family"
437095,tt0455537,movie,The House of Usher,The House of Usher,0,2006,\N,81,"Drama,Thriller"
437096,tt0455538,movie,How to Lose Friends & Alienate People,How to Lose Friends & Alienate People,0,2008,\N,110,"Biography,Comedy,Drama"
437146,tt0455590,movie,The Last King of Scotland,The Last King of Scotland,0,2006,\N,123,"Biography,Drama,History"
437168,tt0455612,movie,Madea's Family Reunion,Madea's Family Reunion,0,2006,\N,107,"Comedy,Drama,Romance"
437310,tt0455760,movie,Dead Silence,Dead Silence,0,2007,\N,89,"Horror,Mystery,Thriller"
437331,tt0455782,movie,The Hunting Party,The Hunting Party,0,2007,\N,101,"Adventure,Comedy,Drama"
437353,tt0455805,movie,Then She Found Me,Then She Found Me,0,2007,\N,100,"Comedy,Drama,Romance"
437371,tt0455824,movie,Australia,Australia,0,2008,\N,165,"Adventure,Drama,Romance"
437402,tt0455857,movie,When a Stranger Calls,When a Stranger Calls,0,2006,\N,87,"Horror,Thriller"
437488,tt0455944,movie,The Equalizer,The Equalizer,0,2014,\N,132,"Action,Crime,Thriller"
437501,tt0455957,movie,Goya's Ghosts,Goya's Ghosts,0,2006,\N,113,"Biography,Drama,History"
437504,tt0455960,movie,The Hitcher,The Hitcher,0,2007,\N,84,"Crime,Thriller"
437511,tt0455967,movie,John Tucker Must Die,John Tucker Must Die,0,2006,\N,89,"Comedy,Romance"
437679,tt0456144,movie,Lage Raho Munna Bhai,Lage Raho Munna Bhai,0,2006,\N,144,"Comedy,Drama,Romance"
437684,tt0456149,movie,The Death of Mr. Lazarescu,Moartea domnului Lazarescu,0,2005,\N,153,"Comedy,Drama"
438001,tt0456470,movie,The Bow,Hwal,0,2005,\N,90,"Drama,Romance"
438085,tt0456554,movie,Grandma's Boy,Grandma's Boy,0,2006,\N,94,Comedy
438538,tt0457024,movie,Prince Vladimir,Knyaz Vladimir. Film pervyy,0,2006,\N,78,"Action,Animation,Drama"
438811,tt0457303,movie,Church Ball,Church Ball,0,2006,\N,91,"Comedy,Sport"
438816,tt0457308,movie,Come Early Morning,Come Early Morning,0,2006,\N,97,"Drama,Romance"
438899,tt0457400,movie,Land of the Lost,Land of the Lost,0,2009,\N,102,"Action,Adventure,Comedy"
438917,tt0457419,movie,Mr. Magorium's Wonder Emporium,Mr. Magorium's Wonder Emporium,0,2007,\N,93,"Comedy,Family,Fantasy"
438927,tt0457430,movie,Pan's Labyrinth,El laberinto del fauno,0,2006,\N,118,"Drama,Fantasy,War"
438930,tt0457433,movie,Perfect Stranger,Perfect Stranger,0,2007,\N,109,"Crime,Mystery,Thriller"
438987,tt0457495,movie,Stormbreaker,Alex Rider: Operation Stormbreaker,0,2006,\N,93,"Action,Adventure,Family"
439002,tt0457510,movie,Nacho Libre,Nacho Libre,0,2006,\N,92,"Comedy,Family,Sport"
439003,tt0457513,movie,Scoop,Scoop,0,2006,\N,96,"Comedy,Crime,Fantasy"
439018,tt0457530,movie,The Work and the Glory II: American Zion,The Work and the Glory II: American Zion,0,2005,\N,100,"Drama,Western"
439060,tt0457572,movie,Fido,Fido,0,2006,\N,93,"Comedy,Drama,Horror"
439425,tt0457939,movie,The Holiday,The Holiday,0,2006,\N,136,"Comedy,Romance"
439723,tt0458242,movie,Lights in the Dusk,Laitakaupungin valot,0,2006,\N,78,"Crime,Drama"
439818,tt0458339,movie,Captain America: The First Avenger,Captain America: The First Avenger,0,2011,\N,124,"Action,Adventure,Sci-Fi"
439830,tt0458352,movie,The Devil Wears Prada,The Devil Wears Prada,0,2006,\N,109,"Comedy,Drama"
439956,tt0458481,movie,Sin City: A Dame to Kill For,Sin City: A Dame to Kill For,0,2014,\N,102,"Action,Animation,Crime"
439999,tt0458525,movie,X-Men Origins: Wolverine,X-Men Origins: Wolverine,0,2009,\N,107,"Action,Sci-Fi"
440741,tt0459272,movie,Elephant Tales,Elephant Tales,0,2006,\N,92,"Action,Adventure,Family"
440908,tt0459440,movie,Lesnaya tsarevna,Lesnaya tsarevna,0,2005,\N,\N,"Adventure,Family,Fantasy"
440982,tt0459516,movie,Pudhu Pettai,Pudhu Pettai,0,2006,\N,168,"Action,Crime,Drama"
441222,tt0459759,movie,Revenge,Boy s tenyu II. Revansh,0,2007,\N,135,"Action,Crime,Drama"
441850,tt0460394,movie,Aithe,Aithe,0,2003,\N,132,"Action,Adventure,Drama"
441867,tt0460411,short,Biohazard 4D: Executer,Biohazard 4D: Executer,0,2000,\N,19,"Action,Animation,Horror"
441959,tt0460505,movie,The Rocket,Maurice Richard,0,2005,\N,124,"Biography,Drama,Sport"
442064,tt0460611,movie,The Work and the Glory III: A House Divided,The Work and the Glory III: A House Divided,0,2006,\N,89,"Drama,Western"
442226,tt0460780,movie,In the Name of the King: A Dungeon Siege Tale,In the Name of the King: A Dungeon Siege Tale,0,2007,\N,127,"Action,Adventure,Fantasy"
442236,tt0460791,movie,The Fall,The Fall,0,2006,\N,117,"Adventure,Drama,Fantasy"
442273,tt0460829,movie,Inland Empire,Inland Empire,0,2006,\N,180,"Drama,Fantasy,Mystery"
442280,tt0460836,movie,Ji,Ji,0,2005,\N,172,"Action,Drama"
442327,tt0460887,video,October Moon,October Moon,0,2005,\N,112,"Drama,Horror,Romance"
442408,tt0460975,movie,Unidentified,Unidentified,0,2006,\N,85,Sci-Fi
442422,tt0460989,movie,The Wind that Shakes the Barley,The Wind That Shakes the Barley,0,2006,\N,127,"Drama,War"
443188,tt0461770,movie,Enchanted,Enchanted,0,2007,\N,107,"Adventure,Animation,Comedy"
443347,tt0461936,movie,Don,Don,0,2006,\N,171,"Action,Crime,Thriller"
443596,tt0462200,movie,Black Snake Moan,Black Snake Moan,0,2006,\N,116,"Drama,Music"
443621,tt0462229,movie,Code Name: The Cleaner,Code Name: The Cleaner,0,2007,\N,84,"Action,Comedy,Crime"
443636,tt0462244,movie,Daddy Day Camp,Daddy Day Camp,0,2007,\N,93,"Comedy,Family"
443722,tt0462338,movie,The Hoax,The Hoax,0,2006,\N,116,"Biography,Comedy,Drama"
443730,tt0462346,movie,How to Eat Fried Worms,How to Eat Fried Worms,0,2006,\N,84,"Comedy,Family"
443780,tt0462396,movie,The Last Legion,The Last Legion,0,2007,\N,101,"Action,Adventure,History"
443845,tt0462465,movie,Outlander,Outlander,0,2008,\N,115,"Action,Adventure,Sci-Fi"
443865,tt0462485,movie,Poultrygeist: Night of the Chicken Dead,Poultrygeist: Night of the Chicken Dead,0,2006,\N,103,"Comedy,Horror,Musical"
443877,tt0462499,movie,Rambo,Rambo,0,2008,\N,92,"Action,Thriller"
443882,tt0462504,movie,Rescue Dawn,Rescue Dawn,0,2006,\N,125,"Adventure,Biography,War"
443896,tt0462519,movie,School for Scoundrels,School for Scoundrels,0,2006,\N,100,Comedy
443912,tt0462538,movie,The Simpsons Movie,The Simpsons Movie,0,2007,\N,87,"Adventure,Animation,Comedy"
443952,tt0462579,movie,The Treatment,The Treatment,0,2006,\N,86,"Comedy,Drama,Romance"
443961,tt0462590,movie,Step Up,Step Up,0,2006,\N,104,"Crime,Drama,Music"
444398,tt0463034,movie,"You, Me and Dupree","You, Me and Dupree",0,2006,\N,110,"Comedy,Romance"
444711,tt0463352,movie,Me Two,La personne aux deux personnes,0,2008,\N,84,"Comedy,Fantasy,Music"
444973,tt0463622,movie,Naran,Naran,0,2005,\N,150,"Action,Thriller"
445200,tt0463854,movie,28 Weeks Later,28 Weeks Later,0,2007,\N,99,"Horror,Sci-Fi"
445218,tt0463872,movie,Asterix at the Olympic Games,Astérix aux jeux olympiques,0,2008,\N,116,"Adventure,Comedy,Family"
445328,tt0463985,movie,The Fast and the Furious: Tokyo Drift,The Fast and the Furious: Tokyo Drift,0,2006,\N,104,"Action,Crime,Thriller"
445341,tt0463998,movie,Freedom Writers,Freedom Writers,0,2007,\N,123,"Biography,Crime,Drama"
445383,tt0464041,movie,The Lazarus Project,The Lazarus Project,0,2008,\N,100,"Drama,Mystery,Thriller"
445391,tt0464049,movie,The History Boys,The History Boys,0,2006,\N,109,"Comedy,Drama,Romance"
445482,tt0464141,movie,The Orphanage,El orfanato,0,2007,\N,105,"Drama,Horror,Mystery"
445493,tt0464154,movie,Piranha 3D,Piranha 3D,0,2010,\N,88,"Comedy,Horror"
445501,tt0464162,movie,Komaram Puli,Komaram Puli,0,2010,\N,163,"Action,Crime,Thriller"
445522,tt0464184,movie,Samoan Wedding,Sione's Wedding,0,2006,\N,97,"Comedy,Romance"
445988,tt0464665,movie,Dreaming of Space,Kosmos kak predchuvstvie,0,2005,\N,90,Drama
446222,tt0464907,movie,The Boys & Girls Guide to Getting Down,The Boys & Girls Guide to Getting Down,0,2006,\N,92,Comedy
446228,tt0464913,movie,"OSS 117: Cairo, Nest of Spies","OSS 117: Le Caire, nid d'espions",0,2006,\N,99,"Action,Adventure,Comedy"
446452,tt0465142,movie,American Dreamz,American Dreamz,0,2006,\N,107,"Comedy,Music"
446543,tt0465234,movie,National Treasure: Book of Secrets,National Treasure: Book of Secrets,0,2007,\N,124,"Action,Adventure,Mystery"
446713,tt0465407,movie,Eye of the Dolphin,Eye of the Dolphin,0,2006,\N,102,"Comedy,Drama,Family"
446742,tt0465436,movie,December Boys,December Boys,0,2007,\N,105,"Drama,Romance"
446746,tt0465440,movie,Disappearances,Disappearances,0,2006,\N,118,"Action,Adventure,Drama"
446792,tt0465494,movie,Hitman,Hitman,0,2007,\N,89,"Action,Crime,Thriller"
446800,tt0465502,movie,Igor,Igor,0,2008,\N,87,"Animation,Comedy,Family"
446834,tt0465538,movie,Michael Clayton,Michael Clayton,0,2007,\N,119,"Crime,Drama,Mystery"
446845,tt0465551,movie,Notes on a Scandal,Notes on a Scandal,0,2006,\N,92,"Crime,Drama,Romance"
446873,tt0465580,movie,Push,Push,0,2009,\N,111,"Action,Sci-Fi,Thriller"
446894,tt0465602,movie,Shoot 'Em Up,Shoot 'Em Up,0,2007,\N,86,"Action,Comedy,Thriller"
446932,tt0465643,movie,Time of Her Life,Time of Her Life,0,2005,\N,93,"Drama,Fantasy"
447249,tt0465967,movie,Dobrinya and the Dragon,Dobrynya Nikitich i Zmey Gorynych,0,2006,\N,68,"Adventure,Animation,Comedy"
447382,tt0466103,movie,Pyl,Pyl,0,2005,\N,107,"Comedy,Drama,Sci-Fi"
447610,tt0466342,movie,Date Movie,Date Movie,0,2006,\N,83,"Comedy,Romance"
447665,tt0466399,movie,Ten Canoes,Ten Canoes,0,2006,\N,90,"Adventure,Comedy,Drama"
448065,tt0466816,movie,Hallam Foe,Hallam Foe,0,2007,\N,95,"Drama,Mystery,Romance"
448088,tt0466839,movie,I Could Never Be Your Woman,I Could Never Be Your Woman,0,2007,\N,97,"Comedy,Drama,Romance"
448105,tt0466856,movie,ATL,ATL,0,2006,\N,105,"Comedy,Crime,Drama"
448141,tt0466893,movie,Margaret,Margaret,0,2011,\N,150,"Drama,Mystery"
448157,tt0466909,movie,The Omen,The Omen,0,2006,\N,110,"Drama,Fantasy,Horror"
448356,tt0467110,movie,Underdog,Underdog,0,2007,\N,84,"Action,Adventure,Comedy"
448436,tt0467197,movie,Max Payne,Max Payne,0,2008,\N,100,"Action,Crime,Drama"
448439,tt0467200,movie,The Other Boleyn Girl,The Other Boleyn Girl,0,2008,\N,115,"Biography,Drama,History"
448639,tt0467406,movie,Juno,Juno,0,2007,\N,96,"Comedy,Drama"
449701,tt0468489,movie,Half Nelson,Half Nelson,0,2006,\N,106,Drama
449704,tt0468492,movie,The Host,Goemool,0,2006,\N,120,"Drama,Horror,Sci-Fi"
449768,tt0468565,movie,Tsotsi,Tsotsi,0,2005,\N,94,"Crime,Drama"
449771,tt0468569,movie,The Dark Knight,The Dark Knight,0,2008,\N,152,"Action,Crime,Drama"
450213,tt0469021,movie,Alan Partridge,Alan Partridge: Alpha Papa,0,2013,\N,90,"Action,Comedy,Crime"
450446,tt0469263,movie,The Astronaut Farmer,The Astronaut Farmer,0,2006,\N,104,"Adventure,Drama,Sci-Fi"
450673,tt0469494,movie,There Will Be Blood,There Will Be Blood,0,2007,\N,158,Drama
450802,tt0469623,movie,Things We Lost in the Fire,Things We Lost in the Fire,0,2007,\N,118,Drama
450819,tt0469640,movie,Bathory: Countess of Blood,Bathory,0,2008,\N,141,"Biography,Drama,Fantasy"
450820,tt0469641,movie,World Trade Center,World Trade Center,0,2006,\N,129,"Drama,History,Thriller"
450865,tt0469686,movie,Dreaming Lhasa,Dreaming Lhasa,0,2005,\N,90,"Adventure,Drama,Mystery"
450929,tt0469754,movie,The Boss of It All,Direktøren for det hele,0,2006,\N,99,Comedy
451021,tt0469849,movie,Too Beautiful,Troppo belli,0,2005,\N,97,Comedy
451075,tt0469903,movie,The Express,The Express,0,2008,\N,130,"Biography,Drama,Sport"
451223,tt0470055,movie,Open Water 2: Adrift,Open Water 2: Adrift,0,2006,\N,94,"Adventure,Drama,Horror"
451749,tt0470591,movie,Wai Onlawon 4: Tum + Oh Return,Wai Onlawon 4: Tum + Oh Return,0,2005,\N,\N,"Comedy,Romance"
451859,tt0470705,movie,Bug,Bug,0,2006,\N,102,"Drama,Horror,Thriller"
451906,tt0470752,movie,Ex Machina,Ex Machina,0,2014,\N,108,"Drama,Sci-Fi,Thriller"
451919,tt0470765,movie,For Your Consideration,For Your Consideration,0,2006,\N,86,Comedy
452003,tt0470850,movie,The Holy Man,Luang phii theng,0,2005,\N,92,Comedy
452184,tt0471042,movie,Tower Heist,Tower Heist,0,2011,\N,104,"Action,Comedy,Crime"
453154,tt0472033,movie,9,9,0,2009,\N,79,"Action,Adventure,Animation"
453164,tt0472043,movie,Apocalypto,Apocalypto,0,2006,\N,139,"Action,Adventure,Drama"
453171,tt0472050,movie,Bart Got a Room,Bart Got a Room,0,2008,\N,80,"Comedy,Drama,Romance"
453182,tt0472062,movie,Charlie Wilson's War,Charlie Wilson's War,0,2007,\N,102,"Biography,Comedy,Drama"
453191,tt0472071,movie,Death Defying Acts,Death Defying Acts,0,2007,\N,97,"Drama,History,Romance"
453243,tt0472126,movie,Local Color,Local Color,0,2006,\N,107,Drama
453276,tt0472160,movie,Penelope,Penelope,0,2006,\N,104,"Comedy,Fantasy,Romance"
453296,tt0472181,movie,The Smurfs,The Smurfs,0,2011,\N,103,"Adventure,Animation,Comedy"
453372,tt0472259,movie,Alone with Her,Alone with Her,0,2006,\N,78,"Crime,Drama,Thriller"
453510,tt0472399,movie,The Mechanic,The Mechanic,0,2011,\N,93,"Action,Crime,Thriller"
454119,tt0473024,movie,Crossover,Crossover,0,2006,\N,95,"Action,Sport"
454163,tt0473075,movie,Prince of Persia: The Sands of Time,Prince of Persia: The Sands of Time,0,2010,\N,116,"Action,Adventure,Fantasy"
454186,tt0473102,movie,The Perfect Game,The Perfect Game,0,2009,\N,118,"Comedy,Drama,Family"
454272,tt0473188,movie,Bobby Z,The Death and Life of Bobby Z,0,2007,\N,97,"Action,Crime,Thriller"
454389,tt0473308,movie,Waitress,Waitress,0,2007,\N,108,"Comedy,Drama,Romance"
454431,tt0473356,movie,The Flock,The Flock,0,2007,\N,96,"Crime,Drama,Mystery"
454435,tt0473360,movie,Goal II: Living the Dream,Goal II: Living the Dream,0,2007,\N,115,"Drama,Sport"
454442,tt0473367,movie,Jaane Tu... Ya Jaane Na,Jaane Tu... Ya Jaane Na,0,2008,\N,155,"Comedy,Drama,Romance"
454513,tt0473444,movie,Curse of the Golden Flower,Man cheng jin dai huang jin jia,0,2006,\N,114,"Action,Drama,Romance"
454753,tt0473705,movie,State of Play,State of Play,0,2009,\N,127,"Crime,Drama,Mystery"
454757,tt0473709,movie,The TV Set,The TV Set,0,2006,\N,88,"Comedy,Drama"
454800,tt0473753,movie,Angel-A,Angel-A,0,2005,\N,91,"Comedy,Drama,Fantasy"
456218,tt0475179,movie,I Not Stupid Too,Xiaohai bu ben 2,0,2006,\N,124,"Comedy,Drama,Family"
456303,tt0475276,movie,United 93,United 93,0,2006,\N,111,"Action,Drama,History"
456317,tt0475290,movie,"Hail, Caesar!","Hail, Caesar!",0,2016,\N,106,"Comedy,Drama,Mystery"
456320,tt0475293,tvMovie,High School Musical,High School Musical,0,2006,\N,98,"Comedy,Drama,Family"
456323,tt0475298,movie,Hood of Horror,Hood of Horror,0,2006,\N,84,"Comedy,Horror"
456376,tt0475355,movie,Pride,Pride,0,2007,\N,104,"Drama,Sport"
456412,tt0475394,movie,Smokin' Aces,Smokin' Aces,0,2006,\N,108,"Action,Comedy,Crime"
456654,tt0475645,movie,Vaah! Life Ho Toh Aisi!,Vaah! Life Ho Toh Aisi!,0,2005,\N,153,"Comedy,Drama,Family"
456788,tt0475783,movie,Welcome to Dongmakgol,Welkkeom tu Dongmakgol,0,2005,\N,133,"Comedy,Drama,War"
456938,tt0475937,movie,The Abandoned,The Abandoned,0,2006,\N,99,"Horror,Mystery,Thriller"
456945,tt0475944,movie,The Covenant,The Covenant,0,2006,\N,97,"Adventure,Fantasy,Horror"
456966,tt0475965,movie,The Giant,Giganten,0,2005,\N,80,Documentary
456984,tt0475984,movie,Mister Lonely,Mister Lonely,0,2007,\N,112,"Comedy,Drama"
456997,tt0475998,movie,The Pirates Who Don't Do Anything: A VeggieTales Movie,The Pirates Who Don't Do Anything: A VeggieTales Movie,0,2008,\N,85,"Adventure,Animation,Comedy"
457509,tt0476527,movie,Bluffmaster,Bluffmaster!,0,2005,\N,137,"Comedy,Crime,Drama"
457582,tt0476603,movie,The Three Investigators and the Secret of Skeleton Island,The Three Investigators and the Secret of Skeleton Island,0,2007,\N,91,"Adventure,Family,Mystery"
457621,tt0476643,movie,The Bubble,Ha-Buah,0,2006,\N,117,"Comedy,Drama,Romance"
457673,tt0476695,movie,The Sovereign's Servant,Sluga Gosudarev,0,2007,\N,131,"Action,Adventure,History"
457775,tt0476805,movie,Malamaal Weekly,Malamaal Weekly,0,2006,\N,137,"Comedy,Drama,Romance"
457925,tt0476958,movie,Amusement,Amusement,0,2008,\N,85,"Crime,Horror,Mystery"
457931,tt0476964,movie,The Brave One,The Brave One,0,2007,\N,122,"Crime,Drama,Thriller"
458015,tt0477051,movie,Norbit,Norbit,0,2007,\N,102,"Comedy,Romance"
458032,tt0477071,movie,Premonition,Premonition,0,2007,\N,96,"Drama,Fantasy,Mystery"
458041,tt0477080,movie,Unstoppable,Unstoppable,0,2010,\N,98,"Action,Thriller"
458095,tt0477139,movie,Wristcutters: A Love Story,Wristcutters: A Love Story,0,2006,\N,88,"Comedy,Drama,Fantasy"
458245,tt0477302,movie,Extremely Loud & Incredibly Close,Extremely Loud & Incredibly Close,0,2011,\N,129,"Adventure,Drama,Mystery"
458280,tt0477337,movie,The Sword Bearer,Mechenosets,0,2006,\N,108,"Action,Fantasy,Romance"
458290,tt0477347,movie,Night at the Museum,Night at the Museum,0,2006,\N,108,"Adventure,Comedy,Family"
458291,tt0477348,movie,No Country for Old Men,No Country for Old Men,0,2007,\N,122,"Crime,Drama,Thriller"
459009,tt0478087,movie,21,21,0,2008,\N,123,"Crime,Drama,Thriller"
459054,tt0478134,movie,In the Valley of Elah,In the Valley of Elah,0,2007,\N,121,"Crime,Drama,Mystery"
459216,tt0478304,movie,The Tree of Life,The Tree of Life,0,2011,\N,139,"Drama,Fantasy"
459223,tt0478311,movie,Knocked Up,Knocked Up,0,2007,\N,129,"Comedy,Romance"
459470,tt0478566,movie,Those Happy Days,Nos jours heureux,0,2006,\N,103,Comedy
459870,tt0478970,movie,Ant-Man,Ant-Man,0,2015,\N,117,"Action,Comedy,Sci-Fi"
460035,tt0479140,movie,Ripple Effect,Ripple Effect,0,2007,\N,87,"Drama,Music"
460038,tt0479143,movie,Rocky Balboa,Rocky Balboa,0,2006,\N,102,"Drama,Sport"
460055,tt0479162,movie,Special,Special,0,2006,\N,81,"Comedy,Drama,Sci-Fi"
460378,tt0479500,movie,Nancy Drew,Nancy Drew,0,2007,\N,99,"Comedy,Crime,Family"
460404,tt0479528,movie,Rogue,Rogue,0,2007,\N,99,"Action,Drama,Horror"
460413,tt0479537,movie,Seraphim Falls,Seraphim Falls,0,2006,\N,115,"Action,Drama,Thriller"
460519,tt0479647,movie,Bon Cop Bad Cop,"Bon Cop, Bad Cop",0,2006,\N,117,"Action,Comedy,Crime"
460598,tt0479728,movie,Nikto ne znaet pro seks,Nikto ne znaet pro seks,0,2006,\N,95,Comedy
460620,tt0479751,movie,Sivaji,Sivaji: The Boss,0,2007,\N,188,"Action,Crime,Drama"
460747,tt0479884,movie,Crank,Crank,0,2006,\N,88,"Action,Crime,Thriller"
460811,tt0479952,movie,Madagascar: Escape 2 Africa,Madagascar: Escape 2 Africa,0,2008,\N,89,"Adventure,Animation,Comedy"
460826,tt0479968,movie,One Missed Call,One Missed Call,0,2008,\N,87,"Horror,Mystery"
460854,tt0479997,movie,Season of the Witch,Season of the Witch,0,2011,\N,95,"Action,Adventure,Fantasy"
460881,tt0480025,movie,This Is England,This Is England,0,2006,\N,101,"Crime,Drama"
461077,tt0480239,movie,Atlas Shrugged: Part I,Atlas Shrugged: Part I,0,2011,\N,97,"Drama,Mystery,Sci-Fi"
461079,tt0480242,movie,Dan in Real Life,Dan in Real Life,0,2007,\N,98,"Comedy,Drama,Romance"
461086,tt0480249,movie,I Am Legend,I Am Legend,0,2007,\N,101,"Drama,Horror,Sci-Fi"
461089,tt0480255,movie,The Losers,The Losers,0,2010,\N,97,"Action,Adventure,Comedy"
461496,tt0480669,movie,Timecrimes,Los cronocrímenes,0,2007,\N,92,"Horror,Mystery,Sci-Fi"
461514,tt0480687,movie,Hall Pass,Hall Pass,0,2011,\N,105,"Comedy,Romance"
461949,tt0481141,movie,No Reservations,No Reservations,0,2007,\N,104,"Comedy,Drama,Romance"
462168,tt0481369,movie,The Number 23,The Number 23,0,2007,\N,98,"Crime,Mystery,Thriller"
462296,tt0481499,movie,The Croods,The Croods,0,2013,\N,98,"Adventure,Animation,Comedy"
462332,tt0481536,movie,Harold & Kumar Escape from Guantanamo Bay,Harold & Kumar Escape from Guantanamo Bay,0,2008,\N,102,"Adventure,Comedy"
462588,tt0481797,movie,Youth Without Youth,Youth Without Youth,0,2007,\N,124,"Drama,Fantasy,Mystery"
462871,tt0482088,movie,Priceless,Hors de prix,0,2006,\N,106,"Comedy,Romance"
463238,tt0482463,movie,Bella,Bella,0,2006,\N,91,"Drama,Romance"
463291,tt0482527,movie,It's a Boy Girl Thing,It's a Boy Girl Thing,0,2006,\N,95,"Comedy,Fantasy,Romance"
463310,tt0482546,movie,Miss Potter,Miss Potter,0,2006,\N,88,"Biography,Drama,Romance"
463333,tt0482571,movie,The Prestige,The Prestige,0,2006,\N,130,"Drama,Mystery,Sci-Fi"
463334,tt0482572,movie,Pride and Glory,Pride and Glory,0,2008,\N,130,"Crime,Drama,Thriller"
463363,tt0482603,movie,Space Chimps,Space Chimps,0,2008,\N,81,"Adventure,Animation,Comedy"
463366,tt0482606,movie,The Strangers,The Strangers,0,2008,\N,86,"Horror,Mystery,Thriller"
463387,tt0482629,movie,The Ultimate Gift,The Ultimate Gift,0,2006,\N,114,"Drama,Family,Romance"
463715,tt0482961,movie,The Speed Track,The Speed Track,0,2007,\N,\N,"Action,Comedy,Romance"
464346,tt0483607,movie,Doomsday,Doomsday,0,2008,\N,105,"Action,Sci-Fi,Thriller"
464460,tt0483726,movie,Man of the Year,Man of the Year,0,2006,\N,115,"Comedy,Drama,Romance"
464489,tt0483756,movie,Nobel Son,Nobel Son,0,2007,\N,110,"Comedy,Crime,Drama"
464830,tt0484111,movie,The Good Night,The Good Night,0,2007,\N,93,"Comedy,Drama,Fantasy"
464890,tt0484175,movie,The Last House in the Woods,Il bosco fuori,0,2006,\N,85,"Horror,Thriller"
465270,tt0484562,movie,The Seeker: The Dark Is Rising,The Seeker: The Dark Is Rising,0,2007,\N,99,"Adventure,Drama,Family"
465446,tt0484740,movie,Love in the Time of Cholera,Love in the Time of Cholera,0,2007,\N,139,"Drama,Romance"
465604,tt0484904,movie,The Unwanted Woman,Zan-e ziadi,0,2005,\N,103,Drama
465963,tt0485272,movie,Salaam-E-Ishq,Salaam-E-Ishq,0,2007,\N,216,"Comedy,Drama,Musical"
466191,tt0485510,movie,Killing the Shadows,Hacivat Karagöz Neden Öldürüldü?,0,2006,\N,135,"Comedy,Drama,History"
466278,tt0485601,movie,The Secret of Kells,The Secret of Kells,0,2009,\N,75,"Adventure,Animation,Family"
466602,tt0485947,movie,Mr. Nobody,Mr. Nobody,0,2009,\N,141,"Drama,Fantasy,Romance"
466639,tt0485985,movie,Red Tails,Red Tails,0,2012,\N,125,"Action,Drama,History"
466702,tt0486051,movie,Wind Chill,Wind Chill,0,2007,\N,91,"Adventure,Drama,Horror"
466732,tt0486084,movie,Les aristos,Les aristos,0,2006,\N,79,Comedy
466963,tt0486321,movie,Fly Me to the Moon 3D,Fly Me to the Moon,0,2007,\N,84,"Adventure,Animation,Family"
467190,tt0486551,movie,Beerfest,Beerfest,0,2006,\N,110,Comedy
467213,tt0486576,movie,Fantastic Four: Rise of the Silver Surfer,4: Rise of the Silver Surfer,0,2007,\N,92,"Action,Adventure,Fantasy"
467215,tt0486578,movie,First Sunday,First Sunday,0,2008,\N,96,"Comedy,Crime,Drama"
467220,tt0486583,movie,Fred Claus,Fred Claus,0,2007,\N,116,"Comedy,Family,Fantasy"
467252,tt0486619,movie,Lynch Mob,Lynch Mob,0,2009,\N,99,Horror
467270,tt0486640,movie,Postal,Postal,0,2007,\N,100,"Action,Comedy,Crime"
467283,tt0486655,movie,Stardust,Stardust,0,2007,\N,127,"Adventure,Fantasy,Romance"
467301,tt0486674,movie,What Just Happened,What Just Happened,0,2008,\N,104,"Comedy,Drama"
467442,tt0486822,movie,Disturbia,Disturbia,0,2007,\N,105,"Crime,Drama,Mystery"
467565,tt0486946,movie,Wild Hogs,Wild Hogs,0,2007,\N,100,"Action,Adventure,Comedy"
468486,tt0487887,movie,The Crime of Father Amaro,O Crime do Padre Amaro,0,2005,\N,100,"Action,Drama"
468650,tt0488059,movie,The Lost Treasure of the Knights Templar,Tempelriddernes skat,0,2006,\N,85,"Adventure,Family"
468710,tt0488120,movie,Fracture,Fracture,0,2007,\N,113,"Crime,Drama,Thriller"
468754,tt0488164,movie,Moscow Zero,Moscow Zero,0,2006,\N,82,"Horror,Thriller"
469062,tt0488478,movie,12,12,0,2007,\N,159,"Crime,Drama,Thriller"
469148,tt0488565,movie,Could This Be Love?,Je crois que je l'aime,0,2007,\N,90,"Comedy,Drama,Romance"
469241,tt0488658,movie,Unaccompanied Minors,Unaccompanied Minors,0,2006,\N,90,"Adventure,Comedy,Family"
469606,tt0489037,movie,Who Killed the Electric Car?,Who Killed the Electric Car?,0,2006,\N,92,Documentary
469617,tt0489049,movie,Fanboys,Fanboys,0,2009,\N,90,"Adventure,Comedy,Crime"
469641,tt0489075,short,Helpline!,Helpline!,0,2004,\N,5,"Animation,Comedy,Short"
469663,tt0489099,movie,Jumper,Jumper,0,2008,\N,88,"Action,Adventure,Sci-Fi"
469793,tt0489235,movie,My Name Is Bruce,My Name Is Bruce,0,2007,\N,84,"Comedy,Fantasy,Horror"
469795,tt0489237,movie,The Nanny Diaries,The Nanny Diaries,0,2007,\N,105,"Comedy,Drama,Romance"
469802,tt0489244,movie,Night of the Living Dead 3D,Night of the Living Dead,0,2006,\N,80,Horror
469826,tt0489270,movie,Saw III,Saw III,0,2006,\N,108,"Horror,Mystery,Thriller"
469836,tt0489281,movie,Stop-Loss,Stop-Loss,0,2008,\N,112,"Drama,War"
469837,tt0489282,movie,Strange Wilderness,Strange Wilderness,0,2008,\N,87,"Adventure,Comedy"
470033,tt0489486,movie,"Good Boy, Bad Boy","Good Boy, Bad Boy",0,2007,\N,115,"Comedy,Musical"
470611,tt0490076,movie,All the Boys Love Mandy Lane,All the Boys Love Mandy Lane,0,2006,\N,90,"Horror,Mystery,Thriller"
470621,tt0490086,movie,Big Stan,Big Stan,0,2007,\N,105,"Action,Comedy"
470712,tt0490181,movie,Mutant Chronicles,Mutant Chronicles,0,2008,\N,100,"Action,Adventure,Mystery"
470727,tt0490196,movie,Phat Girlz,Phat Girlz,0,2006,\N,99,Comedy
470735,tt0490204,movie,Reign Over Me,Reign Over Me,0,2007,\N,124,Drama
470741,tt0490210,movie,Sarkar Raj,Sarkar Raj,0,2008,\N,125,"Crime,Drama"
470746,tt0490215,movie,Silence,Silence,0,2016,\N,161,"Drama,History"
471659,tt0491152,movie,Something Borrowed,Something Borrowed,0,2011,\N,112,"Comedy,Drama,Romance"
471681,tt0491175,movie,Suburbicon,Suburbicon,0,2017,\N,105,"Comedy,Crime,Drama"
471707,tt0491203,movie,Tulip Fever,Tulip Fever,0,2017,\N,105,"Drama,History,Romance"
471715,tt0491211,movie,Heavy Petting,Heavy Petting,0,2007,\N,94,Comedy
472206,tt0491720,movie,The Final Inquiry,L'inchiesta,0,2006,\N,112,"Adventure,Drama,History"
472233,tt0491747,movie,Away from Her,Away from Her,0,2006,\N,110,Drama
472261,tt0491775,movie,Happy,Happy,0,2006,\N,152,"Comedy,Drama,Romance"
472522,tt0492044,movie,The Haunting in Connecticut,The Haunting in Connecticut,0,2009,\N,92,"Drama,Horror,Mystery"
472862,tt0492389,movie,Furry Vengeance,Furry Vengeance,0,2010,\N,92,"Comedy,Family"
473086,tt0492619,movie,The Foot Fist Way,The Foot Fist Way,0,2006,\N,85,Comedy
473333,tt0492869,movie,Antonia,Antônia,0,2006,\N,90,"Drama,Musical"
473417,tt0492956,movie,The Game Plan,The Game Plan,0,2007,\N,110,"Comedy,Family,Sport"
473743,tt0493292,movie,Fratelli di sangue,Fratelli di sangue,0,2006,\N,85,Drama
473846,tt0493395,movie,Badland,Badland,0,2007,\N,165,"Action,Horror"
473856,tt0493405,movie,CHIPS,CHIPS,0,2017,\N,100,"Action,Comedy,Crime"
473880,tt0493430,movie,Jackass Number Two,Jackass Number Two,0,2006,\N,92,"Action,Comedy,Documentary"
473908,tt0493464,movie,Wanted,Wanted,0,2008,\N,110,"Action,Crime,Thriller"
474379,tt0493949,movie,Ramona and Beezus,Ramona and Beezus,0,2010,\N,103,"Comedy,Drama,Family"
474659,tt0494238,movie,Inkheart,Inkheart,0,2008,\N,106,"Adventure,Family,Fantasy"
474686,tt0494271,movie,The Unknown Woman,La sconosciuta,0,2006,\N,118,"Drama,Mystery,Thriller"
475059,tt0494652,movie,"Welcome Home, Roscoe Jenkins",Welcome Home Roscoe Jenkins,0,2008,\N,114,"Comedy,Romance"
475424,tt0495034,movie,Golmaal: Fun Unlimited,Golmaal: Fun Unlimited,0,2006,\N,150,"Action,Comedy,Drama"
475502,tt0495116,movie,God Willing,Om Gud vill,0,2006,\N,87,"Drama,Romance"
475976,tt0495596,movie,Tales from Earthsea,Gedo senki,0,2006,\N,115,"Adventure,Animation,Fantasy"
476700,tt0496328,movie,Itty Bitty Titty Committee,Itty Bitty Titty Committee,0,2007,\N,87,"Comedy,Drama,Romance"
476721,tt0496350,movie,The Marsh,The Marsh,0,2006,\N,92,"Horror,Mystery"
476954,tt0496595,movie,Xuxinha and Guto Against the Space Monsters,Xuxinha e Guto Contra os Monstros do Espaço,0,2005,\N,85,"Animation,Family,Musical"
476992,tt0496634,movie,The Countess,The Countess,0,2009,\N,98,"Biography,Drama,History"
477159,tt0496806,movie,Ocean's Thirteen,Ocean's Thirteen,0,2007,\N,122,"Crime,Thriller"
477464,tt0497116,movie,An Inconvenient Truth,An Inconvenient Truth,0,2006,\N,96,Documentary
477657,tt0497316,movie,Adrift in Manhattan,Adrift in Manhattan,0,2007,\N,91,Drama
477796,tt0497465,movie,Vicky Cristina Barcelona,Vicky Cristina Barcelona,0,2008,\N,96,"Comedy,Drama,Romance"
478654,tt0498353,movie,Hostel: Part II,Hostel: Part II,0,2007,\N,94,Horror
478679,tt0498380,movie,Letters from Iwo Jima,Letters from Iwo Jima,0,2006,\N,141,"Action,Adventure,Drama"
478680,tt0498381,movie,Rings,Rings,0,2017,\N,102,"Drama,Horror,Mystery"
478695,tt0498399,movie,We Own the Night,We Own the Night,0,2007,\N,117,"Crime,Drama,Thriller"
478816,tt0498521,movie,Lady Joker,Lady Joker,0,2004,\N,121,"Crime,Drama,Thriller"
479648,tt0499375,movie,Guru,Guru,0,2007,\N,166,Drama
479715,tt0499448,movie,The Chronicles of Narnia: Prince Caspian,The Chronicles of Narnia: Prince Caspian,0,2008,\N,150,"Action,Adventure,Family"
479750,tt0499487,movie,Goal! III,Goal III: Taking on the World,0,2009,\N,96,"Drama,Romance,Sport"
479806,tt0499549,movie,Avatar,Avatar,0,2009,\N,162,"Action,Adventure,Fantasy"
479811,tt0499554,movie,Reno 911!: Miami,Reno 911!: Miami,0,2007,\N,84,"Comedy,Crime"
479812,tt0499556,movie,War,War,0,2007,\N,103,"Action,Thriller"
479857,tt0499603,movie,10 Items or Less,10 Items or Less,0,2006,\N,82,"Comedy,Drama"
581160,tt0603188,tvEpisode,Episode dated 5 February 2002,Episode dated 5 February 2002,0,2002,\N,\N,"Comedy,Game-Show"
732373,tt0756648,movie,The Fox and the Child,Le renard et l'enfant,0,2007,\N,92,"Drama,Family"
733063,tt0757361,movie,Margot at the Wedding,Margot at the Wedding,0,2007,\N,91,"Comedy,Drama"
733612,tt0757920,movie,The Pastry Girl,Dokhtar-e shirini-foroosh,0,2002,\N,105,"Comedy,Romance"
733623,tt0757931,movie,The Customer Is Always Right,Son-nim-eun-wang-e-da,0,2006,\N,104,Crime
733738,tt0758053,movie,Saawariya,Saawariya,0,2007,\N,142,"Drama,Musical,Romance"
734395,tt0758730,movie,Aliens vs. Predator: Requiem,AVPR: Aliens vs Predator - Requiem,0,2007,\N,94,"Action,Horror,Sci-Fi"
734405,tt0758742,movie,Death Note,Death Note: Desu nôto,0,2006,\N,126,"Crime,Drama,Fantasy"
734409,tt0758746,movie,Friday the 13th,Friday the 13th,0,2009,\N,97,"Horror,Mystery,Thriller"
734413,tt0758752,movie,Love & Other Drugs,Love & Other Drugs,0,2010,\N,112,"Comedy,Drama,Romance"
734419,tt0758758,movie,Into the Wild,Into the Wild,0,2007,\N,148,"Adventure,Biography,Drama"
734426,tt0758766,movie,Music and Lyrics,Music and Lyrics,0,2007,\N,104,"Comedy,Music,Romance"
734434,tt0758774,movie,Body of Lies,Body of Lies,0,2008,\N,128,"Action,Drama,Thriller"
734436,tt0758781,movie,Seed,Seed,0,2006,\N,90,Horror
734439,tt0758786,movie,Stuck,Stuck,0,2007,\N,85,"Comedy,Crime,Drama"
734444,tt0758794,movie,We Are Marshall,We Are Marshall,0,2006,\N,131,"Drama,Sport"
735930,tt0760329,movie,The Water Horse,The Water Horse,0,2007,\N,112,"Adventure,Family,Fantasy"
737629,tt0762073,movie,Thirst,Bakjwi,0,2009,\N,134,"Drama,Fantasy,Horror"
737658,tt0762105,movie,I Hate Valentine's Day,I Hate Valentine's Day,0,2009,\N,98,"Comedy,Romance"
737660,tt0762107,movie,I Now Pronounce You Chuck & Larry,I Now Pronounce You Chuck & Larry,0,2007,\N,115,"Comedy,Romance"
737663,tt0762110,movie,Irina Palm,Irina Palm,0,2007,\N,103,"Comedy,Drama"
737667,tt0762114,movie,License to Wed,License to Wed,0,2007,\N,91,"Comedy,Romance"
737673,tt0762121,movie,The Nativity Story,The Nativity Story,0,2006,\N,101,"Adventure,Drama,Family"
737677,tt0762125,movie,Planet 51,Planet 51,0,2009,\N,91,"Adventure,Animation,Comedy"
738813,tt0763304,movie,Doogal,Doogal,0,2006,\N,78,"Adventure,Animation,Comedy"
739324,tt0763831,movie,A Thousand Words,A Thousand Words,0,2012,\N,91,"Comedy,Drama,Fantasy"
739329,tt0763840,movie,Home of the Brave,Home of the Brave,0,2006,\N,106,"Action,Drama,War"
739758,tt0764283,movie,Die Wilden Kerle 3,Die Wilden Kerle 3,0,2006,\N,120,"Comedy,Family,Sport"
740468,tt0765010,movie,Brothers,Brothers,0,2009,\N,105,"Drama,Thriller,War"
740577,tt0765120,movie,My Blueberry Nights,My Blueberry Nights,0,2007,\N,95,"Drama,Romance"
740879,tt0765429,movie,American Gangster,American Gangster,0,2007,\N,157,"Biography,Crime,Drama"
740882,tt0765432,movie,The Baader Meinhof Complex,Der Baader Meinhof Komplex,0,2008,\N,150,"Action,Biography,Crime"
740891,tt0765443,movie,Eastern Promises,Eastern Promises,0,2007,\N,100,"Crime,Drama,Thriller"
740894,tt0765446,movie,Escape from Planet Earth,Escape from Planet Earth,0,2013,\N,89,"Adventure,Animation,Comedy"
740917,tt0765476,movie,Meet Dave,Meet Dave,0,2008,\N,90,"Adventure,Comedy,Family"
743498,tt0768183,movie,Day Zero,Day Zero,0,2007,\N,92,Drama
744783,tt0769508,movie,Dans Paris,Dans Paris,0,2006,\N,89,"Drama,Romance"
745445,tt0770203,movie,Rasathanthram,Rasathanthram,0,2006,\N,\N,"Comedy,Drama,Family"
745935,tt0770703,movie,What's Your Number?,What's Your Number?,0,2011,\N,106,"Comedy,Romance"
745971,tt0770752,movie,Fool's Gold,Fool's Gold,0,2008,\N,112,"Action,Adventure,Comedy"
745986,tt0770772,movie,I Think I Love My Wife,I Think I Love My Wife,0,2007,\N,90,"Comedy,Drama,Romance"
746010,tt0770802,movie,Samsara,Samsara,0,2011,\N,102,"Documentary,Music"
746033,tt0770828,movie,Man of Steel,Man of Steel,0,2013,\N,143,"Action,Adventure,Sci-Fi"
746034,tt0770829,movie,The Girl by the Lake,La ragazza del lago,0,2007,\N,95,"Drama,Mystery,Thriller"
750166,tt0775090,movie,The Stone Merchant,Il mercante di pietre,0,2006,\N,119,"Drama,Thriller"
750551,tt0775489,movie,The Illusionist,L'illusionniste,0,2010,\N,80,"Animation,Drama"
750588,tt0775539,movie,Stomp the Yard,Stomp the Yard,0,2007,\N,115,"Drama,Music,Romance"
750600,tt0775552,movie,Aliens in the Attic,Aliens in the Attic,0,2009,\N,86,"Adventure,Comedy,Family"
753630,tt0778661,movie,Daddy's Little Girls,Daddy's Little Girls,0,2007,\N,100,"Drama,Romance"
755425,tt0780503,movie,Dororo,Dororo,0,2007,\N,139,"Action,Adventure,Fantasy"
755426,tt0780504,movie,Drive,Drive,0,2011,\N,100,"Action,Drama"
755432,tt0780511,movie,Everybody's Fine,Everybody's Fine,0,2009,\N,99,"Adventure,Drama"
755436,tt0780516,movie,Flawless,Flawless,0,2007,\N,108,"Crime,Drama,Thriller"
755441,tt0780521,movie,The Princess and the Frog,The Princess and the Frog,0,2009,\N,97,"Adventure,Animation,Comedy"
755454,tt0780534,movie,My Mom's New Boyfriend,My Mom's New Boyfriend,0,2008,\N,119,"Comedy,Crime,Romance"
755455,tt0780536,movie,In Bruges,In Bruges,0,2008,\N,107,"Comedy,Crime,Drama"
755481,tt0780567,movie,Imagine That,Imagine That,0,2009,\N,107,"Comedy,Drama,Family"
755484,tt0780571,movie,Mr. Brooks,Mr. Brooks,0,2007,\N,120,"Crime,Drama,Mystery"
755514,tt0780607,movie,The Signal,The Signal,0,2007,\N,103,"Horror,Sci-Fi,Thriller"
755527,tt0780622,movie,Teeth,Teeth,0,2007,\N,94,"Comedy,Fantasy,Horror"
755547,tt0780653,movie,The Wolfman,The Wolfman,0,2010,\N,103,"Drama,Fantasy,Horror"
756907,tt0782037,movie,Dabbe,D@bbe,0,2006,\N,110,"Horror,Thriller"
758069,tt0783233,movie,Atonement,Atonement,0,2007,\N,123,"Drama,Mystery,Romance"
758420,tt0783608,movie,The Walker,The Walker,0,2007,\N,108,"Crime,Drama,Mystery"
758449,tt0783640,movie,The Last Full Measure,The Last Full Measure,0,2019,\N,116,"Drama,War"
759769,tt0785006,movie,Hotel for Dogs,Hotel for Dogs,0,2009,\N,100,"Comedy,Family"
759796,tt0785035,movie,Ong Bak 2,Ong Bak 2,0,2008,\N,98,Action
759832,tt0785077,movie,Who's Your Caddy?,Who's Your Caddy?,0,2007,\N,93,"Comedy,Sport"
762156,tt0787474,movie,The Boxtrolls,The Boxtrolls,0,2014,\N,96,"Adventure,Animation,Comedy"
762157,tt0787475,movie,Hot Rod,Hot Rod,0,2007,\N,88,"Comedy,Sport"
764412,tt0789783,movie,Il nostro messia,Il nostro messia,0,2008,\N,94,Drama
765217,tt0790604,movie,Deck the Halls,Deck the Halls,0,2006,\N,93,"Comedy,Family"
765231,tt0790623,movie,Meet Bill,Bill,0,2007,\N,93,"Comedy,Drama"
765235,tt0790628,movie,The Incredible Burt Wonderstone,The Incredible Burt Wonderstone,0,2013,\N,100,Comedy
765242,tt0790636,movie,Dallas Buyers Club,Dallas Buyers Club,0,2013,\N,117,"Biography,Drama"
765286,tt0790686,movie,Mirrors,Mirrors,0,2008,\N,110,"Horror,Mystery"
765306,tt0790712,movie,The Messenger,The Messenger,0,2009,\N,113,"Drama,Romance,War"
765316,tt0790724,movie,Jack Reacher,Jack Reacher,0,2012,\N,130,"Action,Thriller"
765326,tt0790736,movie,R.I.P.D.,R.I.P.D.,0,2013,\N,96,"Action,Adventure,Comedy"
765329,tt0790741,video,The Riddle,The Riddle,0,2007,\N,116,"Crime,Drama,Mystery"
765380,tt0790804,movie,The Comebacks,The Comebacks,0,2007,\N,84,"Comedy,Sport"
765865,tt0791304,movie,Georgia Rule,Georgia Rule,0,2007,\N,113,"Comedy,Drama"
769804,tt0795351,movie,Case 39,Case 39,0,2009,\N,109,"Horror,Mystery,Thriller"
769820,tt0795368,movie,Death at a Funeral,Death at a Funeral,0,2007,\N,90,Comedy
769865,tt0795421,movie,Mamma Mia!,Mamma Mia!,0,2008,\N,108,"Comedy,Musical,Romance"
769878,tt0795438,movie,Not Easily Broken,Not Easily Broken,0,2009,\N,99,"Drama,Romance"
769881,tt0795441,movie,Winter in Wartime,Oorlogswinter,0,2008,\N,103,"Drama,History,War"
769899,tt0795461,movie,Scary Movie 5,Scary Movie 5,0,2013,\N,86,Comedy
769925,tt0795493,movie,Cassandra's Dream,Cassandra's Dream,0,2007,\N,108,"Crime,Drama,Romance"
770765,tt0796366,movie,Star Trek,Star Trek,0,2009,\N,127,"Action,Adventure,Sci-Fi"
770772,tt0796375,movie,You Kill Me,You Kill Me,0,2007,\N,93,"Comedy,Crime,Romance"
773147,tt0798817,movie,13,13,0,2010,\N,91,"Crime,Drama,Thriller"
774245,tt0799934,movie,Be Kind Rewind,Be Kind Rewind,0,2008,\N,102,Comedy
774260,tt0799949,movie,Epic Movie,Epic Movie,0,2007,\N,86,"Adventure,Comedy,Fantasy"
774264,tt0799954,movie,The Bridge,The Bridge,0,2006,\N,94,"Documentary,Drama"
774346,tt0800039,movie,Forgetting Sarah Marshall,Forgetting Sarah Marshall,0,2008,\N,111,"Comedy,Drama,Romance"
774373,tt0800069,movie,The Hills Have Eyes 2,The Hills Have Eyes II,0,2007,\N,89,"Horror,Thriller"
774384,tt0800080,movie,The Incredible Hulk,The Incredible Hulk,0,2008,\N,112,"Action,Adventure,Sci-Fi"
774462,tt0800164,movie,Happy Family,'n Beetje verliefd,0,2006,\N,82,"Comedy,Romance"
774534,tt0800240,movie,Deception,Deception,0,2008,\N,107,"Crime,Drama,Mystery"
774535,tt0800241,movie,Transsiberian,Transsiberian,0,2008,\N,111,"Crime,Drama,Mystery"
774596,tt0800308,movie,Appaloosa,Appaloosa,0,2008,\N,115,"Crime,Drama,Romance"
774605,tt0800320,movie,Clash of the Titans,Clash of the Titans,0,2010,\N,106,"Action,Adventure,Fantasy"
774648,tt0800369,movie,Thor,Thor,0,2011,\N,115,"Action,Fantasy"
775207,tt0800956,movie,Life in a Metro,Life in a Metro,0,2007,\N,132,"Comedy,Drama,Musical"
775772,tt0801526,movie,The Tracey Fragments,The Tracey Fragments,0,2007,\N,77,Drama
777245,tt0803049,movie,Oh Schuks ... I'm Gatvol!,Oh Schuks ... I'm Gatvol!,0,2004,\N,104,Comedy
777257,tt0803061,movie,Red Dog,Red Dog,0,2011,\N,92,"Biography,Comedy,Drama"
777286,tt0803096,movie,Warcraft,Warcraft,0,2016,\N,123,"Action,Adventure,Fantasy"
777290,tt0803100,movie,The Crocodiles,Vorstadtkrokodile,0,2009,\N,98,"Adventure,Family"
778614,tt0804452,movie,Bratz,Bratz,0,2007,\N,110,"Comedy,Family,Music"
778623,tt0804461,movie,Death Sentence,Death Sentence,0,2007,\N,105,"Action,Crime,Thriller"
778654,tt0804497,movie,It's Kind of a Funny Story,It's Kind of a Funny Story,0,2010,\N,101,"Comedy,Drama,Romance"
778660,tt0804505,movie,Married Life,Married Life,0,2007,\N,91,"Biography,Crime,Drama"
778662,tt0804507,movie,Mother of Tears,La terza madre,0,2007,\N,102,"Drama,Horror,Thriller"
778669,tt0804516,movie,P2,P2,0,2007,\N,98,"Crime,Horror,Thriller"
778675,tt0804522,movie,Rendition,Rendition,0,2007,\N,122,"Drama,Thriller"
778682,tt0804529,movie,Sleep Dealer,Sleep Dealer,0,2008,\N,90,"Drama,Romance,Sci-Fi"
778692,tt0804540,movie,Taxi 4,Taxi 4,0,2007,\N,91,"Action,Comedy,Crime"
779323,tt0805184,movie,Bhagam Bhag,Bhagam Bhag,0,2006,\N,157,"Comedy,Drama,Mystery"
779662,tt0805526,movie,Facing the Giants,Facing the Giants,0,2006,\N,111,"Drama,Sport"
779699,tt0805564,movie,Lars and the Real Girl,Lars and the Real Girl,0,2007,\N,106,"Comedy,Drama,Romance"
779705,tt0805570,movie,The Midnight Meat Train,The Midnight Meat Train,0,2008,\N,100,"Horror,Mystery,Thriller"
780152,tt0806027,movie,Blood: The Last Vampire,Blood: The Last Vampire,0,2009,\N,91,"Action,Adventure,Fantasy"
780210,tt0806088,movie,Heyy Babyy,Heyy Babyy,0,2007,\N,144,"Comedy,Drama"
780268,tt0806147,movie,Extreme Movie,Extreme Movie,0,2008,\N,86,Comedy
780286,tt0806165,movie,The Ramen Girl,The Ramen Girl,0,2008,\N,102,"Comedy,Drama,Romance"
781819,tt0807721,movie,Jellyfish,Meduzot,0,2007,\N,78,Drama
782040,tt0807944,movie,Dheena,Dheena,0,2001,\N,167,"Action,Drama"
782241,tt0808151,movie,Angels & Demons,Angels & Demons,0,2009,\N,138,"Mystery,Thriller"
782363,tt0808279,movie,Funny Games,Funny Games,0,2007,\N,111,"Crime,Drama,Thriller"
782387,tt0808306,movie,Honeymoon Travels Pvt. Ltd.,Honeymoon Travels Pvt. Ltd.,0,2007,\N,118,"Comedy,Drama,Romance"
782417,tt0808339,movie,The Heir Apparent: Largo Winch,Largo Winch,0,2008,\N,108,"Action,Thriller"
782433,tt0808357,movie,"Lust, Caution","Se, jie",0,2007,\N,157,"Drama,History,Romance"
782473,tt0808399,movie,"New York, I Love You","New York, I Love You",0,2008,\N,103,"Comedy,Drama,Romance"
782577,tt0808510,movie,Tooth Fairy,Tooth Fairy,0,2010,\N,101,"Comedy,Family,Fantasy"
782588,tt0808526,movie,Life During Wartime,Life During Wartime,0,2009,\N,98,"Comedy,Drama"
784808,tt0810784,movie,Bright Star,Bright Star,0,2009,\N,119,"Biography,Drama,Romance"
784840,tt0810819,movie,The Danish Girl,The Danish Girl,0,2015,\N,119,"Biography,Drama"
784843,tt0810822,movie,"From My Window, Without a Home...","De ma fenêtre, sans maison...",0,2006,\N,88,Drama
784844,tt0810823,movie,The Deaths of Ian Stone,The Deaths of Ian Stone,0,2007,\N,87,"Horror,Thriller"
784848,tt0810827,movie,Death Note: The Last Name,Death Note - Desu nôto: The Last Name,0,2006,\N,141,"Adventure,Crime,Drama"
784931,tt0810913,movie,Jack and Jill,Jack and Jill,0,2011,\N,91,"Comedy,Family"
784940,tt0810922,movie,Take Me Home Tonight,Take Me Home Tonight,0,2011,\N,97,"Comedy,Drama,Romance"
784945,tt0810928,movie,The Last Sin Eater,The Last Sin Eater,0,2007,\N,117,Drama
785075,tt0811066,movie,Shootout at Lokhandwala,Shootout at Lokhandwala,0,2007,\N,122,"Action,Crime,Drama"
785089,tt0811080,movie,Speed Racer,Speed Racer,0,2008,\N,135,"Action,Adventure,Comedy"
785113,tt0811106,movie,The Ten,The Ten,0,2007,\N,96,"Comedy,Romance"
785141,tt0811138,movie,The Love Guru,The Love Guru,0,2008,\N,87,"Comedy,Romance,Sport"
785161,tt0811159,movie,The Wild Guys 4,Die Wilden Kerle 4,0,2007,\N,110,"Comedy,Family,Sport"
786234,tt0812243,movie,Ex Drummer,Ex Drummer,0,2007,\N,100,"Comedy,Crime,Drama"
787503,tt0813547,movie,The Counterfeiters,Die Fälscher,0,2007,\N,99,"Crime,Drama,History"
787939,tt0814005,movie,The Amazing Truth About Queen Raquela,The Amazing Truth About Queen Raquela,0,2008,\N,80,"Biography,Drama"
787955,tt0814022,movie,Bangkok Dangerous,Bangkok Dangerous,0,2008,\N,99,"Action,Crime,Thriller"
788030,tt0814100,movie,The Final Curtain,The Final Curtain,0,2007,\N,103,Horror
788174,tt0814255,movie,Percy Jackson & the Olympians: The Lightning Thief,Percy Jackson & the Olympians: The Lightning Thief,0,2010,\N,118,"Adventure,Family,Fantasy"
788232,tt0814314,movie,Seven Pounds,Seven Pounds,0,2008,\N,123,"Drama,Mystery,Thriller"
788249,tt0814335,movie,The Stepfather,The Stepfather,0,2009,\N,101,"Mystery,Thriller"
788571,tt0814666,movie,Bamako,Bamako,0,2006,\N,115,Drama
789117,tt0815236,movie,She's Out of My League,She's Out of My League,0,2010,\N,104,"Comedy,Romance"
789124,tt0815244,movie,Sydney White,Sydney White,0,2007,\N,108,"Comedy,Drama,Romance"
790251,tt0816436,movie,Black Water,Black Water,0,2007,\N,90,"Adventure,Drama,Horror"
790257,tt0816442,movie,The Book Thief,The Book Thief,0,2013,\N,131,"Drama,War"
790276,tt0816462,movie,Conan the Barbarian,Conan the Barbarian,0,2011,\N,113,"Action,Adventure,Fantasy"
790407,tt0816605,movie,Paramasivan,Paramasivan,0,2006,\N,160,"Action,Thriller"
790488,tt0816692,movie,Interstellar,Interstellar,0,2014,\N,169,"Adventure,Drama,Sci-Fi"
790506,tt0816711,movie,World War Z,World War Z,0,2013,\N,116,"Action,Adventure,Horror"
790963,tt0817177,movie,Flipped,Flipped,0,2010,\N,90,"Comedy,Drama,Romance"
791011,tt0817225,movie,Secret Sunshine,Miryang,0,2007,\N,142,Drama
791016,tt0817230,movie,Valentine's Day,Valentine's Day,0,2010,\N,125,"Comedy,Romance"
791319,tt0817538,movie,Drillbit Taylor,Drillbit Taylor,0,2008,\N,110,"Action,Comedy,Crime"
791323,tt0817544,movie,Never Forever,Never Forever,0,2007,\N,104,"Drama,Romance"
791324,tt0817545,movie,The Power of Few,The Power of Few,0,2013,\N,96,"Action,Crime,Drama"
791702,tt0817928,movie,Laa-thaa-phii,Laa-thaa-phii,0,2006,\N,100,Horror
791714,tt0817940,movie,Kingdom of War: Part 1,Naresuan,0,2007,\N,163,"Drama,History,War"
791932,tt0818165,movie,The Alphabet Killer,The Alphabet Killer,0,2008,\N,98,"Crime,Mystery,Thriller"
791934,tt0818170,movie,The Little Traitor,The Little Traitor,0,2007,\N,88,Drama
793682,tt0819953,movie,Days of Darkness,L'âge des ténèbres,0,2007,\N,104,"Comedy,Drama,Fantasy"
795130,tt0821442,movie,A Dirty Carnival,Biyeolhan geori,0,2006,\N,140,"Action,Crime,Drama"
795325,tt0821640,movie,Ghosts of Girlfriends Past,Ghosts of Girlfriends Past,0,2009,\N,100,"Comedy,Fantasy,Romance"
795327,tt0821642,movie,The Soloist,The Soloist,0,2009,\N,117,"Biography,Drama,Music"
796491,tt0822832,movie,Marley & Me,Marley & Me,0,2008,\N,115,"Drama,Family"
796502,tt0822847,movie,Priest,Priest,0,2011,\N,87,"Action,Fantasy,Horror"
796508,tt0822854,movie,Shooter,Shooter,0,2007,\N,124,"Action,Drama,Thriller"
797300,tt0823671,video,Tinker Bell,Tinker Bell,0,2008,\N,78,"Adventure,Animation,Family"
798296,tt0824696,movie,A Movie of Eggs,Una película de huevos,0,2005,\N,90,"Animation,Comedy,Family"
798345,tt0824747,movie,Changeling,Changeling,0,2008,\N,141,"Biography,Crime,Drama"
798799,tt0825232,movie,The Bucket List,The Bucket List,0,2007,\N,97,"Adventure,Comedy,Drama"
800104,tt0826570,movie,Catcher: Cat City 2,Macskafogó 2 - A sátán macskája,0,2007,\N,90,"Animation,Comedy,Fantasy"
800338,tt0826823,movie,Magic,Magic,0,2010,\N,91,"Adventure,Family"
802531,tt0829150,movie,Dracula Untold,Dracula Untold,0,2014,\N,92,"Action,Drama,Fantasy"
802818,tt0829459,movie,A Mighty Heart,A Mighty Heart,0,2007,\N,108,"Biography,Drama,History"
802839,tt0829482,movie,Superbad,Superbad,0,2007,\N,113,Comedy
803539,tt0830199,movie,Romeo & Juliet: Sealed with a Kiss,Romeo & Juliet: Sealed with a Kiss,0,2005,\N,76,"Animation,Comedy,Drama"
803845,tt0830515,movie,Quantum of Solace,Quantum of Solace,0,2008,\N,106,"Action,Adventure,Mystery"
804179,tt0830861,movie,A Fox's Tale,Kis Vuk,0,2008,\N,85,"Adventure,Animation,Family"
804240,tt0830924,movie,Mario the Magician,"Márió, a varázsló",0,2008,\N,91,"Comedy,Drama,Romance"
804677,tt0831387,movie,Godzilla,Godzilla,0,2014,\N,123,"Action,Adventure,Sci-Fi"
805154,tt0831887,movie,The Spirit,The Spirit,0,2008,\N,103,"Action,Crime,Fantasy"
806766,tt0833553,movie,Ta Ra Rum Pum,Ta Ra Rum Pum,0,2007,\N,153,"Comedy,Drama,Family"
807199,tt0834001,movie,Underworld: Rise of the Lycans,Underworld: Rise of the Lycans,0,2009,\N,92,"Action,Fantasy,Thriller"
808187,tt0835034,movie,A Four Letter Word,A Four Letter Word,0,2007,\N,87,"Comedy,Romance"
810629,tt0837562,movie,Hotel Transylvania,Hotel Transylvania,0,2012,\N,91,"Animation,Comedy,Family"
810630,tt0837563,movie,Pet Sematary,Pet Sematary,0,2019,\N,100,"Horror,Mystery,Thriller"
811246,tt0838221,movie,The Darjeeling Limited,The Darjeeling Limited,0,2007,\N,91,"Adventure,Comedy,Drama"
811256,tt0838232,movie,The Pink Panther 2,The Pink Panther 2,0,2009,\N,92,"Action,Adventure,Comedy"
811269,tt0838247,movie,After.Life,After.Life,0,2009,\N,104,"Drama,Mystery,Thriller"
811302,tt0838283,movie,Step Brothers,Step Brothers,0,2008,\N,98,Comedy
812959,tt0839980,movie,Semi-Pro,Semi-Pro,0,2008,\N,91,"Comedy,Sport"
813318,tt0840361,movie,The Town,The Town,0,2010,\N,125,"Crime,Drama,Thriller"
813946,tt0841046,movie,Walk Hard: The Dewey Cox Story,Walk Hard: The Dewey Cox Story,0,2007,\N,96,"Comedy,Music"
814862,tt0842001,movie,Chess,Chess,0,2006,\N,\N,"Action,Comedy,Crime"
815767,tt0842926,movie,The Kids Are All Right,The Kids Are All Right,0,2010,\N,106,"Comedy,Drama,Romance"
815769,tt0842929,movie,Paranoid Park,Paranoid Park,0,2007,\N,85,"Crime,Drama,Mystery"
816676,tt0843850,movie,Finishing the Game,Finishing the Game: The Search for a New Bruce Lee,0,2007,\N,84,Comedy
817099,tt0844286,movie,The Brothers Bloom,The Brothers Bloom,0,2008,\N,114,"Action,Adventure,Comedy"
817280,tt0844471,movie,Cloudy with a Chance of Meatballs,Cloudy with a Chance of Meatballs,0,2009,\N,90,"Adventure,Animation,Comedy"
817286,tt0844479,movie,The Collector,The Collector,0,2009,\N,90,"Horror,Thriller"
817467,tt0844671,movie,College,College,0,2008,\N,94,Comedy
817504,tt0844708,movie,The Last House on the Left,The Last House on the Left,0,2009,\N,113,"Horror,Thriller"
817781,tt0844993,movie,Hoodwinked Too! Hood vs. Evil,Hoodwinked Too! Hood vs. Evil,0,2011,\N,86,"Adventure,Animation,Comedy"
817834,tt0845046,movie,Son of Rambow,Son of Rambow,0,2007,\N,96,"Action,Adventure,Comedy"
818783,tt0846017,movie,Triangle,Tit sam gok,0,2007,\N,93,"Crime,Thriller"
818806,tt0846040,movie,My Brother Is an Only Child,Mio fratello è figlio unico,0,2007,\N,108,"Comedy,Crime,Drama"
819071,tt0846308,movie,Kit Kittredge: An American Girl,Kit Kittredge: An American Girl,0,2008,\N,101,"Comedy,Drama,Family"
819530,tt0846789,video,The Secret,The Secret,0,2006,\N,90,Documentary
820922,tt0848228,movie,The Avengers,The Avengers,0,2012,\N,143,"Action,Sci-Fi"
821224,tt0848537,movie,Epic,Epic,0,2013,\N,102,"Action,Adventure,Animation"
821225,tt0848538,movie,Kung Fu Dunk,Gong fu guan lan,0,2008,\N,100,"Action,Comedy,Sport"
821240,tt0848557,movie,Diary of the Dead,Diary of the Dead,0,2007,\N,95,"Fantasy,Horror,Sci-Fi"
821278,tt0848596,movie,Mutum,Mutum,0,2007,\N,95,Drama
822902,tt0850253,movie,Battle in Seattle,Battle in Seattle,0,2007,\N,98,"Action,Drama,History"
824100,tt0851471,movie,Sir Billi,Sir Billi,0,2012,\N,76,"Adventure,Animation,Comedy"
824207,tt0851578,movie,Paprika,Papurika,0,2006,\N,90,"Animation,Drama,Fantasy"
825304,tt0852713,movie,The House Bunny,The House Bunny,0,2008,\N,97,Comedy
825561,tt0852976,tvMovie,"Like Mother, Like Daughter","Like Mother, Like Daughter",0,2007,\N,92,"Drama,Mystery"
825567,tt0852982,movie,Monocerus,Monocerus,0,2008,\N,100,"Adventure,Drama"
825679,tt0853096,movie,Death of a President,Death of a President,0,2006,\N,97,"Crime,Drama,Mystery"
827216,tt0854678,movie,Taxi to the Dark Side,Taxi to the Dark Side,0,2007,\N,106,"Crime,Documentary,History"
828580,tt0856070,movie,Ding Jun Shan,Ding Jun Shan,0,2006,\N,104,\N
828790,tt0856288,movie,Inside,À l'intérieur,0,2007,\N,82,Horror
829640,tt0857177,movie,O Magnata,O Magnata,0,2007,\N,97,"Action,Drama"
829653,tt0857190,movie,The Sweeney,The Sweeney,0,2012,\N,112,"Action,Crime,Drama"
829654,tt0857191,movie,The Visitor,The Visitor,0,2007,\N,104,Drama
829751,tt0857295,movie,Timber Falls,Timber Falls,0,2007,\N,100,"Horror,Thriller"
829831,tt0857376,movie,Gabriel,Gabriel,0,2007,\N,114,"Action,Drama,Fantasy"
830883,tt0858479,movie,Smart People,Smart People,0,2008,\N,95,"Comedy,Drama,Romance"
830890,tt0858486,movie,Battle for Terra,Terra,0,2007,\N,85,"Action,Adventure,Animation"
831563,tt0859163,movie,The Mummy: Tomb of the Dragon Emperor,The Mummy: Tomb of the Dragon Emperor,0,2008,\N,112,"Action,Adventure,Fantasy"
832025,tt0859635,movie,Super Troopers 2,Super Troopers 2,0,2018,\N,99,"Comedy,Crime,Mystery"
832148,tt0859760,movie,Ladrón que roba a ladrón,Ladrón que roba a ladrón,0,2007,\N,98,"Action,Adventure,Comedy"
833179,tt0860906,movie,Evangelion: 2.0 You Can (Not) Advance,Evangelion Shin Gekijôban: Ha,0,2009,\N,108,"Action,Animation,Drama"
833180,tt0860907,movie,Evangelion: 3.0 You Can (Not) Redo,Evangelion Shin Gekijôban: Kyu,0,2012,\N,96,"Action,Animation,Drama"
833627,tt0861366,movie,Tomorrow,Tomorrow,0,2005,\N,101,Drama
833947,tt0861689,movie,Blindness,Blindness,0,2008,\N,121,"Drama,Mystery,Thriller"
833959,tt0861701,movie,Deadlands: The Rising,Deadlands: The Rising,0,2006,\N,72,"Action,Horror,Thriller"
833997,tt0861739,movie,Elite Squad,Tropa de Elite,0,2007,\N,115,"Action,Crime,Drama"
834005,tt0861747,movie,Zenitram,Zenitram,0,2010,\N,103,"Action,Adventure,Comedy"
834713,tt0862467,movie,Valhalla Rising,Valhalla Rising,0,2009,\N,93,"Adventure,Drama,Fantasy"
834985,tt0862748,movie,Lupin the 3rd,Rupan sansei,0,2014,\N,133,"Action,Adventure,Comedy"
835080,tt0862846,movie,Sunshine Cleaning,Sunshine Cleaning,0,2008,\N,91,"Comedy,Drama"
835090,tt0862856,movie,Trick 'r Treat,Trick 'r Treat,0,2007,\N,82,"Comedy,Horror"
835266,tt0863041,movie,Uranya,Uranya,0,2006,\N,100,"Comedy,Drama"
836957,tt0864761,movie,The Duchess,The Duchess,0,2008,\N,110,"Biography,Drama,History"
837031,tt0864835,movie,Mr. Peabody & Sherman,Mr. Peabody & Sherman,0,2014,\N,92,"Adventure,Animation,Comedy"
837479,tt0865297,movie,The Black Balloon,The Black Balloon,0,2008,\N,97,"Drama,Romance"
837673,tt0865496,movie,Diary,Mon seung,0,2006,\N,85,"Drama,Horror,Mystery"
837731,tt0865554,movie,The Informers,The Informers,0,2008,\N,98,"Crime,Drama,Thriller"
837733,tt0865556,movie,The Forbidden Kingdom,The Forbidden Kingdom,0,2008,\N,104,"Action,Adventure,Fantasy"
837736,tt0865559,movie,My Life in Ruins,My Life in Ruins,0,2009,\N,95,"Comedy,Romance"
838124,tt0865951,movie,Testosteron,Testosteron,0,2007,\N,119,Comedy
838592,tt0866437,movie,The Jane Austen Book Club,The Jane Austen Book Club,0,2007,\N,106,"Comedy,Drama,Romance"
838594,tt0866439,movie,Made of Honor,Made of Honor,0,2008,\N,101,"Comedy,Romance"
839283,tt0867145,movie,Classmates,Classmates,0,2006,\N,175,"Drama,Mystery,Romance"
842029,tt0869994,movie,Paris,Paris,0,2008,\N,130,"Comedy,Drama,Romance"
842142,tt0870111,movie,Frost/Nixon,Frost/Nixon,0,2008,\N,122,"Biography,Drama,History"
842185,tt0870154,movie,Jungle Cruise,Jungle Cruise,0,2021,\N,127,"Action,Adventure,Comedy"
842970,tt0870984,movie,Antichrist,Antichrist,0,2009,\N,108,"Drama,Horror,Thriller"
843395,tt0871426,movie,Baby Mama,Baby Mama,0,2008,\N,99,"Comedy,Romance"
843475,tt0871510,movie,Chak De! India,Chak De! India,0,2007,\N,153,"Drama,Family,Sport"
843843,tt0871896,movie,Monica's Gang in an Adventure in Time,Turma da Mônica em Uma Aventura no Tempo,0,2007,\N,80,"Adventure,Animation,Comedy"
844168,tt0872230,movie,My Soul to Take,My Soul to Take,0,2010,\N,107,"Horror,Mystery,Thriller"
845761,tt0873886,movie,Red State,Red State,0,2011,\N,88,"Action,Horror,Thriller"
846883,tt0875034,movie,Nine,Nine,0,2009,\N,118,"Drama,Musical,Romance"
846958,tt0875113,movie,99 Francs,99 francs,0,2007,\N,100,"Comedy,Drama"
847443,tt0875616,short,Say Cheese,Say Cheese,0,2000,\N,1,"Animation,Short"
848091,tt0876291,movie,Tirupathi,Tirupathi,0,2006,\N,158,"Action,Drama"
848094,tt0876294,movie,Zombie Diaries,The Zombie Diaries,0,2006,\N,85,"Horror,Sci-Fi"
848354,tt0876563,movie,Ponyo,Gake no ue no Ponyo,0,2008,\N,101,"Adventure,Animation,Comedy"
850537,tt0878804,movie,The Blind Side,The Blind Side,0,2009,\N,129,"Biography,Drama,Sport"
850567,tt0878835,movie,Please Give,Please Give,0,2010,\N,87,"Comedy,Drama"
851550,tt0879843,movie,Katyn,Katyn,0,2007,\N,121,"Drama,History,War"
851576,tt0879870,movie,Eat Pray Love,Eat Pray Love,0,2010,\N,133,"Biography,Comedy,Drama"
852175,tt0880502,movie,The Edge of Heaven,Auf der anderen Seite,0,2007,\N,116,Drama
852247,tt0880578,movie,Untraceable,Untraceable,0,2008,\N,101,"Crime,Mystery,Thriller"
852845,tt0881200,movie,Assembly,Ji jie hao,0,2007,\N,124,"Action,Biography,Drama"
852960,tt0881320,movie,Sanctum,Sanctum,0,2011,\N,108,"Action,Adventure,Drama"
853515,tt0881891,movie,All About Steve,All About Steve,0,2009,\N,99,"Comedy,Romance"
854360,tt0882759,movie,Chinthamani Kolacase,Chinthamani Kolacase,0,2006,\N,\N,"Action,Crime,Mystery"
854556,tt0882977,movie,Snitch,Snitch,0,2013,\N,112,"Action,Drama,Thriller"
855753,tt0884224,movie,"War, Inc.","War, Inc.",0,2008,\N,107,"Action,Comedy,Thriller"
855852,tt0884328,movie,The Mist,The Mist,0,2007,\N,126,"Horror,Sci-Fi,Thriller"
856233,tt0884726,movie,Legends of Oz: Dorothy's Return,Legends of Oz: Dorothy's Return,0,2013,\N,88,"Adventure,Animation,Family"
856239,tt0884732,movie,The Wedding Ringer,The Wedding Ringer,0,2015,\N,101,"Comedy,Romance"
856892,tt0885415,movie,The Flight Before Christmas,Niko - lentäjän poika,0,2008,\N,80,"Adventure,Animation,Family"
857981,tt0886539,movie,Luck by Chance,Luck by Chance,0,2009,\N,156,Drama
858690,tt0887259,movie,Guadalupe: El Milagro Y El Mensaje,Guadalupe,0,2006,\N,90,"Drama,Family,Fantasy"
858692,tt0887261,movie,Hellraiser,Hellraiser,0,2022,\N,121,"Horror,Mystery,Thriller"
859163,tt0887745,movie,How About You,How About You...,0,2007,\N,87,"Comedy,Drama"
859186,tt0887769,movie,Kerala Varma Pazhassi Raja,Kerala Varma Pazhassi Raja,0,2009,\N,195,"Action,Biography,Drama"
859205,tt0887789,short,The Trouble with Money,The Trouble with Money,0,2006,\N,38,"Comedy,Short"
859296,tt0887883,movie,Burn After Reading,Burn After Reading,0,2008,\N,96,"Comedy,Crime,Drama"
859324,tt0887912,movie,The Hurt Locker,The Hurt Locker,0,2008,\N,131,"Drama,Thriller,War"
859380,tt0887971,movie,While She Was Out,While She Was Out,0,2008,\N,86,"Crime,Drama,Thriller"
859904,tt0888507,movie,Last Minute Marocco,Last Minute Marocco,0,2007,\N,88,Comedy
860445,tt0889061,movie,Silk Shoes,Bidan-gudu,0,2006,\N,100,"Comedy,Drama"
860949,tt0889573,movie,The Switch,The Switch,0,2010,\N,101,"Comedy,Drama,Romance"
860958,tt0889583,movie,Brüno,Brüno,0,2009,\N,81,Comedy
860963,tt0889588,movie,The Children of Huang Shi,The Children of Huang Shi,0,2008,\N,125,"Drama,War"
862187,tt0890870,movie,Saw IV,Saw IV,0,2007,\N,93,"Horror,Mystery,Thriller"
862200,tt0890885,movie,Saturn in Opposition,Saturno contro,0,2007,\N,106,"Drama,Romance"
862821,tt0891520,movie,Carved: The Slit-Mouthed Woman,Kuchisake-onna,0,2007,\N,90,"Drama,Horror,Thriller"
862827,tt0891527,movie,Lions for Lambs,Lions for Lambs,0,2007,\N,92,"Crime,Drama,Mystery"
862891,tt0891592,movie,Street Fighter: The Legend of Chun-Li,Street Fighter: The Legend of Chun-Li,0,2009,\N,96,"Action,Crime,Fantasy"
863593,tt0892318,movie,Letters to Juliet,Letters to Juliet,0,2010,\N,105,"Adventure,Comedy,Drama"
863648,tt0892375,movie,U2 3D,U2 3D,0,2007,\N,85,"Documentary,Music"
864013,tt0892767,movie,Horsemen,Horsemen,0,2009,\N,90,"Crime,Mystery,Thriller"
864014,tt0892769,movie,How to Train Your Dragon,How to Train Your Dragon,0,2010,\N,98,"Action,Adventure,Animation"
864025,tt0892782,movie,Monsters vs. Aliens,Monsters vs Aliens,0,2009,\N,94,"Action,Adventure,Animation"
864034,tt0892791,movie,Shrek Forever After,Shrek Forever After,0,2010,\N,93,"Adventure,Animation,Comedy"
864602,tt0893382,movie,Shine a Light,Shine a Light,0,2008,\N,122,"Biography,Documentary,Music"
864741,tt0893532,movie,Kill Theory,Kill Theory,0,2009,\N,85,"Horror,Thriller"
867181,tt0896036,video,BloodRayne: Deliverance,BloodRayne II: Deliverance,0,2007,\N,99,"Action,Fantasy,Horror"
867848,tt0896798,movie,Cleaner,Cleaner,0,2007,\N,88,"Crime,Thriller"
867863,tt0896815,movie,Missing,Sam hoi tsam yan,0,2008,\N,118,"Drama,Fantasy,Horror"
868380,tt0897347,movie,The Echo,The Echo,0,2008,\N,96,"Drama,Horror,Mystery"
868393,tt0897361,movie,I Know Who Killed Me,I Know Who Killed Me,0,2007,\N,105,"Horror,Mystery,Thriller"
869361,tt0898367,movie,The Road,The Road,0,2009,\N,111,"Drama,Thriller"
869915,tt0898935,movie,We'll Die Together,My umryom vmeste,0,2005,\N,\N,Drama
870022,tt0899043,movie,The Amateur,The Amateur,0,2025,\N,122,"Action,Thriller"
870084,tt0899106,movie,Love Happens,Love Happens,0,2009,\N,109,"Drama,Romance"
870104,tt0899128,movie,100 Feet,100 Feet,0,2008,\N,96,"Horror,Mystery,Thriller"
871309,tt0900357,movie,Boogeyman 2,Boogeyman 2,0,2007,\N,93,"Horror,Thriller"
871333,tt0900381,movie,Trackman,Putevoy obkhodchik,0,2007,\N,80,"Horror,Thriller"
871339,tt0900387,movie,Suite Française,Suite Française,0,2014,\N,107,"Drama,History,Romance"
872341,tt0901476,movie,Bride Wars,Bride Wars,0,2009,\N,89,"Comedy,Romance"
873103,tt0902272,video,Justice League: The New Frontier,Justice League: The New Frontier,0,2008,\N,75,"Action,Adventure,Animation"
873120,tt0902290,movie,I Sell the Dead,I Sell the Dead,0,2008,\N,85,"Comedy,Horror"
873133,tt0902306,tvSpecial,Madonna: The Confessions Tour,Madonna: The Confessions Tour Live from London,0,2006,\N,121,"Documentary,Music"
874395,tt0903624,movie,The Hobbit: An Unexpected Journey,The Hobbit: An Unexpected Journey,0,2012,\N,169,"Adventure,Fantasy"
874398,tt0903627,movie,Julia,Julia,0,2008,\N,144,"Crime,Drama,Thriller"
874425,tt0903657,movie,Love & Mercy,Love & Mercy,0,2014,\N,121,"Biography,Drama,Music"
874702,tt0903943,movie,The End of Poverty?,The End of Poverty?,0,2008,\N,106,Documentary
876066,tt0905372,movie,The Thing,The Thing,0,2011,\N,103,"Horror,Mystery,Sci-Fi"
876774,tt0906108,movie,Why Did I Get Married?,Why Did I Get Married?,0,2007,\N,113,"Comedy,Drama,Romance"
877308,tt0906665,movie,Sukiyaki Western Django,Sukiyaki uesutan Jango,0,2007,\N,121,"Action,Western"
877735,tt0907119,movie,Gloss,Glyanets,0,2007,\N,118,"Comedy,Drama"
878256,tt0907657,movie,Once,Once,0,2006,\N,86,"Drama,Music,Musical"
878273,tt0907678,movie,Edison & Leo,Edison & Leo,0,2008,\N,79,"Adventure,Animation,Comedy"
881419,tt0910936,movie,Pineapple Express,Pineapple Express,0,2008,\N,111,"Action,Comedy,Crime"
881445,tt0910970,movie,WALL·E,WALL·E,0,2008,\N,98,"Adventure,Animation,Family"
882994,tt0912593,movie,No End in Sight,No End in Sight,0,2007,\N,102,"Documentary,War"
883734,tt0913354,movie,Armored,Armored,0,2009,\N,88,"Action,Crime,Mystery"
883802,tt0913425,movie,Broken Embraces,Los abrazos rotos,0,2009,\N,127,"Drama,Romance,Thriller"
884719,tt0914379,short,Move Me,Move Me,0,2006,\N,18,"Biography,Drama,Short"
884721,tt0914382,movie,Quiet City,Quiet City,0,2007,\N,78,Drama
885115,tt0914797,movie,Bottle Shock,Bottle Shock,0,2008,\N,110,"Comedy,Drama"
885116,tt0914798,movie,The Boy in the Striped Pajamas,The Boy in the Striped Pajamas,0,2008,\N,94,"Drama,War"
885125,tt0914809,video,Loose Change: Final Cut,Loose Change: Final Cut,0,2007,\N,80,"Documentary,History,Mystery"
885736,tt0915463,movie,Jackboots on Whitehall,Jackboots on Whitehall,0,2010,\N,91,"Animation,Comedy,Sci-Fi"
888723,tt0918628,movie,Fishtales,Fishtales,0,2007,\N,94,"Comedy,Family,Fantasy"
888749,tt0918662,video,The Visual Effects of 'Scary Movie 4',The Visual Effects of 'Scary Movie 4',0,2006,\N,\N,"Documentary,Short"
888997,tt0918927,movie,Doubt,Doubt,0,2008,\N,104,"Drama,Mystery"
889010,tt0918940,movie,The Legend of Tarzan,The Legend of Tarzan,0,2016,\N,110,"Action,Adventure,Drama"
890486,tt0920458,movie,Flame & Citron,Flammen & Citronen,0,2008,\N,130,"Action,Drama,History"
890491,tt0920464,movie,Manorama: Six Feet Under,Manorama: Six Feet Under,0,2007,\N,137,"Crime,Drama,Mystery"
893761,tt0923811,movie,Evangelion: 1.0 You Are (Not) Alone,Evangelion Shin Gekijôban: Jo,0,2007,\N,98,"Action,Animation,Drama"
894071,tt0924129,movie,Crossing Over,Crossing Over,0,2009,\N,113,"Crime,Drama"
894193,tt0924258,movie,Ninnu Choodalani,Ninnu Choodalani,0,2001,\N,158,Romance
894249,tt0924317,movie,Thief of Yama,Yamadonga,0,2007,\N,185,"Action,Comedy,Fantasy"
895984,tt0926084,movie,Harry Potter and the Deathly Hallows: Part 1,Harry Potter and the Deathly Hallows: Part 1,0,2010,\N,146,"Adventure,Family,Fantasy"
896026,tt0926129,movie,Prom Night,Prom Night,0,2008,\N,88,Horror
896633,tt0926759,movie,The First Day of the Rest of Your Life,Le premier jour du reste de ta vie,0,2008,\N,114,Drama
896636,tt0926762,movie,Loft,Loft,0,2008,\N,118,"Crime,Drama,Mystery"
897981,tt0928124,movie,Carnera: The Walking Mountain,Carnera: The Walking Mountain,0,2008,\N,125,"Biography,Drama,Sport"
899449,tt0929632,movie,Precious,Precious,0,2009,\N,110,Drama
899673,tt0929860,movie,Cyborg She,Boku no kanojo wa saibôgu,0,2008,\N,115,"Action,Comedy,Romance"
902297,tt0932547,movie,Butterflies,Pirret,0,2007,\N,60,"Drama,Family"
903090,tt0933361,movie,Dikari,Dikari,0,2006,\N,100,Comedy
904754,tt0935075,movie,Rabbit Hole,Rabbit Hole,0,2010,\N,91,Drama
906146,tt0936501,movie,Taken,Taken,0,2008,\N,90,"Action,Crime,Thriller"
906860,tt0937237,movie,Redacted,Redacted,0,2007,\N,90,"Crime,Thriller,War"
906972,tt0937353,movie,The Devil's Flower,Tsvetok dyavola,0,2010,\N,90,"Mystery,Romance"
907873,tt0938283,movie,The Last Airbender,The Last Airbender,0,2010,\N,103,"Action,Adventure,Family"
907915,tt0938330,movie,Silent Hill: Revelation,Silent Hill: Revelation,0,2012,\N,95,"Drama,Horror,Mystery"
910162,tt0940656,movie,Arthur 3: The War of the Two Worlds,Arthur 3: la guerre des deux mondes,0,2010,\N,101,"Adventure,Animation,Family"
910163,tt0940657,movie,Arthur and the Revenge of Maltazard,Arthur et la vengeance de Maltazard,0,2009,\N,107,"Adventure,Animation,Family"
910214,tt0940709,movie,CJ7,Cheung gong 7 hou,0,2008,\N,88,"Adventure,Comedy,Drama"
911840,tt0942384,movie,Shelter,Shelter,0,2007,\N,97,"Drama,Romance,Sport"
911841,tt0942385,movie,Tropic Thunder,Tropic Thunder,0,2008,\N,107,"Action,Comedy,War"
912328,tt0942903,video,Stargate: The Ark of Truth,Stargate: The Ark of Truth,0,2008,\N,97,"Action,Adventure,Drama"
913515,tt0944114,movie,The Matriarch,Lieksa!,0,2007,\N,90,"Comedy,Drama"
914207,tt0944834,movie,Dragon Hunters,Chasseurs de dragons,0,2008,\N,80,"Action,Adventure,Animation"
914208,tt0944835,movie,Salt,Salt,0,2010,\N,100,"Action,Thriller"
914856,tt0945513,movie,Source Code,Source Code,0,2011,\N,93,"Action,Drama,Mystery"
917044,tt0947798,movie,Black Swan,Black Swan,0,2010,\N,108,"Drama,Thriller"
917047,tt0947802,movie,Lakeview Terrace,Lakeview Terrace,0,2008,\N,110,"Crime,Drama,Thriller"
917054,tt0947810,movie,Green Zone,Green Zone,0,2010,\N,115,"Action,Drama,Thriller"
917695,tt0948470,movie,The Amazing Spider-Man,The Amazing Spider-Man,0,2012,\N,136,"Action,Sci-Fi"
917754,tt0948530,movie,"Moscow, Belgium",Aanrijding in Moscou,0,2008,\N,102,"Comedy,Drama,Romance"
918921,tt0949731,movie,The Happening,The Happening,0,2008,\N,91,"Adventure,Drama,Sci-Fi"
920422,tt0951297,movie,How Much Further,Qué tan lejos,0,2006,\N,92,Drama
920457,tt0951332,video,Millennium Apocalypse,Millennium Apocalypse,0,2006,\N,92,"Crime,Drama,Mystery"
920458,tt0951333,movie,The Missing Lynx,El lince perdido,0,2008,\N,97,"Action,Adventure,Animation"
921729,tt0952640,movie,Alvin and the Chipmunks,Alvin and the Chipmunks,0,2007,\N,92,"Adventure,Animation,Comedy"
921769,tt0952682,movie,Shotgun Stories,Shotgun Stories,0,2007,\N,92,"Drama,Thriller"
922373,tt0953318,movie,Ben X,Ben X,0,2007,\N,93,"Drama,Thriller"
923915,tt0954914,movie,Athidhi,Athidhi,0,2007,\N,172,Action
923944,tt0954947,movie,The Killer Inside Me,The Killer Inside Me,0,2010,\N,109,"Crime,Drama,Mystery"
923986,tt0954990,movie,The Yellow Handkerchief,The Yellow Handkerchief,0,2008,\N,102,"Adventure,Drama,Romance"
924299,tt0955308,movie,Robin Hood,Robin Hood,0,2010,\N,140,"Action,Adventure,Drama"
924393,tt0955411,movie,The Ten Commandments,The Ten Commandments,0,2007,\N,88,"Animation,Family,History"
925008,tt0956038,movie,Nights in Rodanthe,Nights in Rodanthe,0,2008,\N,97,"Drama,Romance"
928175,tt0959337,movie,Revolutionary Road,Revolutionary Road,0,2008,\N,119,"Drama,Romance"
928959,tt0960144,movie,You Don't Mess with the Zohan,You Don't Mess with the Zohan,0,2008,\N,113,"Action,Comedy"
929531,tt0960731,movie,Bedtime Stories,Bedtime Stories,0,2008,\N,99,"Adventure,Comedy,Family"
929836,tt0961043,movie,Come tu mi vuoi,Come tu mi vuoi,0,2007,\N,107,Comedy
929890,tt0961097,movie,A Monster in Paris,Un monstre à Paris,0,2011,\N,90,"Adventure,Animation,Comedy"
929900,tt0961108,movie,Fireflies in the Garden,Fireflies in the Garden,0,2008,\N,99,Drama
931468,tt0962726,movie,High School Musical 3: Senior Year,High School Musical 3: Senior Year,0,2008,\N,112,"Comedy,Drama,Family"
931477,tt0962736,movie,The Young Victoria,The Young Victoria,0,2009,\N,105,"Biography,Drama,History"
931505,tt0962764,movie,The House of Sun,Dom Solntsa,0,2010,\N,110,"Drama,Music,Romance"
931901,tt0963178,movie,The International,The International,0,2009,\N,118,"Action,Crime,Drama"
931917,tt0963194,movie,Repo! The Genetic Opera,Repo! The Genetic Opera,0,2008,\N,98,"Horror,Musical,Sci-Fi"
932496,tt0963794,movie,The Ruins,The Ruins,0,2008,\N,90,"Adventure,Horror,Thriller"
932662,tt0963966,movie,The Sorcerer's Apprentice,The Sorcerer's Apprentice,0,2010,\N,109,"Action,Adventure,Family"
932699,tt0964003,movie,"Vdokh, vydokh","Vdokh, vydokh",0,2006,\N,86,Drama
932877,tt0964185,movie,Tetro,Tetro,0,2009,\N,127,Drama
933197,tt0964517,movie,The Fighter,The Fighter,0,2010,\N,116,"Action,Biography,Drama"
933263,tt0964587,movie,St. Trinian's,St. Trinian's,0,2007,\N,97,"Comedy,Family"
936803,tt0968264,movie,The Conspirator,The Conspirator,0,2010,\N,122,"Crime,Drama,History"
938224,tt0969733,movie,Phii mai jim fun,Phii mai jim fun,0,2007,\N,\N,"Comedy,Music"
938654,tt0970179,movie,Hugo,Hugo,0,2011,\N,126,"Adventure,Drama,Family"
938878,tt0970411,movie,City of Ember,City of Ember,0,2008,\N,90,"Adventure,Drama,Family"
938883,tt0970416,movie,The Day the Earth Stood Still,The Day the Earth Stood Still,0,2008,\N,104,"Adventure,Drama,Sci-Fi"
938918,tt0970452,movie,Solomon Kane,Solomon Kane,0,2009,\N,104,"Action,Adventure,Fantasy"
939307,tt0970866,movie,Little Fockers,Little Fockers,0,2010,\N,98,"Comedy,Romance"
939646,tt0971209,movie,A Perfect Getaway,A Perfect Getaway,0,2009,\N,98,"Drama,Mystery,Thriller"
940958,tt0972558,movie,Dark Planet,Obitaemyy ostrov,0,2008,\N,115,"Action,Adventure,Sci-Fi"
942352,tt0974015,movie,Justice League,Justice League,0,2017,\N,120,"Action,Adventure,Fantasy"
942853,tt0974554,movie,Elegy,Elegy,0,2008,\N,112,"Drama,Romance"
942909,tt0974613,movie,The Other Man,The Other Man,0,2008,\N,88,"Drama,Mystery,Thriller"
942953,tt0974661,movie,17 Again,17 Again,0,2009,\N,102,"Comedy,Drama,Fantasy"
943218,tt0974959,video,American Pie Presents: Beta House,American Pie Presents: Beta House,0,2007,\N,85,Comedy
943861,tt0975645,movie,Hitchcock,Hitchcock,0,2012,\N,98,"Biography,Drama,Romance"
944255,tt0976051,movie,The Reader,The Reader,0,2008,\N,124,"Drama,Mystery,Romance"
944419,tt0976222,movie,Bandslam,Bandslam,0,2009,\N,111,"Comedy,Drama,Family"
944433,tt0976238,movie,Old Dogs,Old Dogs,0,2009,\N,88,"Comedy,Family"
944442,tt0976247,movie,"Surfer, Dude","Surfer, Dude",0,2008,\N,85,Comedy
945383,tt0977214,movie,Hero Wanted,Hero Wanted,0,2008,\N,94,"Action,Crime,Thriller"
946007,tt0977855,movie,Fair Game,Fair Game,0,2010,\N,108,"Biography,Drama,Thriller"
946483,tt0978341,video,Kostya Tszyu: Destiny,Kostya Tszyu: Destiny,0,2004,\N,72,Sport
946891,tt0978759,movie,Frozen River,Frozen River,0,2008,\N,97,"Crime,Drama"
946893,tt0978762,movie,Mary and Max,Mary and Max.,0,2009,\N,92,"Animation,Comedy,Drama"
946895,tt0978764,movie,Sucker Punch,Sucker Punch,0,2011,\N,110,"Action,Adventure,Fantasy"
947532,tt0979434,movie,Lottery Ticket,Lottery Ticket,0,2010,\N,99,Comedy
949029,tt0980970,movie,The Chronicles of Narnia: The Voyage of the Dawn Treader,The Chronicles of Narnia: The Voyage of the Dawn Treader,0,2010,\N,113,"Adventure,Family,Fantasy"
949098,tt0981042,movie,Like Dandelion Dust,Like Dandelion Dust,0,2009,\N,100,Drama
949276,tt0981227,movie,Nick and Norah's Infinite Playlist,Nick and Norah's Infinite Playlist,0,2008,\N,90,"Comedy,Drama,Music"
949344,tt0981298,movie,Girls,Jenter,0,2007,\N,79,Documentary
951197,tt0983193,movie,The Adventures of Tintin,The Adventures of Tintin,0,2011,\N,107,"Action,Adventure,Animation"
951214,tt0983213,movie,5 Centimeters per Second,Byôsoku 5 senchimêtoru,0,2007,\N,63,"Animation,Drama,Family"
951911,tt0983946,movie,Fantasy Island,Fantasy Island,0,2020,\N,109,"Fantasy,Horror,Mystery"
952192,tt0984240,movie,Unnai Kodu Ennai Tharuven,Unnai Kodu Ennai Tharuven,0,2000,\N,157,Romance
953025,tt0985101,movie,My Mighty Princess,Mu-rim-yeo-dae-saeng,0,2008,\N,122,"Action,Comedy,Romance"
953610,tt0985694,movie,Machete,Machete,0,2010,\N,105,"Action,Crime,Thriller"
953613,tt0985699,movie,Valkyrie,Valkyrie,0,2008,\N,121,"Drama,History,Thriller"
954155,tt0986263,movie,Surrogates,Surrogates,0,2009,\N,89,"Action,Sci-Fi,Thriller"
954156,tt0986264,movie,Like Stars on Earth,Taare Zameen Par,0,2007,\N,162,"Drama,Family"
954219,tt0986329,movie,Mungaru Male,Mungaru Male,0,2006,\N,143,"Comedy,Music,Romance"
955790,tt0987918,movie,The Irony of Fate 2,Ironiya sudby. Prodolzhenie,0,2007,\N,115,"Comedy,Romance"
955912,tt0988045,movie,Sherlock Holmes,Sherlock Holmes,0,2009,\N,128,"Action,Adventure,Mystery"
955914,tt0988047,movie,Traitor,Traitor,0,2008,\N,114,"Action,Crime,Drama"
955969,tt0988108,movie,The Class,Klass,0,2007,\N,99,Drama
956436,tt0988595,movie,27 Dresses,27 Dresses,0,2008,\N,111,"Comedy,Romance"
957569,tt0989757,movie,Dear John,Dear John,0,2010,\N,108,"Drama,Romance,War"
958201,tt0990407,movie,The Green Hornet,The Green Hornet,0,2011,\N,119,"Action,Comedy,Crime"
960624,tt0992911,movie,Flash Point,Dou foh sin,0,2007,\N,88,"Action,Crime,Thriller"
961519,tt0993840,movie,Army of the Dead,Army of the Dead,0,2021,\N,148,"Action,Adventure,Crime"
961521,tt0993842,movie,Hanna,Hanna,0,2011,\N,111,"Action,Adventure,Drama"
961523,tt0993846,movie,The Wolf of Wall Street,The Wolf of Wall Street,0,2013,\N,180,"Biography,Comedy,Crime"
962682,tt0995031,movie,Bhool Bhulaiyaa,Bhool Bhulaiyaa,0,2007,\N,159,"Comedy,Horror,Mystery"
962688,tt0995039,movie,Ghost Town,Ghost Town,0,2008,\N,102,"Comedy,Drama,Fantasy"
963375,tt0995747,movie,Mermaid,Rusalka,0,2007,\N,115,"Comedy,Drama,Fantasy"
963472,tt0995845,movie,The Courier,The Courier,0,2012,\N,95,"Action,Crime,Drama"
963478,tt0995854,movie,A Journal for Jordan,A Journal for Jordan,0,2021,\N,131,"Drama,Romance,War"
964001,tt0996382,short,Dolphins and Whales 3D: Tribes of the Ocean,Dolphins and Whales 3D: Tribes of the Ocean,0,2008,\N,42,"Adventure,Documentary,Short"
964570,tt0996962,movie,Modern Love,Modern Love,0,2008,\N,100,"Comedy,Musical,Romance"
964648,tt0997047,movie,College Road Trip,College Road Trip,0,2008,\N,83,"Adventure,Comedy,Drama"
967441,tt0999913,movie,Straw Dogs,Straw Dogs,0,2011,\N,110,"Action,Drama,Thriller"
968770,tt10003008,movie,The Rental,The Rental,0,2020,\N,88,"Drama,Horror,Mystery"
971378,tt1000774,movie,Sex and the City,Sex and the City,0,2008,\N,145,"Comedy,Drama,Romance"
971384,tt1000775,movie,Deadly Delicious,Shuang shi ji,0,2008,\N,98,"Drama,Mystery,Thriller"
973182,tt10011102,movie,The Sholay Girl,The Sholay Girl,0,2019,\N,106,"Action,Biography,Drama"
975266,tt10014838,movie,The Forgotten,Zabuti,0,2019,\N,105,"Drama,Romance,War"
975396,tt1001508,movie,He's Just Not That Into You,He's Just Not That Into You,0,2009,\N,129,"Comedy,Drama,Romance"
975461,tt1001520,movie,The Last Voyage of the Demeter,The Last Voyage of the Demeter,0,2023,\N,118,"Fantasy,Horror,Thriller"
975494,tt1001526,movie,Megamind,Megamind,0,2010,\N,95,"Action,Adventure,Animation"
975979,tt10016180,movie,The Little Things,The Little Things,0,2021,\N,128,"Crime,Drama,Mystery"
979942,tt10023150,movie,My Cousin,Mon cousin,0,2020,\N,104,Comedy
981375,tt1002563,movie,The Young Messiah,The Young Messiah,0,2016,\N,111,"Drama,Fantasy"
981397,tt1002567,movie,Hansel and Gretel,Henjel gwa Geuretel,0,2007,\N,117,"Drama,Fantasy,Horror"
982786,tt10028196,movie,Laal Singh Chaddha,Laal Singh Chaddha,0,2022,\N,159,"Comedy,Drama,Romance"
983795,tt1003009,movie,Legend Quest: The Legend of La Nahuala,La Leyenda de la Nahuala,0,2007,\N,82,"Animation,Family,Fantasy"
989037,tt10039344,movie,Countdown,Countdown,0,2019,\N,90,"Horror,Thriller"
991653,tt10044182,movie,Block Z,Block Z,0,2020,\N,101,"Action,Horror,Thriller"
1000164,tt10059518,movie,Unhinged,Unhinged,0,2020,\N,90,"Action,Thriller"
1003532,tt10065694,movie,Antebellum,Antebellum,0,2020,\N,105,"Drama,Horror,Mystery"
1006071,tt1007028,movie,Zack and Miri Make a Porno,Zack and Miri Make a Porno,0,2008,\N,101,"Comedy,Romance"
1006077,tt1007029,movie,The Iron Lady,The Iron Lady,0,2011,\N,105,"Biography,Drama"
1007520,tt10072948,movie,Zhili-byli my,Zhili-byli my,0,2017,\N,97,Family
1009772,tt10077034,movie,Twist,Twist,0,2021,\N,90,"Action,Drama,Thriller"
1010758,tt10078772,movie,Flight Risk,Flight Risk,0,2025,\N,91,"Action,Crime,Drama"
1013314,tt10083340,movie,Gangubai Kathiawadi,Gangubai Kathiawadi,0,2022,\N,152,"Biography,Crime,Drama"
1017071,tt10090058,movie,Satria Dewa: Gatotkaca,Satria Dewa: Gatotkaca,0,2022,\N,129,"Action,Adventure,Drama"
1017122,tt1009017,movie,The Minis,The Minis,0,2007,\N,76,"Comedy,Family,Sport"
1020592,tt10096424,movie,Sono solo fantasmi,Sono solo fantasmi,0,2019,\N,98,Comedy
1021616,tt10098288,movie,Roohi,Roohi,0,2021,\N,134,"Comedy,Drama,Horror"
1021707,tt10098448,movie,Jesus Revolution,Jesus Revolution,0,2023,\N,120,"Biography,Drama,History"
1022835,tt1010048,movie,Slumdog Millionaire,Slumdog Millionaire,0,2008,\N,120,"Crime,Drama,Romance"
1034756,tt10122042,movie,Kingdom Men Rising,Kingdom Men Rising,0,2019,\N,93,Documentary
1035085,tt10122618,movie,Gondi,Gondi,0,2020,\N,112,Drama
1037673,tt1012729,movie,Helen,Helen,0,2009,\N,120,Drama
1038505,tt10128846,movie,Megalopolis,Francis Ford Coppola's Megalopolis: A Fable,0,2024,\N,138,"Drama,Fantasy,Sci-Fi"
1043156,tt1013743,movie,Knight and Day,Knight and Day,0,2010,\N,109,"Action,Adventure,Comedy"
1043204,tt1013752,movie,Fast & Furious,Fast & Furious,0,2009,\N,107,"Action,Thriller"
1043209,tt1013753,movie,Milk,Milk,0,2008,\N,128,"Biography,Drama,History"
1043828,tt1013860,movie,Dylan Dog: Dead of Night,Dylan Dog: Dead of Night,0,2010,\N,107,"Action,Comedy,Crime"
1044945,tt10140666,short,Rejects,Rejects,0,2021,\N,\N,Short
1045085,tt10140922,movie,Odessa,Odessa,0,2019,\N,130,"Comedy,Romance"
1048473,tt10146982,video,Racket Slingers,Racket Slingers,0,2018,\N,53,"Comedy,Family,Sport"
1048804,tt1014759,movie,Alice in Wonderland,Alice in Wonderland,0,2010,\N,108,"Adventure,Family,Fantasy"
1048825,tt1014763,movie,Child 44,Child 44,0,2015,\N,137,"Crime,Drama,History"
1048891,tt1014775,movie,Beverly Hills Chihuahua,Beverly Hills Chihuahua,0,2008,\N,91,"Adventure,Comedy,Drama"
1049362,tt10148580,short,Muck,Muck,0,2018,\N,10,"Crime,Short"
1051174,tt10151854,movie,Shazam! Fury of the Gods,Shazam! Fury of the Gods,0,2023,\N,130,"Action,Adventure,Comedy"
1056132,tt1016075,movie,Fame,Fame,0,2009,\N,107,"Drama,Musical,Romance"
1056255,tt10160976,movie,The Nun II,The Nun II,0,2023,\N,110,"Horror,Mystery,Thriller"
1060455,tt10168670,movie,Bones and All,Bones and All,0,2022,\N,131,"Drama,Horror,Romance"
1062026,tt10171472,movie,Goodrich,Goodrich,0,2024,\N,110,"Comedy,Drama"
1063630,tt1017451,movie,The Runaways,The Runaways,0,2010,\N,106,"Biography,Drama,Music"
1067966,tt10182450,short,Ardin and Barray: A Found Footage Story,Ardin and Barray: A Found Footage Story,0,2018,\N,5,"Comedy,Short"
1068015,tt10182544,short,Ip Boy: The Legend Begins,Ip Boy: The Legend Begins,0,2019,\N,19,"Action,Comedy,Short"
1068171,tt10182822,movie,Loro,Loro,0,2018,\N,151,"Biography,Drama"
1070893,tt1018765,movie,Our Brand Is Crisis,Our Brand Is Crisis,0,2015,\N,107,"Comedy,Drama"
1071000,tt1018785,movie,The Sisterhood of the Traveling Pants 2,The Sisterhood of the Traveling Pants 2,0,2008,\N,119,"Comedy,Drama,Romance"
1071023,tt1018789,movie,Spirit of the Forest,Espíritu del bosque,0,2008,\N,90,"Adventure,Animation,Comedy"
1071190,tt1018818,movie,Assassination of a High School President,Assassination of a High School President,0,2008,\N,93,"Comedy,Crime,Mystery"
1071253,tt1018830,movie,Yonkers Joe,Yonkers Joe,0,2008,\N,101,"Comedy,Crime,Thriller"
1074775,tt1019452,movie,A Serious Man,A Serious Man,0,2009,\N,106,"Comedy,Drama"
1075820,tt10196398,movie,Bye Bye Morons,Adieu les cons,0,2020,\N,87,"Comedy,Drama"
1077590,tt10199590,movie,Les Misérables,Les misérables,0,2019,\N,104,"Crime,Drama,Thriller"
1078215,tt1020072,movie,Selma,Selma,0,2014,\N,128,"Biography,Drama,History"
1080728,tt1020530,movie,Eden Lake,Eden Lake,0,2008,\N,91,"Horror,Thriller"
1080894,tt1020558,movie,Centurion,Centurion,0,2010,\N,97,"Action,Drama,History"
1082117,tt1020773,movie,Certified Copy,Copie conforme,0,2010,\N,106,"Drama,Romance"
1082351,tt10208198,movie,"The Gangster, the Cop, the Devil",Akinjeon,0,2019,\N,109,"Action,Crime,Thriller"
1090881,tt10223460,movie,Marry Me,Marry Me,0,2022,\N,112,"Comedy,Music,Romance"
1092246,tt1022603,movie,500 Days of Summer,(500) Days of Summer,0,2009,\N,95,"Comedy,Drama,Romance"
1095086,tt1023111,movie,Never Back Down,Never Back Down,0,2008,\N,113,"Action,Drama,Sport"
1095102,tt1023114,movie,The Way Back,The Way Back,0,2010,\N,133,"Adventure,Drama,History"
1096422,tt10233406,movie,Les blagues de Toto,Les blagues de Toto,0,2020,\N,84,"Comedy,Family"
1097163,tt1023481,movie,Step Up 2 the Streets,Step Up 2 the Streets,0,2008,\N,98,"Drama,Music,Romance"
1097209,tt1023490,movie,Il Divo,Il divo,0,2008,\N,110,"Biography,Drama"
1101469,tt1024255,movie,Wild Child,Wild Child,0,2008,\N,98,Comedy
1103651,tt1024648,movie,Argo,Argo,0,2012,\N,120,"Biography,Drama,History"
1104040,tt1024715,movie,Choke,Choke,0,2008,\N,92,"Comedy,Drama"
1105348,tt1024943,movie,Om Shanti Om,Om Shanti Om,0,2007,\N,162,"Action,Comedy,Drama"
1106147,tt10250846,short,Ecosystem,Ecosystem,0,2019,\N,1,"Animation,Comedy,Short"
1106231,tt1025100,movie,Gemini Man,Gemini Man,0,2019,\N,117,"Action,Sci-Fi,Thriller"
1109388,tt10256570,movie,The Goddess of Fortune,La dea fortuna,0,2019,\N,118,Drama
1112504,tt10262160,movie,Swingers 2,Svinhery 2,0,2019,\N,90,Comedy
1118092,tt10272386,movie,The Father,The Father,0,2020,\N,97,"Drama,Mystery"
1118136,tt10272460,movie,"Infernal Guidon, or Cossack Christmas","Pekelna khoruhva, abo Rizdvo Kozatske",0,2019,\N,110,"Family,Fantasy"
1120347,tt10276482,movie,Love Again,Love Again,0,2023,\N,104,"Comedy,Drama,Romance"
1120386,tt10276554,movie,Beshoot,Beshoot,0,2019,\N,120,"Action,Drama,War"
1120744,tt1027718,movie,Wall Street: Money Never Sleeps,Wall Street: Money Never Sleeps,0,2010,\N,133,Drama
1121328,tt1027820,movie,Asylum Blackout,The Incident,0,2011,\N,85,"Horror,Thriller"
1121559,tt1027862,movie,Swing Vote,Swing Vote,0,2008,\N,120,"Comedy,Drama"
1125221,tt1028528,movie,Death Proof,Death Proof,0,2007,\N,127,"Drama,Thriller"
1125241,tt1028532,movie,Hachi: A Dog's Tale,Hachi: A Dog's Tale,0,2009,\N,93,"Biography,Drama,Family"
1125477,tt1028576,movie,Secretariat,Secretariat,0,2010,\N,123,"Biography,Drama,Family"
1127030,tt10288566,movie,Another Round,Druk,0,2020,\N,117,"Comedy,Drama"
1128705,tt10291544,movie,Cetto c'è senzadubbiamente,Cetto c'è senzadubbiamente,0,2019,\N,93,Comedy
1129153,tt1029231,movie,Krrish 3,Krrish 3,0,2013,\N,152,"Action,Adventure,Sci-Fi"
1129171,tt1029234,movie,Martyrs,Martyrs,0,2008,\N,99,Horror
1129470,tt1029285,movie,The Errand of Angels,The Errand of Angels,0,2008,\N,91,Drama
1129625,tt1029314,movie,Ho Sakta Hai!,Ho Sakta Hai!,0,2004,\N,101,"Crime,Horror,Thriller"
1129848,tt1029360,movie,Poltergeist,Poltergeist,0,2015,\N,93,"Fantasy,Horror,Thriller"
1132700,tt10298810,movie,Lightyear,Lightyear,0,2022,\N,105,"Action,Adventure,Animation"
1132713,tt10298840,movie,Strange World,Strange World,0,2022,\N,102,"Action,Adventure,Animation"
1135643,tt10304142,movie,Amsterdam,Amsterdam,0,2022,\N,134,"Comedy,Drama,History"
1138300,tt10308928,movie,Force of Nature,Force of Nature,0,2020,\N,91,"Action,Adventure,Crime"
1138959,tt10310140,movie,Fatman,Fatman,0,2020,\N,100,"Action,Adventure,Comedy"
1138993,tt10310222,movie,Guard,Storozh,0,2019,\N,90,"Drama,Thriller"
1140471,tt1031282,movie,Street Racer,Stritreysery,0,2008,\N,109,"Action,Comedy,Crime"
1141285,tt10314450,movie,Becky,Becky,0,2020,\N,93,"Action,Crime,Drama"
1141582,tt10315050,movie,Dampyr,Dampyr,0,2022,\N,109,"Fantasy,Horror"
1144112,tt1031969,movie,The Rocker,The Rocker,0,2008,\N,102,"Comedy,Music"
1144135,tt10319732,short,Chaal Gazab Hai,Chaal Gazab Hai,0,2019,\N,\N,"Music,Short"
1148389,tt10327252,movie,The Forever Purge,The Forever Purge,0,2021,\N,103,"Action,Crime,Drama"
1148534,tt1032751,movie,The Warrior's Way,The Warrior's Way,0,2010,\N,100,"Action,Drama,Fantasy"
1148554,tt1032755,movie,RocknRolla,RocknRolla,0,2008,\N,114,"Action,Crime,Thriller"
1148888,tt1032815,movie,"I Love You, Beth Cooper","I Love You, Beth Cooper",0,2009,\N,102,"Adventure,Comedy,Family"
1148943,tt1032825,movie,The Other Woman,Love and Other Impossible Pursuits,0,2009,\N,102,Drama
1149048,tt1032846,movie,"4 Months, 3 Weeks and 2 Days","4 luni, 3 saptamâni si 2 zile",0,2007,\N,113,Drama
1149073,tt10328502,movie,Fluminense Football Club - Centenário de uma Paixão,Fluminense Football Club - Centenário de uma Paixão,0,2002,\N,\N,Documentary
1149805,tt10329842,movie,Hero,Geroy,0,2019,\N,121,"Action,Crime,Drama"
1152243,tt10334222,movie,Nightsiren,Svetlonoc,0,2022,\N,106,"Drama,Horror,Mystery"
1153093,tt1033575,movie,The Descendants,The Descendants,0,2011,\N,115,"Comedy,Drama"
1153485,tt1033643,movie,What Happens in Vegas,What Happens in Vegas,0,2008,\N,99,"Comedy,Romance"
1155605,tt1034032,movie,Gamer,Gamer,0,2009,\N,95,"Action,Sci-Fi,Thriller"
1155987,tt10341034,movie,Black Box,Boîte noire,0,2021,\N,129,"Drama,Mystery,Thriller"
1156920,tt10342730,movie,Spiral,Spiral: From the Book of Saw,0,2021,\N,93,"Horror,Mystery,Thriller"
1157092,tt10343028,movie,Armageddon Time,Armageddon Time,0,2022,\N,114,Drama
1157093,tt1034303,movie,Defiance,Defiance,0,2008,\N,137,"Action,Drama,History"
1157155,tt1034314,movie,Iron Sky,Iron Sky,0,2012,\N,93,"Action,Adventure,Comedy"
1157188,tt1034320,movie,Private Valentine: Blonde & Dangerous,Major Movie Star,0,2008,\N,98,"Adventure,Comedy,Drama"
1157208,tt1034324,movie,The Mighty Macs,The Mighty Macs,0,2009,\N,99,"Drama,Sport"
1157246,tt1034331,movie,Righteous Kill,Righteous Kill,0,2008,\N,101,"Crime,Mystery,Thriller"
1157563,tt1034389,movie,The Eagle,The Eagle,0,2011,\N,114,"Action,Adventure,Drama"
1157632,tt1034402,movie,Pattiyal,Pattiyal,0,2006,\N,140,Crime
1157702,tt1034415,movie,Suspiria,Suspiria,0,2018,\N,152,"Drama,Fantasy,Horror"
1157892,tt1034449,movie,Kidnap,Kidnap,0,2008,\N,135,"Action,Crime,Drama"
1158481,tt10345546,movie,Barroz: Guardian of Treasures,Barroz: Guardian of Treasures,0,2024,\N,155,"Action,Adventure,Fantasy"
1167839,tt10362466,movie,After We Collided,After We Collided,0,2020,\N,105,"Drama,Romance"
1168714,tt10364034,movie,"Miraculous: Ladybug & Cat Noir, the Movie",Miraculous - Le film,0,2023,\N,105,"Action,Adventure,Animation"
1169769,tt10365998,movie,Infinity Pool,Infinity Pool,0,2023,\N,117,"Crime,Horror,Mystery"
1169876,tt10366206,movie,John Wick: Chapter 4,John Wick: Chapter 4,0,2023,\N,169,"Action,Crime,Thriller"
1170000,tt10366460,movie,CODA,CODA,0,2021,\N,111,"Comedy,Drama,Music"
1170026,tt10366514,movie,Eiffel,Eiffel,0,2021,\N,108,"Biography,Drama,History"
1171945,tt10370042,movie,Rising Wolf,Ascendant,0,2021,\N,102,"Fantasy,Mystery,Sci-Fi"
1172322,tt10370710,movie,The Worst Person in the World,Verdens verste menneske,0,2021,\N,128,"Comedy,Drama,Romance"
1172384,tt10370822,movie,Detective Chinatown 3,Tang ren jie tan an 3,0,2021,\N,136,"Action,Adventure,Comedy"
1172830,tt1037163,movie,The Time That Remains,The Time That Remains,0,2009,\N,109,"Drama,History"
1174442,tt10374610,movie,The Long Walk,The Long Walk,0,2025,\N,108,"Horror,Thriller"
1174698,tt10375106,movie,Mandibles,Mandibules,0,2020,\N,77,"Comedy,Fantasy"
1175792,tt1037705,movie,The Book of Eli,The Book of Eli,0,2010,\N,118,"Action,Adventure,Drama"
1177634,tt1038043,movie,Mammoth,Mammoth,0,2009,\N,125,"Drama,Romance"
1178012,tt10381102,movie,Brave the Dark,Brave the Dark,0,2023,\N,112,Drama
1181154,tt1038685,movie,The King of Fighters,The King of Fighters,0,2009,\N,93,"Action,Sci-Fi,Thriller"
1181160,tt1038686,movie,Legion,Legion,0,2010,\N,100,"Action,Fantasy,Horror"
1182393,tt1038919,movie,The Bounty Hunter,The Bounty Hunter,0,2010,\N,110,"Action,Comedy,Romance"
1182790,tt1038988,movie,REC,[Rec],0,2007,\N,78,"Horror,Mystery,Thriller"
1188148,tt1039952,movie,Citizen,Citizen,0,2001,\N,172,"Action,Drama,Mystery"
1188196,tt10399608,movie,Piggy,Cerdita,0,2022,\N,99,"Drama,Horror,Thriller"
1188241,tt1039969,movie,The Last Lear,The Last Lear,0,2007,\N,130,Drama
1190350,tt10403420,movie,Terrifier 2,Terrifier 2,0,2022,\N,138,Horror
1191244,tt10405142,movie,Serial (Bad) Weddings 3,Qu'est-ce qu'on a tous fait au Bon Dieu ?,0,2021,\N,98,Comedy
1193619,tt10409498,movie,Only the Animals,Seules les bêtes,0,2019,\N,117,"Crime,Drama,Mystery"
1195858,tt10413566,movie,Tolo Tolo,Tolo Tolo,0,2020,\N,90,"Comedy,Family"
1198345,tt1041804,movie,The Nutcracker: The Untold Story,The Nutcracker in 3D,0,2010,\N,110,"Action,Family,Fantasy"
1198488,tt1041829,movie,The Proposal,The Proposal,0,2009,\N,108,"Comedy,Drama,Romance"
1199749,tt10420532,movie,Ask Tesadüfleri Sever 2,Ask Tesadüfleri Sever 2,0,2020,\N,124,"Drama,Romance"
1200136,tt10421218,short,Les Tombeurs,Les Tombeurs,0,2019,\N,5,"Short,Thriller"
1202254,tt1042499,movie,Filth and Wisdom,Filth and Wisdom,0,2008,\N,84,"Comedy,Drama,Music"
1204331,tt1042877,movie,Cadillac Records,Cadillac Records,0,2008,\N,109,"Biography,Drama,Music"
1208072,tt1043568,movie,Vice,Tiski,0,2007,\N,124,"Action,Crime,Drama"
1208937,tt1043726,movie,The Legend of Hercules,The Legend of Hercules,0,2014,\N,99,"Action,Adventure,Fantasy"
1209545,tt1043835,movie,Call Girl,Call Girl,0,2007,\N,145,"Crime,Drama,Thriller"
1212457,tt10443794,movie,The United Way,The United Way,0,2021,\N,90,"Documentary,History,Sport"
1216632,tt10451312,movie,The Marco Effect,Marco effekten,0,2021,\N,125,"Crime,Thriller"
1216901,tt10451852,movie,Nine Days,Nine Days,0,2020,\N,124,"Drama,Fantasy"
1219514,tt1045658,movie,Silver Linings Playbook,Silver Linings Playbook,0,2012,\N,122,"Comedy,Drama,Romance"
1219569,tt1045670,movie,Happy-Go-Lucky,Happy-Go-Lucky,0,2008,\N,118,"Comedy,Drama,Romance"
1219802,tt10457128,movie,Summer of 85,Été 85,0,2020,\N,101,"Drama,Romance"
1220096,tt1045772,movie,I Love You Phillip Morris,I Love You Phillip Morris,0,2009,\N,98,"Biography,Comedy,Crime"
1220128,tt1045778,movie,Year One,Year One,0,2009,\N,97,Comedy
1220221,tt10457946,short,Unbea Ti N',Unbea Ti N',0,2019,\N,\N,"Action,Short"
1220786,tt1045893,movie,100 Lies to Hide a Wife,Tipu kanan tipu kiri,0,2008,\N,117,"Comedy,Drama,Romance"
1220813,tt1045898,movie,Veyil,Veyyil,0,2006,\N,136,Drama
1221967,tt10460990,movie,Todo por el ascenso,Todo por el ascenso,0,2019,\N,80,"Comedy,Sport"
1222279,tt1046163,movie,My Best Friend's Girl,My Best Friend's Girl,0,2008,\N,101,"Comedy,Romance"
1222327,tt1046173,movie,G.I. Joe: The Rise of Cobra,G.I. Joe: The Rise of Cobra,0,2009,\N,118,"Action,Adventure,Sci-Fi"
1222447,tt1046198,movie,I'm Staying,Ya ostayus,0,2007,\N,112,"Comedy,Drama,Fantasy"
1226525,tt1046947,movie,Last Chance Harvey,Last Chance Harvey,0,2008,\N,93,"Drama,Romance"
1226788,tt1046997,movie,Miracle at St. Anna,Miracle at St. Anna,0,2008,\N,160,"Action,Drama,War"
1227584,tt10471404,short,Mr. Swag Boss and the Inglorious Pacifist,Mr. Swag Boss and the Inglorious Pacifist,0,2019,\N,\N,"Adventure,Short"
1228431,tt10473036,movie,The Amazing Maurice,The Amazing Maurice,0,2022,\N,93,"Adventure,Animation,Comedy"
1229490,tt1047494,movie,Meet the Browns,Meet the Browns,0,2008,\N,100,"Comedy,Drama,Romance"
1229751,tt1047540,movie,Parental Guidance,Parental Guidance,0,2012,\N,105,"Comedy,Family"
1233139,tt1048146,tvMovie,The Kidnapping,The Kidnapping,0,2007,\N,90,"Crime,Drama,Mystery"
1233367,tt10481868,movie,Black Christmas,Black Christmas,0,2019,\N,92,"Horror,Mystery,Thriller"
1240083,tt1049402,movie,Howl,Howl,0,2010,\N,84,"Biography,Drama,Romance"
1240100,tt1049405,movie,The Other End of the Line,The Other End of the Line,0,2007,\N,106,"Comedy,Drama,Family"
1240145,tt1049413,movie,Up,Up,0,2009,\N,96,"Adventure,Animation,Comedy"
1246387,tt10505316,movie,Lost Illusions,Illusions perdues,0,2021,\N,149,"Drama,Romance"
1246723,tt10505918,movie,L2: Empuraan,L2: Empuraan,0,2025,\N,179,"Action,Crime,Thriller"
1247567,tt1050739,movie,Roadside Romeo,Roadside Romeo,0,2008,\N,93,"Adventure,Animation,Comedy"
1253952,tt1051904,movie,Goosebumps,Goosebumps,0,2015,\N,103,"Adventure,Comedy,Family"
1253964,tt1051906,movie,The Invisible Man,The Invisible Man,0,2020,\N,124,"Drama,Horror,Mystery"
1255454,tt10521814,movie,K-12,K-12,0,2019,\N,96,"Fantasy,Horror,Musical"
1256205,tt10523114,short,La isla Visible,La isla Visible,0,2020,\N,14,"Drama,Family,Short"
1256382,tt1052342,movie,9 1/2 Dates,9 és 1/2 randi,0,2008,\N,100,"Comedy,Romance"
1262344,tt1053424,movie,Repo Men,Repo Men,0,2010,\N,111,"Action,Sci-Fi,Thriller"
1264216,tt10537660,movie,Do You Do You Saint-Tropez,Mystère à Saint-Tropez,0,2021,\N,89,"Comedy,Crime,Mystery"
1264470,tt1053810,movie,The Big Year,The Big Year,0,2011,\N,100,Comedy
1264747,tt1053859,movie,The Grudge 3,The Grudge 3,0,2009,\N,90,"Horror,Mystery,Thriller"
1265532,tt10540024,movie,This Earth of Mankind,Bumi Manusia,0,2019,\N,181,"Drama,History"
1265693,tt10540314,short,The Devil Series,The Devil Series,0,2018,\N,\N,"Sci-Fi,Short"
1265704,tt10540336,video,El Baúl (o la historia de un baúl),El Baúl (o la historia de un baúl),0,2019,\N,\N,Short
1266141,tt1054112,movie,Imago mortis,Imago mortis,0,2009,\N,96,"Horror,Mystery,Thriller"
1266197,tt1054122,movie,Goemon,Goemon,0,2009,\N,128,"Action,Drama,History"
1268496,tt10545296,movie,The Hunger Games: The Ballad of Songbirds & Snakes,The Hunger Games: The Ballad of Songbirds & Snakes,0,2023,\N,157,"Action,Adventure,Drama"
1268722,tt10545696,movie,Maigret,Maigret,0,2022,\N,89,"Crime,Drama,Mystery"
1268918,tt1054606,movie,The Imaginarium of Doctor Parnassus,The Imaginarium of Doctor Parnassus,0,2009,\N,123,"Adventure,Comedy,Fantasy"
1270115,tt10548174,movie,28 Years Later,28 Years Later,0,2025,\N,115,"Horror,Sci-Fi,Thriller"
1272765,tt1055292,movie,Life as We Know It,Life as We Know It,0,2010,\N,114,"Comedy,Drama,Romance"
1273182,tt1055369,movie,Transformers: Revenge of the Fallen,Transformers: Revenge of the Fallen,0,2009,\N,149,"Action,Adventure,Sci-Fi"
1274378,tt10555920,movie,The Cabin House,The Cabin House,0,2019,\N,120,"Horror,Mystery,Thriller"
1284978,tt1057500,movie,Invictus,Invictus,0,2009,\N,134,"Biography,Drama,History"
1287838,tt1058017,movie,The Invention of Lying,The Invention of Lying,0,2009,\N,100,"Comedy,Fantasy,Romance"
1293967,tt10591194,short,Junkie,Junkie,0,2019,\N,5,"Comedy,Short"
1297636,tt1059786,movie,Eagle Eye,Eagle Eye,0,2008,\N,118,"Action,Mystery,Thriller"
1297672,tt1059793,video,Garfield Gets Real,Garfield Gets Real,0,2007,\N,75,"Adventure,Animation,Comedy"
1298648,tt1059969,movie,Spud,Spud,0,2010,\N,103,"Comedy,Drama"
1300180,tt1060249,movie,The Legend of Drona,Drona,0,2008,\N,138,"Action,Adventure,Fantasy"
1300301,tt1060277,movie,Cloverfield,Cloverfield,0,2008,\N,85,"Action,Horror,Sci-Fi"
1304857,tt10611372,movie,My Mom is a Character 3,Minha Mãe é uma Peça 3,0,2019,\N,111,Comedy
1308600,tt10618286,movie,Mank,Mank,0,2020,\N,131,"Biography,Drama"
1310002,tt10620868,movie,#Alive,#Saraitda,0,2020,\N,98,"Action,Drama,Horror"
1313768,tt10627720,movie,Ne Zha,Nezha: Mo tong jiang shi,0,2019,\N,110,"Action,Adventure,Animation"
1317017,tt10633456,movie,Minari,Minari,0,2020,\N,115,Drama
1318785,tt1063669,movie,The Wave,Die Welle,0,2008,\N,107,"Drama,Thriller"
1319818,tt10638522,movie,Talk to Me,Talk to Me,0,2022,\N,95,"Horror,Thriller"
1320688,tt10640084,movie,Si Juki the Movie: Harta Pulau Monyet,Si Juki the Movie: Harta Pulau Monyet,0,2024,\N,107,"Adventure,Animation,Comedy"
1320842,tt10640346,movie,Babylon,Babylon,0,2022,\N,189,"Comedy,Drama"
1325294,tt10648342,movie,Thor: Love and Thunder,Thor: Love and Thunder,0,2022,\N,118,"Action,Adventure,Comedy"
1325341,tt10648440,movie,Exit,Eksiteu,0,2019,\N,103,"Action,Comedy"
1325490,tt10648714,movie,Chernobyl: Abyss,Chernobyl,0,2021,\N,136,"Drama,History"
1325833,tt1064932,movie,Welcome to the Sticks,Bienvenue chez les Ch'tis,0,2008,\N,106,"Comedy,Romance"
1326608,tt1065073,movie,Boyhood,Boyhood,0,2014,\N,165,Drama
1326815,tt10651098,short,Pendekar Cyborg,Pendekar Cyborg,0,2019,\N,\N,"Sci-Fi,Short"
1326893,tt10651230,movie,The Peasants,Chlopi,0,2023,\N,114,"Animation,Drama,History"
1327098,tt10651588,short,L'Attache,L'Attache,0,2019,\N,9,"Mystery,Short"
1329278,tt10655524,movie,It Ends with Us,It Ends with Us,0,2024,\N,130,"Drama,Romance"
1329664,tt10656212,movie,Buya Hamka Vol. 1,Buya Hamka,0,2023,\N,106,"Biography,Drama,History"
1334804,tt10665338,movie,Halloween Kills,Halloween Kills,0,2021,\N,105,"Action,Drama,Horror"
1334806,tt10665342,movie,Halloween Ends,Halloween Ends,0,2022,\N,111,"Horror,Mystery,Romance"
1337503,tt10670200,short,Nico,Nico,0,2019,\N,\N,"Romance,Short"
1337951,tt1067106,movie,A Christmas Carol,A Christmas Carol,0,2009,\N,96,"Adventure,Animation,Comedy"
1340518,tt10675760,short,Salad Days,Salad Days,0,2019,\N,36,"Action,Comedy,Drama"
1340551,tt1067583,movie,Water for Elephants,Water for Elephants,0,2011,\N,120,"Drama,Romance"
1340669,tt10676048,movie,The Marvels,The Marvels,0,2023,\N,105,"Action,Adventure,Sci-Fi"
1340672,tt10676052,movie,The Fantastic Four: First Steps,The Fantastic Four: First Steps,0,2025,\N,115,"Action,Adventure,Sci-Fi"
1341603,tt1067774,movie,Monte Carlo,Monte Carlo,0,2011,\N,109,"Adventure,Comedy,Family"
1344157,tt1068242,movie,Footloose,Footloose,0,2011,\N,113,"Comedy,Drama,Music"
1346386,tt1068641,movie,The Burning Plain,The Burning Plain,0,2008,\N,107,"Crime,Drama,Mystery"
1346555,tt1068678,movie,Veronika Decides to Die,Veronika Decides to Die,0,2009,\N,103,"Drama,Romance"
1346564,tt1068680,movie,Yes Man,Yes Man,0,2008,\N,104,"Comedy,Romance"
1346971,tt10687574,short,Ek Kahani Maa,Ek Kahani Maa,0,2018,\N,\N,"Drama,Short"
1348116,tt1068953,movie,House of Good and Evil,House of Good and Evil,0,2013,\N,108,Thriller
1351614,tt10695672,movie,Savages,Sauvages,0,2024,\N,87,"Animation,Family"
1352289,tt10696896,movie,Stillwater,Stillwater,0,2021,\N,139,"Crime,Drama,Mystery"
1353326,tt10698680,movie,K.G.F: Chapter 2,K.G.F: Chapter 2,0,2022,\N,166,"Action,Crime,Drama"
1354719,tt10701074,movie,Ponniyin Selvan: Part I,Ponniyin Selvan: Part One,0,2022,\N,167,"Action,Drama"
1357604,tt10706138,short,Não Faça Isso Comigo,Não Faça Isso Comigo,0,2019,\N,\N,"Drama,Short"
1357947,tt10706724,movie,Afflatus,Afflatus,0,2019,\N,59,"Horror,Mystery"
1358977,tt1070858,movie,The Secrets of Jonathan Sperry,The Secrets of Jonathan Sperry,0,2008,\N,96,"Drama,Family"
1359071,tt1070874,movie,The Trial of the Chicago 7,The Trial of the Chicago 7,0,2020,\N,129,"Drama,History,Thriller"
1364402,tt1071812,movie,Mao's Last Dancer,Mao's Last Dancer,0,2009,\N,117,"Biography,Drama,Music"
1364757,tt1071875,movie,Ghost Rider: Spirit of Vengeance,Ghost Rider: Spirit of Vengeance,0,2011,\N,96,"Action,Adventure,Fantasy"
1365642,tt10720352,movie,Arthur the King,Arthur the King,0,2024,\N,107,"Adventure,Drama,Sport"
1369668,tt1072748,movie,Winchester,Winchester,0,2018,\N,99,"Biography,Fantasy,Horror"
1371712,tt1073105,movie,The Descent: Part 2,The Descent: Part 2,0,2009,\N,94,"Adventure,Horror,Thriller"
1371820,tt10731256,movie,Don't Worry Darling,Don't Worry Darling,0,2022,\N,123,"Drama,Mystery,Thriller"
1372429,tt1073241,movie,Nothing But the Truth,Nothing But the Truth,0,2008,\N,108,"Crime,Drama,Mystery"
1373924,tt1073498,movie,Meet the Spartans,Meet the Spartans,0,2008,\N,87,"Comedy,Fantasy"
1374365,tt10735778,movie,Lethal Kittens,Nashi Kotyky,0,2020,\N,110,Comedy
1375557,tt10737918,movie,Shin Ultraman,Shin Ultraman,0,2022,\N,112,"Action,Adventure,Drama"
1375917,tt10738536,movie,Delicious,Délicieux,0,2021,\N,112,"Comedy,Drama,History"
1380269,tt1074638,movie,Skyfall,Skyfall,0,2012,\N,143,"Action,Adventure,Thriller"
1381915,tt1074929,movie,Adoration,Adoration,0,2008,\N,100,"Drama,Romance"
1382970,tt1075113,movie,Don't Look Back,Ne te retourne pas,0,2009,\N,111,"Drama,Horror,Mystery"
1382976,tt1075114,movie,Tutta la vita davanti,Tutta la vita davanti,0,2008,\N,117,"Comedy,Drama,Romance"
1384702,tt1075417,movie,Race to Witch Mountain,Race to Witch Mountain,0,2009,\N,98,"Action,Adventure,Family"
1384714,tt1075419,movie,Shinjuku Incident,Xin Su shi jian,0,2009,\N,119,"Action,Crime,Drama"
1386512,tt1075747,movie,Jonah Hex,Jonah Hex,0,2010,\N,81,"Action,Drama,Fantasy"
1391790,tt10767052,movie,Next Goal Wins,Next Goal Wins,0,2023,\N,104,"Comedy,Drama,Sport"
1394862,tt1077258,movie,Planet Terror,Planet Terror,0,2007,\N,105,"Action,Comedy,Horror"
1394883,tt1077262,movie,Ajami,Ajami,0,2009,\N,124,"Crime,Drama"
1395118,tt10773090,movie,Sarileru Neekevvaru,Sarileru Neekevvaru,0,2020,\N,169,"Action,Comedy,Drama"
1395384,tt1077368,movie,Dark Shadows,Dark Shadows,0,2012,\N,113,"Comedy,Fantasy,Horror"
1402113,tt1078588,movie,My Sister's Keeper,My Sister's Keeper,0,2009,\N,109,"Drama,Family"
1403869,tt1078912,movie,Night at the Museum: Battle of the Smithsonian,Night at the Museum: Battle of the Smithsonian,0,2009,\N,105,"Adventure,Comedy,Family"
1404012,tt1078940,movie,Couples Retreat,Couples Retreat,0,2009,\N,113,Comedy
1406842,tt1079448,video,Snow Buddies,Snow Buddies,0,2008,\N,87,"Adventure,Family"
1408812,tt10798072,movie,Padrenostro,Padrenostro,0,2020,\N,120,Drama
1409991,tt1080016,movie,Ice Age: Dawn of the Dinosaurs,Ice Age: Dawn of the Dinosaurs,0,2009,\N,94,"Adventure,Animation,Comedy"
1413244,tt10806040,movie,Valimai,Valimai,0,2022,\N,178,"Action,Crime,Drama"
1415436,tt10809934,movie,The Dark Days of Demetrius,The Dark Days of Demetrius,0,2019,\N,60,Horror
1419098,tt10816484,movie,18 Presents,18 regali,0,2020,\N,115,"Drama,Family,Fantasy"
1420034,tt10818092,movie,The (UN)perfect Guy,(NE) Idealnyy muzhchina,0,2020,\N,92,"Comedy,Romance,Sci-Fi"
1420751,tt1081935,movie,Baaria,Baarìa,0,2009,\N,163,"Comedy,Drama"
1422668,tt10822762,short,Introducing: Mr. Goode,Introducing: Mr. Goode,0,2020,\N,16,"Drama,Short"
1425637,tt1082807,movie,The Belko Experiment,The Belko Experiment,0,2016,\N,89,"Action,Horror,Thriller"
1425990,tt1082868,movie,Quarantine,Quarantine,0,2008,\N,89,"Horror,Sci-Fi,Thriller"
1426095,tt1082886,movie,The Wackness,The Wackness,0,2008,\N,99,"Comedy,Drama,Romance"
1429175,tt1083452,movie,Eddie the Eagle,Eddie the Eagle,0,2015,\N,106,"Adventure,Biography,Comedy"
1429198,tt1083456,movie,Fired Up!,Fired Up!,0,2009,\N,90,"Comedy,Sport"
1431256,tt10838180,movie,The Matrix Resurrections,The Matrix Resurrections,0,2021,\N,148,"Action,Sci-Fi"
1436289,tt1084717,movie,Mexican Bloodbath,Mexican Bloodbath,0,2010,\N,100,Action
1437523,tt1084950,movie,Rachel Getting Married,Rachel Getting Married,0,2008,\N,113,"Drama,Romance"
1440416,tt1085492,movie,The Prince,The Prince,0,2014,\N,93,"Action,Thriller"
1440877,tt10855768,movie,Missing,Missing,0,2023,\N,111,"Drama,Mystery,Thriller"
1442595,tt10858792,movie,Amod Faqrey,Amod Faqrey,0,2016,\N,\N,Comedy
1443603,tt1086064,movie,Bill & Ted Face the Music,Bill & Ted Face the Music,0,2020,\N,91,"Adventure,Comedy,Music"
1447531,tt1086772,movie,Blended,Blended,0,2014,\N,117,"Comedy,Romance"
1447544,tt10867750,short,Blindness,Blindness,0,2019,\N,\N,"Mystery,Short"
1449593,tt10871460,movie,The 9th Precinct,Dì jiu fenju,0,2019,\N,95,"Action,Crime,Drama"
1450267,tt10872600,movie,Spider-Man: No Way Home,Spider-Man: No Way Home,0,2021,\N,148,"Action,Adventure,Fantasy"
1451365,tt1087455,movie,Indi,Indi,0,2007,\N,92,"Drama,Romance"
1454749,tt10880486,short,Fever Queen,Fever Queen,0,2009,\N,\N,Short
1467633,tt10903446,short,Seven Awkward Sex Scenes. Part One,Septinas neveikla seksa reizes. Pirma dala,0,2016,\N,26,Short
1469265,tt1090634,movie,The 13th Alley,The 13th Alley,0,2008,\N,81,Horror
1472407,tt1091191,movie,Lone Survivor,Lone Survivor,0,2013,\N,121,"Action,Biography,Drama"
1472607,tt1091229,movie,CC2C,Chandni Chowk to China,0,2009,\N,154,"Action,Comedy,Drama"
1474701,tt1091617,movie,Expelled: No Intelligence Allowed,Expelled: No Intelligence Allowed,0,2008,\N,90,Documentary
1475302,tt1091722,movie,Adventureland,Adventureland,0,2009,\N,107,"Comedy,Drama,Romance"
1475458,tt1091751,movie,The Longshots,The Longshots,0,2008,\N,94,"Biography,Comedy,Drama"
1476013,tt10918524,movie,Rescue Me: A Home 4 Spot,Rescue Me: A Home 4 Spot,0,2019,\N,60,Documentary
1476338,tt10919132,movie,Love Mocktail,Love Mocktail,0,2020,\N,153,"Drama,Romance"
1476478,tt10919380,movie,Freaky,Freaky,0,2020,\N,102,"Comedy,Horror,Thriller"
1476841,tt1092005,movie,Golmaal Returns,Golmaal Returns,0,2008,\N,135,"Comedy,Crime,Mystery"
1476876,tt1092011,movie,Sacred Demijohn,Kutsal Damacana,0,2007,\N,105,"Comedy,Fantasy,Horror"
1476965,tt1092026,movie,Paul,Paul,0,2011,\N,104,"Adventure,Comedy,Sci-Fi"
1479025,tt10923940,movie,Lava,Lava,0,2019,\N,67,"Animation,Comedy,Sci-Fi"
1480320,tt1092633,movie,"The Goods: Live Hard, Sell Hard","The Goods: Live Hard, Sell Hard",0,2009,\N,89,Comedy
1480326,tt1092634,movie,Shanghai,Shanghai,0,2010,\N,105,"Crime,Drama,Mystery"
1484229,tt1093357,movie,The Darkest Hour,The Darkest Hour,0,2011,\N,89,"Action,Adventure,Horror"
1484290,tt1093370,movie,Jab We Met,Jab We Met,0,2007,\N,138,"Comedy,Drama,Romance"
1487270,tt1093908,movie,Confessions of a Shopaholic,Confessions of a Shopaholic,0,2009,\N,104,"Comedy,Romance"
1488978,tt10942220,movie,Kabaddi Kabaddi Kabaddi,Kabaddi Kabaddi Kabaddi,0,2019,\N,115,"Comedy,Drama,Romance"
1489072,tt1094241,movie,Bride Flight,Bride Flight,0,2008,\N,130,"Drama,Romance"
1490407,tt10944760,movie,Titane,Titane,0,2021,\N,108,"Drama,Horror,Sci-Fi"
1490689,tt10945254,movie,Operation Portugal,Opération Portugal,0,2021,\N,95,Comedy
1490700,tt10945274,movie,Vicky and Her Mystery,Mystère,0,2021,\N,84,"Adventure,Drama,Family"
1490708,tt10945288,movie,The Wolf and the Lion,Le loup et le lion,0,2021,\N,99,"Adventure,Drama,Family"
1491795,tt10947284,short,Short Distance,Short Distance,0,2019,\N,\N,"Sci-Fi,Short"
1492662,tt10948820,movie,The Predators,I predatori,0,2020,\N,109,"Comedy,Drama"
1494288,tt1095174,movie,New in Town,New in Town,0,2009,\N,97,"Comedy,Romance"
1494518,tt1095217,movie,Bad Lieutenant: Port of Call New Orleans,The Bad Lieutenant: Port of Call - New Orleans,0,2009,\N,122,"Crime,Drama,Mystery"
1495795,tt10954600,movie,Ant-Man and the Wasp: Quantumania,Ant-Man and the Wasp: Quantumania,0,2023,\N,124,"Action,Adventure,Comedy"
1495816,tt10954652,movie,Old,Old,0,2021,\N,108,"Drama,Mystery,Thriller"
1495846,tt10954718,movie,Dog Man,Dog Man,0,2025,\N,89,"Action,Adventure,Animation"
1495992,tt10954984,movie,Nope,Nope,0,2022,\N,130,"Horror,Mystery,Sci-Fi"
1501075,tt10963910,short,Premortem,Premortem,0,2019,\N,13,"Drama,Short,Thriller"
1501369,tt10964430,movie,Thappad,Thappad,0,2020,\N,142,Drama
1502095,tt10965792,movie,Belle fille,Belle fille,0,2020,\N,96,Comedy
1504605,tt1097013,movie,Next Day Air,Next Day Air,0,2009,\N,84,"Action,Comedy,Crime"
1504611,tt1097014,movie,Paragraf 78 - Film vtoroy,Paragraf 78 - Film vtoroy,0,2007,\N,90,"Action,Sci-Fi,Thriller"
1507329,tt10974942,movie,It Ends with a Knife,It Ends with a Knife,0,2019,\N,\N,"Drama,Mystery,Thriller"
1507676,tt1097560,video,Doh Doh Island,Doh Doh Island,0,2003,\N,\N,"Animation,Short"
1512040,tt1098327,movie,Dragonball Evolution,Dragonball Evolution,0,2009,\N,85,"Action,Adventure,Fantasy"
1513651,tt10986222,movie,C'mon C'mon,C'mon C'mon,0,2021,\N,109,Drama
1516967,tt1099212,movie,Twilight,Twilight,0,2008,\N,122,"Drama,Fantasy,Romance"
1518437,tt10994712,movie,Sri Asih,Sri Asih,0,2022,\N,135,"Action,Adventure,Drama"
1521722,tt1100051,movie,Bereavement,Bereavement,0,2010,\N,103,"Crime,Horror,Thriller"
1521938,tt1100089,movie,Foxcatcher,Foxcatcher,0,2014,\N,134,"Biography,Drama,History"
1522109,tt1100119,movie,Shorts,Shorts,0,2009,\N,89,"Adventure,Comedy,Family"
1523277,tt11003218,movie,Pig,Pig,0,2021,\N,92,"Drama,Mystery"
1525302,tt11006950,movie,The Nutcracker and the Magic Flute,Shchelkunchik i volshebnaya fleyta,0,2022,\N,90,"Animation,Family,Fantasy"
1527174,tt1101026,movie,Admiral,Admiral,0,2008,\N,124,"Biography,Drama,History"
1529044,tt11013572,movie,A Good Doctor,Docteur?,0,2019,\N,90,Comedy
1529067,tt11013610,movie,KKN di Desa Penari,KKN di Desa Penari,0,2022,\N,130,"Horror,Mystery,Thriller"
1533571,tt1102159,movie,Abraham and Lincoln,Abraham and Lincoln,0,2007,\N,137,Action
1539220,tt1103153,movie,Killers,Killers,0,2010,\N,100,"Action,Comedy,Romance"
1539689,tt11032374,movie,Demon Slayer: Kimetsu no Yaiba - The Movie: Mugen Train,Gekijô-ban Kimetsu no Yaiba Mugen Ressha-hen,0,2020,\N,117,"Action,Adventure,Animation"
1539817,tt1103262,movie,Deadlands 2: Trapped,Deadlands 2: Trapped,0,2008,\N,85,"Horror,Sci-Fi,Thriller"
1539885,tt1103275,movie,Two Lovers,Two Lovers,0,2008,\N,110,"Drama,Romance"
1543931,tt1103982,movie,The Girlfriend Experience,The Girlfriend Experience,0,2009,\N,77,Drama
1544044,tt1104001,movie,Tron: Legacy,Tron: Legacy,0,2010,\N,125,"Action,Adventure,Sci-Fi"
1544480,tt11040762,movie,Alice,Alice,0,2022,\N,100,"Crime,Drama,Thriller"
1544514,tt1104083,movie,Little Ashes,Little Ashes,0,2008,\N,112,"Biography,Drama,History"
1548141,tt1104733,movie,Hamlet 2,Hamlet 2,0,2008,\N,92,"Comedy,Music"
1553789,tt11057302,movie,Madame Web,Madame Web,0,2024,\N,116,"Action,Thriller"
1553805,tt1105733,movie,Kismat Konnection,Kismat Konnection,0,2008,\N,153,"Comedy,Drama,Romance"
1553895,tt1105748,movie,Zonad,Zonad,0,2009,\N,75,Comedy
1559927,tt11068094,movie,White Bird,White Bird,0,2023,\N,121,"Biography,Drama,Family"
1560208,tt1106860,movie,Ca$h,Ca$h,0,2010,\N,108,"Crime,Thriller"
1562769,tt1107319,movie,Dirty Girl,Dirty Girl,0,2010,\N,90,"Comedy,Drama"
1563867,tt11075264,movie,Thallumaala,Thallumaala,0,2022,\N,148,"Action,Comedy,Drama"
1565530,tt1107816,movie,Giallo,Giallo,0,2009,\N,92,"Crime,Horror,Mystery"
1565597,tt1107828,movie,Korolyov,Korolyov,0,2007,\N,130,"Biography,Drama"
1565772,tt1107860,movie,The Maiden Heist,The Maiden Heist,0,2009,\N,90,"Comedy,Crime"
1568572,tt11083552,movie,Wrath of Man,Wrath of Man,0,2021,\N,119,"Action,Crime,Thriller"
1569258,tt11084896,movie,Spirit Untamed,Spirit Untamed,0,2021,\N,88,"Adventure,Animation,Comedy"
1571175,tt1108850,movie,Leo,Leo,0,2007,\N,78,"Crime,Drama"
1573099,tt11092020,movie,Shadow Force,Shadow Force,0,2025,\N,104,"Action,Drama,Thriller"
1575461,tt1109624,movie,Paddington,Paddington,0,2014,\N,95,"Adventure,Comedy,Family"
1577768,tt1110037,movie,Antidur,Antidur,0,2007,\N,91,"Action,Comedy,Crime"
1585332,tt1111422,movie,The Taking of Pelham 123,The Taking of Pelham 123,0,2009,\N,106,"Action,Crime,Thriller"
1588213,tt1111948,movie,Soul Men,Soul Men,0,2008,\N,100,"Comedy,Drama,Music"
1589068,tt1112110,movie,Hollywood,Hollywood,0,2002,\N,130,"Comedy,Sci-Fi"
1590157,tt11123206,movie,Love on Demand,A Gentleman- Gentleperson's Guide to Online Dating,0,2019,\N,51,Documentary
1592735,tt11127878,movie,Milea,Milea: Suara dari Dilan,0,2020,\N,102,"Drama,Romance"
1593042,tt11128440,movie,Clerks III,Clerks III,0,2022,\N,100,"Comedy,Drama"
1598653,tt11138512,movie,The Northman,The Northman,0,2022,\N,137,"Action,Adventure,Drama"
1599765,tt11140488,movie,The Wolf of Snow Hollow,The Wolf of Snow Hollow,0,2020,\N,85,"Comedy,Horror,Mystery"
1602263,tt11145118,movie,Creed III,Creed III,0,2023,\N,116,"Action,Drama,Sport"
1603206,tt11146760,movie,Panghrun,Panghrun,0,2019,\N,131,"Drama,Musical"
1603211,tt1114677,movie,Hannah Montana: The Movie,Hannah Montana: The Movie,0,2009,\N,102,"Comedy,Drama,Family"
1603417,tt1114715,movie,Sangre de mayo,Sangre de mayo,0,2008,\N,152,History
1603562,tt1114740,movie,Paul Blart: Mall Cop,Paul Blart: Mall Cop,0,2009,\N,91,"Action,Comedy,Crime"
1606186,tt11152168,movie,IF,If,0,2024,\N,104,"Animation,Comedy,Drama"
1611535,tt1116184,movie,Jackass 3D,Jackass 3D,0,2010,\N,94,"Action,Comedy,Documentary"
1624975,tt1118627,movie,Naked Night,Shab-e berehne,0,2001,\N,\N,Drama
1627655,tt1119123,movie,Accidents Happen,Accidents Happen,0,2009,\N,92,"Comedy,Drama"
1628066,tt1119199,movie,A Man Who Was Superman,Syoo-peo-maen-i-sseo-deon sa-na-i,0,2008,\N,102,"Comedy,Drama"
1630447,tt1119646,movie,The Hangover,The Hangover,0,2009,\N,100,Comedy
1630957,tt11197384,movie,Hillary: Ocean to Sky,Hillary: Ocean to Sky,0,2019,\N,106,Documentary
1631725,tt11198810,movie,She Said,She Said,0,2022,\N,129,"Crime,Drama,History"
1635833,tt11206302,movie,30 jours max,30 jours max,0,2020,\N,87,"Action,Comedy,Crime"
1637674,tt1120985,movie,Blue Valentine,Blue Valentine,0,2010,\N,112,"Drama,Romance"
1637984,tt11210390,movie,Asterix & Obelix: The Middle Kingdom,Astérix & Obélix : L'empire du milieu,0,2023,\N,112,"Adventure,Comedy,Family"
1638279,tt1121096,movie,Seventh Son,Seventh Son,0,2014,\N,102,"Action,Adventure,Fantasy"
1640170,tt11214558,movie,The Smashing Machine,The Smashing Machine,0,2025,\N,123,"Action,Biography,Drama"
1640190,tt11214590,movie,House of Gucci,House of Gucci,0,2021,\N,158,"Biography,Crime,Drama"
1642696,tt1121931,movie,Crank: High Voltage,Crank: High Voltage,0,2009,\N,96,"Action,Thriller"
1642788,tt1121948,movie,The Killer,The Killer,0,2024,\N,126,"Action,Thriller"
1642954,tt1121977,movie,Mother and Child,Mother and Child,0,2009,\N,125,"Drama,Romance"
1650540,tt1123372,movie,Cicak-Man,Cicak-Man,0,2006,\N,107,"Action,Comedy,Sci-Fi"
1650546,tt1123373,movie,Detective Dee: The Mystery of the Phantom Flame,Di Renjie: Tongtian diguo,0,2010,\N,119,"Action,Adventure,Drama"
1654107,tt11240348,movie,The Exorcism,The Exorcism,0,2024,\N,95,"Horror,Thriller"
1654108,tt1124035,movie,The Ides of March,The Ides of March,0,2011,\N,101,"Drama,Thriller"
1654119,tt1124037,movie,Free State of Jones,Free State of Jones,0,2016,\N,139,"Action,Biography,Drama"
1654197,tt1124052,movie,City of Life and Death,Nanjing! Nanjing!,0,2009,\N,133,"Drama,History,War"
1655376,tt11242700,movie,Women Who Run with the Wolves,Women Who Run with the Wolves,0,2019,\N,80,War
1656016,tt1124388,movie,Play the Game,Play the Game,0,2009,\N,105,"Comedy,Romance"
1656060,tt1124396,movie,Hitler Goes Kaput!,Gitler kaput!,0,2008,\N,95,"Action,Adventure,Comedy"
1657111,tt11245972,movie,Scream,Scream,0,2022,\N,114,"Horror,Mystery,Thriller"
1660513,tt11252248,movie,Dog,Dog,0,2022,\N,101,"Comedy,Drama"
1660615,tt11252440,movie,Psycho Goreman,Psycho Goreman,0,2020,\N,95,"Comedy,Horror,Sci-Fi"
1660890,tt11252938,short,Eden,Eden,0,2019,\N,6,"Horror,Short"
1661226,tt11253526,movie,The Ninth,Devyataya,0,2019,\N,99,"Adventure,Crime,Horror"
1661603,tt11254246,movie,Anxious America,Anxious America,0,2019,\N,66,Documentary
1663509,tt11257754,movie,The Private Cemetry,Ghabrestane Gheyre Entefaei,0,2012,\N,\N,Comedy
1663904,tt1125849,movie,The Wrestler,The Wrestler,0,2008,\N,109,"Drama,Sport"
1668018,tt1126590,movie,Big Eyes,Big Eyes,0,2014,\N,106,"Biography,Crime,Drama"
1668024,tt1126591,movie,Burlesque,Burlesque,0,2010,\N,119,"Drama,Music,Musical"
1668168,tt1126618,movie,Morning Glory,Morning Glory,0,2010,\N,107,"Comedy,Drama,Romance"
1670855,tt11271038,movie,Licorice Pizza,Licorice Pizza,0,2021,\N,133,"Comedy,Drama,Romance"
1671211,tt1127180,movie,Drag Me to Hell,Drag Me to Hell,0,2009,\N,99,Horror
1674066,tt1127702,movie,Mission London,Mission London,0,2010,\N,107,Comedy
1675109,tt1127884,movie,Hannah Montana and Miley Cyrus: Best of Both Worlds Concert,Hannah Montana and Miley Cyrus: Best of Both Worlds Concert,0,2008,\N,74,"Documentary,Music"
1675174,tt1127896,movie,Taking Woodstock,Taking Woodstock,0,2009,\N,120,"Biography,Comedy,Drama"
1678945,tt11285908,movie,Ashfall,Baekdusan,0,2019,\N,130,"Action,Sci-Fi,Thriller"
1679154,tt11286314,movie,Don't Look Up,Don't Look Up,0,2021,\N,138,"Comedy,Drama,Sci-Fi"
1681887,tt11291274,movie,The Unbearable Weight of Massive Talent,The Unbearable Weight of Massive Talent,0,2022,\N,107,"Action,Comedy,Crime"
1683568,tt1129423,movie,Fireproof,Fireproof,0,2008,\N,122,"Drama,Romance"
1683647,tt1129437,movie,Skinning,Sisanje,0,2010,\N,102,"Action,Crime,Drama"
1683669,tt1129442,movie,Transporter 3,Transporter 3,0,2008,\N,104,"Action,Thriller"
1683686,tt1129445,movie,Amelia,Amelia,0,2009,\N,111,"Adventure,Biography,Drama"
1687212,tt1130080,movie,The Informant!,The Informant!,0,2009,\N,108,"Biography,Comedy,Crime"
1687321,tt11301008,short,Sense,Sense,0,2019,\N,10,"Drama,Mystery,Romance"
1689354,tt11304740,movie,Wish,Wish,0,2023,\N,95,"Adventure,Animation,Comedy"
1690535,tt11306896,movie,Trivikrama,Trivikrama,0,2022,\N,151,"Comedy,Drama,Romance"
1691602,tt1130884,movie,Shutter Island,Shutter Island,0,2010,\N,138,"Drama,Mystery,Thriller"
1692042,tt1130964,movie,The 5th Quarter,The 5th Quarter,0,2010,\N,101,"Biography,Drama,Sport"
1692059,tt1130967,movie,The Graduates,The Graduates,0,2008,\N,97,Comedy
1692132,tt1130980,movie,A Deal Is a Deal,Three and Out,0,2008,\N,106,"Comedy,Drama"
1692175,tt1130988,movie,JCVD,JCVD,0,2008,\N,97,"Comedy,Crime,Drama"
1692614,tt11310670,movie,Madeleine Collins,Madeleine Collins,0,2021,\N,102,"Drama,Thriller"
1693608,tt11312414,short,Sleepers,Sleepers,0,2020,\N,\N,"Action,Short"
1695500,tt11315808,movie,Joker: Folie à Deux,Joker: Folie à Deux,0,2024,\N,138,"Drama,Musical,Thriller"
1696210,tt11317142,movie,Shiva Baby,Shiva Baby,0,2020,\N,77,"Comedy,Drama"
1696288,tt1131729,movie,The Boat That Rocked,Pirate Radio,0,2009,\N,117,"Comedy,Drama,Music"
1696315,tt1131734,movie,Jennifer's Body,Jennifer's Body,0,2009,\N,102,"Comedy,Horror"
1700368,tt1132449,movie,Lay the Favorite,Lay the Favorite,0,2012,\N,94,"Comedy,Drama,Romance"
1701143,tt1132588,movie,Gooby,Gooby,0,2009,\N,95,"Family,Fantasy"
1701316,tt1132620,movie,The Girl with the Dragon Tattoo,Män som hatar kvinnor,0,2009,\N,152,"Crime,Drama,Mystery"
1701350,tt1132626,movie,Saw V,Saw V,0,2008,\N,92,"Horror,Thriller"
1708877,tt1133985,movie,Green Lantern,Green Lantern,0,2011,\N,114,"Action,Adventure,Sci-Fi"
1709877,tt11341572,movie,The Color of Your Skin,The Color of Your Skin,0,2019,\N,55,Documentary
1712705,tt1134664,movie,Boogie Woogie,Boogie Woogie,0,2009,\N,94,"Comedy,Drama"
1712910,tt11347146,movie,Mat Kilau,Mat Kilau: Kebangkitan Pahlawan,0,2022,\N,117,"Action,Adventure,Drama"
1713466,tt11348232,movie,The Requin,The Requin,0,2022,\N,89,"Horror,Thriller"
1713491,tt1134828,movie,Chameleon,Kaméleon,0,2008,\N,108,"Comedy,Drama,Thriller"
1713630,tt1134854,movie,Survival of the Dead,Survival of the Dead,0,2009,\N,90,"Comedy,Drama,Horror"
1714789,tt1135084,movie,Takers,Takers,0,2010,\N,107,"Action,Crime,Drama"
1717005,tt1135487,movie,Duplicity,Duplicity,0,2009,\N,125,"Comedy,Crime,Romance"
1717096,tt1135503,movie,Julie & Julia,Julie & Julia,0,2009,\N,123,"Biography,Drama,Romance"
1717255,tt11355320,movie,Young Love,Young Love,0,2019,\N,112,Romance
1718851,tt11358390,movie,Renfield,Renfield,0,2023,\N,93,"Action,Comedy,Fantasy"
1719529,tt1135985,movie,Sex Drive,Sex Drive,0,2008,\N,109,"Comedy,Romance"
1719553,tt1135989,movie,A Tale of Love and Darkness,A Tale of Love and Darkness,0,2015,\N,95,"Biography,Drama,History"
1722424,tt11365186,movie,Redeeming Love,Redeeming Love,0,2022,\N,134,"Drama,Romance,Western"
1722909,tt1136608,movie,District 9,District 9,0,2009,\N,112,"Action,Sci-Fi,Thriller"
1722925,tt1136617,movie,The Killer,The Killer,0,2023,\N,118,"Action,Adventure,Crime"
1722963,tt11366358,short,Buncer,Buncer,0,2019,\N,10,"Fantasy,Short"
1727459,tt1137450,movie,Death Wish,Death Wish,0,2018,\N,107,"Action,Crime,Drama"
1727572,tt1137470,movie,Accidental Love,Accidental Love,0,2015,\N,100,"Comedy,Romance"
1733650,tt11386020,movie,Black Raven,Chornyy Voron,0,2019,\N,110,"Drama,History,War"
1735664,tt11389872,movie,Kingdom of the Planet of the Apes,Kingdom of the Planet of the Apes,0,2024,\N,145,"Action,Adventure,Drama"
1737255,tt1139282,movie,Stolen,Stolen Lives,0,2009,\N,91,"Crime,Drama,Mystery"
1737519,tt1139328,movie,The Ghost Writer,The Ghost Writer,0,2010,\N,128,"Crime,Drama,Mystery"
1738984,tt1139592,movie,Jeepers Creepers III,Jeepers Creepers 3,0,2017,\N,100,Horror
1739383,tt1139668,movie,The Unborn,The Unborn,0,2009,\N,88,"Horror,Mystery,Thriller"
1740097,tt1139797,movie,Let the Right One In,Låt den rätte komma in,0,2008,\N,114,"Drama,Fantasy,Horror"
1747890,tt11413018,movie,Chha Maya Chhapakkai,Chha Maya Chhapakkai,0,2019,\N,\N,\N
1750901,tt11418452,movie,Son of a Rich,Kholop,0,2019,\N,109,Comedy
1754234,tt1142433,movie,Post Grad,Post Grad,0,2009,\N,88,"Comedy,Family,Romance"
1756322,tt1142798,movie,The Family That Preys,The Family That Preys,0,2008,\N,111,Drama
1756334,tt1142800,movie,Madea Goes to Jail,Madea Goes to Jail,0,2009,\N,103,"Comedy,Crime,Drama"
1757206,tt1142977,movie,Frankenweenie,Frankenweenie,0,2012,\N,87,"Animation,Comedy,Drama"
1757265,tt1142988,movie,The Ugly Truth,The Ugly Truth,0,2009,\N,96,"Comedy,Romance"
1765869,tt1144551,movie,Peter and Vandy,Peter and Vandy,0,2009,\N,95,"Drama,Romance"
1767535,tt11448490,movie,Masquerade,Masquerade,0,2021,\N,80,"Horror,Mystery,Thriller"
1767722,tt1144884,movie,The Final Destination,The Final Destination,0,2009,\N,82,"Horror,Thriller"
1771278,tt11455260,movie,School of Magical Animals,Die Schule der magischen Tiere,0,2021,\N,93,"Adventure,Family,Musical"
1771722,tt11456054,movie,Run Hide Fight,Run Hide Fight,0,2020,\N,109,"Action,Crime,Drama"
1775723,tt1146325,movie,Singh Is King,Singh Is Kinng,0,2008,\N,135,"Action,Comedy,Crime"
1777373,tt11466222,movie,Jackass Forever,Jackass Forever,0,2022,\N,96,"Action,Comedy,Documentary"
1782172,tt11474750,movie,Dhakad Chhora,Dhakad Chhora,0,2004,\N,145,"Comedy,Drama,Family"
1783337,tt1147682,movie,Cook County,Cook County,0,2008,\N,93,Drama
1786008,tt1148165,movie,Bran Nue Dae,Bran Nue Dae,0,2009,\N,85,"Comedy,Drama,Musical"
1786171,tt1148200,movie,Chain Letter,Chain Letter,0,2010,\N,96,"Horror,Mystery"
1786183,tt1148204,movie,Orphan,Orphan,0,2009,\N,123,"Horror,Mystery,Thriller"
1789310,tt1148770,movie,Die Geschichte vom Brandner Kaspar,Die Geschichte vom Brandner Kaspar,0,2008,\N,96,"Comedy,Drama"
1790699,tt11490170,movie,HIT,Hit,0,2020,\N,125,"Crime,Drama,Mystery"
1792269,tt11493006,movie,Mako,Makoo,0,2021,\N,96,"Adventure,Thriller"
1792606,tt1149361,movie,Micmacs,Micmacs à tire-larigot,0,2009,\N,105,"Action,Comedy,Crime"
1792612,tt1149362,movie,The White Ribbon,Das weiße Band - Eine deutsche Kindergeschichte,0,2009,\N,144,"Drama,Mystery,Thriller"
1794214,tt11496478,movie,Emergency,Emergency,0,2007,\N,\N,Drama
1797503,tt11502344,short,Alpas,Alpas,0,2019,\N,\N,"Drama,Short"
1797753,tt11502802,movie,Tobulas Pasimatymas,Tobulas Pasimatymas,0,2020,\N,106,"Comedy,Romance"
1797779,tt11502848,short,Mr. Otto in 17,Mr. Otto in 17,0,2004,\N,3,"Animation,Short"
1797781,tt11502850,short,Muko,Muko,0,2014,\N,2,"Animation,Short"
1799754,tt11506284,movie,Father There is Only One 2,Padre no hay más que uno 2: La llegada de la suegra,0,2020,\N,96,"Comedy,Family"
1801546,tt1150947,movie,"Lovely, Still","Lovely, Still",0,2008,\N,92,"Drama,Romance"
1803833,tt1151359,movie,Leaves of Grass,Leaves of Grass,0,2009,\N,105,"Comedy,Crime,Drama"
1807043,tt1151922,movie,Miss March,Miss March,0,2009,\N,90,"Comedy,Romance"
1809735,tt1152398,movie,Beastly,Beastly,0,2011,\N,86,"Drama,Fantasy,Romance"
1812158,tt1152822,movie,Freakonomics,Freakonomics,0,2010,\N,85,Documentary
1812239,tt1152836,movie,Public Enemies,Public Enemies,0,2009,\N,140,"Biography,Crime,Drama"
1812318,tt1152850,movie,Wendy and Lucy,Wendy and Lucy,0,2008,\N,80,Drama
1812808,tt11529348,movie,5Gang,5Gang: Un Altfel de Craciun,0,2019,\N,100,"Action,Comedy"
1813399,tt1153040,movie,Tidal Wave,Haeundae,0,2009,\N,120,"Action,Drama,Sci-Fi"
1814020,tt11531530,movie,Varane Avashyamund,Varane Avashyamund,0,2020,\N,145,"Comedy,Drama,Romance"
1816126,tt11535228,movie,Emergency Declaration,Bisang seoneon,0,2021,\N,141,"Action,Drama,Thriller"
1817064,tt1153690,movie,Ballast,Ballast,0,2008,\N,96,Drama
1817159,tt1153706,movie,Dance Flick,Dance Flick,0,2009,\N,83,"Action,Comedy,Music"
1823098,tt11547520,movie,Kalashnikov,Kalashnikov,0,2020,\N,110,"Action,Biography,Drama"
1824786,tt1155053,movie,A Frozen Flower,Ssang-hwa-jeom,0,2008,\N,133,"Drama,History,Romance"
1824804,tt1155056,movie,"I Love You, Man","I Love You, Man",0,2009,\N,105,"Comedy,Romance"
1824916,tt1155076,movie,The Karate Kid,The Karate Kid,0,2010,\N,140,"Action,Drama,Family"
1828512,tt1155705,movie,20th Century Boys 1: Beginning of the End,20-seiki shônen: Honkaku kagaku bôken eiga,0,2008,\N,142,"Adventure,Fantasy,Mystery"
1829942,tt11559652,movie,Me contro Te - Il film: La vendetta del Signor S,Me contro Te - Il film: La vendetta del Signor S,0,2020,\N,64,"Comedy,Family"
1831109,tt1156173,movie,Vincere,Vincere,0,2009,\N,128,"Biography,Drama,Romance"
1832177,tt11563598,movie,A Complete Unknown,A Complete Unknown,0,2024,\N,141,"Biography,Drama,Music"
1832399,tt1156398,movie,Zombieland,Zombieland,0,2009,\N,88,"Action,Comedy,Horror"
1832694,tt11564570,movie,Glass Onion,Glass Onion,0,2022,\N,139,"Comedy,Crime,Drama"
1832738,tt1156466,video,Undisputed 3: Redemption,Undisputed III: Redemption,0,2010,\N,96,"Action,Crime,Drama"
1833543,tt11566164,movie,Secret Zoo,Haechijianha,0,2020,\N,118,Comedy
1835712,tt11570056,movie,Doso Dedo Iz Njemacke,Doso Dedo Iz Njemacke,0,2013,\N,105,Comedy
1846505,tt1158939,movie,Never Grow Old,Never Grow Old,0,2019,\N,100,"Drama,Thriller,Western"
1854355,tt1160368,movie,12 Rounds,12 Rounds,0,2009,\N,108,"Action,Crime,Thriller"
1854632,tt1160419,movie,Dune: Part One,Dune: Part One,0,2021,\N,155,"Action,Adventure,Drama"
1859053,tt11612144,movie,Koli Taal,Koli Taal,0,2021,\N,92,"Comedy,Drama,Mystery"
1859958,tt11613746,movie,Garcia & Garcia,García y García,0,2021,\N,98,"Adventure,Comedy,Family"
1860201,tt1161418,movie,Gentlemen Broncos,Gentlemen Broncos,0,2009,\N,90,"Comedy,Fantasy,Sci-Fi"
1862598,tt11618536,movie,Shithouse,Shithouse,0,2020,\N,100,"Comedy,Drama,Romance"
1862655,tt1161864,movie,The Rite,The Rite,0,2011,\N,114,"Drama,Horror,Mystery"
1883072,tt11655202,movie,Riders of Justice,Retfærdighedens ryttere,0,2020,\N,116,"Action,Comedy,Drama"
1883275,tt11655566,movie,Lilo & Stitch,Lilo & Stitch,0,2025,\N,108,"Action,Adventure,Comedy"
1883644,tt11656220,movie,Midnight in the Switchgrass,Midnight in the Switchgrass,0,2021,\N,99,"Crime,Mystery,Thriller"
1886277,tt1166100,movie,Ghajini,Ghajini,0,2008,\N,186,"Action,Mystery,Thriller"
1886334,tt1166110,movie,The Past Is a Foreign Land,Il passato è una terra straniera,0,2008,\N,120,Drama
1888095,tt11664368,movie,My Friend Karl,My Friend Karl,0,2020,\N,50,Documentary
1893555,tt11674072,movie,Monica and Friends: Lessons,Turma da Mônica: Lições,0,2021,\N,91,"Adventure,Drama,Family"
1894614,tt1167599,movie,Vicky the Viking,Wickie und die starken Männer,0,2009,\N,85,"Action,Adventure,Comedy"
1894633,tt11676022,short,Article 21 A,Article 21 A,0,2020,\N,\N,"Drama,Short"
1894965,tt1167660,movie,OSS 117: Lost in Rio,OSS 117 : Rio ne répond plus,0,2009,\N,101,"Action,Adventure,Comedy"
1895053,tt1167675,movie,Saint,Sint,0,2010,\N,88,"Comedy,Fantasy,Horror"
1900924,tt11687104,movie,"Alice, Darling","Alice, Darling",0,2022,\N,89,"Drama,Mystery,Romance"
1906566,tt11697356,movie,Corpus Peccati,Corpus Peccati,0,2019,\N,74,Horror
1908209,tt11700260,movie,Official Competition,Competencia oficial,0,2021,\N,115,"Comedy,Drama"
1909872,tt11703244,movie,The Blackening,The Blackening,0,2022,\N,97,"Comedy,Horror,Mystery"
1910055,tt1170358,movie,The Hobbit: The Desolation of Smaug,The Hobbit: The Desolation of Smaug,0,2013,\N,161,"Adventure,Fantasy"
1910131,tt11703710,movie,Downton Abbey: A New Era,Downton Abbey: A New Era,0,2022,\N,124,"Drama,Romance"
1910242,tt1170391,movie,Beautiful,Beautiful,0,2009,\N,97,"Drama,Thriller"
1910282,tt1170398,movie,Hinter Kaifeck,Hinter Kaifeck,0,2009,\N,86,"Mystery,Thriller"
1914953,tt1171222,movie,Baggage Claim,Baggage Claim,0,2013,\N,96,"Comedy,Romance"
1917633,tt1171701,movie,The Breath,Nefes,0,2009,\N,128,"Action,Drama,Thriller"
1919550,tt1172049,movie,Demolition,Demolition,0,2015,\N,101,"Comedy,Drama"
1919615,tt1172060,movie,It's Alive,It's Alive,0,2009,\N,80,"Horror,Sci-Fi"
1920591,tt1172230,movie,Diamond 13,Diamant 13,0,2009,\N,98,"Action,Crime,Thriller"
1920608,tt1172233,movie,Whip It,Whip It,0,2009,\N,111,"Drama,Sport"
1922213,tt1172522,movie,Machan,Machan,0,2008,\N,109,"Biography,Comedy,Drama"
1922478,tt1172570,movie,Bronson,Bronson,0,2008,\N,92,"Action,Crime,Drama"
1922560,tt1172587,movie,Delhi Safari,Delhi Safari,0,2012,\N,96,"Adventure,Animation,Comedy"
1924516,tt11729298,movie,American Underdog,American Underdog,0,2021,\N,112,"Biography,Drama,Romance"
1924847,tt1172991,movie,The Company Men,The Company Men,0,2010,\N,104,Drama
1924886,tt1172998,movie,Hurricane Season,Hurricane Season,0,2009,\N,102,"Drama,Sport"
1927562,tt11734696,movie,"Sí, Mi Amor","Sí mi amor, la película",0,2020,\N,107,Comedy
1930698,tt1174041,movie,Me and Mrs. Khanna,Main Aurr Mrs Khanna,0,2009,\N,109,"Comedy,Drama,Romance"
1934499,tt1174730,movie,City Island,City Island,0,2009,\N,104,"Comedy,Drama"
1934510,tt1174732,movie,An Education,An Education,0,2009,\N,100,Drama
1936456,tt11750814,movie,Una Fábula Muy Trillada,Una Fábula Muy Trillada,0,2016,\N,92,Documentary
1938722,tt1175491,movie,W.,W.,0,2008,\N,129,"Biography,Comedy,Drama"
1938808,tt1175506,movie,Me and Orson Welles,Me and Orson Welles,0,2008,\N,114,"Comedy,Drama"
1942746,tt11762114,movie,Mean Girls,Mean Girls,0,2024,\N,112,"Comedy,Musical"
1942927,tt11762434,movie,Cosmic Sin,Cosmic Sin,0,2021,\N,88,"Action,Sci-Fi"
1945681,tt1176740,movie,Away We Go,Away We Go,0,2009,\N,98,"Comedy,Drama,Romance"
1948102,tt11771656,movie,Full Moon,Qamar 14,0,2021,\N,84,"Drama,Romance"
1956328,tt1178663,movie,Whatever Works,Whatever Works,0,2009,\N,93,"Comedy,Romance"
1956340,tt1178665,movie,A Walk in the Woods,A Walk in the Woods,0,2015,\N,104,"Adventure,Biography,Comedy"
1957335,tt11788384,short,Brazen Epiphany,Brazen Epiphany,0,2019,\N,\N,"Action,Biography,Drama"
1958404,tt1179025,movie,The Extraordinary Adventures of Adèle Blanc-Sec,Les aventures extraordinaires d'Adèle Blanc-Sec,0,2010,\N,107,"Action,Adventure,Comedy"
1958450,tt1179034,movie,From Paris with Love,From Paris with Love,0,2010,\N,92,"Action,Crime,Thriller"
1958565,tt1179056,movie,A Nightmare on Elm Street,A Nightmare on Elm Street,0,2010,\N,95,"Crime,Drama,Horror"
1958634,tt1179069,movie,6 Souls,6 Souls,0,2010,\N,112,"Horror,Mystery,Thriller"
1959628,tt1179258,movie,Chéri,Chéri,0,2009,\N,86,"Comedy,Drama,Romance"
1963250,tt1179891,movie,My Bloody Valentine,My Bloody Valentine,0,2009,\N,101,"Horror,Mystery,Thriller"
1963324,tt1179904,movie,Paranormal Activity,Paranormal Activity,0,2007,\N,86,"Horror,Mystery"
1963491,tt1179933,movie,10 Cloverfield Lane,10 Cloverfield Lane,0,2016,\N,103,"Drama,Horror,Sci-Fi"
1963526,tt11799392,short,Sun City,Sun City,0,2019,\N,\N,"Documentary,Short"
1965471,tt1180300,movie,Budapest,Budapest,0,2009,\N,113,"Adventure,Drama,Romance"
1967025,tt1180583,movie,Vaaranam Aayiram,Vaaranam Aayiram,0,2008,\N,169,"Action,Drama,Musical"
1968158,tt11807888,movie,The Grandmother,La abuela,0,2021,\N,100,Horror
1971167,tt11813216,movie,The Banshees of Inisherin,The Banshees of Inisherin,0,2022,\N,114,"Comedy,Drama"
1972741,tt1181614,movie,Wuthering Heights,Wuthering Heights,0,2011,\N,129,"Drama,Romance"
1973752,tt1181795,movie,Bunraku,Bunraku,0,2010,\N,124,"Action,Drama,Thriller"
1974015,tt1181840,movie,Jack and the Cuckoo-Clock Heart,Jack et la mécanique du coeur,0,2013,\N,94,"Adventure,Animation,Drama"
1975994,tt11821912,movie,Devara Part 1,Devara: Part 1,0,2024,\N,176,"Action,Adventure,Drama"
1976836,tt1182345,movie,Moon,Moon,0,2009,\N,97,"Drama,Mystery,Sci-Fi"
1976865,tt1182350,movie,You Will Meet a Tall Dark Stranger,You Will Meet a Tall Dark Stranger,0,2010,\N,98,"Comedy,Drama,Romance"
1979177,tt11827628,movie,Memory,Memory,0,2022,\N,114,"Action,Crime,Thriller"
1979807,tt1182884,movie,Dulha Mil Gaya,Dulha Mil Gaya,0,2010,\N,152,"Comedy,Drama,Romance"
1980022,tt1182921,movie,Ninja,Ninja,0,2009,\N,86,"Action,Thriller"
1980039,tt1182924,movie,A Pain in the Ass,L'emmerdeur,0,2008,\N,86,"Comedy,Crime"
1980282,tt1182972,movie,Bachna Ae Haseeno,Bachna Ae Haseeno,0,2008,\N,152,"Comedy,Drama,Romance"
1981618,tt11832046,movie,PAW Patrol: The Movie,PAW Patrol: The Movie,0,2021,\N,86,"Action,Adventure,Animation"
1981884,tt1183251,movie,Beyond a Reasonable Doubt,Beyond a Reasonable Doubt,0,2009,\N,106,"Crime,Drama,Mystery"
1982026,tt1183276,movie,The Horde,La horde,0,2009,\N,90,"Action,Horror"
1984158,tt1183658,movie,18-14,18-14,0,2007,\N,95,"History,Thriller"
1985627,tt1183917,movie,Teen Patti,Teen Patti,0,2010,\N,140,"Crime,Drama,Thriller"
1992521,tt11851548,movie,Orphan: First Kill,Orphan: First Kill,0,2022,\N,99,"Crime,Drama,Horror"
1992971,tt11852364,short,My Religious Family,My Religious Family,0,2020,\N,3,"Animation,Short"
1992995,tt1185242,movie,Finding Bliss,Finding Bliss,0,2009,\N,96,"Comedy,Romance"
1993115,tt1185266,movie,Stan Helsing,Stan Helsing,0,2009,\N,90,"Comedy,Fantasy,Horror"
1993545,tt1185344,movie,Princess Kaiulani,Princess Ka'iulani,0,2009,\N,130,"Biography,Drama,History"
1993945,tt1185416,movie,When in Rome,When in Rome,0,2010,\N,91,"Comedy,Romance"
1993969,tt1185420,movie,Dostana,Dostana,0,2008,\N,145,"Comedy,Drama,Romance"
1994034,tt1185431,movie,My One and Only,My One and Only,0,2009,\N,108,"Adventure,Biography,Comedy"
1994097,tt1185442,movie,Kurbaan,Kurbaan,0,2009,\N,161,"Action,Crime,Drama"
1995086,tt1185616,movie,Waltz with Bashir,Vals Im Bashir,0,2008,\N,90,"Animation,Biography,Documentary"
1996317,tt1185834,movie,Star Wars: The Clone Wars,Star Wars: The Clone Wars,0,2008,\N,98,"Action,Adventure,Animation"
1996597,tt11858890,movie,The Creator,The Creator,0,2023,\N,133,"Action,Adventure,Drama"
1997361,tt1186025,movie,SOS: Summer of Suspense,S.O.S Svartskjær,0,2008,\N,87,Family
1999299,tt1186366,movie,Morphine,Morfiy,0,2008,\N,110,Drama
1999305,tt1186367,movie,Ninja Assassin,Ninja Assassin,0,2009,\N,99,"Action,Thriller"
2001837,tt1186830,movie,Agora,Agora,0,2009,\N,127,"Adventure,Biography,Drama"
2003069,tt1187043,movie,3 Idiots,3 Idiots,0,2009,\N,170,"Comedy,Drama"
2003093,tt1187047,movie,1½ Knights - In Search of the Ravishing Princess Herzelinde,1 1/2 Ritter - Auf der Suche nach der hinreißenden Herzelinde,0,2008,\N,115,"Adventure,Comedy"
2003191,tt1187064,movie,Triangle,Triangle,0,2009,\N,99,"Fantasy,Mystery,Sci-Fi"
2007370,tt11878266,movie,Adventures in Success,Adventures in Success,0,2021,\N,98,Comedy
2012292,tt1188729,movie,Pandorum,Pandorum,0,2009,\N,108,"Action,Horror,Mystery"
2013825,tt1188996,movie,My Name Is Khan,My Name Is Khan,0,2010,\N,165,"Drama,Romance"
2014010,tt1189032,movie,The Dead Walk,The Dead Walk,0,2008,\N,\N,Horror
2014222,tt1189073,movie,The Skin I Live In,La piel que habito,0,2011,\N,120,"Drama,Mystery,Thriller"
2014310,tt11890896,short,Carpe Diem,Carpe Diem,0,2020,\N,4,"Romance,Short"
2015696,tt1189340,movie,The Lincoln Lawyer,The Lincoln Lawyer,0,2011,\N,118,"Crime,Drama,Mystery"
2019862,tt1190080,movie,2012,2012,0,2009,\N,158,"Action,Adventure,Sci-Fi"
2022415,tt1190536,movie,Black Dynamite,Black Dynamite,0,2009,\N,84,"Action,Comedy"
2022737,tt11905962,movie,Sputnik,Sputnik,0,2020,\N,113,"Drama,Horror,Mystery"
2022853,tt1190617,movie,An American Carol,An American Carol,0,2008,\N,83,"Comedy,Fantasy"
2023956,tt11908172,movie,The Kill Room,The Kill Room,0,2023,\N,98,"Comedy,Thriller"
2025543,tt1191111,movie,Enter the Void,Enter the Void,0,2009,\N,161,"Drama,Fantasy"
2028413,tt11916256,short,Imitation,Imitation,0,2020,\N,4,"Action,Crime,Mystery"
2033935,tt1192628,movie,Rango,Rango,0,2011,\N,107,"Action,Adventure,Animation"
2035282,tt1192862,movie,07-y menyaet kurs,07-y menyaet kurs,0,2007,\N,91,Action
2036060,tt11930126,movie,Alcarràs,Alcarràs,0,2022,\N,120,Drama
2036499,tt1193088,movie,Le code a changé,Le code a changé,0,2009,\N,100,"Comedy,Drama"
2036789,tt1193138,movie,Up in the Air,Up in the Air,0,2009,\N,109,"Comedy,Drama,Romance"
2038259,tt11934038,movie,The Burning Cold,El fred que crema,0,2022,\N,116,Drama
2038815,tt1193507,movie,My Own Love Song,My Own Love Song,0,2010,\N,102,"Adventure,Comedy,Drama"
2038864,tt1193516,movie,Recep Ivedik,Recep Ivedik,0,2008,\N,90,Comedy
2039518,tt1193631,movie,Step Up 3D,Step Up 3D,0,2010,\N,107,"Drama,Music,Romance"
2042527,tt11941694,movie,The Blue Star,La estrella azul,0,2023,\N,129,"Drama,Music"
2042545,tt1194173,movie,The Bourne Legacy,The Bourne Legacy,0,2012,\N,135,"Action,Adventure,Thriller"
2042925,tt1194242,movie,The Villain,Le vilain,0,2009,\N,86,"Action,Comedy,Crime"
2043044,tt1194263,movie,Get Low,Get Low,0,2009,\N,103,"Drama,Mystery"
2043924,tt1194417,movie,Casino Jack,Casino Jack,0,2010,\N,108,"Biography,Comedy,Crime"
2045047,tt1194616,movie,LOL (Laughing Out Loud),LOL (Laughing Out Loud) ®,0,2008,\N,103,"Comedy,Romance"
2045092,tt1194624,movie,The Sniper,San cheung sau,0,2009,\N,90,"Action,Crime,Thriller"
2048497,tt11952606,movie,Easter Sunday,Easter Sunday,0,2022,\N,96,Comedy
2049675,tt1195478,movie,The Five-Year Engagement,The Five-Year Engagement,0,2012,\N,124,"Comedy,Drama,Romance"
2053319,tt1196141,movie,Diary of a Wimpy Kid,Diary of a Wimpy Kid,0,2010,\N,94,"Comedy,Drama,Family"
2053459,tt1196170,video,Hollywood & Wine,Hollywood & Wine,0,2011,\N,95,Comedy
2054379,tt1196340,movie,Inhale,Inhale,0,2010,\N,83,"Drama,Thriller"
2056314,tt11966896,short,Bohurupi,Bohurupi,0,2019,\N,11,"Crime,Short,Thriller"
2061368,tt11976134,movie,Singham Again,Singham Again,0,2024,\N,144,"Action,Crime,Drama"
2061425,tt1197624,movie,Law Abiding Citizen,Law Abiding Citizen,0,2009,\N,109,"Action,Crime,Drama"
2061438,tt1197628,movie,Observe and Report,Observe and Report,0,2009,\N,86,"Action,Comedy,Crime"
2064233,tt1198138,movie,Obsessed,Obsessed,0,2009,\N,108,"Drama,Romance,Thriller"
2066602,tt11985684,movie,Romulo & Julita,Romulo & Julita,0,2020,\N,92,Comedy
2069913,tt11991744,movie,Clouded,Clouded,0,2014,\N,59,Comedy
2070451,tt11992694,movie,Corsage,Corsage,0,2022,\N,114,"Biography,Drama,History"
2075696,tt1200263,movie,The Color Purple,The Color Purple,0,2023,\N,141,"Drama,Musical"
2076387,tt12003946,movie,Violent Night,Violent Night,0,2022,\N,112,"Action,Comedy,Thriller"
2076435,tt12004038,movie,Watcher,Watcher,0,2022,\N,96,"Drama,Horror,Mystery"
2079518,tt12009844,short,Dropping Gear,Dropping Gear,0,2019,\N,5,"Comedy,Drama,Short"
2080547,tt1201167,movie,Funny People,Funny People,0,2009,\N,146,"Comedy,Drama"
2082507,tt1201560,movie,L'anno mille,L'anno mille,0,2008,\N,97,Fantasy
2082772,tt1201607,movie,Harry Potter and the Deathly Hallows: Part 2,Harry Potter and the Deathly Hallows: Part 2,0,2011,\N,130,"Adventure,Family,Fantasy"
2087839,tt1202532,movie,Platon,Platon,0,2008,\N,90,Drama
2094118,tt12037194,movie,Furiosa: A Mad Max Saga,Furiosa: A Mad Max Saga,0,2024,\N,148,"Action,Adventure,Sci-Fi"
2097572,tt1204342,movie,The Muppets,The Muppets,0,2011,\N,103,"Adventure,Comedy,Family"
2100558,tt1204883,movie,Boogeyman 3,Boogeyman 3,0,2008,\N,94,"Horror,Thriller"
2100931,tt12049484,movie,Entropia,Entropia,0,2022,\N,98,"Crime,Drama,Mystery"
2101082,tt1204975,movie,Last Vegas,Last Vegas,0,2013,\N,105,Comedy
2101094,tt1204977,movie,Ouija,Ouija,0,2014,\N,89,"Horror,Mystery,Thriller"
2103979,tt1205489,movie,Gran Torino,Gran Torino,0,2008,\N,116,Drama
2104231,tt1205537,movie,Jack Ryan: Shadow Recruit,Jack Ryan: Shadow Recruit,0,2014,\N,105,"Action,Drama,Thriller"
2105406,tt12057400,short,Abscond,Abscond,0,2019,\N,4,"Crime,Drama,Short"
2109448,tt1206483,movie,Red Lips,Labios rojos,0,2011,\N,93,Comedy
2109717,tt1206543,movie,Out of the Furnace,Out of the Furnace,0,2013,\N,116,"Crime,Drama,Thriller"
2111556,tt1206885,movie,Rambo: Last Blood,Rambo: Last Blood,0,2019,\N,89,"Action,Crime,Thriller"
2121332,tt1208713,movie,The Junior Olsen Gang and the Black Gold,Olsenbanden jr. og det sorte gullet,0,2009,\N,88,Family
2127653,tt12098452,movie,The Doors Between Us,The Doors Between Us,0,2019,\N,110,"Comedy,Horror,Mystery"
2128606,tt1210027,movie,Afterburn,Afterburn,0,2025,\N,105,"Action,Comedy,Sci-Fi"
2128657,tt1210039,movie,Blood Done Sign My Name,Blood Done Sign My Name,0,2010,\N,128,Drama
2128673,tt1210042,movie,Brooklyn's Finest,Brooklyn's Finest,0,2009,\N,132,"Crime,Drama,Thriller"
2128826,tt1210071,movie,The Janky Promoters,Janky Promoters,0,2009,\N,85,"Comedy,Crime,Music"
2128995,tt1210106,movie,St Trinian's 2: The Legend of Fritton's Gold,St Trinian's 2: The Legend of Fritton's Gold,0,2009,\N,106,"Adventure,Comedy,Family"
2129321,tt1210166,movie,Moneyball,Moneyball,0,2011,\N,133,"Biography,Drama,Sport"
2132899,tt1210819,movie,The Lone Ranger,The Lone Ranger,0,2013,\N,150,"Action,Adventure,Drama"
2138381,tt1211837,movie,Doctor Strange,Doctor Strange,0,2016,\N,115,"Action,Adventure,Fantasy"
2138685,tt1211890,movie,Middle of Nowhere,Middle of Nowhere,0,2012,\N,101,Drama
2139039,tt1211956,movie,Escape Plan,Escape Plan,0,2013,\N,115,"Action,Thriller"
2141607,tt1212419,movie,Hereafter,Hereafter,0,2010,\N,129,"Drama,Fantasy,Romance"
2141639,tt1212428,movie,The Lost City of Z,The Lost City of Z,0,2016,\N,141,"Adventure,Biography,Drama"
2141682,tt1212436,movie,The Back-up Plan,The Back-up Plan,0,2010,\N,104,"Comedy,Romance"
2141765,tt1212450,movie,Lawless,Lawless,0,2012,\N,116,"Biography,Crime,Drama"
2144800,tt1213012,movie,Alpha and Omega,Alpha and Omega,0,2010,\N,90,"Adventure,Animation,Comedy"
2148226,tt1213641,movie,First Man,First Man,0,2018,\N,141,"Biography,Drama,History"
2148243,tt1213644,movie,Disaster Movie,Disaster Movie,0,2008,\N,87,"Comedy,Sci-Fi"
2148264,tt1213648,movie,London Boulevard,London Boulevard,0,2010,\N,103,"Crime,Drama"
2148324,tt1213663,movie,The World's End,The World's End,0,2013,\N,109,"Action,Comedy,Sci-Fi"
2155001,tt1214961,movie,Happy Days,Happy Days,0,2007,\N,153,Drama
2155007,tt1214962,movie,Seeking Justice,Seeking Justice,0,2011,\N,105,"Action,Drama,Mystery"
2159827,tt1215860,short,Espagueti western,Espagueti western,0,2007,\N,12,"Adventure,Animation,Family"
2160442,tt1215978,short,Last Time in Clerkenwell,Last Time in Clerkenwell,0,2008,\N,4,"Animation,Short"
2163075,tt1216475,movie,Cars 2,Cars 2,0,2011,\N,106,"Adventure,Animation,Comedy"
2163135,tt1216487,movie,The Girl Who Played with Fire,Flickan som lekte med elden,0,2009,\N,129,"Action,Crime,Drama"
2163151,tt1216491,movie,Kill the Messenger,Kill the Messenger,0,2014,\N,112,"Biography,Crime,Drama"
2163156,tt1216492,movie,Leap Year,Leap Year,0,2010,\N,100,"Comedy,Romance"
2163177,tt1216496,movie,Mother,Madeo,0,2009,\N,129,"Crime,Drama,Mystery"
2163396,tt12165422,short,Rapid Eye Movement (REM),Rapid Eye Movement (REM),0,2020,\N,\N,Short
2163934,tt1216640,video,Hell House: The Book of Samiel,Hell House: The Book of Samiel,0,2008,\N,77,Horror
2166522,tt12171216,movie,Two Sister,Dou Khahar,0,2010,\N,105,"Comedy,Drama"
2167020,tt1217209,movie,Brave,Brave,0,2012,\N,93,"Action,Adventure,Animation"
2169221,tt1217613,movie,Battle Los Angeles,Battle: Los Angeles,0,2011,\N,116,"Action,Adventure,Sci-Fi"
2178419,tt1219289,movie,Limitless,Limitless,0,2011,\N,105,"Sci-Fi,Thriller"
2178718,tt1219342,movie,Legend of the Guardians: The Owls of Ga'Hoole,Legend of the Guardians: The Owls of Ga'Hoole,0,2010,\N,97,"Action,Adventure,Animation"
2178927,tt12193804,movie,Whitney Houston: I Wanna Dance with Somebody,Whitney Houston: I Wanna Dance with Somebody,0,2022,\N,144,"Biography,Drama,History"
2181355,tt1219827,movie,Ghost in the Shell,Ghost in the Shell,0,2017,\N,107,"Action,Crime,Drama"
2182289,tt12200256,movie,No Escapes,Ogon,0,2020,\N,131,"Action,Drama"
2183225,tt1220198,movie,The Fourth Kind,The Fourth Kind,0,2009,\N,98,"Horror,Mystery,Sci-Fi"
2183308,tt1220214,movie,Heartless,Heartless,0,2009,\N,114,"Drama,Fantasy,Horror"
2183342,tt1220220,movie,Motherhood,Motherhood,0,2009,\N,90,"Comedy,Drama"
2185546,tt1220628,movie,I Hope They Serve Beer in Hell,I Hope They Serve Beer in Hell,0,2009,\N,105,Comedy
2185579,tt1220634,movie,Resident Evil: Afterlife,Resident Evil: Afterlife,0,2010,\N,96,"Action,Horror,Sci-Fi"
2186031,tt1220719,movie,Ip Man,Ip Man,0,2008,\N,106,"Action,Biography,Drama"
2186964,tt1220888,movie,Henry's Crime,Henry's Crime,0,2010,\N,108,"Comedy,Crime,Drama"
2187076,tt12209072,tvSeries,Hellbound Laments,Hellbound Laments,0,2020,\N,\N,"Fantasy,Horror,Mystery"
2187098,tt1220911,movie,Animal Kingdom: Let's Go Ape,Pourquoi j'ai pas mangé mon père,0,2015,\N,101,"Adventure,Animation,Comedy"
2188326,tt1221141,movie,The Headless Woman,La mujer sin cabeza,0,2008,\N,87,"Drama,Mystery,Thriller"
2194059,tt12222324,movie,Thibaan × BNK48,Thibaan × BNK48,0,2020,\N,128,Music
2196356,tt12226632,movie,Big George Foreman,Big George Foreman,0,2023,\N,129,"Biography,Drama,Sport"
2197117,tt1222815,movie,Chimpanzee,Chimpanzee,0,2011,\N,78,"Documentary,Family"
2197125,tt1222817,movie,Zookeeper,Zookeeper,0,2011,\N,102,"Comedy,Family,Fantasy"
2198522,tt1223082,movie,Oy Vey! My Son Is Gay!!,Oy Vey! My Son Is Gay!!,0,2009,\N,90,Comedy
2199342,tt1223236,movie,African Cats,African Cats,0,2010,\N,89,"Adventure,Documentary"
2200000,tt12233564,short,Lobão - Não Há Estilo Sem Fracasso,Lobão - Não Há Estilo Sem Fracasso,0,2011,\N,\N,"Documentary,Short"
2203581,tt12240368,short,Go! Go! Cory Carson: The Chrissy,Go! Go! Cory Carson: The Chrissy,0,2020,\N,42,"Animation,Family,Short"
2205495,tt1224378,movie,Forbidden Empire,Viy,0,2014,\N,130,"Adventure,Fantasy,Mystery"
2205886,tt1224449,movie,Plus One,Plyus odin,0,2008,\N,96,"Comedy,Romance"
2213298,tt1225822,movie,Extract,Extract,0,2009,\N,92,"Comedy,Crime,Romance"
2215231,tt12261776,movie,65,65,0,2023,\N,93,"Action,Adventure,Sci-Fi"
2215500,tt1226229,movie,Get Him to the Greek,Get Him to the Greek,0,2010,\N,109,"Comedy,Music"
2215513,tt1226232,movie,The Greatest,The Greatest,0,2009,\N,99,"Drama,Romance"
2215528,tt1226236,movie,I Am Love,Io sono l'amore,0,2009,\N,120,"Drama,Romance"
2215694,tt1226273,movie,Edge of Darkness,Edge of Darkness,0,2010,\N,117,"Action,Adventure,Drama"
2217960,tt1226681,movie,Pontypool,Pontypool,0,2008,\N,93,"Horror,Sci-Fi"
2218376,tt1226753,movie,The Debt,The Debt,0,2010,\N,113,"Drama,Thriller"
2218437,tt1226766,movie,The Great Gilly Hopkins,The Great Gilly Hopkins,0,2015,\N,99,"Comedy,Drama,Family"
2218484,tt1226774,movie,In the Loop,In the Loop,0,2009,\N,106,Comedy
2218829,tt1226837,movie,Beautiful Boy,Beautiful Boy,0,2018,\N,120,"Biography,Drama"
2219222,tt12269174,movie,DeMarcus Cousins Presents Boogie's Comedy Slam,DeMarcus Cousins Presents: Boogie's Comedy Slam!,0,2020,\N,69,Comedy
2220571,tt1227165,movie,Nirvana,Nirvana,0,2008,\N,93,"Drama,Romance"
2220705,tt1227189,movie,Everybody Dies But Me,Vse umrut a ya ostanus,0,2008,\N,80,Drama
2228955,tt1228705,movie,Iron Man 2,Iron Man 2,0,2010,\N,124,"Action,Sci-Fi"
2230336,tt1228953,movie,Big Fan,Big Fan,0,2009,\N,88,"Comedy,Crime,Drama"
2230534,tt1228987,movie,Let Me In,Let Me In,0,2010,\N,116,"Drama,Fantasy,Horror"
2231945,tt1229238,movie,Mission: Impossible - Ghost Protocol,Mission: Impossible - Ghost Protocol,0,2011,\N,132,"Action,Adventure,Thriller"
2232511,tt1229340,movie,Anchorman 2: The Legend Continues,Anchorman 2: The Legend Continues,0,2013,\N,119,Comedy
2232726,tt1229381,movie,Outside the Law,Hors la loi,0,2010,\N,138,"Crime,Drama,War"
2235191,tt1229822,movie,Jane Eyre,Jane Eyre,0,2011,\N,120,"Drama,Mystery,Romance"
2235959,tt12299608,movie,Mickey 17,Mickey 17,0,2025,\N,137,"Adventure,Comedy,Fantasy"
2236600,tt12300742,movie,Bugonia,Bugonia,0,2025,\N,118,"Comedy,Crime,Sci-Fi"
2237381,tt1230215,movie,Not Fade Away,Not Fade Away,0,2012,\N,112,Drama
2238479,tt1230414,movie,It's Complicated,It's Complicated,0,2009,\N,120,"Comedy,Drama,Romance"
2238666,tt1230448,movie,Billu,Billu,0,2009,\N,137,"Comedy,Drama"
2243275,tt1231277,movie,S. Darko,S. Darko,0,2009,\N,103,"Drama,Mystery,Sci-Fi"
2243323,tt1231287,movie,Labor Pains,Labor Pains,0,2009,\N,89,"Comedy,Romance"
2244976,tt1231580,movie,Alvin and the Chipmunks: The Squeakquel,Alvin and the Chipmunks: The Squeakquel,0,2009,\N,88,"Adventure,Animation,Comedy"
2244992,tt1231583,movie,Due Date,Due Date,0,2010,\N,95,"Comedy,Drama"
2245014,tt1231587,movie,Hot Tub Time Machine,Hot Tub Time Machine,0,2010,\N,99,"Comedy,Sci-Fi"
2248391,tt1232200,movie,That's My Boy,That's My Boy,0,2012,\N,116,"Comedy,Drama"
2248429,tt1232207,movie,Capitalism: A Love Story,Capitalism: A Love Story,0,2009,\N,127,"Crime,Documentary,History"
2251535,tt1232776,movie,Fish Tank,Fish Tank,0,2009,\N,123,Drama
2251577,tt1232783,movie,Sorority Row,Sorority Row,0,2009,\N,101,"Horror,Mystery"
2251851,tt1232829,movie,21 Jump Street,21 Jump Street,0,2012,\N,109,"Action,Comedy,Crime"
2254079,tt1233227,movie,Saw VI,Saw VI,0,2009,\N,90,"Horror,Mystery,Thriller"
2254479,tt1233301,movie,Ironclad,Ironclad,0,2011,\N,121,"Action,Drama,History"
2254669,tt1233334,movie,Pariah,Pariah,0,2011,\N,86,Drama
2257581,tt12338536,short,Virus mairus,Virus mairus,0,2020,\N,8,"Comedy,Short"
2261417,tt1234548,movie,The Men Who Stare at Goats,The Men Who Stare at Goats,0,2009,\N,94,"Comedy,War"
2261480,tt1234560,movie,Vsyo mogut koroli,Vsyo mogut koroli,0,2008,\N,100,"Comedy,Drama"
2262024,tt1234654,movie,Greenberg,Greenberg,0,2010,\N,107,"Comedy,Drama,Romance"
2262395,tt1234719,movie,Red Dawn,Red Dawn,0,2012,\N,93,"Action,War"
2262407,tt1234721,movie,RoboCop,RoboCop,0,2014,\N,117,"Action,Crime,Sci-Fi"
2263489,tt1234918,movie,Amália,Amália,0,2008,\N,127,"Biography,Drama,Music"
2263848,tt12349832,movie,Cuckoo,Cuckoo,0,2024,\N,102,"Horror,Mystery,Thriller"
2264799,tt1235166,movie,A Prophet,Un prophète,0,2009,\N,155,"Crime,Drama"
2264927,tt1235189,movie,Wild Target,Wild Target,0,2010,\N,98,"Action,Comedy,Crime"
2266727,tt1235522,movie,Broken City,Broken City,0,2013,\N,109,"Action,Crime,Drama"
2266802,tt1235536,movie,Lucky Luke,Lucky Luke,0,2009,\N,103,"Adventure,Comedy,Western"
2268208,tt1235796,movie,Ondine,Ondine,0,2009,\N,111,"Drama,Mystery,Romance"
2268440,tt1235841,movie,Sidewalls,Medianeras,0,2011,\N,95,"Comedy,Drama"
2279284,tt1237838,movie,Mystery Team,Mystery Team,0,2009,\N,97,"Comedy,Crime,Mystery"
2285510,tt12389626,short,Magdalena,Magdalena,0,2020,\N,3,"Horror,Mystery,Short"
2286036,tt12390572,movie,The Twin,The Twin,0,2022,\N,109,"Drama,Horror,Mystery"
2288041,tt1239426,movie,Hipsters,Stilyagi,0,2008,\N,115,"Drama,Musical,Romance"
2288146,tt1239444,movie,Night Rush,Im Sog der Nacht,0,2009,\N,85,"Action,Crime,Drama"
2296527,tt1240982,movie,Your Highness,Your Highness,0,2011,\N,102,"Action,Adventure,Comedy"
2298070,tt12412888,movie,Sonic the Hedgehog 2,Sonic the Hedgehog 2,0,2022,\N,122,"Action,Adventure,Comedy"
2304077,tt1242422,movie,Cell 211,Celda 211,0,2009,\N,113,"Action,Crime,Drama"
2304130,tt1242432,movie,I Spit on Your Grave,I Spit on Your Grave,0,2010,\N,108,"Horror,Thriller"
2304265,tt1242457,movie,Taras Bulba,Taras Bulba,0,2009,\N,131,"Action,Drama,History"
2304282,tt1242460,movie,We Need to Talk About Kevin,We Need to Talk About Kevin,0,2011,\N,112,"Drama,Mystery,Thriller"
2304390,tt12424786,short,Las Vacaciones,Las Vacaciones,0,2020,\N,5,"Comedy,Short"
2305053,tt1242599,movie,Bellflower,Bellflower,0,2011,\N,106,"Action,Drama,Romance"
2305987,tt1242782,movie,Luck,Luck,0,2009,\N,141,"Action,Adventure,Drama"
2311926,tt1243957,movie,The Tourist,The Tourist,0,2010,\N,103,"Action,Romance,Thriller"
2312010,tt1243974,movie,Aloha,Aloha,0,2015,\N,105,"Comedy,Drama,Romance"
2314123,tt12443946,movie,Sweat,Sweat,0,2020,\N,106,Drama
2315450,tt1244659,movie,Extraordinary Measures,Extraordinary Measures,0,2010,\N,106,Drama
2315493,tt1244668,movie,Soul Kitchen,Soul Kitchen,0,2009,\N,96,"Comedy,Drama"
2315925,tt1244754,movie,Conviction,Conviction,0,2010,\N,107,"Biography,Crime,Drama"
2317895,tt1245112,movie,[Rec]²,(REC)²,0,2009,\N,85,"Horror,Thriller"
2319780,tt1245492,movie,This Is the End,This Is the End,0,2013,\N,107,"Comedy,Fantasy,Sci-Fi"
2319949,tt1245526,movie,RED,RED,0,2010,\N,111,"Action,Comedy,Crime"
2321094,tt1245736,movie,Interceptor,Zapreshchyonnaya realnost,0,2009,\N,90,"Action,Sci-Fi,Thriller"
2328622,tt1247112,tvEpisode,The Spring Sonata,The Spring Sonata,0,1974,\N,\N,"Drama,History"
2331614,tt1247640,movie,District 13: Ultimatum,Banlieue 13: Ultimatum,0,2009,\N,101,"Action,Crime,Thriller"
2331728,tt1247662,movie,The Good Guy,The Good Guy,0,2009,\N,90,"Comedy,Romance"
2331753,tt1247667,movie,High School,High School,0,2010,\N,99,Comedy
2331881,tt1247690,movie,Serena,Serena,0,2014,\N,109,"Drama,History,Romance"
2331893,tt1247692,movie,Shrink,Shrink,0,2009,\N,104,"Comedy,Drama"
2331959,tt1247704,movie,Women in Trouble,Women in Trouble,0,2009,\N,92,"Comedy,Drama"
2348114,tt1250777,movie,Kick-Ass,Kick-Ass,0,2010,\N,117,"Action,Comedy,Crime"
2353130,tt1251743,movie,Salvation Boulevard,Salvation Boulevard,0,2011,\N,96,"Comedy,Crime,Drama"
2353925,tt12519030,movie,Hatching,Pahanhautoja,0,2022,\N,91,"Drama,Fantasy,Horror"
2354433,tt1252004,tvMiniSeries,Lögnens pris,Lögnens pris,0,2007,2007,114,"Drama,Thriller"
2360657,tt12532368,movie,Chickenhare and the Hamster of Darkness,Hopper et le hamster des ténèbres,0,2022,\N,91,"Adventure,Animation,Comedy"
2362799,tt12536294,movie,Spencer,Spencer,0,2021,\N,117,"Biography,Drama"
2363834,tt1253863,movie,300: Rise of an Empire,300: Rise of an Empire,0,2014,\N,102,"Action,Drama,Fantasy"
2363836,tt1253864,movie,Immortals,Immortals,0,2011,\N,110,"Action,Drama,Fantasy"
2369649,tt12550376,movie,Shark Bait,Shark Bait,0,2022,\N,87,"Horror,Thriller"
2370032,tt12551078,video,Evanescence: Synthesis Live,Evanescence: Synthesis Live,0,2018,\N,83,Music
2374184,tt1255919,movie,Holmes & Watson,Holmes & Watson,0,2018,\N,90,"Comedy,Crime,Mystery"
2374302,tt1255951,movie,De Dana Dan,De Dana Dan,0,2009,\N,162,"Comedy,Crime"
2374305,tt1255953,movie,Incendies,Incendies,0,2010,\N,131,"Drama,Mystery,War"
2376631,tt12564514,movie,Preparations to Be Together for an Unknown Period of Time,Felkészülés meghatározatlan ideig tartó együttlétre,0,2020,\N,95,"Drama,Romance"
2382172,tt1257562,movie,Hadewijch,Hadewijch,0,2009,\N,105,Drama
2384386,tt12580336,short,After Fire,After Fire,0,2020,\N,6,"Drama,Horror,Mystery"
2385248,tt1258197,movie,Exam,Exam,0,2009,\N,101,"Crime,Mystery,Thriller"
2386786,tt12584954,movie,Twisters,Twisters,0,2024,\N,122,"Action,Adventure,Thriller"
2389194,tt1258972,movie,The Man with the Iron Fists,The Man with the Iron Fists,0,2012,\N,95,Action
2389392,tt1259014,movie,Mesrine: Killer Instinct,L'instinct de mort,0,2008,\N,113,"Action,Biography,Crime"
2390372,tt12592252,movie,Songbird,Songbird,0,2020,\N,84,"Drama,Sci-Fi,Thriller"
2390975,tt12593682,movie,Bullet Train,Bullet Train,0,2022,\N,127,"Action,Comedy,Thriller"
2391829,tt1259521,movie,The Cabin in the Woods,The Cabin in the Woods,0,2011,\N,95,"Horror,Mystery,Thriller"
2391869,tt1259528,movie,Den of Thieves,Den of Thieves,0,2018,\N,140,"Action,Crime,Drama"
2392098,tt1259570,movie,Neon Flesh,Carne de neón,0,2010,\N,98,"Comedy,Drama,Thriller"
2392104,tt1259571,movie,The Twilight Saga: New Moon,The Twilight Saga: New Moon,0,2009,\N,130,"Adventure,Drama,Fantasy"
2399996,tt1261047,movie,Gulaal,Gulaal,0,2009,\N,140,"Crime,Drama,Thriller"
2404298,tt12618926,movie,Parallel Mothers,Madres paralelas,0,2021,\N,123,Drama
2404521,tt1261945,movie,Sex and the City 2,Sex and the City 2,0,2010,\N,146,"Comedy,Drama,Romance"
2407068,tt1262416,movie,Scream 4,Scream 4,0,2011,\N,111,"Horror,Mystery"
2407108,tt1262426,movie,Wicked,Wicked: Part I,0,2024,\N,160,"Fantasy,Musical,Romance"
2410078,tt1262981,movie,World's Greatest Dad,World's Greatest Dad,0,2009,\N,99,"Comedy,Drama"
2413518,tt1263670,movie,Crazy Heart,Crazy Heart,0,2009,\N,112,"Drama,Music,Romance"
2414120,tt12637946,movie,Doctor Jekyll,Doctor Jekyll,0,2023,\N,90,"Drama,Horror,Mystery"
2414122,tt1263795,movie,Madambi,Madambi,0,2008,\N,145,Drama
2419815,tt1264904,movie,Little Nicholas,Le Petit Nicolas,0,2009,\N,91,"Comedy,Family"
2420075,tt12649538,movie,One Life at a Time,One Life at a Time,0,2020,\N,73,Drama
2425412,tt1265971,movie,For the First Time,For the First Time,0,2008,\N,111,"Drama,Romance"
2425524,tt1265990,movie,The Roommate,The Roommate,0,2011,\N,91,"Drama,Horror,Thriller"
2425737,tt1266029,movie,Nowhere Boy,Nowhere Boy,0,2009,\N,98,"Biography,Drama,Music"
2425780,tt1266037,movie,A Distant Neighbourhood,Quartier lointain,0,2010,\N,98,"Comedy,Drama,Fantasy"
2427747,tt12664618,movie,Sinkhole,Singkeuhol,0,2021,\N,117,"Comedy,Drama"
2431873,tt12672536,movie,The Three Musketeers - Part I: D'Artagnan,Les trois mousquetaires: D'Artagnan,0,2023,\N,121,"Action,Adventure,History"
2431923,tt12672620,movie,The Three Musketeers: Milady,Les trois mousquetaires: Milady,0,2023,\N,115,"Action,Adventure,Drama"
2432122,tt1267297,movie,Hercules,Hercules,0,2014,\N,98,"Action,Adventure,Fantasy"
2433254,tt1267500,movie,Phoonk,Phoonk,0,2008,\N,110,"Drama,Horror,Mystery"
2436060,tt12680684,movie,The Hand of God,È stata la mano di Dio,0,2021,\N,130,Drama
2436764,tt1268204,movie,Waste Land,Waste Land,0,2010,\N,99,Documentary
2439752,tt1268799,movie,A Very Harold & Kumar Christmas,A Very Harold & Kumar 3D Christmas,0,2011,\N,90,"Adventure,Comedy"
2439798,tt1268809,movie,Night of the Demons,Night of the Demons,0,2009,\N,93,"Action,Comedy,Fantasy"
2447235,tt1270262,movie,The Devil's Double,The Devil's Double,0,2011,\N,109,"Biography,Drama,Thriller"
2447373,tt1270286,movie,To Save a Life,To Save a Life,0,2009,\N,120,Drama
2447424,tt1270296,movie,The Killing Jar,The Killing Jar,0,2010,\N,92,"Crime,Mystery,Thriller"
2449975,tt1270761,movie,Don't Be Afraid of the Dark,Don't Be Afraid of the Dark,0,2010,\N,99,"Fantasy,Horror,Thriller"
2450140,tt1270797,movie,Venom,Venom,0,2018,\N,112,"Action,Adventure,Sci-Fi"
2450145,tt1270798,movie,X-Men: First Class,X: First Class,0,2011,\N,131,"Action,Sci-Fi"
2450290,tt1270835,movie,Hatchet II,Hatchet II,0,2010,\N,85,"Action,Comedy,Horror"
2450292,tt1270836,movie,Ho ammazzato Berlusconi,Ho ammazzato Berlusconi,0,2008,\N,\N,Comedy
2455651,tt12718300,movie,"Confess, Fletch","Confess, Fletch",0,2022,\N,98,"Comedy,Crime,Mystery"
2456517,tt1272011,movie,Fort Apache Napoli,Fortapàsc,0,2009,\N,108,"Biography,Crime,Drama"
2456559,tt1272018,movie,Kandagar,Kandagar,0,2010,\N,103,"Action,Drama,War"
2456723,tt1272051,movie,Space Dogs,Belka i Strelka. Zvyozdnye sobaki,0,2010,\N,85,"Adventure,Animation,Comedy"
2461265,tt1272878,movie,2 Guns,2 Guns,0,2013,\N,109,"Action,Comedy,Crime"
2462832,tt12731980,movie,Old Henry,Old Henry,0,2021,\N,99,"Action,Drama,Western"
2462936,tt1273218,movie,Kuselan,Kuselan,0,2008,\N,165,"Comedy,Drama,Family"
2462953,tt1273221,movie,London Fields,London Fields,0,2018,\N,118,"Crime,Mystery,Thriller"
2464648,tt12735488,movie,Kalki 2898 AD,Kalki 2898-AD,0,2024,\N,180,"Action,Adventure,Sci-Fi"
2465335,tt1273678,movie,The Spy Next Door,The Spy Next Door,0,2010,\N,94,"Action,Comedy,Family"
2468728,tt1274295,movie,Kaminey,Kaminey,0,2009,\N,130,"Action,Crime,Drama"
2468755,tt1274300,movie,The Tempest,The Tempest,0,2010,\N,110,"Comedy,Drama,Fantasy"
2469961,tt12745164,video,Cats & Dogs 3: Paws Unite,Cats & Dogs 3: Paws Unite,0,2020,\N,84,"Action,Comedy,Family"
2470418,tt12746176,short,Quarentena no Império - Isolamento das Famosas,Quarentena no Império - Isolamento das Famosas,0,2020,\N,4,"Drama,Short"
2470514,tt12746390,short,Fôlego Vivo,Fôlego Vivo,0,2021,\N,28,"Documentary,Short"
2471446,tt12748256,tvSpecial,Go! Go! Cory Carson: Summer Camp,Go! Go! Cory Carson: Summer Camp,0,2020,\N,20,"Animation,Family,Short"
2472155,tt12749596,movie,Host,Host,0,2020,\N,57,"Horror,Mystery"
2473990,tt12753120,movie,The Burning Sea,Nordsjøen,0,2021,\N,104,"Action,Adventure,Drama"
2476772,tt12758486,movie,Chevalier,Chevalier,0,2022,\N,108,"Biography,Drama,History"
2476832,tt1275863,movie,Love Aaj Kal,Love Aaj Kal,0,2009,\N,128,"Comedy,Drama,Romance"
2476980,tt1275891,movie,Like You Know It All,Jal al-ji-do mot-ha-myeon-seo,0,2009,\N,126,Drama
2478149,tt1276104,movie,Looper,Looper,0,2012,\N,119,"Action,Drama,Sci-Fi"
2478154,tt1276105,movie,Saint John of Las Vegas,Saint John of Las Vegas,0,2009,\N,85,"Comedy,Drama"
2479683,tt12763920,movie,Deliver Us from Evil,Daman akeseo guhasoseo,0,2020,\N,114,"Action,Crime,Thriller"
2479818,tt1276419,movie,A Royal Affair,En kongelig affære,0,2012,\N,137,"Biography,Drama,History"
2479876,tt1276434,video,Van Wilder: Freshman Year,Van Wilder: Freshman Year,0,2009,\N,98,"Comedy,Romance"
2486682,tt1277728,movie,Mid-August Lunch,Pranzo di ferragosto,0,2008,\N,75,"Comedy,Drama"
2487962,tt1277953,movie,Madagascar 3: Europe's Most Wanted,Madagascar 3: Europe's Most Wanted,0,2012,\N,93,"Adventure,Animation,Comedy"
2488812,tt1278180,movie,Kenny Begins,Kenny Begins,0,2009,\N,87,"Action,Comedy,Sci-Fi"
2489575,tt1278340,movie,Dead Snow,Død snø,0,2009,\N,91,"Comedy,Fantasy,Horror"
2492760,tt12789558,movie,Belfast,Belfast,0,2021,\N,98,"Biography,Drama"
2493061,tt12790098,tvMovie,40-45 De Musical,40-45 De Musical,0,2019,\N,130,"Action,History,Musical"
2495379,tt1279462,movie,Mähällä,Mähällä,0,2003,\N,126,Comedy
2497878,tt1279935,movie,Date Night,Date Night,0,2010,\N,88,"Comedy,Crime,Romance"
2498220,tt1280016,movie,The Childhood of Icarus,L'enfance d'Icare,0,2009,\N,96,"Drama,Sci-Fi,Thriller"
2498837,tt12801262,movie,Luca,Luca,0,2021,\N,95,"Adventure,Animation,Comedy"
2500952,tt1280558,movie,A Wednesday,A Wednesday,0,2008,\N,104,"Action,Crime,Drama"
2500990,tt1280567,movie,Last Stop 174,Última Parada 174,0,2008,\N,110,"Crime,Drama,Thriller"
2503437,tt12810074,movie,Nightbitch,Nightbitch,0,2024,\N,99,"Comedy,Drama,Fantasy"
2507792,tt12818328,movie,Hundreds of Beavers,Hundreds of Beavers,0,2022,\N,108,"Action,Adventure,Comedy"
2509314,tt1282140,movie,Easy A,Easy A,0,2010,\N,92,"Comedy,Drama,Romance"
2515718,tt12833012,movie,Venalmaram,Venalmaram,0,2009,\N,128,Drama
2516664,tt1283472,short,Black Button,Black Button,0,2007,\N,7,"Sci-Fi,Short"
2518782,tt12838766,movie,Space Sweepers,Seungriho,0,2021,\N,136,"Action,Adventure,Drama"
2522036,tt12844910,movie,Pathaan,Pathaan,0,2023,\N,146,"Action,Adventure,Thriller"
2522471,tt1284575,movie,Bad Teacher,Bad Teacher,0,2011,\N,92,"Comedy,Romance"
2524861,tt1285009,movie,The Strangers: Prey at Night,The Strangers: Prey at Night,0,2018,\N,85,Horror
2524897,tt1285016,movie,The Social Network,The Social Network,0,2010,\N,120,"Biography,Drama"
2525478,tt12851324,movie,Zombie Reddy,Zombie Reddy,0,2021,\N,130,"Action,Comedy,Horror"
2525992,tt1285241,movie,Don 2,Don 2,0,2011,\N,148,"Action,Crime,Thriller"
2526387,tt1285309,movie,The Joneses,The Joneses,0,2009,\N,96,"Comedy,Drama"
2530842,tt1286126,movie,A.R.O.G,A.R.O.G,0,2008,\N,127,"Comedy,Sci-Fi"
2533038,tt1286537,movie,"Food, Inc.","Food, Inc.",0,2008,\N,94,"Documentary,News"
2534114,tt12867326,movie,Zoomed,Zoomed,0,2020,\N,\N,Horror
2534271,tt1286766,movie,Fatso!,Fatso!,0,2009,\N,98,"Comedy,Fantasy,Romance"
2534498,tt1286808,tvMovie,The Charlemagne Code,Die Jagd nach dem Schatz der Nibelungen,0,2008,\N,120,"Action,Adventure,Mystery"
2537353,tt12873300,movie,Sight,Sight,0,2023,\N,103,"Biography,Drama,History"
2537458,tt1287349,movie,Saade Maade Teen,Saade Maade Teen,0,2007,\N,125,Comedy
2537499,tt12873562,movie,The Invitation,The Invitation,0,2022,\N,105,"Horror,Thriller"
2538017,tt1287468,movie,Cats & Dogs: The Revenge of Kitty Galore,Cats & Dogs: The Revenge of Kitty Galore,0,2010,\N,82,"Action,Comedy,Family"
2542881,tt1288403,movie,Universal Soldier: Regeneration,Universal Soldier: Regeneration,0,2009,\N,97,"Action,Adventure,Sci-Fi"
2543237,tt1288466,short,The Hollow Tree,The Hollow Tree,0,2008,\N,28,"Family,Fantasy,Short"
2543714,tt1288558,movie,Evil Dead,Evil Dead,0,2013,\N,91,"Horror,Thriller"
2543786,tt1288571,movie,Shank,Shank,0,2009,\N,94,Drama
2545689,tt12889404,movie,Cyrano,Cyrano,0,2021,\N,123,"Drama,Musical,Romance"
2548199,tt1289401,movie,Ghostbusters,Ghostbusters,0,2016,\N,117,"Action,Comedy,Fantasy"
2548224,tt1289406,movie,Harry Brown,Harry Brown,0,2009,\N,103,"Action,Crime,Drama"
2548449,tt1289449,movie,Me Too,"Yo, también",0,2009,\N,103,Drama
2553686,tt1290389,movie,Bezerra De Menezes: The Diary of a Spirit,Bezerra de Menezes: O Diário de um Espírito,0,2008,\N,75,"Biography,Drama,Family"
2555894,tt12908150,movie,The Life of Chuck,The Life of Chuck,0,2024,\N,111,"Drama,Fantasy,Sci-Fi"
2557779,tt1291150,movie,Teenage Mutant Ninja Turtles,Teenage Mutant Ninja Turtles,0,2014,\N,101,"Action,Adventure,Animation"
2559823,tt1291549,movie,Meet Monica Velour,Meet Monica Velour,0,2010,\N,98,"Comedy,Drama,Romance"
2559944,tt12915716,movie,Adipurush,Adipurush,0,2023,\N,179,"Action,Drama"
2559988,tt1291580,movie,Behind the Candelabra,Behind the Candelabra,0,2013,\N,118,"Biography,Drama,Music"
2560009,tt1291584,movie,Warrior,Warrior,0,2011,\N,140,"Action,Drama,Sport"
2560321,tt1291643,movie,Niloofar,Niloofar,0,2008,\N,82,Drama
2562022,tt12919688,movie,School of Mafia,School of Mafia,0,2021,\N,95,Comedy
2562982,tt12921446,movie,The Exorcist: Believer,The Exorcist: Believer,0,2023,\N,111,Horror
2565155,tt1292566,movie,How to Be Single,How to Be Single,0,2016,\N,110,"Comedy,Drama,Romance"
2565928,tt1292703,movie,Oye Lucky! Lucky Oye!,Oye Lucky! Lucky Oye!,0,2008,\N,125,"Comedy,Crime,Drama"
2571734,tt1293793,movie,Kniga masterov,Kniga masterov,0,2009,\N,101,"Family,Fantasy"
2572033,tt1293847,movie,xXx: Return of Xander Cage,xXx: Return of Xander Cage,0,2017,\N,107,"Action,Adventure,Thriller"
2574094,tt1294213,movie,Solitary Man,Solitary Man,0,2009,\N,90,"Comedy,Drama,Romance"
2574156,tt1294226,movie,The Last Song,The Last Song,0,2010,\N,107,"Drama,Music,Romance"
2576679,tt1294688,movie,Last Night,Last Night,0,2010,\N,93,"Drama,Romance"
2577877,tt12948972,short,Spirits and Rocks: An Azorean Myth,Espiritos e Rochas: um Mito Açoriano,0,2020,\N,14,"Documentary,Short"
2590725,tt12972134,movie,Hounds of War,Hounds of War,0,2024,\N,95,"Action,Drama"
2594153,tt1297844,movie,Saviours,Saviours,0,2007,\N,80,Documentary
2594584,tt1297919,movie,Blitz,Blitz,0,2011,\N,97,"Action,Adventure,Crime"
2595271,tt12980476,short,Demon Metal Murder V: New Blood,Demon Metal Murder V: New Blood,0,2020,\N,\N,"Comedy,Short"
2595867,tt12981702,movie,Ozi: Voice of the Forest,Ozi: Voice of the Forest,0,2023,\N,87,"Adventure,Animation,Comedy"
2598526,tt1298644,movie,The Hustle,The Hustle,0,2019,\N,93,"Comedy,Crime"
2598552,tt1298649,movie,The Watch,The Watch,0,2012,\N,102,"Comedy,Sci-Fi"
2598556,tt1298650,movie,Pirates of the Caribbean: On Stranger Tides,Pirates of the Caribbean: On Stranger Tides,0,2011,\N,136,"Action,Adventure,Fantasy"
2602374,tt1299360,movie,Die Eylandt Recherche,Die Eylandt Recherche,0,2008,\N,82,Mystery
2603803,tt12996130,short,Holy Fire,Holy Fire,0,2019,\N,28,Short
2610611,tt1300851,movie,The Boondock Saints II: All Saints Day,The Boondock Saints II: All Saints Day,0,2009,\N,118,"Action,Crime,Thriller"
2610628,tt1300854,movie,Iron Man 3,Iron Man Three,0,2013,\N,130,"Action,Adventure,Sci-Fi"
2612846,tt1301264,movie,Laskar Pelangi,Laskar Pelangi,0,2008,\N,124,"Adventure,Drama,Family"
2615229,tt13017046,movie,Thang Máy,Thang Máy,0,2020,\N,80,Horror
2616934,tt1302006,movie,The Irishman,The Irishman,0,2019,\N,209,"Biography,Crime,Drama"
2616964,tt1302011,movie,Kung Fu Panda 2,Kung Fu Panda 2,0,2011,\N,90,"Action,Adventure,Animation"
2617285,tt1302067,movie,Yogi Bear,Yogi Bear,0,2010,\N,80,"Adventure,Animation,Comedy"
2619481,tt13024674,movie,Army of Thieves,Army of Thieves,0,2021,\N,127,"Action,Comedy,Crime"
2623537,tt1303218,movie,Semen Demon,Hentai kazoku niiduma inran zeme,0,2005,\N,60,"Fantasy,Horror"
2626887,tt1303828,movie,Defendor,Defendor,0,2009,\N,101,"Comedy,Crime,Drama"
2630189,tt13045058,movie,Fatal Influence: Like. Follow. Survive.,Fatal Influence: Like. Follow. Survive.,0,2022,\N,80,Horror
2630633,tt1304591,movie,Sing to the Dawn,Sing to the Dawn,0,2008,\N,93,"Adventure,Animation,Comedy"
2635881,tt13055264,short,Strange Way of Life,Extraña forma de vida,0,2023,\N,31,"Drama,Short,Western"
2636207,tt1305583,movie,Our Family Wedding,Our Family Wedding,0,2010,\N,103,"Comedy,Romance"
2636253,tt1305591,movie,Mars Needs Moms,Mars Needs Moms,0,2011,\N,88,"Adventure,Animation,Family"
2637262,tt1305797,movie,Enthiran,Enthiran,0,2010,\N,174,"Action,Sci-Fi,Thriller"
2637314,tt1305806,movie,The Secret in Their Eyes,El secreto de sus ojos,0,2009,\N,129,"Drama,Mystery,Romance"
2637877,tt1305907,movie,Money No Enough II,Qian bu gou yong 2,0,2008,\N,126,"Comedy,Drama"
2643710,tt1306980,movie,50/50,50/50,0,2011,\N,100,"Comedy,Drama,Romance"
2643802,tt13069986,movie,After We Fell,After We Fell,0,2021,\N,98,"Drama,Romance"
2643832,tt13070038,movie,After Ever Happy,After Ever Happy,0,2022,\N,95,"Drama,Romance"
2644168,tt1307068,movie,Seeking a Friend for the End of the World,Seeking a Friend for the End of the World,0,2012,\N,101,"Adventure,Comedy,Drama"
2646836,tt13075730,movie,One Way,One Way,0,2022,\N,95,"Action,Thriller"
2649922,tt1308138,movie,Mulan: Rise of a Warrior,Hua Mulan,0,2009,\N,114,"Adventure,Biography,Drama"
2652819,tt13086670,movie,Vysehrad: Fylm,Vysehrad: Fylm,0,2022,\N,103,"Comedy,Sport"
2653170,tt1308728,movie,The Happytime Murders,The Happytime Murders,0,2018,\N,91,"Action,Comedy,Crime"
2653176,tt1308729,movie,Bullet to the Head,Bullet to the Head,0,2012,\N,92,"Action,Crime,Thriller"
2654721,tt1309000,movie,Dream.net,Álom.net,0,2009,\N,90,"Comedy,Romance,Sport"
2656205,tt13092784,movie,Mr. Earth,Mr. Earth,0,2022,\N,112,"Adventure,Drama,Sci-Fi"
2657745,tt1309566,tvMovie,Saved,Saved,0,2009,\N,89,Drama
2658697,tt13097336,movie,The Lady of Heaven,The Lady of Heaven,0,2021,\N,141,"Action,Drama,History"
2659322,tt13098590,movie,Fear Below,Fear Below,0,2025,\N,85,"Action,Adventure,Horror"
2665872,tt1311067,movie,Halloween II,Halloween II,0,2009,\N,105,Horror
2665892,tt1311071,movie,Kill Your Darlings,Kill Your Darlings,0,2013,\N,104,"Biography,Drama,Romance"
2669085,tt1311638,movie,Aegan,Aegan,0,2008,\N,170,"Action,Comedy,Drama"
2672249,tt1312221,movie,Frankenstein,Frankenstein,0,2025,\N,149,"Drama,Fantasy,Horror"
2676476,tt13129744,movie,"Estremecer, Lejos de ti.","Estremecer, Lejos de ti.",0,2018,\N,49,Thriller
2677124,tt1313092,movie,Animal Kingdom,Animal Kingdom,0,2010,\N,113,"Crime,Drama,Thriller"
2677387,tt1313139,movie,The Oranges,The Oranges,0,2011,\N,90,"Comedy,Drama,Romance"
2683510,tt1314228,movie,Did You Hear About the Morgans?,Did You Hear About the Morgans?,0,2009,\N,103,"Comedy,Drama,Romance"
2683556,tt1314237,movie,The French Kissers,Les beaux gosses,0,2009,\N,90,"Comedy,Drama,Romance"
2683572,tt1314241,movie,No Time for Love,Simon & Malou,0,2009,\N,90,"Comedy,Romance"
2685196,tt13145534,movie,Incredible But True,Incroyable mais vrai,0,2022,\N,74,"Comedy,Drama,Fantasy"
2685757,tt1314655,movie,Devil,Devil,0,2010,\N,80,"Horror,Mystery,Thriller"
2687652,tt13150080,movie,¡A todo tren! Destino Asturias,¡A todo tren! Destino Asturias,0,2021,\N,90,Comedy
2693049,tt1315981,movie,A Single Man,A Single Man,0,2009,\N,99,"Drama,Romance,Thriller"
2696089,tt1316536,movie,The Loved Ones,The Loved Ones,0,2009,\N,84,"Crime,Horror"
2696110,tt1316540,movie,The Turin Horse,A torinói ló,0,2011,\N,155,Drama
2702224,tt13176330,movie,Hitpig,Hitpig!,0,2024,\N,86,"Action,Adventure,Animation"
2707035,tt1318514,movie,Rise of the Planet of the Apes,Rise of the Planet of the Apes,0,2011,\N,105,"Action,Drama,Sci-Fi"
2707051,tt1318517,movie,The Man Who Killed Don Quixote,The Man Who Killed Don Quixote,0,2018,\N,132,"Adventure,Comedy,Drama"
2707774,tt13186482,movie,Mufasa: The Lion King,Mufasa: The Lion King,0,2024,\N,118,"Adventure,Animation,Drama"
2713389,tt1319695,movie,31 Minutes: The Movie,"31 Minutos, La Película",0,2008,\N,87,"Adventure,Animation,Comedy"
2716322,tt1320239,movie,Burke and Hare,Burke & Hare,0,2010,\N,91,"Comedy,Crime,History"
2716349,tt1320244,movie,The Last Exorcism,The Last Exorcism,0,2010,\N,87,"Horror,Mystery,Thriller"
2716401,tt1320253,movie,The Expendables,The Expendables,0,2010,\N,103,"Action,Adventure,Thriller"
2716446,tt1320261,movie,Gulliver's Travels,Gulliver's Travels,0,2010,\N,85,"Adventure,Comedy,Family"
2717498,tt13204490,movie,Petite Maman,Petite maman,0,2021,\N,73,"Drama,Fantasy"
2723151,tt1321509,movie,Death at a Funeral,Death at a Funeral,0,2010,\N,92,"Comedy,Drama"
2723157,tt1321510,movie,In the Heights,In the Heights,0,2021,\N,143,"Drama,Musical,Romance"
2723163,tt1321511,movie,Oldboy,Oldboy,0,2013,\N,104,"Action,Drama,Mystery"
2724545,tt13217666,movie,Wazz Moure's Antifilm,Wazz Moure's Antifilm,0,2020,\N,70,Mystery
2725055,tt1321860,movie,The Beaver,The Beaver,0,2011,\N,91,Drama
2725082,tt1321865,tvMiniSeries,Carlos,Carlos,0,2010,2010,111,"Biography,Crime,Drama"
2725108,tt1321870,movie,Gangster Squad,Gangster Squad,0,2013,\N,113,"Action,Crime,Drama"
2727310,tt1322269,movie,August: Osage County,August: Osage County,0,2013,\N,121,"Comedy,Drama"
2727549,tt1322312,movie,Going the Distance,Going the Distance,0,2010,\N,102,"Comedy,Romance"
2727554,tt1322313,movie,Sunshine Superman,Sunshine Superman,0,2014,\N,100,"Biography,Documentary,Sport"
2727640,tt1322333,movie,Largo Winch II,Largo Winch II,0,2011,\N,114,"Action,Adventure,Thriller"
2727848,tt1322384,movie,SubHysteria,SubHysteria,0,2010,\N,85,"Drama,Thriller"
2734424,tt13235822,movie,Umma,Umma,0,2022,\N,83,"Drama,Horror,Mystery"
2734488,tt1323594,movie,Despicable Me,Despicable Me,0,2010,\N,95,"Adventure,Animation,Comedy"
2735727,tt13238346,movie,Past Lives,Past Lives,0,2023,\N,105,"Drama,Romance"
2736432,tt1323973,movie,The Trials of Cate McCall,The Trials of Cate McCall,0,2013,\N,89,"Crime,Drama,Mystery"
2736934,tt1324059,movie,Wake Up Sid,Wake Up Sid,0,2009,\N,138,"Comedy,Drama,Romance"
2741854,tt1324999,movie,The Twilight Saga: Breaking Dawn - Part 1,The Twilight Saga: Breaking Dawn - Part 1,0,2011,\N,117,"Adventure,Drama,Fantasy"
2741883,tt1325004,movie,The Twilight Saga: Eclipse,The Twilight Saga: Eclipse,0,2010,\N,124,"Action,Adventure,Drama"
2747411,tt13260472,movie,How to Ensure Safe Internet,How to Ensure Safe Internet,0,\N,\N,\N,\N
2752234,tt13269580,movie,Full Time,À plein temps,0,2021,\N,88,Drama
2752309,tt1326972,movie,Red Cliff II,Chi bi: Jue zhan tian xia,0,2009,\N,142,"Action,Adventure,Drama"
2752640,tt1327035,movie,Dev.D,Dev.D,0,2009,\N,144,"Comedy,Drama,Romance"
2752684,tt13270424,movie,Brian and Charles,Brian and Charles,0,2022,\N,90,"Comedy,Drama,Sci-Fi"
2753499,tt1327194,movie,The Lucky One,The Lucky One,0,2012,\N,101,"Drama,Mystery,Romance"
2756472,tt1327773,movie,The Butler,The Butler,0,2013,\N,132,"Biography,Drama"
2761804,tt13287846,movie,Napoleon,Napoleon,0,2023,\N,158,"Action,Adventure,Biography"
2762475,tt1328913,movie,Preacher's Kid,Preacher's Kid,0,2010,\N,110,"Drama,Music,Romance"
2762553,tt13289298,movie,At the Mountains of Madness,At the Mountains of Madness,0,2021,\N,69,"Horror,Thriller"
2765366,tt1329469,movie,1895,1895,0,2008,\N,110,History
2773201,tt13309416,short,Dad Jokes,Dad Jokes,0,2020,\N,3,"Comedy,Short"
2773402,tt13309790,movie,El Cap Wedding,El Cap Wedding,0,2020,\N,85,Documentary
2773824,tt1331064,movie,Paper Heart,Paper Heart,0,2009,\N,88,"Comedy,Drama,Romance"
2775041,tt1331294,movie,The Apostle,O Apóstolo,0,2012,\N,84,"Animation,Horror"
2775760,tt13314216,short,Hours Alone,Horas a Solas,0,2020,\N,7,Short
2779061,tt13320622,movie,The Lost City,The Lost City,0,2022,\N,112,"Action,Adventure,Comedy"
2779379,tt13321244,movie,Origin,Origin,0,2023,\N,141,"Drama,History"
2779608,tt13321730,movie,The Divide,La fracture,0,2021,\N,99,"Comedy,Drama"
2782188,tt1332676,movie,2 Harihar Nagar,2 Harihar Nagar,0,2009,\N,\N,"Comedy,Thriller"
2784528,tt1333125,movie,Movie 43,Movie 43,0,2013,\N,94,Comedy
2786219,tt13334578,movie,Ganapath,Ganapath,0,2023,\N,133,"Action,Drama,Sci-Fi"
2789600,tt1334104,movie,Sagar Alias Jackie: Reloaded,Sagar Alias Jackie: Reloaded,0,2009,\N,139,"Action,Crime"
2790415,tt1334260,movie,Never Let Me Go,Never Let Me Go,0,2010,\N,103,"Drama,Romance"
2791590,tt1334470,movie,Raavan,Raavan,0,2010,\N,130,"Action,Adventure,Drama"
2791813,tt1334512,movie,Arthur,Arthur,0,2011,\N,110,"Comedy,Romance"
2792027,tt1334553,movie,The Perfect Host,The Perfect Host,0,2010,\N,93,"Comedy,Crime,Thriller"
2792070,tt13345606,movie,Evil Dead Rise,Evil Dead Rise,0,2023,\N,96,Horror
2795585,tt13352238,tvSpecial,Foe Paws,Foe Paws,0,2000,\N,7,"Animation,Short"
2796160,tt13353386,movie,The Butcher's Daughter,Tendre et saignant,0,2020,\N,91,"Comedy,Romance"
2798502,tt13357750,short,Reset,Reset,0,2020,\N,8,"Short,Thriller"
2799587,tt1335975,movie,47 Ronin,47 Ronin,0,2013,\N,128,"Action,Drama,Fantasy"
2800556,tt13361648,movie,The New Toy,Le nouveau jouet,0,2022,\N,112,Comedy
2802121,tt13364790,movie,"Hi, Mom","Ni hao, Li Huanying",0,2021,\N,128,"Comedy,Drama,Fantasy"
2802806,tt1336608,movie,Rock of Ages,Rock of Ages,0,2012,\N,123,"Comedy,Drama,Musical"
2802842,tt1336617,movie,Cyrus,Cyrus,0,2010,\N,91,"Comedy,Drama,Romance"
2805128,tt1337051,movie,"Police, Adjective","Politist, adjectiv",0,2009,\N,113,"Crime,Drama"
2805161,tt1337057,movie,Rampage,Rampage,0,2009,\N,85,"Action,Crime,Thriller"
2805917,tt1337193,movie,Guy and Madeline on a Park Bench,Guy and Madeline on a Park Bench,0,2009,\N,82,"Drama,Musical"
2807676,tt13375076,movie,The Pope's Exorcist,The Pope's Exorcist,0,2023,\N,103,"Horror,Thriller"
2816513,tt1339161,movie,The Robber,Der Räuber,0,2010,\N,101,"Biography,Crime,Drama"
2816548,tt13391708,movie,The Five Devils,Les Cinq Diables,0,2022,\N,103,"Drama,Fantasy,Romance"
2821593,tt1340094,movie,The Crow,The Crow,0,2024,\N,111,"Action,Crime,Fantasy"
2821669,tt1340107,movie,In a Better World,Hævnen,0,2010,\N,118,"Drama,Romance"
2821674,tt1340108,movie,Killer Bean Forever,Killer Bean Forever,0,2008,\N,85,"Action,Adventure,Animation"
2821839,tt1340138,movie,Terminator Genisys,Terminator Genisys,0,2015,\N,126,"Action,Adventure,Sci-Fi"
2824035,tt13405778,movie,Insidious: The Red Door,Insidious: The Red Door,0,2023,\N,107,"Horror,Mystery,Thriller"
2825246,tt1340800,movie,Tinker Tailor Soldier Spy,Tinker Tailor Soldier Spy,0,2011,\N,127,"Drama,Mystery,Thriller"
2825453,tt1340838,movie,Raaz: The Mystery Continues,Raaz: The Mystery Continues,0,2009,\N,151,"Horror,Mystery,Thriller"
2827239,tt1341167,movie,Four Lions,Four Lions,0,2010,\N,97,"Comedy,Crime,Drama"
2827353,tt1341188,movie,How Do You Know,How Do You Know,0,2010,\N,121,"Comedy,Drama,Romance"
2837202,tt13429870,movie,Robot Dreams,Robot Dreams,0,2023,\N,103,"Animation,Comedy,Drama"
2837230,tt13429928,movie,Operation Seawolf,Operation Seawolf,0,2022,\N,87,"Action,Adventure,History"
2837731,tt1343092,movie,The Great Gatsby,The Great Gatsby,0,2013,\N,143,"Drama,Romance"
2837742,tt1343097,movie,The Girl Who Kicked the Hornet's Nest,Luftslottet som sprängdes,0,2009,\N,147,"Crime,Drama,Mystery"
2838391,tt13432158,movie,Terezin - Children of the Holocaust,Terezin - Children of the Holocaust,0,2021,\N,103,Drama
2839277,tt13433802,movie,A Quiet Place: Day One,A Quiet Place: Day One,0,2024,\N,99,"Drama,Horror,Sci-Fi"
2839780,tt13434762,short,Run Away! - Polayon!,Run Away! - Polayon!,0,2020,\N,3,"Drama,Short"
2841040,tt1343703,movie,Fortress of War,Brestskaya krepost,0,2010,\N,138,"Action,Drama,War"
2841175,tt1343727,movie,Dredd,Dredd,0,2012,\N,95,"Action,Crime,Sci-Fi"
2845459,tt13445076,movie,The Ambush,Al Kameen,0,2021,\N,102,"Action,Drama,War"
2845976,tt1344607,movie,Flying Saucer Rock 'N' Roll,Flying Saucer Rock 'N' Roll,0,2006,\N,85,"Adventure,Comedy,Horror"
2849439,tt13452446,movie,Damsel,Damsel,0,2024,\N,110,"Action,Adventure,Fantasy"
2849760,tt13453006,movie,Red Rocket,Red Rocket,0,2021,\N,130,"Comedy,Drama,Romance"
2852687,tt1345836,movie,The Dark Knight Rises,The Dark Knight Rises,0,2012,\N,164,"Action,Crime,Drama"
2853817,tt13460398,movie,Fixation,Fixation,0,2022,\N,99,"Drama,Thriller"
2855002,tt13462472,movie,The Young Lovers,Les jeunes amants,0,2021,\N,114,"Drama,Romance"
2855222,tt13462900,movie,The Battle at Lake Changjin,Changjin hu,0,2021,\N,176,"Action,Drama,History"
2855545,tt13463474,movie,Unerhört!,Unerhört!,0,2020,\N,61,Documentary
2859071,tt1347007,movie,Hidden,Skjult,0,2009,\N,95,"Horror,Thriller"
2861976,tt1347521,movie,I Saw the Sun,Günesi Gördüm,0,2009,\N,120,Drama
2865900,tt13482796,movie,Party of Fools,Captives,0,2023,\N,111,"Drama,History,Thriller"
2866986,tt13484872,movie,Stealing Raden Saleh,Mencuri Raden Saleh,0,2022,\N,154,"Action,Crime,Drama"
2872730,tt13496136,movie,Call from the North,En otro lugar,0,2022,\N,88,"Comedy,Romance"
2875861,tt13502066,movie,Fukrey Boyzzz: Space Mein Fukrapanti,Fukrey Boyzzz: Space Mein Fukrapanti,0,2020,\N,74,"Animation,Comedy,Family"
2883292,tt1351672,movie,The Man Who Will Come,L'uomo che verrà,0,2009,\N,115,"Drama,War"
2883368,tt1351685,movie,Jack the Giant Slayer,Jack the Giant Slayer,0,2013,\N,114,"Action,Adventure,Fantasy"
2885623,tt13521006,movie,Beau Is Afraid,Beau Is Afraid,0,2023,\N,179,"Comedy,Drama,Horror"
2887506,tt13524482,short,Carta à A.H.,Carta à A.H.,0,2021,\N,\N,"Comedy,Short"
2888429,tt13526272,short,Close Up,Close Up,0,2021,\N,13,"Biography,Drama,Short"
2889492,tt1352824,movie,Chloe,Chloe,0,2009,\N,96,"Drama,Mystery,Thriller"
2891208,tt13531468,movie,Rise,En corps,0,2022,\N,117,"Comedy,Drama"
2894612,tt1353810,movie,Savages Crossing,Savages Crossing,0,2010,\N,85,Thriller
2895469,tt13539646,movie,The Wandering Earth II,Liú Làng Dì Qiú 2,0,2023,\N,173,"Action,Adventure,Drama"
2898024,tt13544340,short,Counting Sheep,Counting Sheep,0,2020,\N,3,"Animation,Short"
2900899,tt13549664,short,Kaimera,Kaimera,0,2020,\N,25,"Mystery,Short"
2903326,tt13554070,movie,¡Qué Detectives!,¡Qué Detectives!,0,2012,\N,90,"Comedy,Family"
2904034,tt1355546,movie,Ayan,Ayan,0,2009,\N,162,"Action,Crime,Drama"
2904468,tt1355630,movie,If I Stay,If I Stay,0,2014,\N,107,"Comedy,Drama,Fantasy"
2904473,tt1355631,movie,The Infiltrator,The Infiltrator,0,2016,\N,127,"Biography,Crime,Drama"
2904540,tt1355644,movie,Passengers,Passengers,0,2016,\N,116,"Drama,Romance,Sci-Fi"
2904755,tt1355683,movie,Black Mass,Black Mass,0,2015,\N,123,"Biography,Crime,Drama"
2906735,tt13560574,movie,X,X,0,2022,\N,105,"Horror,Mystery,Thriller"
2910160,tt1356698,movie,5 Day Scam,5 dienu avantiura,0,2008,\N,97,Comedy
2921614,tt13588258,video,The Ruin,The Ruin,0,2018,\N,10,Short
2924072,tt13592800,short,The Explosion of Silence,The Explosion of Silence,0,2020,\N,13,Short
2925110,tt13594694,short,Requiem,Requiem,0,2018,\N,10,Short
2931299,tt13606158,movie,The Last Warrior: Root of Evil,Posledniy bogatyr. Koren zla,0,2021,\N,121,"Adventure,Comedy,Family"
2934952,tt1361306,movie,Capitan Basilico,Capitan Basilico,0,2008,\N,120,Sci-Fi
2934988,tt1361313,movie,The Extra Man,The Extra Man,0,2010,\N,108,Comedy
2935047,tt13613284,short,YLLI,YLLI,0,2020,\N,6,"Animation,Short"
2935055,tt1361336,movie,Tom & Jerry,Tom and Jerry,0,2021,\N,101,"Adventure,Animation,Comedy"
2936282,tt13615568,video,Chemical Escape - Die Flucht in die Chemie,Chemical Escape - Die Flucht in die Chemie,0,2014,\N,12,"Crime,Drama,Short"
2936794,tt13616492,short,Devil's Forest,Devil's Forest,0,2020,\N,12,"Documentary,Horror,Short"
2937044,tt13616980,movie,Panda Bear in Africa,Panda Bear in Africa,0,2024,\N,84,"Adventure,Animation,Comedy"
2937627,tt1361809,movie,Arundhati,Arundhati,0,2009,\N,131,"Horror,Mystery,Thriller"
2939298,tt1362118,movie,Russia 88,Rossiya 88,0,2009,\N,104,"Crime,Drama"
2940244,tt13622970,movie,Moana 2,Moana 2,0,2024,\N,100,"Adventure,Animation,Comedy"
2947034,tt13635702,movie,The Inhabitant,The Inhabitant,0,2022,\N,97,"Horror,Thriller"
2949631,tt13640696,movie,See How They Run,See How They Run,0,2022,\N,98,"Comedy,Crime,Mystery"
2951775,tt1364478,movie,Casanegra,Casanegra,0,2008,\N,131,Drama
2952062,tt13645322,movie,F3: Fun and Frustration,F3: Fun and Frustration,0,2022,\N,148,"Comedy,Family,Romance"
2954807,tt1365048,movie,3-D Sex and Zen: Extreme Ecstasy,3D Yuk po tuen: Gik lok bo gam,0,2011,\N,129,"Comedy,Drama"
2954816,tt1365050,movie,Beasts of No Nation,Beasts of No Nation,0,2015,\N,137,"Drama,War"
2954908,tt13650700,movie,A Big Bold Beautiful Journey,A Big Bold Beautiful Journey,0,2025,\N,109,"Drama,Fantasy,Romance"
2955532,tt13651794,movie,May December,May December,0,2023,\N,117,"Comedy,Drama"
2955811,tt13652286,movie,Fight or Flight,Fight or Flight,0,2024,\N,102,"Action,Comedy"
2957245,tt1365490,movie,We Believed,Noi credevamo,0,2010,\N,205,History
2957367,tt13655120,movie,I.S.S.,I.S.S.,0,2023,\N,95,"Sci-Fi,Thriller"
2957406,tt1365519,movie,Tomb Raider,Tomb Raider,0,2018,\N,119,"Action,Adventure,Fantasy"
2959917,tt13659826,short,El Paraíso,El Paraíso,0,2021,\N,6,"Crime,Mystery,Short"
2961833,tt1366338,movie,Lowriders,Lowriders,0,2016,\N,98,"Adventure,Crime,Drama"
2961868,tt1366344,movie,The Sitter,The Sitter,0,2011,\N,81,Comedy
2961987,tt1366365,movie,The Cold Light of Day,The Cold Light of Day,0,2012,\N,93,"Action,Adventure,Thriller"
2963720,tt1366687,movie,No Love in the City,Lyubov v bolshom gorode,0,2009,\N,84,"Comedy,Fantasy,Romance"
2964951,tt13669038,movie,Women Talking,Women Talking,0,2022,\N,104,Drama
2971104,tt1368047,movie,Beket,Beket,0,2008,\N,80,Drama
2971135,tt13680520,movie,9 Bullets,9 Bullets,0,2022,\N,97,"Action,Crime,Thriller"
2979660,tt1369706,movie,The Ward,The Ward,0,2010,\N,89,"Horror,Mystery,Thriller"
2983313,tt1370429,movie,99,99,0,2009,\N,135,"Comedy,Crime,Drama"
2983362,tt1370439,movie,"The Return of the Musketeers, or The Treasures of Cardinal Mazarin","Vozvrashchenie mushketyorov, ili Sokrovishcha kardinala Mazarini",0,2009,\N,134,"Action,Adventure,Comedy"
2986727,tt1371111,movie,Cloud Atlas,Cloud Atlas,0,2012,\N,172,"Drama,Mystery,Sci-Fi"
2986940,tt1371150,movie,This Is Where I Leave You,This Is Where I Leave You,0,2014,\N,103,"Comedy,Drama"
2986970,tt1371155,movie,Made in Dagenham,Made in Dagenham,0,2010,\N,113,"Comedy,Drama,History"
2995147,tt1372686,movie,Coriolanus,Coriolanus,0,2011,\N,123,"Drama,Thriller,War"
2995489,tt1372747,movie,Yulenka,Yulenka,0,2009,\N,102,"Drama,Horror,Mystery"
2997495,tt13731258,movie,Aanai,Aanai,0,2005,\N,\N,"Action,Drama"
2997628,tt1373156,movie,Karthik Calling Karthik,Karthik Calling Karthik,0,2010,\N,135,"Drama,Mystery,Romance"
2998106,tt1373243,movie,Tarif Novogodniy,Tarif Novogodniy,0,2008,\N,83,"Comedy,Fantasy,Romance"
3000026,tt13736010,movie,Mamma qui comando io,Mamma qui comando io,0,2023,\N,90,Comedy
3007832,tt1374989,movie,Pride and Prejudice and Zombies,Pride and Prejudice and Zombies,0,2016,\N,108,"Action,Comedy,Fantasy"
3007849,tt1374992,movie,Upside Down,Upside Down,0,2012,\N,109,"Drama,Romance,Sci-Fi"
3008727,tt13751694,movie,Animal,Animal,0,2023,\N,204,"Action,Crime,Drama"
3011622,tt1375666,movie,Inception,Inception,0,2010,\N,148,"Action,Adventure,Sci-Fi"
3011646,tt1375670,movie,Grown Ups,Grown Ups,0,2010,\N,102,Comedy
3014542,tt1376213,movie,The Adventurer: The Curse of the Midas Box,The Adventurer: The Curse of the Midas Box,0,2013,\N,100,"Adventure,Family,Fantasy"
3017138,tt1376709,movie,I Love You Too,I Love You Too,0,2010,\N,107,Comedy
3018467,tt13769630,movie,The Last Warrior: A Messenger of Darkness,Posledniy bogatyr. Poslannik tmy,0,2021,\N,108,"Adventure,Comedy,Family"
3020219,tt1377278,movie,Defamation,Hashmatsa,0,2009,\N,91,Documentary
3021628,tt1377541,movie,Pal,Pal,0,2008,\N,60,Comedy
3030504,tt1379177,movie,The Disappearance of Alice Creed,The Disappearance of Alice Creed,0,2009,\N,100,"Crime,Thriller"
3030534,tt1379182,movie,Dogtooth,Kynodontas,0,2009,\N,97,"Drama,Thriller"
3030753,tt1379222,movie,The Double Hour,La doppia ora,0,2009,\N,95,"Crime,Drama,Mystery"
3041822,tt1381263,movie,La banda en la isla de la magia,La banda en la isla de la magia,0,2008,\N,107,Adventure
3042578,tt1381404,movie,The Company You Keep,The Company You Keep,0,2012,\N,125,"Drama,Thriller"
3044952,tt13818368,movie,Fighter,Fighter,0,2024,\N,166,"Action,Drama"
3049892,tt1382725,movie,The Round Up,La rafle,0,2010,\N,115,"Drama,History,War"
3050313,tt13827976,short,Practice Makes Perfect?,Practice Makes Perfect?,0,2018,\N,\N,Short
3053421,tt13833688,movie,The Whale,The Whale,0,2022,\N,117,Drama
3053995,tt13834788,movie,Yuni,Yuni,0,2021,\N,95,Drama
3056676,tt13839612,movie,Strictly for the Streets: Vol 1.,Strictly for the Streets: Vol 1.,0,2021,\N,\N,Drama
3057860,tt13841850,movie,Men,Men,0,2022,\N,100,"Drama,Fantasy,Horror"
3060439,tt13846402,movie,The Passengers of the Night,Les passagers de la nuit,0,2022,\N,111,Drama
3060516,tt13846540,movie,Red Island,L'île rouge,0,2023,\N,117,Drama
3061724,tt13848804,movie,Journey to Bethlehem,Journey to Bethlehem,0,2023,\N,99,"Adventure,Family,Musical"
3067020,tt1385826,movie,The Adjustment Bureau,The Adjustment Bureau,0,2011,\N,106,"Crime,Drama,Mystery"
3067225,tt1385867,movie,Cop Out,Cop Out,0,2010,\N,107,"Action,Comedy,Crime"
3067447,tt1385912,movie,I Can Do Bad All by Myself,I Can Do Bad All by Myself,0,2009,\N,113,"Comedy,Drama"
3070129,tt13863866,short,The Dot,The Dot,0,2017,\N,\N,"Short,Thriller"
3070366,tt13864330,movie,The Immortals,The Immortals,0,2021,\N,53,Action
3071206,tt1386588,movie,The Other Guys,The Other Guys,0,2010,\N,107,"Action,Comedy,Crime"
3071796,tt1386697,movie,Suicide Squad,Suicide Squad,0,2016,\N,123,"Action,Adventure,Fantasy"
3071831,tt1386703,movie,Total Recall,Total Recall,0,2012,\N,118,"Action,Adventure,Sci-Fi"
3073122,tt1386932,movie,Ip Man 2,Yip Man 2,0,2010,\N,108,"Action,Biography,Drama"
3081292,tt1388418,movie,Deportees,Ekhrajiha,0,2007,\N,107,"Action,Comedy,Drama"
3082236,tt13886070,short,Anxietus Domicupus,Anxietus Domicupus,0,2020,\N,10,"Short,Western"
3084861,tt1389072,movie,Downsizing,Downsizing,0,2017,\N,135,"Drama,Fantasy,Sci-Fi"
3084993,tt1389096,movie,Stand Up Guys,Stand Up Guys,0,2012,\N,95,"Comedy,Crime,Thriller"
3085195,tt1389137,movie,We Bought a Zoo,We Bought a Zoo,0,2011,\N,124,"Comedy,Drama,Family"
3085205,tt1389139,movie,When the Bough Breaks,When the Bough Breaks,0,2016,\N,107,"Drama,Thriller"
3092171,tt1390411,movie,In the Heart of the Sea,In the Heart of the Sea,0,2015,\N,122,"Action,Adventure,Biography"
3094345,tt1390821,movie,Chirodini Tumi Je Amar,Chirodini Tumi Je Amar,0,2008,\N,180,Romance
3096116,tt1391137,movie,Why Did I Get Married Too?,Why Did I Get Married Too?,0,2010,\N,121,"Comedy,Drama,Romance"
3100093,tt1391851,movie,Reincarnation,Reincarnation,0,2004,\N,\N,Fantasy
3101849,tt1392170,movie,The Hunger Games,The Hunger Games,0,2012,\N,142,"Action,Adventure,Sci-Fi"
3101969,tt1392190,movie,Mad Max: Fury Road,Mad Max: Fury Road,0,2015,\N,120,"Action,Adventure,Sci-Fi"
3102011,tt1392197,movie,Marmaduke,Marmaduke,0,2010,\N,87,"Comedy,Family"
3102110,tt1392214,movie,Prisoners,Prisoners,0,2013,\N,153,"Crime,Drama,Mystery"
3102653,tt13923084,movie,Boy Kills World,Boy Kills World,0,2023,\N,111,"Action,Comedy,Crime"
3102862,tt13923456,movie,Mafia Mamma,Mafia Mamma,0,2023,\N,101,"Action,Comedy,Crime"
3104179,tt13925862,movie,"Dad, I'm Sorry",Bo Gia,0,2021,\N,128,"Comedy,Drama,Family"
3105336,tt13927994,movie,Salaar,Salaar: Part 1 - Ceasefire,0,2023,\N,175,"Action,Crime,Drama"
3110498,tt1393746,movie,Aftershock,Tang shan da di zhen,0,2010,\N,135,"Drama,History"
3117726,tt1395054,movie,Once Upon a Time in Mumbaai,Once Upon a Time in Mumbaai,0,2010,\N,134,"Action,Crime,Drama"
3117775,tt1395065,movie,Sal,Sal,0,2011,\N,114,"Drama,Western"
3121600,tt13957560,movie,Dumb Money,Dumb Money,0,2023,\N,105,"Biography,Comedy,Drama"
3124067,tt1396208,movie,Action Replayy,Action Replayy,0,2010,\N,129,"Comedy,Romance,Sci-Fi"
3124117,tt1396218,movie,Mr. Popper's Penguins,Mr. Popper's Penguins,0,2011,\N,94,"Comedy,Family,Fantasy"
3124134,tt1396221,movie,Passion Play,Passion Play,0,2010,\N,94,"Drama,Fantasy,Horror"
3124164,tt1396226,movie,Twice Born,Venuto al mondo,0,2012,\N,127,"Drama,Romance,War"
3125595,tt1396484,movie,It,It,0,2017,\N,135,Horror
3125819,tt1396523,movie,Revenge of the Green Dragons,Revenge of the Green Dragons,0,2014,\N,94,"Action,Crime,Drama"
3129859,tt1397280,movie,Taken 2,Taken 2,0,2012,\N,92,"Action,Crime,Thriller"
3131103,tt1397514,movie,Journey 2: The Mysterious Island,Journey 2: The Mysterious Island,0,2012,\N,94,"Action,Adventure,Comedy"
3136119,tt1398426,movie,Straight Outta Compton,Straight Outta Compton,0,2015,\N,147,"Biography,Drama,History"
3139797,tt1399103,movie,Transformers: Dark of the Moon,Transformers: Dark of the Moon,0,2011,\N,154,"Action,Adventure,Comedy"
3142928,tt1399683,movie,Winter's Bone,Winter's Bone,0,2010,\N,100,"Crime,Drama,Mystery"
3146718,tt1400365,movie,Sarvam,Sarvam,0,2009,\N,143,"Action,Drama,Romance"
3151211,tt1401152,movie,Unknown,Unknown,0,2011,\N,113,"Action,Mystery,Thriller"
3157090,tt14022314,tvSeries,True Darkness,True Darkness,0,2021,\N,\N,"Drama,Horror"
3157950,tt14023894,movie,Camellia Sisters,Gái Già Lam Chiêu 5,0,2021,\N,115,Drama
3158045,tt14024066,movie,The Guardian,Thiên than ho menh,0,2021,\N,127,"Crime,Drama,Horror"
3158497,tt1402488,movie,Happy Feet Two,Happy Feet Two,0,2011,\N,100,"Adventure,Animation,Comedy"
3162052,tt1403130,movie,Bodyguards and Assassins,Shi yue wei cheng,0,2009,\N,139,"Action,Drama,History"
3162287,tt1403177,movie,Hesher,Hesher,0,2010,\N,106,"Comedy,Drama"
3162476,tt1403214,movie,Paradise: Love,Paradies: Liebe,0,2012,\N,120,Drama
3166013,tt1403865,movie,True Grit,True Grit,0,2010,\N,110,"Drama,Western"
3166496,tt14039582,movie,Drive My Car,Doraibu mai kâ,0,2021,\N,179,Drama
3166612,tt1403981,movie,Remember Me,Remember Me,0,2010,\N,113,"Drama,Romance"
3166622,tt1403983,movie,Another Egg and Chicken Movie,Otra película de huevos y un pollo,0,2009,\N,90,"Action,Adventure,Animation"
3166646,tt1403988,movie,The Romantics,The Romantics,0,2010,\N,95,"Comedy,Drama,Romance"
3169365,tt14044924,movie,Hi-Five,Haipaibeu,0,2025,\N,119,"Action,Adventure,Comedy"
3173171,tt14051976,movie,Camp Hideout,Camp Hideout,0,2023,\N,100,"Comedy,Family"
3174903,tt1405500,movie,For Colored Girls,For Colored Girls,0,2010,\N,133,Drama
3176452,tt14057950,short,Jansankhya,Jansankhya,0,2021,\N,22,"Drama,Short"
3176539,tt1405810,movie,Loose Cannons,Mine vaganti,0,2010,\N,110,"Comedy,Drama,Romance"
3177686,tt14060094,movie,Blacklight,Blacklight,0,2022,\N,104,"Action,Drama,Thriller"
3177765,tt14060232,movie,Infinite Storm,Infinite Storm,0,2022,\N,97,"Drama,Thriller"
3183428,tt1407050,video,American Pie Presents: The Book of Love,American Pie Presents: The Book of Love,0,2009,\N,93,Comedy
3189201,tt1408101,movie,Star Trek Into Darkness,Star Trek Into Darkness,0,2013,\N,132,"Action,Adventure,Sci-Fi"
3190030,tt1408253,movie,Ride Along,Ride Along,0,2014,\N,99,"Action,Comedy,Crime"
3193326,tt14088510,movie,Tarot,Tarot,0,2024,\N,92,Horror
3194207,tt1409024,movie,Men in Black³,Men in Black³,0,2012,\N,106,"Action,Adventure,Comedy"
3199178,tt14099334,movie,Bhediya,Bhediya,0,2022,\N,156,"Comedy,Horror,Thriller"
3199446,tt14099796,movie,The Goldfinger,Jin shou zhi,0,2023,\N,126,"Action,Crime,Drama"
3199908,tt1410063,movie,The Flowers of War,Jin ling shi san chai,0,2011,\N,146,"Drama,History,Romance"
3201231,tt14103036,short,This Could Be You,This Could Be You,0,2021,\N,8,"Short,Thriller"
3203646,tt14107334,movie,The Running Man,The Running Man,0,2025,\N,133,"Action,Adventure,Sci-Fi"
3204966,tt14109724,movie,Ticket to Paradise,Ticket to Paradise,0,2022,\N,104,"Comedy,Drama,Romance"
3206403,tt1411238,movie,No Strings Attached,No Strings Attached,0,2011,\N,108,"Comedy,Romance"
3206471,tt1411250,movie,Riddick,Riddick,0,2013,\N,119,"Action,Adventure,Sci-Fi"
3207715,tt14114802,movie,The Outfit,The Outfit,0,2022,\N,105,"Crime,Drama,Mystery"
3208674,tt1411664,movie,Bucky Larson: Born to Be a Star,Bucky Larson: Born to Be a Star,0,2011,\N,97,Comedy
3208852,tt1411697,movie,The Hangover Part II,The Hangover Part II,0,2011,\N,102,Comedy
3208889,tt1411704,movie,Hop,Hop,0,2011,\N,95,"Adventure,Animation,Comedy"
3211422,tt14121726,movie,Jeepers Creepers: Reborn,Jeepers Creepers: Reborn,0,2022,\N,88,"Horror,Mystery,Thriller"
3212518,tt1412386,movie,The Best Exotic Marigold Hotel,The Best Exotic Marigold Hotel,0,2011,\N,124,"Comedy,Drama,Romance"
3213271,tt1412528,movie,Table 19,Table 19,0,2017,\N,87,"Comedy,Drama,Romance"
3218583,tt1413492,movie,12 Strong,12 Strong,0,2018,\N,130,"Action,Drama,History"
3218591,tt1413495,movie,Paranoia,Paranoia,0,2013,\N,106,"Drama,Thriller"
3219906,tt14137416,movie,Kidnapped: The Abduction of Edgardo Mortara,Rapito,0,2023,\N,134,"Drama,History"
3223361,tt1414382,movie,You Again,You Again,0,2010,\N,105,"Comedy,Romance"
3223483,tt1414404,movie,To Be King,Koning van Katoren,0,2012,\N,125,"Adventure,Family"
3224983,tt14146688,movie,Me contro te - Il mistero della scuola incantata,Me contro te - Il mistero della scuola incantata,0,2021,\N,63,Comedy
3225852,tt1414840,movie,Lyubov 2 Morkov,Lyubov 2 Morkov,0,2008,\N,100,"Comedy,Fantasy"
3228326,tt1415283,movie,Nanny McPhee Returns,Nanny McPhee and the Big Bang,0,2010,\N,109,"Comedy,Family,Fantasy"
3229047,tt14154200,short,Hitched,Hitched,0,2020,\N,14,"Drama,Horror,Romance"
3238161,tt1417108,movie,Torrente 4: Lethal Crisis,Torrente 4: Lethal Crisis,0,2011,\N,93,"Action,Comedy,Crime"
3240612,tt14175640,movie,In Broad Daylight,In Broad Daylight,0,2025,\N,97,"Action,Drama,Romance"
3244724,tt1418377,movie,"I, Frankenstein","I, Frankenstein",0,2014,\N,92,"Action,Fantasy,Sci-Fi"
3247460,tt14188930,movie,"Nna, Thaan Case Kodu",Nna Thaan Case Kodu,0,2022,\N,138,"Comedy,Crime,Drama"
3254094,tt14200576,movie,Witnessed,Witnessed,0,2023,\N,83,"Crime,Thriller"
3256788,tt14205554,movie,KPop Demon Hunters,KPop Demon Hunters,0,2025,\N,95,"Action,Adventure,Animation"
3258496,tt14208870,movie,The Fabelmans,The Fabelmans,0,2022,\N,151,Drama
3258885,tt14209618,movie,Game Changer,Game Changer,0,2025,\N,165,"Action,Drama,Thriller"
3259042,tt14209916,movie,Cocaine Bear,Cocaine Bear,0,2023,\N,95,"Comedy,Crime,Thriller"
3259365,tt1421051,movie,Somewhere,Somewhere,0,2010,\N,97,"Comedy,Drama,Romance"
3260226,tt14212090,movie,Scarlet,L'envol,0,2022,\N,100,"Drama,History,Romance"
3264987,tt14221050,short,Cult Affairs,Cult Affairs,0,2021,\N,6,"Horror,Short"
3265145,tt1422136,movie,A Lonely Place to Die,A Lonely Place to Die,0,2011,\N,99,"Crime,Thriller"
3269953,tt14230388,movie,Asteroid City,Asteroid City,0,2023,\N,105,"Comedy,Drama,Romance"
3269989,tt14230458,movie,Poor Things,Poor Things,0,2023,\N,141,"Comedy,Drama,Romance"
3274672,tt1423894,movie,Barney's Version,Barney's Version,0,2010,\N,134,"Comedy,Drama"
3275232,tt1423995,movie,Stone,Stone,0,2010,\N,105,"Drama,Mystery,Thriller"
3276829,tt14242710,short,Lone Rider Animation,Lone Rider Animation,0,2010,\N,9,"Animation,Short"
3277038,tt1424310,movie,Chinese Zodiac,Shi er shengxiao,0,2012,\N,109,"Action,Adventure,Comedy"
3277392,tt1424381,movie,Predators,Predators,0,2010,\N,107,"Action,Adventure,Sci-Fi"
3282311,tt1425257,movie,True Legend,Su Qi-er,0,2010,\N,115,"Action,Drama,History"
3282992,tt14253846,movie,Speak No Evil,Speak No Evil,0,2022,\N,97,"Drama,Horror,Mystery"
3285890,tt1425922,movie,Black Nativity,Black Nativity,0,2013,\N,93,"Drama,Family,Music"
3286779,tt14260836,movie,Better Man,Better Man,0,2024,\N,135,"Biography,Fantasy,Music"
3288167,tt1426329,movie,Lovelace,Lovelace,0,2013,\N,93,"Biography,Drama"
3297144,tt14279982,movie,HIT: The 2nd Case,HIT: The 2nd Case,0,2022,\N,150,"Crime,Drama,Mystery"
3300118,tt1428538,movie,Hansel & Gretel: Witch Hunters,Hansel & Gretel: Witch Hunters,0,2013,\N,88,"Action,Fantasy,Horror"
3300261,tt14285644,short,Why Is the Sky Blue?,Why Is the Sky Blue?,0,2001,\N,1,"Animation,Short"
3308994,tt1430132,movie,The Wolverine,The Wolverine,0,2013,\N,126,"Action,Sci-Fi"
3310612,tt14304326,short,A Roar in the Dark,A Roar in the Dark,0,2014,\N,11,"Adventure,Short"
3311606,tt1430607,movie,Arthur Christmas,Arthur Christmas,0,2011,\N,97,"Adventure,Animation,Comedy"
3311634,tt1430612,movie,Brick Mansions,Brick Mansions,0,2014,\N,90,"Action,Crime,Thriller"
3311652,tt1430615,movie,Big Miracle,Big Miracle,0,2012,\N,107,"Biography,Drama,Romance"
3311716,tt1430626,movie,The Pirates! Band of Misfits,The Pirates! In an Adventure with Scientists!,0,2012,\N,88,"Action,Adventure,Animation"
3314039,tt1431045,movie,Deadpool,Deadpool,0,2016,\N,108,"Action,Comedy,Sci-Fi"
3314783,tt1431181,movie,Another Year,Another Year,0,2010,\N,129,"Comedy,Drama"
3315114,tt1431240,movie,Deportees 2,Ekhrajiha 2,0,2009,\N,114,"Action,Comedy,Drama"
3315735,tt1431347,movie,Motherland,Zadboom,0,2009,\N,111,Drama
3318155,tt14317880,movie,Final Cut,Coupez!,0,2022,\N,112,"Comedy,Horror"
3323448,tt14327366,short,Akoshat,Akoshat,0,2020,\N,\N,"Mystery,Short"
3325401,tt1433108,movie,Faster,Faster,0,2010,\N,98,"Action,Crime,Drama"
3325511,tt14331302,short,Lasting Impression,Lasting Impression,0,2020,\N,7,"Drama,Short"
3329307,tt1433811,movie,Disconnect,Disconnect,0,2012,\N,115,"Crime,Drama,Mystery"
3329361,tt1433822,movie,The Apparition,The Apparition,0,2012,\N,82,"Horror,Thriller"
3332593,tt1434435,movie,Mother's Day,Mother's Day,0,2010,\N,112,"Drama,Horror,Thriller"
3336261,tt14351082,movie,Cabrini,Cabrini,0,2024,\N,142,"Biography,Drama,History"
3337448,tt14353332,movie,Vanna Thamizh Pattu,Vanna Thamizh Pattu,0,2000,\N,\N,Romance
3341314,tt1436045,movie,13 Assassins,Jûsannin no shikaku,0,2010,\N,141,"Action,Adventure,Drama"
3342252,tt14362112,movie,Trolls Band Together,Trolls Band Together,0,2023,\N,91,"Adventure,Animation,Comedy"
3343465,tt14364480,movie,Wake Up Dead Man,Wake Up Dead Man,0,2025,\N,144,"Comedy,Crime,Drama"
3344060,tt1436559,movie,"Love, Wedding, Marriage","Love, Wedding, Marriage",0,2011,\N,90,"Comedy,Romance"
3344076,tt1436562,movie,Rio,Rio,0,2011,\N,96,"Adventure,Animation,Comedy"
3344110,tt1436568,movie,Assassination Games,Assassination Games,0,2011,\N,101,"Action,Crime,Drama"
3348422,tt1437358,movie,Sleep Tight,Mientras duermes,0,2011,\N,102,"Crime,Drama,Thriller"
3348459,tt1437366,movie,Beyond,Svinalängorna,0,2010,\N,99,Drama
3348464,tt1437367,movie,Thanks Maa,Thanks Maa,0,2009,\N,120,"Crime,Drama"
3352948,tt1438173,movie,Bait,Bait,0,2012,\N,93,"Action,Fantasy,Horror"
3352965,tt1438176,movie,Fright Night,Fright Night,0,2011,\N,106,"Action,Comedy,Drama"
3353421,tt1438254,movie,Charlie St. Cloud,Charlie St. Cloud,0,2010,\N,99,"Drama,Fantasy,Romance"
3354602,tt1438462,movie,Magic Silver,Julenatt i Blåfjell,0,2009,\N,82,"Adventure,Family,Fantasy"
3354604,tt1438463,movie,High Security Vacation,Kanikuly strogogo rezhima,0,2009,\N,113,"Adventure,Comedy"
3356110,tt14387660,movie,Ready o/r Knot,Bat yat sing fun,0,2021,\N,103,"Comedy,Romance"
3358028,tt14391292,movie,Mr. Local Man,Mr. Local Man,0,2019,\N,82,Adventure
3358553,tt1439229,movie,High School Musical: O Desafio,High School Musical: O Desafio,0,2010,\N,90,"Comedy,Family,Musical"
3363562,tt1440129,movie,Battleship,Battleship,0,2012,\N,131,"Action,Adventure,Sci-Fi"
3364058,tt14402146,movie,Empire of Light,Empire of Light,0,2022,\N,115,"Drama,Romance"
3364156,tt1440232,movie,Little White Lies,Les petits mouchoirs,0,2010,\N,154,"Comedy,Drama"
3364331,tt1440266,movie,Pina,Pina,0,2011,\N,103,"Documentary,Music"
3364475,tt1440292,movie,Submarine,Submarine,0,2010,\N,97,"Comedy,Drama,Romance"
3364753,tt1440345,movie,This Must Be the Place,This Must Be the Place,0,2011,\N,118,"Adventure,Comedy,Drama"
3364782,tt14403504,movie,Last Breath,Last Breath,0,2025,\N,93,"Drama,Thriller"
3366864,tt1440728,movie,The American,The American,0,2010,\N,105,"Crime,Drama,Thriller"
3366888,tt1440732,movie,Bel Ami,Bel Ami,0,2012,\N,102,"Crime,Drama,History"
3366898,tt14407336,movie,The Beast,La bête,0,2023,\N,146,"Drama,Romance,Sci-Fi"
3370153,tt1441326,movie,Martha Marcy May Marlene,Martha Marcy May Marlene,0,2011,\N,102,"Drama,Mystery,Thriller"
3370552,tt1441395,movie,Under the Skin,Under the Skin,0,2013,\N,108,"Drama,Horror,Mystery"
3371290,tt14415204,movie,Never Let Go,Never Let Go,0,2024,\N,101,"Horror,Mystery,Thriller"
3373592,tt1441937,video,Yuri Gagarin Conspiracy: Fallen Idol,Yuri Gagarin Conspiracy: Fallen Idol,0,2009,\N,90,Documentary
3373669,tt1441951,movie,Quartet,Quartet,0,2012,\N,98,"Comedy,Drama,Music"
3373675,tt1441952,movie,Salmon Fishing in the Yemen,Salmon Fishing in the Yemen,0,2011,\N,107,"Comedy,Drama,Romance"
3373698,tt1441956,movie,West Is West,West Is West,0,2010,\N,103,"Comedy,Drama"
3376859,tt1442556,movie,Gaturro,Gaturro,0,2010,\N,86,"Animation,Family"
3376963,tt1442576,movie,"Lula, the Son of Brazil","Lula, o Filho do Brasil",0,2009,\N,130,"Biography,Drama,History"
3380626,tt14432536,movie,Perinbaba 2 A Dva Svety,Perinbaba 2 A Dva Svety,0,2023,\N,107,Fantasy
3384697,tt14439896,movie,Father Stu,Father Stu,0,2022,\N,124,"Biography,Drama,Sport"
3387396,tt14444726,movie,Tár,Tár,0,2022,\N,158,"Drama,Music"
3396482,tt1446147,movie,Cat Run,Cat Run,0,2011,\N,106,"Action,Comedy"
3396747,tt1446192,movie,Rise of the Guardians,Rise of the Guardians,0,2012,\N,97,"Action,Adventure,Animation"
3399548,tt1446714,movie,Prometheus,Prometheus,0,2012,\N,124,"Adventure,Sci-Fi"
3403898,tt1447500,movie,Magadheera,Magadheera,0,2009,\N,166,"Action,Drama,Fantasy"
3403946,tt1447508,movie,Peepli [Live],Peepli [Live],0,2010,\N,95,"Comedy,Drama"
3406386,tt1447972,movie,StreetDance 3D,StreetDance 3D,0,2010,\N,98,"Drama,Music,Romance"
3410629,tt1448754,movie,Thanksgiving,Thanksgiving,0,2023,\N,106,"Horror,Mystery,Thriller"
3410634,tt1448755,movie,Killer Elite,Killer Elite,0,2011,\N,116,"Action,Crime,Thriller"
3413487,tt1449283,movie,Winnie the Pooh,Winnie the Pooh,0,2011,\N,63,"Adventure,Animation,Comedy"
3419189,tt1450321,movie,Filth,Filth,0,2013,\N,97,"Action,Comedy,Crime"
3424986,tt14513802,movie,Pioneering Nevada's Basin and Range Trail,Pioneering Nevada's Basin and Range Trail,0,2021,\N,\N,"Adventure,Documentary"
3424987,tt14513804,movie,Captain America: Brave New World,Captain America: Brave New World,0,2025,\N,118,"Action,Adventure,Sci-Fi"
3427312,tt1451797,movie,Rann,Rann,0,2010,\N,137,"Drama,Mystery,Thriller"
3427864,tt14518986,short,Cavalo Marinho vem a Cavalo: Dublagens de Pazucus - Primeiro Dia,Cavalo Marinho vem a Cavalo: Dublagens de Pazucus - Primeiro Dia,0,2021,\N,\N,"Documentary,Short"
3431829,tt1452628,movie,Vanishing on 7th Street,Vanishing on 7th Street,0,2010,\N,92,"Horror,Mystery,Thriller"
3436074,tt1453405,movie,Monsters University,Monsters University,0,2013,\N,104,"Adventure,Animation,Comedy"
3436473,tt14534796,movie,Mascarade,Mascarade,0,2022,\N,134,"Comedy,Crime,Drama"
3436579,tt14534992,movie,Moonbound,Peterchens Mondfahrt,0,2021,\N,85,"Adventure,Animation,Comedy"
3437217,tt14536120,movie,The Master and Margarita,Master i Margarita,0,2024,\N,156,"Drama,Fantasy,Horror"
3437844,tt14537248,movie,Nefarious,Nefarious,0,2023,\N,97,"Drama,Horror,Thriller"
3439149,tt14539740,movie,Godzilla x Kong: The New Empire,Godzilla x Kong: The New Empire,0,2024,\N,115,"Action,Adventure,Fantasy"
3439421,tt1454029,movie,The Help,The Help,0,2011,\N,146,Drama
3440494,tt14542254,movie,November,Novembre,0,2022,\N,106,"Crime,Drama,Thriller"
3441844,tt1454468,movie,Gravity,Gravity,0,2013,\N,91,"Drama,Sci-Fi,Thriller"
3442097,tt1454523,movie,Black Bread,Pa negre,0,2010,\N,108,"Crime,Drama"
3443370,tt14547524,movie,National Champions,National Champions,0,2021,\N,116,"Drama,Sport"
3444372,tt14549270,movie,The Palace,The Palace,0,2023,\N,100,"Comedy,Drama"
3444480,tt14549466,movie,Crimes of the Future,Crimes of the Future,0,2022,\N,107,"Drama,Horror,Sci-Fi"
3447958,tt14555972,short,Locked In,Locked In,0,2020,\N,3,"Biography,Drama,Music"
3449031,tt1455811,movie,Khatta Meetha,Khatta Meetha,0,2010,\N,157,"Comedy,Crime,Drama"
3452197,tt14564000,movie,Guntur Kaaram,Guntur Kaaram,0,2024,\N,159,"Action,Drama"
3452585,tt1456472,movie,We Have a Pope,Habemus Papam,0,2011,\N,102,"Comedy,Drama"
3453305,tt1456606,movie,"Rio, I Love You","Rio, Eu Te Amo",0,2014,\N,110,"Comedy,Drama,Fantasy"
3453464,tt1456635,movie,Goon,Goon,0,2011,\N,92,"Comedy,Drama,Sport"
3453596,tt1456660,movie,No Man's Land,Wu ren qu,0,2013,\N,118,"Adventure,Crime,Drama"
3455060,tt1456941,movie,"Tomorrow, When the War Began","Tomorrow, When the War Began",0,2010,\N,104,"Action,Adventure,Drama"
3455578,tt14570440,movie,Radical,Radical,0,2023,\N,125,Drama
3459357,tt14577300,movie,Fortress,Fortress,0,2021,\N,99,"Action,Thriller"
3459359,tt14577304,movie,Fortress: Sniper's Eye,Fortress: Sniper's Eye,0,2022,\N,87,"Action,Thriller"
3459542,tt1457765,movie,The Haunting in Connecticut 2: Ghosts of Georgia,The Haunting in Connecticut 2: Ghosts of Georgia,0,2013,\N,100,"Drama,Horror,Mystery"
3459549,tt1457767,movie,The Conjuring,The Conjuring,0,2013,\N,112,"Horror,Mystery,Thriller"
3459735,tt14578032,movie,God's Not Dead: We the People,God's Not Dead: We the People,0,2021,\N,92,Drama
3461820,tt1458169,movie,Kidnap,Kidnap,0,2017,\N,95,"Action,Crime,Thriller"
3461854,tt1458175,movie,The Next Three Days,The Next Three Days,0,2010,\N,133,"Action,Crime,Drama"
3462460,tt14582816,movie,Transubstantiation,Transubstantiation,0,\N,\N,\N,Horror
3471021,tt14598754,movie,Honsla Rakh,Honsla Rakh,0,2021,\N,145,"Comedy,Drama,Romance"
3475118,tt14606524,movie,Celebrity Marriage,Celebrity Marriage,0,2017,\N,107,"Drama,Romance"
3478546,tt1461277,movie,Skoro vesna,Skoro vesna,0,2009,\N,88,"Drama,Romance"
3482652,tt1462041,movie,Dream House,Dream House,0,2011,\N,92,"Drama,Mystery,Thriller"
3484007,tt14622802,movie,Brother and Sister,Frère et soeur,0,2022,\N,108,Drama
3485231,tt14625190,movie,It's a Summer Film!,Samâ firumu ni notte,0,2020,\N,97,"Comedy,Drama,Fantasy"
3486493,tt1462758,movie,Buried,Buried,0,2010,\N,95,"Drama,Mystery,Thriller"
3486525,tt1462764,movie,Indiana Jones and the Dial of Destiny,Indiana Jones and the Dial of Destiny,0,2023,\N,154,"Action,Adventure,Sci-Fi"
3486549,tt1462769,movie,The Odd Life of Timothy Green,The Odd Life of Timothy Green,0,2012,\N,105,"Comedy,Drama,Family"
3487246,tt1462900,movie,The Grandmaster,Yi dai zong shi,0,2013,\N,130,"Action,Biography,Drama"
3494115,tt1464174,movie,"Big Mommas: Like Father, Like Son","Big Mommas: Like Father, Like Son",0,2011,\N,107,"Action,Comedy,Crime"
3494207,tt1464191,movie,Decoding Annie Parker,Decoding Annie Parker,0,2013,\N,91,Drama
3494965,tt1464335,movie,Uncharted,Uncharted,0,2022,\N,116,"Action,Adventure"
3496090,tt1464540,movie,I Am Number Four,I Am Number Four,0,2011,\N,111,"Action,Adventure,Sci-Fi"
3496321,tt1464580,movie,Stake Land,Stake Land,0,2010,\N,98,"Drama,Horror"
3497237,tt14647404,movie,Cat Person,Cat Person,0,2023,\N,118,"Comedy,Drama,Mystery"
3501212,tt1465487,movie,Heartbreaker,L'arnacoeur,0,2010,\N,105,"Comedy,Romance"
3501239,tt1465493,movie,Hum Tum Aur Ghost,Hum Tum Aur Ghost,0,2010,\N,125,"Comedy,Drama,Fantasy"
3501402,tt1465522,movie,Tucker and Dale vs Evil,Tucker and Dale vs Evil,0,2010,\N,89,"Comedy,Horror"
3508379,tt14668196,movie,Prancer: A Christmas Tale,Prancer: A Christmas Tale,0,2022,\N,102,"Drama,Family,Fantasy"
3508562,tt14668630,movie,"Lyle, Lyle, Crocodile","Lyle, Lyle, Crocodile",0,2022,\N,106,"Adventure,Comedy,Family"
3510910,tt1467304,movie,The Human Centipede (First Sequence),The Human Centipede (First Sequence),0,2009,\N,92,Horror
3511420,tt1467391,movie,Spanish Movie,Spanish Movie,0,2009,\N,83,Comedy
3521689,tt1469304,movie,Baywatch,Baywatch,0,2017,\N,116,"Action,Comedy,Crime"
3525577,tt1470023,movie,MacGruber,MacGruber,0,2010,\N,90,"Action,Comedy"
3525959,tt14700970,movie,Climb On,Climb On,0,2021,\N,77,Documentary
3529845,tt1470827,movie,Monsters,Monsters,0,2010,\N,94,"Adventure,Drama,Romance"
3537940,tt14723224,movie,The Cost of Deception,Elk*rtuk,0,2021,\N,125,"Action,Crime,Drama"
3539438,tt1472584,movie,Max Steel,Max Steel,0,2016,\N,92,"Action,Adventure,Fantasy"
3542019,tt1473074,movie,Mammuth,Mammuth,0,2010,\N,92,"Comedy,Drama"
3543492,tt1473357,movie,Fatal,Fatal,0,2010,\N,106,"Comedy,Music"
3546059,tt1473832,movie,Bridget Jones's Baby,Bridget Jones's Baby,0,2016,\N,123,"Comedy,Drama,Romance"
3546551,tt14739232,short,Break Free,Break Free,0,2021,\N,19,"Drama,Short"
3552770,tt1475099,movie,Antisex,Antisex,0,2008,\N,74,"Comedy,Drama,Fantasy"
3559845,tt1476411,movie,Killer School Girls from Outer Space,Killer School Girls from Outer Space,0,2011,\N,91,"Horror,Sci-Fi"
3563025,tt1477014,movie,LOpuKHI,LOpuKHI,0,2009,\N,85,Comedy
3563341,tt1477076,movie,Saw 3D,Saw 3D,0,2010,\N,90,"Horror,Mystery"
3563525,tt1477109,movie,Space Battleship Yamato,Space Battleship Yamato,0,2010,\N,138,"Action,Adventure,Drama"
3564952,tt14773954,movie,Baranda,Baranda,0,2017,\N,132,Drama
3566731,tt1477715,movie,This Is It,Michael Jackson's This Is It,0,2009,\N,111,"Documentary,Music"
3567400,tt1477834,movie,Aquaman,Aquaman,0,2018,\N,143,"Action,Adventure,Fantasy"
3570128,tt1478338,movie,Bridesmaids,Bridesmaids,0,2011,\N,125,Comedy
3572719,tt1478839,movie,The Art of Racing in the Rain,The Art of Racing in the Rain,0,2019,\N,109,"Comedy,Drama,Romance"
3573438,tt1478964,movie,Attack the Block,Attack the Block,0,2011,\N,88,"Action,Adventure,Comedy"
3577243,tt1479665,movie,18 cigarrillos y medio,18 cigarrillos y medio,0,2010,\N,\N,Drama
3582602,tt1480656,movie,Cosmopolis,Cosmopolis,0,2012,\N,109,"Crime,Drama,Mystery"
3590432,tt14821184,movie,Thana Sadar,Thana Sadar,0,2021,\N,117,Action
3592361,tt1482459,movie,The Lorax,The Lorax,0,2012,\N,86,"Adventure,Animation,Comedy"
3592367,tt14824600,movie,The Lord of the Rings: The War of the Rohirrim,The Lord of the Rings: The War of the Rohirrim,0,2024,\N,134,"Action,Adventure,Animation"
3593721,tt14827150,movie,The Last Breath,The Last Breath,0,2024,\N,96,"Horror,Thriller"
3594209,tt14828040,movie,Spermageddon,Spermageddon,0,2024,\N,80,"Animation,Comedy,Musical"
3595377,tt1483010,movie,Logan,Logan,0,2010,\N,94,"Comedy,Drama,Family"
3595394,tt1483013,movie,Oblivion,Oblivion,0,2013,\N,124,"Action,Adventure,Sci-Fi"
3597906,tt1483488,video,Room Zero,Room Zero,0,2009,\N,52,"Crime,Documentary"
3603933,tt14846026,movie,Sisu,Sisu,0,2022,\N,91,"Action,Thriller,War"
3605744,tt14849194,movie,The Holdovers,The Holdovers,0,2023,\N,133,"Comedy,Drama"
3606427,tt1485063,movie,Setem,Setem,0,2009,\N,110,"Action,Adventure,Comedy"
3606458,tt1485072,movie,Teree Sang: A Kidult Love Story,Teree Sang: A Kidult Love Story,0,2009,\N,132,"Drama,Romance"
3610408,tt1485796,movie,The Greatest Showman,The Greatest Showman,0,2017,\N,105,"Biography,Drama,Musical"
3610810,tt14858658,movie,Blink Twice,Blink Twice,0,2024,\N,102,"Mystery,Thriller"
3612601,tt1486185,movie,Red Riding Hood,Red Riding Hood,0,2011,\N,100,"Fantasy,Horror,Mystery"
3612643,tt1486192,movie,The Raven,The Raven,0,2012,\N,110,"Crime,Drama,Mystery"
3612649,tt1486193,movie,5 Days of War,5 Days of War,0,2011,\N,113,"Action,Drama,War"
3616125,tt1486834,movie,What If,The F Word,0,2013,\N,98,"Comedy,Romance"
3617687,tt1487118,movie,Chalet Girl,Chalet Girl,0,2011,\N,97,"Comedy,Romance,Sport"
3619015,tt14873790,movie,The Green Force Mission 14th March,The Green Force Mission 14th March,0,2021,\N,106,"Action,Mystery,Thriller"
3621977,tt1487931,movie,Khumba,Khumba,0,2013,\N,85,"Adventure,Animation,Comedy"
3623328,tt1488177,movie,Where Got Ghost?,Xia dao xiao,0,2009,\N,102,"Comedy,Horror"
3624309,tt14883538,movie,Arco,Arco,0,2025,\N,88,"Adventure,Animation,Fantasy"
3625437,tt1488555,movie,The Change-Up,The Change-Up,0,2011,\N,112,"Comedy,Fantasy"
3628856,tt1489167,movie,Down Terrace,Down Terrace,0,2009,\N,89,"Comedy,Crime,Drama"
3632699,tt1489887,movie,Booksmart,Booksmart,0,2019,\N,102,Comedy
3632711,tt1489889,movie,Central Intelligence,Central Intelligence,0,2016,\N,107,"Action,Comedy,Crime"
3633379,tt1490017,movie,The Lego Movie,The Lego Movie,0,2014,\N,100,"Action,Adventure,Animation"
3635840,tt14904622,movie,Soudain seuls,Soudain seuls,0,2023,\N,113,"Adventure,Drama,Thriller"
3636492,tt14905854,movie,Hamnet,Hamnet,0,2025,\N,125,"Biography,Drama,History"
3637514,tt1490785,movie,I Saw the Light,I Saw the Light,0,2015,\N,123,"Biography,Drama,Music"
3638936,tt1491044,movie,The Iceman,The Iceman,0,2012,\N,106,"Biography,Crime,Drama"
3648757,tt14928704,short,Ojek Lusi,Ojek Lusi,0,2017,\N,17,"Documentary,Short"
3650947,tt1493274,movie,Caught Stealing,Caught Stealing,0,2025,\N,107,"Action,Comedy,Crime"
3651470,tt14933800,short,The Stonekiller,The Stonekiller,0,2020,\N,24,"Short,Western"
3655401,tt14941222,movie,Hostage: Missing Celebrity,Injil,0,2021,\N,94,"Action,Crime,Drama"
3655666,tt14941698,movie,Tad the Lost Explorer and the Emerald Tablet,Tadeo Jones 3. La tabla esmeralda,0,2022,\N,90,"Adventure,Animation,Comedy"
3659230,tt1494828,movie,Trap,Trap,0,2010,\N,89,"Action,Crime,Thriller"
3659290,tt14948432,movie,Red One,Red One,0,2024,\N,123,"Action,Adventure,Comedy"
3665256,tt1496014,movie,Trete zhelanie,Trete zhelanie,0,2009,\N,\N,"Comedy,Drama"
3665308,tt1496025,movie,Underworld: Awakening,Underworld: Awakening,0,2012,\N,88,"Action,Fantasy,Thriller"
3665666,tt14961016,movie,I'm Still Here,Ainda Estou Aqui,0,2024,\N,137,"Biography,Drama,History"
3667057,tt1496380,movie,Chennai 600028,Chennai 600028,0,2007,\N,141,"Comedy,Musical,Romance"
3667272,tt1496422,movie,The Paperboy,The Paperboy,0,2012,\N,107,"Crime,Drama,Mystery"
3668685,tt14966898,movie,Late Night with the Devil,Late Night with the Devil,0,2023,\N,93,Horror
3668884,tt1496729,movie,Aaranya Kaandam,Aaranya Kaandam,0,2010,\N,126,"Action,Comedy,Crime"
3673580,tt14976386,movie,Forever Young,Les Amandiers,0,2022,\N,126,"Comedy,Drama"
3678413,tt1498569,movie,Restless,Restless,0,2011,\N,91,"Drama,Romance"
3681679,tt1499201,movie,Anjaana Anjaani,Anjaana Anjaani,0,2010,\N,151,"Comedy,Drama,Musical"
3683939,tt1499658,movie,Horrible Bosses,Horrible Bosses,0,2011,\N,98,"Comedy,Crime"
3685564,tt14999684,movie,Shelby Oaks,Shelby Oaks,0,2024,\N,91,"Horror,Thriller"
3688503,tt1500516,movie,Videocracy,Videocracy,0,2009,\N,85,Documentary
3689164,tt15006566,movie,The Beasts,As bestas,0,2022,\N,137,"Drama,Thriller"
3690811,tt15009428,movie,Argylle,Argylle,0,2024,\N,139,"Action,Comedy,Thriller"
3698521,tt15023958,movie,The Worst Man in London,O Pior Homem de Londres,0,2024,\N,127,"Biography,Crime,Drama"
3698528,tt1502397,movie,Bad Boys for Life,Bad Boys for Life,0,2020,\N,124,"Action,Comedy,Crime"
3698555,tt1502404,movie,Drive Angry,Drive Angry,0,2011,\N,104,"Action,Comedy,Crime"
3698559,tt1502407,movie,Halloween,Halloween,0,2018,\N,106,"Crime,Drama,Horror"
3700298,tt1502712,movie,Fantastic Four,Fantastic Four,0,2015,\N,100,"Action,Adventure,Sci-Fi"
3701048,tt15028676,movie,Em Va Trinh,Em Va Trinh,0,2022,\N,136,"Drama,Musical,Romance"
3702699,tt1503179,movie,Thillalangadi,Thillalangadi,0,2010,\N,181,"Action,Comedy"
3708722,tt1504319,movie,Road to Nowhere,Road to Nowhere,0,2010,\N,121,"Crime,Mystery,Romance"
3708728,tt1504320,movie,The King's Speech,The King's Speech,0,2010,\N,118,"Biography,Drama,History"
3714170,tt1505343,movie,Josh,Josh,0,2009,\N,167,Family
3717231,tt1505886,movie,Laskovyy may,Laskovyy may,0,2009,\N,115,"Biography,Drama,Musical"
3723310,tt1506999,movie,Haywire,Haywire,0,2011,\N,93,"Action,Drama,Thriller"
3726255,tt1507563,movie,Dark Tide,Dark Tide,0,2012,\N,114,"Action,Adventure,Drama"
3727905,tt15078804,movie,Problemista,Problemista,0,2023,\N,104,Comedy
3731959,tt15086202,movie,Milarepa,Milarepa,0,2025,\N,100,"Adventure,Drama,Sci-Fi"
3732270,tt1508675,movie,Le Havre,Le Havre,0,2011,\N,93,"Comedy,Drama"
3733948,tt15090124,movie,Mad God,Mad God,0,2021,\N,83,"Animation,Fantasy,Horror"
3737795,tt15097224,movie,The Meaning and Mystery of Life,The Meaning and Mystery of Life,0,2023,\N,154,"Animation,Documentary,Drama"
3738022,tt1509767,movie,The Three Musketeers,The Three Musketeers,0,2011,\N,110,"Action,Adventure,Fantasy"
3744157,tt1510907,movie,Behind the Burly Q,Behind the Burly Q,0,2010,\N,97,"Documentary,History"
3744163,tt15109082,movie,The Quiet Girl,An Cailín Ciúin,0,2022,\N,95,Drama
3746503,tt1511329,movie,Bo,Bo,0,2010,\N,100,Drama
3751446,tt1512235,movie,Super,Super,0,2010,\N,96,"Action,Comedy,Crime"
3753824,tt15126948,movie,The Jack Ruhl Show: The Movie,The Jack Ruhl Show: The Movie,0,2021,\N,90,Documentary
3754826,tt1512888,movie,Ayirathil Oruvan,Aayirathil Oruvan,0,2010,\N,183,"Action,Adventure,Musical"
3756518,tt15131868,movie,Hood Fetish,Hood Fetish,0,2022,\N,\N,Drama
3757884,tt15134398,movie,King of Kotha,King of Kotha,0,2023,\N,174,"Action,Crime,Drama"
3760999,tt15140278,movie,Coup de Chance,Coup de chance,0,2023,\N,93,"Comedy,Crime,Drama"
3761072,tt1514041,movie,4.3.2.1.,4.3.2.1,0,2010,\N,117,"Action,Adventure,Crime"
3765331,tt1514825,movie,Di me cosa ne sai,Di me cosa ne sai,0,2009,\N,78,Documentary
3766816,tt1515091,movie,Sherlock Holmes: A Game of Shadows,Sherlock Holmes: A Game of Shadows,0,2011,\N,129,"Action,Adventure,Mystery"
3768253,tt15153532,movie,Strays,Strays,0,2023,\N,93,"Adventure,Comedy"
3771250,tt1515894,movie,Remp-It,Remp-It,0,2006,\N,92,"Action,Crime,Thriller"
3773715,tt15163652,movie,Thunivu,Thunivu,0,2023,\N,146,"Action,Crime,Thriller"
3777119,tt15170150,short,Come Back Home,Come Back Home,0,2018,\N,20,"Short,Thriller"
3778481,tt1517260,movie,The Host,The Host,0,2013,\N,125,"Action,Adventure,Drama"
3778528,tt1517268,movie,Barbie,Barbie,0,2023,\N,114,"Adventure,Comedy,Fantasy"
3779501,tt1517451,movie,A Star Is Born,A Star Is Born,0,2018,\N,136,"Drama,Music,Romance"
3779658,tt1517489,movie,Spy Kids 4: All the Time in the World,Spy Kids: All the Time in the World,0,2011,\N,89,"Action,Adventure,Comedy"
3789177,tt15192668,tvSpecial,The Last Man,The Last Man,0,2021,\N,22,Documentary
3790284,tt1519461,movie,Area 51,Area 51,0,2015,\N,91,"Horror,Mystery,Sci-Fi"
3795982,tt1520498,movie,The Oogieloves in the Big Balloon Adventure,The Oogieloves in the Big Balloon Adventure,0,2012,\N,88,"Adventure,Family,Fantasy"
3799616,tt1521197,movie,Anonymous,Anonymous,0,2011,\N,130,"Drama,Thriller"
3812088,tt1523486,movie,Kolpaçino,Kolpaçino,0,2009,\N,98,Comedy
3814690,tt15239678,movie,Dune: Part Two,Dune: Part Two,0,2024,\N,166,"Action,Adventure,Drama"
3815657,tt1524137,movie,Contraband,Contraband,0,2012,\N,109,"Action,Adventure,Crime"
3818087,tt1524575,movie,The Vatican Tapes,The Vatican Tapes,0,2015,\N,91,"Horror,Thriller"
3820070,tt1524930,movie,Vacation,Vacation,0,2015,\N,99,"Adventure,Comedy"
3823675,tt15255876,movie,Emily the Criminal,Emily the Criminal,0,2022,\N,97,"Crime,Drama,Thriller"
3830526,tt15268244,movie,Joy Ride,Joy Ride,0,2023,\N,95,Comedy
3832557,tt1527186,movie,Melancholia,Melancholia,0,2011,\N,135,"Drama,Sci-Fi"
3835334,tt1527679,movie,Nasty Old People,Nasty Old People,0,2009,\N,84,Drama
3835951,tt1527788,movie,The Man from Nowhere,Ajeossi,0,2010,\N,119,"Action,Crime,Drama"
3835981,tt1527793,movie,No Other Choice,Eojjeolsuga eobsda,0,2025,\N,139,"Comedy,Crime,Drama"
3837703,tt1528100,movie,Exodus: Gods and Kings,Exodus: Gods and Kings,0,2014,\N,150,"Action,Adventure,Drama"
3838700,tt1528282,movie,Care of Footpath,Care of Footpath,0,2009,\N,110,"Drama,Family"
3838874,tt1528313,movie,Nothing to Declare,Rien à déclarer,0,2010,\N,108,Comedy
3841884,tt1528854,movie,Daddy's Home,Daddy's Home,0,2015,\N,96,"Comedy,Family"
3843970,tt1529235,movie,Welcome to the South,Benvenuti al sud,0,2010,\N,102,Comedy
3845626,tt1529567,short,Sea Rex 3D: Journey to a Prehistoric World,Sea Rex 3D: Journey to a Prehistoric World,0,2010,\N,41,"Documentary,History,Short"
3845651,tt1529572,movie,Trust,Trust,0,2010,\N,106,"Crime,Drama,Mystery"
3848613,tt15301048,movie,"Argentina, 1985","Argentina, 1985",0,2022,\N,140,"Biography,Crime,Drama"
3852106,tt15307448,movie,The Goldsmith,L'orafo,0,2022,\N,89,"Horror,Thriller"
3855733,tt15314262,movie,The Beekeeper,The Beekeeper,0,2024,\N,105,"Action,Crime,Thriller"
3856984,tt1531663,movie,Everything Must Go,Everything Must Go,0,2010,\N,97,"Comedy,Drama"
3858287,tt1531901,movie,Byzantium,Byzantium,0,2012,\N,118,"Drama,Fantasy,Horror"
3860074,tt1532261,movie,Antikiller D.K.,Antikiller D.K.,0,2009,\N,96,Action
3860775,tt1532382,movie,Hooked,Na igre,0,2009,\N,90,"Action,Drama,Sci-Fi"
3861441,tt1532503,movie,Beginners,Beginners,0,2010,\N,105,"Comedy,Drama,Romance"
3861782,tt15325794,movie,Fall,Fall,0,2022,\N,107,"Action,Thriller"
3862423,tt15327088,movie,Kantara,Kantara,0,2022,\N,148,"Action,Adventure,Drama"
3863775,tt1532958,movie,Battle of the Year,Battle of the Year,0,2013,\N,110,"Drama,Music"
3866102,tt15334030,movie,Martin,Martin,0,2024,\N,147,"Action,Drama,Thriller"
3866323,tt15334488,movie,After Everything,After Everything,0,2023,\N,93,"Drama,Romance"
3867942,tt1533749,movie,Shaolin,Xin Shaolin si,0,2011,\N,131,"Action,Drama"
3868902,tt15339456,movie,Marcel the Shell with Shoes On,Marcel the Shell with Shoes On,0,2021,\N,90,"Animation,Comedy,Drama"
3870340,tt15342244,movie,Master Gardener,Master Gardener,0,2022,\N,111,"Drama,Mystery,Thriller"
3875175,tt1535108,movie,Elysium,Elysium,0,2013,\N,109,"Action,Drama,Sci-Fi"
3875181,tt1535109,movie,Captain Phillips,Captain Phillips,0,2013,\N,134,"Action,Biography,Crime"
3875966,tt15352542,movie,The Day the Earth Blew Up: A Looney Tunes Movie,The Day the Earth Blew Up: A Looney Tunes Movie,0,2024,\N,91,"Adventure,Animation,Comedy"
3876843,tt1535430,movie,Cheburashka,Cheburashka,0,2010,\N,80,"Action,Animation,Family"
3876882,tt1535438,movie,Hope Springs,Hope Springs,0,2012,\N,100,"Comedy,Drama,Romance"
3877012,tt1535467,movie,Patiala House,Patiala House,0,2011,\N,140,"Drama,Sport"
3877151,tt15354916,movie,Jawan,Jawan,0,2023,\N,169,"Action,Crime,Drama"
3877845,tt1535612,movie,The Son of No One,The Son of No One,0,2011,\N,90,"Action,Crime,Drama"
3877866,tt1535616,movie,The Divide,The Divide,0,2011,\N,112,"Drama,Horror,Sci-Fi"
3879632,tt1535970,movie,The Ledge,The Ledge,0,2011,\N,101,"Drama,Romance,Thriller"
3879966,tt1536044,movie,Paranormal Activity 2,Paranormal Activity 2,0,2010,\N,91,"Horror,Mystery"
3879979,tt1536048,movie,W.E.,W.E.,0,2011,\N,119,"Drama,History,Romance"
3882370,tt1536537,movie,What Happened to Monday,What Happened to Monday,0,2017,\N,123,"Action,Crime,Fantasy"
3888602,tt1537772,movie,Wings of the Night,Gecenin Kanatlari,0,2009,\N,97,"Drama,Romance"
3890147,tt15380630,movie,Kushi,Kushi,0,2023,\N,163,"Comedy,Drama,Romance"
3890975,tt15382170,short,The Foul Truth,The Foul Truth,0,2019,\N,\N,"Short,Thriller"
3892044,tt1538403,movie,The Mortal Instruments: City of Bones,The Mortal Instruments: City of Bones,0,2013,\N,130,"Action,Adventure,Fantasy"
3893977,tt15387654,movie,Spaced Out - Panthung Di Kadaaida,Spaced Out - Panthung Di Kadaaida,0,2021,\N,65,Drama
3895216,tt15389924,movie,A Crocodile Who Lived for 100 Days,The Crocodile That Lived For 100 Days,0,2021,\N,63,Animation
3899521,tt15397862,movie,Antarctica,Antarctica,0,2020,\N,45,Documentary
3899994,tt15398776,movie,Oppenheimer,Oppenheimer,0,2023,\N,180,"Biography,Drama,History"
3900689,tt1540011,movie,Blair Witch,Blair Witch,0,2016,\N,89,"Horror,Mystery,Thriller"
3900872,tt15400448,movie,Christmas on Cobbler Street,Den første julen i Skomakergata,0,2023,\N,95,"Adventure,Comedy,Family"
3901315,tt1540128,movie,Playing for Keeps,Playing for Keeps,0,2012,\N,105,"Comedy,Romance,Sport"
3901344,tt1540133,movie,The Guard,The Guard,0,2011,\N,96,"Comedy,Crime,Thriller"
3904829,tt1540767,movie,Apartment 1303 3D,Apartment 1303 3D,0,2012,\N,85,Horror
3906982,tt1541160,movie,Flypaper,Flypaper,0,2011,\N,87,"Comedy,Crime,Mystery"
3909230,tt15415554,movie,Sydney Stories,Sydney Stories,0,2021,\N,100,Drama
3911597,tt1541995,movie,Snow Flower and the Secret Fan,Snow Flower and the Secret Fan,0,2011,\N,120,"Drama,History"
3912817,tt15422224,movie,Slotherhouse,Slotherhouse,0,2023,\N,93,"Comedy,Horror,Thriller"
3913413,tt1542344,movie,127 Hours,127 Hours,0,2010,\N,94,"Biography,Drama"
3913808,tt1542414,short,C'était pour vous Alfredo Torrisi,C'était pour vous Alfredo Torrisi,0,2009,\N,12,Short
3914196,tt1542482,movie,Late Autumn,Man-choo,0,2010,\N,116,"Drama,Romance"
3915973,tt15428134,movie,Dunki,Dunki,0,2023,\N,160,"Action,Adventure,Comedy"
3916703,tt1542960,movie,The Figurine,The Figurine,0,2009,\N,120,"Horror,Thriller"
3918006,tt15431864,movie,The Senior,The Senior,0,2023,\N,99,"Biography,Drama,Sport"
3925464,tt1544600,movie,The Grace Card,The Grace Card,0,2010,\N,101,Drama
3928249,tt1545106,movie,Vamps,Vamps,0,2012,\N,92,"Comedy,Horror,Romance"
3928790,tt15452062,movie,Cairo Conspiracy,Walad min al-Janna,0,2022,\N,126,"Drama,Thriller"
3931731,tt1545759,movie,Point Blank,À bout portant,0,2010,\N,84,"Action,Crime,Drama"
3935321,tt15464390,movie,Mastaney,Mastaney,0,2023,\N,150,"Action,Drama,History"
3935953,tt15465610,movie,Olpo Holeo Sotti,Olpo Holeo Sotti,0,2021,\N,100,Drama
3939664,tt1547230,movie,Judy Moody and the Not Bummer Summer,Judy Moody and the Not Bummer Summer,0,2011,\N,91,"Comedy,Family"
3939685,tt1547234,movie,Premium Rush,Premium Rush,0,2012,\N,91,"Action,Thriller"
3941172,tt15474916,movie,Smile,Smile,0,2022,\N,115,"Horror,Mystery,Thriller"
3945184,tt15482456,tvMiniSeries,Marcellus Hall an Artist in New York City,Marcellus Hall an Artist in New York City,0,2021,\N,\N,Documentary
3947165,tt1548624,movie,Pikap: Sem bez pravil,Pikap: Sem bez pravil,0,2009,\N,80,Comedy
3950085,tt15491534,tvEpisode,Pilot,Pilot,0,2020,\N,\N,Drama
3952414,tt1549572,movie,Another Earth,Another Earth,0,2011,\N,92,"Drama,Romance,Sci-Fi"
3952505,tt1549589,movie,Elles,Elles,0,2011,\N,99,Drama
3955666,tt15501640,movie,Drishyam 2,Drishyam 2,0,2022,\N,140,"Crime,Drama,Mystery"
3963334,tt1551620,movie,Hidalgo. La historia jamás contada,Hidalgo. La historia jamás contada,0,2010,\N,115,"Biography,Drama,History"
3966383,tt1552224,movie,Outcast,Outcast,0,2014,\N,99,"Action,Adventure,Thriller"
3976205,tt1554091,movie,A Better Life,A Better Life,0,2011,\N,98,"Drama,Romance"
3976748,tt15541920,short,The Dream Machine,The Dream Machine,0,2022,\N,9,"Mystery,Short"
3981529,tt1555064,movie,Country Strong,Country Strong,0,2010,\N,117,"Drama,Music"
3994358,tt15574270,movie,I Saw the TV Glow,I Saw the TV Glow,0,2024,\N,100,"Drama,Horror,Mystery"
3994990,tt15575470,movie,Project Wolf Hunting,Neukdaesanyang,0,2022,\N,122,"Action,Crime,Horror"
4006536,tt1559547,movie,Beautiful Creatures,Beautiful Creatures,0,2013,\N,124,"Drama,Fantasy,Romance"
4008820,tt15599356,movie,Zazongpari,Zazongpari,0,2021,\N,86,Fantasy
4010432,tt1560220,movie,Zombieland: Double Tap,Zombieland: Double Tap,0,2019,\N,99,"Action,Comedy,Horror"
4013486,tt1560747,movie,The Master,The Master,0,2012,\N,138,Drama
4014816,tt1560985,movie,The Devil Inside,The Devil Inside,0,2012,\N,83,Horror
4023710,tt1562568,movie,Higher Ground,Higher Ground,0,2011,\N,109,Drama
4025365,tt1562847,movie,Amigo,Amigo,0,2010,\N,124,"Drama,War"
4025435,tt1562859,movie,Golmaal 3,Golmaal 3,0,2010,\N,155,"Action,Comedy,Drama"
4025504,tt1562871,movie,Ra.One,Ra.One,0,2011,\N,156,"Action,Sci-Fi,Thriller"
4025509,tt1562872,movie,Zindagi Na Milegi Dobara,Zindagi Na Milegi Dobara,0,2011,\N,155,"Comedy,Drama,Musical"
4025515,tt1562873,movie,Suave Patria,Suave patria,0,2012,\N,92,"Comedy,Crime"
4025695,tt1562904,movie,To Die Is Hard,To Die Is Hard,0,2010,\N,87,"Action,Comedy"
4026049,tt15629638,tvEpisode,Platoon07: A Great Marksman Part (1/2),Platoon07: A Great Marksman Part (1/2),0,2021,\N,\N,"Action,Adventure,Comedy"
4030591,tt1563738,movie,One Day,One Day,0,2011,\N,107,"Drama,Romance"
4030615,tt1563742,movie,Overboard,Overboard,0,2018,\N,112,"Comedy,Romance"
4034178,tt1564349,movie,Dolphin Tale,Dolphin Tale,0,2011,\N,113,"Drama,Family"
4034279,tt1564367,movie,Just Go with It,Just Go with It,0,2011,\N,117,"Comedy,Romance"
4035517,tt1564585,movie,Skyline,Skyline,0,2010,\N,92,"Action,Sci-Fi,Thriller"
4037245,tt1564915,movie,Seeking Nirvana,Seeking Nirvana,0,2012,\N,\N,Drama
4038028,tt1565058,movie,A Blood Pledge: Broken Promise,Yeogo goedam 5: Dong-ban-ja-sal,0,2009,\N,88,"Drama,Horror,Mystery"
4040028,tt15654328,movie,Leo,Leo,0,2023,\N,164,"Action,Crime,Drama"
4040122,tt15654502,movie,The Ladykiller,The Ladykiller,0,2023,\N,125,"Crime,Drama,Mystery"
4045720,tt1566501,movie,For Greater Glory: The True Story of Cristiada,For Greater Glory: The True Story of Cristiada,0,2012,\N,145,"Drama,History,War"
4046418,tt1566637,movie,The Afflicted,The Afflicted,0,2011,\N,85,"Horror,Thriller"
4048429,tt15670222,movie,The Flood,The Flood,0,2023,\N,93,"Action,Horror,Thriller"
4048860,tt15671028,movie,No Hard Feelings,No Hard Feelings,0,2023,\N,103,"Comedy,Romance"
4050792,tt1567448,movie,Yahsi Bati - The Ottoman Cowboys,Yahsi Bati,0,2009,\N,112,"Adventure,Comedy,History"
4051705,tt1567609,movie,Get the Gringo,Get the Gringo,0,2012,\N,96,"Action,Drama,Thriller"
4053095,tt15678738,movie,David,David,0,2025,\N,109,"Adventure,Animation,Drama"
4053425,tt15679400,movie,Knock at the Cabin,Knock at the Cabin,0,2023,\N,100,"Horror,Mystery,Thriller"
4053687,tt15679984,movie,The Evolution of Horror Cinema Worldwide,The Evolution of Horror Cinema Worldwide,0,2025,\N,\N,Documentary
4055599,tt1568338,movie,Man on a Ledge,Man on a Ledge,0,2012,\N,102,"Action,Crime,Thriller"
4055640,tt1568346,movie,The Girl with the Dragon Tattoo,The Girl with the Dragon Tattoo,0,2011,\N,158,"Crime,Drama,Mystery"
4056852,tt15685876,movie,Dhamaka,Dhamaka,0,2022,\N,144,"Action,Comedy,Thriller"
4058646,tt1568911,movie,War Horse,War Horse,0,2011,\N,146,"Adventure,Drama,History"
4058704,tt1568921,movie,The Secret World of Arrietty,Karigurashi no Arietti,0,2010,\N,94,"Adventure,Animation,Drama"
4059589,tt15690918,movie,Dante's Shadow of Sin,Dante's Shadow of Sin,0,2021,\N,75,Horror
4060984,tt1569364,movie,Black Lightning,Chyornaya Molniya,0,2009,\N,102,"Action,Sci-Fi,Thriller"
4061565,tt1569465,movie,Nasha Russia. Yaytsa sudby,Nasha Russia. Yaytsa sudby,0,2010,\N,85,Comedy
4068629,tt1570728,movie,"Crazy, Stupid, Love.","Crazy, Stupid, Love.",0,2011,\N,118,"Comedy,Drama,Romance"
4070101,tt1570989,movie,Tiny Furniture,Tiny Furniture,0,2010,\N,98,"Comedy,Drama,Romance"
4071409,tt1571222,movie,A Dangerous Method,A Dangerous Method,0,2011,\N,99,"Biography,Drama,Romance"
4071474,tt1571234,movie,Mortal Engines,Mortal Engines,0,2018,\N,128,"Action,Adventure,Fantasy"
4071553,tt1571249,movie,The Skeleton Twins,The Skeleton Twins,0,2014,\N,93,"Comedy,Drama,Romance"
4076410,tt1572154,movie,Kinyarwanda,Kinyarwanda,0,2011,\N,100,"Drama,History,Romance"
4077223,tt1572315,movie,Texas Chainsaw,Texas Chainsaw 3D,0,2013,\N,92,"Crime,Drama,Horror"
4078191,tt1572491,movie,The Last Circus,Balada triste de trompeta,0,2010,\N,107,"Comedy,Drama,Horror"
4079824,tt1572781,movie,The Disappearance of Haruhi Suzumiya,Suzumiya Haruhi no shôshitsu,0,2010,\N,162,"Animation,Drama,Mystery"
4081408,tt1573072,movie,Housefull,Housefull,0,2010,\N,144,"Comedy,Drama"
4082217,tt15732324,movie,OMG 2,OMG 2,0,2023,\N,156,"Comedy,Drama"
4083421,tt15734582,movie,Irati,Irati,0,2022,\N,114,"Action,Adventure,Drama"
4088553,tt15744298,movie,Freelance,Freelance,0,2023,\N,108,"Action,Comedy"
4107811,tt1578116,movie,Atithi Tum Kab Jaoge?,Atithi Tum Kab Jaoge?,0,2010,\N,155,Comedy
4108606,tt1578261,movie,Break Ke Baad,Break Ke Baad,0,2010,\N,118,"Comedy,Drama,Romance"
4108672,tt1578275,movie,The Dilemma,The Dilemma,0,2011,\N,111,"Comedy,Drama"
4111520,tt1578802,short,There Had Better Be Blood,There Had Better Be Blood,0,2010,\N,6,"Comedy,Short"
4112064,tt15789038,movie,Elemental,Elemental,0,2023,\N,101,"Adventure,Animation,Comedy"
4113109,tt15791034,movie,Barbarian,Barbarian,0,2022,\N,102,"Horror,Mystery,Thriller"
4114628,tt1579396,movie,Don't Show Mother,Don't Show Mother,0,2010,\N,78,"Drama,Thriller"
4115481,tt1579540,movie,Ek Niranjan,Ek Niranjan,0,2009,\N,150,Action
4117802,tt1579944,movie,Summer Window,Fenster zum Sommer,0,2011,\N,96,"Drama,Fantasy"
4118869,tt15801594,movie,Lighting up the Stars,Ren sheng da shi,0,2022,\N,112,"Comedy,Drama"
4130370,tt1582271,movie,The Good Doctor,The Good Doctor,0,2011,\N,93,"Drama,Mystery,Thriller"
4131595,tt15824990,movie,The Cello,Cello,0,2023,\N,120,"Horror,Mystery,Thriller"
4131640,tt1582507,movie,House at the End of the Street,House at the End of the Street,0,2012,\N,101,"Drama,Horror,Mystery"
4132308,tt1582637,movie,Varudu,Varudu,0,2010,\N,147,"Action,Drama,Thriller"
4136599,tt1583420,movie,Larry Crowne,Larry Crowne,0,2011,\N,98,"Comedy,Drama,Romance"
4136602,tt1583421,movie,G.I. Joe: Retaliation,G.I. Joe: Retaliation,0,2013,\N,110,"Action,Adventure,Sci-Fi"
4138298,tt15837338,movie,PAW Patrol: The Mighty Movie,PAW Patrol: The Mighty Movie,0,2023,\N,88,"Action,Adventure,Animation"
4139081,tt15838850,movie,The Roundup,Beomjoidosi 2,0,2022,\N,106,"Action,Crime,Thriller"
4139680,tt1584016,movie,Catfish,Catfish,0,2010,\N,87,"Documentary,Drama,Mystery"
4140353,tt1584131,movie,The Last Godfather,The Last Godfather,0,2010,\N,100,"Comedy,Crime,Romance"
4152145,tt1586265,movie,What to Expect When You're Expecting,What to Expect When You're Expecting,0,2012,\N,110,"Comedy,Drama,Romance"
4154847,tt1586752,movie,Machine Gun Preacher,Machine Gun Preacher,0,2011,\N,129,"Action,Biography,Crime"
4157977,tt1587310,movie,Maleficent,Maleficent,0,2014,\N,97,"Adventure,Drama,Family"
4160198,tt1587729,movie,71: Into the Fire,Pohwasogeuro,0,2010,\N,120,"Action,Drama,War"
4162627,tt1588170,movie,I Saw the Devil,Angmareul boatda,0,2010,\N,144,"Action,Thriller"
4162639,tt1588173,movie,Warm Bodies,Warm Bodies,0,2013,\N,98,"Action,Comedy,Horror"
4163515,tt1588334,movie,"Jeff, Who Lives at Home","Jeff, Who Lives at Home",0,2011,\N,83,"Comedy,Drama"
4163533,tt1588337,movie,Of Gods and Men,Des hommes et des dieux,0,2010,\N,122,"Drama,History"
4163657,tt1588358,movie,Brother,Hermano,0,2010,\N,97,"Drama,Family,Sport"
4163892,tt1588398,movie,Sleeping Beauty,Sleeping Beauty,0,2011,\N,101,"Drama,Mystery,Romance"
4166732,tt1588875,movie,How I Ended This Summer,Kak ya provyol etim letom,0,2010,\N,130,Drama
4174156,tt1590193,movie,The Commuter,The Commuter,0,2018,\N,104,"Action,Mystery,Thriller"
4178275,tt1591095,movie,Insidious,Insidious,0,2010,\N,103,"Horror,Mystery,Thriller"
4178664,tt1591479,movie,Act of Valor,Act of Valor,0,2012,\N,110,"Action,Adventure,Thriller"
4181914,tt1592525,movie,Lockout,Lockout,0,2012,\N,95,"Action,Sci-Fi,Thriller"
4183990,tt1592873,movie,LOL,LOL,0,2012,\N,97,"Comedy,Drama,Romance"
4193577,tt1594562,movie,The Innkeepers,The Innkeepers,0,2011,\N,101,"Drama,Horror,Mystery"
4196022,tt1594972,movie,Norm of the North,Norm of the North,0,2016,\N,90,"Adventure,Animation,Comedy"
4198374,tt1595366,movie,What Men Talk About,O chyom govoryat muzhchiny,0,2010,\N,93,"Adventure,Comedy"
4201214,tt1595842,tvMovie,Fred: The Movie,Fred: The Movie,0,2010,\N,81,"Adventure,Comedy,Family"
4204180,tt1596343,movie,Fast Five,Fast Five,0,2011,\N,130,"Action,Crime,Thriller"
4204192,tt1596345,movie,Pawn Sacrifice,Pawn Sacrifice,0,2014,\N,115,"Biography,Drama,History"
4204198,tt1596346,movie,Soul Surfer,Soul Surfer,0,2011,\N,112,"Biography,Drama,Family"
4204222,tt1596350,movie,This Means War,This Means War,0,2012,\N,103,"Action,Comedy,Romance"
4204297,tt1596363,movie,The Big Short,The Big Short,0,2015,\N,130,"Biography,Comedy,Drama"
4204308,tt1596365,movie,The Woman in Black,The Woman in Black,0,2012,\N,95,"Drama,Fantasy,Horror"
4206499,tt1596753,movie,Salinger,Salinger,0,2013,\N,120,Documentary
4211046,tt1597522,movie,Astérix and Obélix: God Save Britannia,Astérix & Obélix : Au service de sa Majesté,0,2012,\N,110,"Adventure,Comedy,Family"
4213564,tt15980138,movie,Kishkindha Kaandam,Kishkindha Kaandam,0,2024,\N,133,"Drama,Mystery,Thriller"
4218067,tt1598778,movie,Contagion,Contagion,0,2011,\N,106,"Drama,Thriller"
4218329,tt1598822,movie,New Year's Eve,New Year's Eve,0,2011,\N,118,"Comedy,Romance"
4218363,tt1598828,movie,One for the Money,One for the Money,0,2012,\N,91,"Action,Comedy,Crime"
4221382,tt1599348,movie,Safe House,Safe House,0,2012,\N,115,"Action,Thriller"
4225099,tt1599975,movie,The Princess of Montpensier,La princesse de Montpensier,0,2010,\N,139,"Action,Drama,History"
4226244,tt1600195,movie,Abduction,Abduction,0,2011,\N,106,"Action,Drama,Mystery"
4226246,tt1600196,movie,The Drop,The Drop,0,2014,\N,106,"Crime,Drama,Mystery"
4226681,tt1600524,movie,Heartbeats,Les amours imaginaires,0,2010,\N,101,"Comedy,Drama,Romance"
4228340,tt1601913,movie,The Grey,The Grey,0,2011,\N,117,"Action,Adventure,Drama"
4228638,tt1602098,movie,Albert Nobbs,Albert Nobbs,0,2011,\N,113,"Drama,Romance"
4230472,tt1602472,movie,Two Days in New York,2 Days in New York,0,2012,\N,96,"Comedy,Drama,Romance"
4230493,tt1602476,movie,Badmaash Company,Badmaa$h Company,0,2010,\N,142,"Comedy,Crime,Drama"
4231082,tt1602585,movie,Ye Maaya Chesave,Ye Maaya Chesave,0,2010,\N,155,Romance
4231244,tt1602613,movie,Only God Forgives,Only God Forgives,0,2013,\N,90,"Action,Crime,Drama"
4231285,tt1602620,movie,Amour,Amour,0,2012,\N,127,Drama
4232994,tt1603257,movie,ATM,ATM,0,2012,\N,90,"Horror,Mystery,Thriller"
4233335,tt1603480,movie,The Mouth of the Wolf,La bocca del lupo,0,2009,\N,68,"Documentary,Romance"
4234127,tt1604171,movie,Prom,Prom,0,2011,\N,104,"Comedy,Drama,Family"
4234923,tt16043930,movie,Be Somebody,Yang ming li wan,0,2021,\N,123,"Comedy,Drama,Mystery"
4238158,tt1605630,movie,American Reunion,American Reunion,0,2012,\N,113,Comedy
4238248,tt1605717,movie,Frank,Frank,0,2014,\N,95,"Comedy,Drama,Music"
4238302,tt1605769,movie,The Monk,Le moine,0,2011,\N,101,"Drama,Mystery,Thriller"
4238317,tt1605783,movie,Midnight in Paris,Midnight in Paris,0,2011,\N,94,"Comedy,Fantasy,Romance"
4240810,tt1606267,movie,Lafangey Parindey,Lafangey Parindey,0,2010,\N,126,"Action,Drama,Music"
4241449,tt1606378,movie,A Good Day to Die Hard,A Good Day to Die Hard,0,2013,\N,98,"Action,Thriller"
4241478,tt1606384,movie,My Way,Mai wei,0,2011,\N,137,"Action,Drama,War"
4241507,tt1606389,movie,The Vow,The Vow,0,2012,\N,104,"Drama,Romance"
4241525,tt1606392,movie,Win Win,Win Win,0,2011,\N,106,"Comedy,Drama,Sport"
4248947,tt1608290,movie,Zoolander 2,Zoolander 2,0,2016,\N,101,"Action,Adventure,Comedy"
4251575,tt1609168,movie,Vinnaithaandi Varuvaayaa,Vinnaithaandi Varuvaayaa,0,2010,\N,157,"Drama,Musical,Romance"
4253367,tt1609479,movie,Better Living Through Chemistry,Better Living Through Chemistry,0,2014,\N,91,"Comedy,Drama"
4253406,tt1609486,movie,Harold and the Purple Crayon,Harold and the Purple Crayon,0,2024,\N,90,"Adventure,Animation,Comedy"
4258610,tt1610452,movie,Band Baaja Baaraat,Band Baaja Baaraat,0,2010,\N,139,"Comedy,Drama,Romance"
4259317,tt1610996,movie,Absentia,Absentia,0,2011,\N,87,"Drama,Horror,Mystery"
4259509,tt1611174,movie,The Big Sleaze,The Big Sleaze,0,2010,\N,105,"Action,Comedy"
4259588,tt1611224,movie,Abraham Lincoln: Vampire Hunter,Abraham Lincoln: Vampire Hunter,0,2012,\N,105,"Action,Fantasy,Horror"
4259759,tt16112554,short,Vic & Nimi,Vic & Nimi,0,2018,\N,\N,"Drama,Short"
4263104,tt16118932,short,Time Trap,Time Trap,0,2021,\N,11,"Adventure,Fantasy,Sci-Fi"
4263119,tt16118962,short,Red Dusk,Red Dusk,0,2021,\N,32,"Action,Crime,Short"
4266683,tt1612774,movie,Rubber,Rubber,0,2010,\N,82,"Comedy,Fantasy,Horror"
4266982,tt1613062,movie,The Music Never Stopped,The Music Never Stopped,0,2011,\N,105,"Drama,Music"
4270675,tt16150082,movie,Hobal,Hobal,0,2024,\N,114,Drama
4270984,tt1615065,movie,Savages,Savages,0,2012,\N,131,"Crime,Drama,Thriller"
4271444,tt1615147,movie,Margin Call,Margin Call,0,2011,\N,107,"Drama,Thriller"
4271518,tt1615160,movie,The Foreigner,The Foreigner,0,2017,\N,113,"Action,Crime,Thriller"
4275549,tt1615918,movie,Alvin and the Chipmunks: Chipwrecked,Alvin and the Chipmunks: Chipwrecked,0,2011,\N,87,"Adventure,Animation,Comedy"
4276330,tt16160622,movie,The Goldman Case,Le procès Goldman,0,2023,\N,115,"Crime,Drama,History"
4276961,tt1616195,movie,J. Edgar,J. Edgar,0,2011,\N,137,"Biography,Drama,Romance"
4282163,tt16174868,movie,Left Behind: Rise of the Antichrist,Left Behind: Rise of the Antichrist,0,2023,\N,115,"Action,Drama,Mystery"
4282541,tt1617661,movie,Jupiter Ascending,Jupiter Ascending,0,2015,\N,127,"Action,Adventure,Animation"
4283681,tt1618430,movie,Dum Maaro Dum,Dum Maaro Dum,0,2011,\N,128,"Action,Crime,Drama"
4283702,tt1618442,movie,The Last Witch Hunter,The Last Witch Hunter,0,2015,\N,106,"Action,Adventure,Fantasy"
4284490,tt1619029,movie,Jackie,Jackie,0,2016,\N,100,"Biography,Drama"
4285196,tt16194408,movie,Water Gate Bridge,Chang jin hu: Shui men qiao,0,2022,\N,153,"Action,Drama,History"
4287769,tt1619890,movie,Monkey King vs. Er Lang Shen,Wu Kong da zhan Er Lang shen,0,2007,\N,\N,Animation
4290140,tt1620464,movie,Glukhar v kino,Glukhar v kino,0,2010,\N,86,"Comedy,Crime,Mystery"
4290228,tt1620549,movie,Hooked 2: Next Level,Na igre 2. Novyy uroven,0,2010,\N,86,"Action,Sci-Fi"
4290362,tt1620680,movie,A Wrinkle in Time,A Wrinkle in Time,0,2018,\N,109,"Adventure,Drama,Family"
4290624,tt1620935,movie,Bleed for This,Bleed for This,0,2016,\N,117,"Biography,Drama,Sport"
4290671,tt1620981,movie,The Addams Family,The Addams Family,0,2019,\N,86,"Animation,Comedy,Family"
4290839,tt1621039,movie,Free Birds,Free Birds,0,2013,\N,91,"Adventure,Animation,Comedy"
4290875,tt1621045,movie,Think Like a Man,Think Like a Man,0,2012,\N,122,"Comedy,Romance"
4292484,tt1621767,movie,April Maadhaathil,April Maadhathil,0,2002,\N,153,Romance
4292726,tt1621994,movie,Once Upon a Warrior,Anaganaga O Dheerudu,0,2011,\N,133,"Action,Adventure,Family"
4295735,tt1622547,movie,30 Minutes or Less,30 Minutes or Less,0,2011,\N,83,"Action,Comedy,Crime"
4296624,tt16227268,short,A Rats Arse,A Rats Arse,0,2020,\N,7,"Documentary,Short"
4296915,tt16227830,movie,Trust,Confidenza,0,2024,\N,136,Drama
4297364,tt1622979,movie,Final Destination 5,Final Destination 5,0,2011,\N,92,"Horror,Thriller"
4298573,tt1623205,movie,Oz the Great and Powerful,Oz the Great and Powerful,0,2013,\N,130,"Adventure,Family,Fantasy"
4298759,tt1623288,movie,ParaNorman,ParaNorman,0,2012,\N,92,"Adventure,Animation,Comedy"
4304239,tt16245330,short,Tu Mínima Caricia,Tu Mínima Caricia,0,2018,\N,\N,"Drama,Short"
4308252,tt1625346,movie,Young Adult,Young Adult,0,2011,\N,94,"Comedy,Drama"
4320482,tt16277242,movie,Society of the Snow,La sociedad de la nieve,0,2023,\N,144,"Adventure,Biography,Drama"
4321455,tt1627898,short,Good Vibes,Good Vibes,0,2010,\N,7,"Comedy,Romance,Short"
4321617,tt1627927,movie,The Junior Olsen Gang and the Master Thief,Olsenbanden jr. Mestertyvens skatt,0,2010,\N,81,Family
4322098,tt16280138,movie,Magic Mike's Last Dance,Magic Mike's Last Dance,0,2023,\N,112,"Comedy,Drama"
4326315,tt1628841,movie,Independence Day: Resurgence,Independence Day: Resurgence,0,2016,\N,120,"Action,Adventure,Sci-Fi"
4328266,tt1629248,movie,The Earth Marathon,Davidam o davidam,0,2010,\N,86,Drama
4328459,tt1629284,movie,Dogwood Tree,Hanamizuki,0,2010,\N,128,"Adventure,Drama,Romance"
4328980,tt1629376,movie,7 Khoon Maaf,7 Khoon Maaf,0,2011,\N,137,"Comedy,Drama,Mystery"
4331046,tt16298818,movie,Parias de la tierra,Parias de la tierra,0,2021,\N,105,Documentary
4331792,tt16300138,movie,I Used to Be Funny,I Used to Be Funny,0,2023,\N,105,"Comedy,Drama,Mystery"
4331852,tt1630029,movie,Avatar: The Way of Water,Avatar: The Way of Water,0,2022,\N,192,"Action,Adventure,Animation"
4331891,tt1630036,movie,Courageous,Courageous,0,2011,\N,129,Drama
4337543,tt16311594,movie,F1: The Movie,F1,0,2025,\N,155,"Action,Drama,Sport"
4338603,tt1631355,short,Lines of Glory,Lines of Glory,0,2009,\N,21,"Comedy,Romance,Short"
4341481,tt1631867,movie,Edge of Tomorrow,Edge of Tomorrow,0,2014,\N,113,"Action,Adventure,Sci-Fi"
4346432,tt1632708,movie,Friends with Benefits,Friends with Benefits,0,2011,\N,109,"Comedy,Romance"
4350271,tt1633356,movie,Shark Night,Shark Night 3D,0,2011,\N,90,"Action,Horror,Thriller"
4353854,tt1634003,movie,Underdogs,Metegol,0,2013,\N,85,"Adventure,Animation,Comedy"
4354468,tt1634106,movie,Bloodshot,Bloodshot,0,2020,\N,109,"Action,Adventure,Sci-Fi"
4354528,tt1634121,movie,Intruders,Intruders,0,2011,\N,100,"Fantasy,Horror,Thriller"
4354534,tt1634122,movie,Johnny English Reborn,Johnny English Reborn,0,2011,\N,101,"Action,Adventure,Comedy"
4354605,tt1634136,movie,Violet & Daisy,Violet & Daisy,0,2011,\N,88,"Action,Comedy,Crime"
4359216,tt16350250,movie,La légende de Thierry Mauvignier,La légende de Thierry Mauvignier,0,2021,\N,\N,Documentary
4366164,tt16366836,movie,Venom: The Last Dance,Venom: The Last Dance,0,2024,\N,110,"Action,Fantasy,Horror"
4366937,tt1636826,movie,Project X,Project X,0,2012,\N,88,"Comedy,Thriller"
4367032,tt1636842,movie,Virsa,Virsa,0,2010,\N,133,Drama
4367553,tt16369410,short,Serpentine,Serpentine,0,2023,\N,12,"Horror,Sci-Fi,Short"
4370303,tt16374352,movie,The Blind,The Blind,0,2023,\N,108,Drama
4371527,tt1637688,movie,In Time,In Time,0,2011,\N,109,"Action,Sci-Fi,Thriller"
4371631,tt1637706,movie,Our Idiot Brother,Our Idiot Brother,0,2011,\N,90,"Comedy,Drama"
4371724,tt1637725,movie,Ted,Ted,0,2012,\N,106,Comedy
4375027,tt1638355,movie,The Man from U.N.C.L.E.,The Man from U.N.C.L.E.,0,2015,\N,116,"Action,Adventure,Comedy"
4380359,tt1639426,movie,Udaan,Udaan,0,2010,\N,134,Drama
4381110,tt1639826,movie,Justin and the Knights of Valour,Justin and the Knights of Valour,0,2013,\N,90,"Adventure,Animation,Comedy"
4383362,tt16402818,movie,The Civil Dead,The Civil Dead,0,2022,\N,104,Comedy
4383921,tt1640402,movie,Belukar,Belukar,0,2010,\N,96,"Action,Drama,Romance"
4384221,tt1640459,movie,Hobo with a Shotgun,Hobo with a Shotgun,0,2011,\N,86,"Action,Adventure,Comedy"
4384346,tt1640484,movie,Jumping the Broom,Jumping the Broom,0,2011,\N,112,"Comedy,Drama"
4384659,tt1640548,movie,Rampart,Rampart,0,2011,\N,108,"Crime,Drama"
4385558,tt1640711,movie,A Few Best Men,A Few Best Men,0,2011,\N,97,"Comedy,Romance"
4391424,tt16419016,short,Rob P. Steals Christmas,Rob P. Steals Christmas,0,2021,\N,9,"Comedy,Short"
4391453,tt16419074,movie,Air,Air,0,2023,\N,111,"Drama,Sport"
4394460,tt16425284,movie,Mixed by Erry,Mixed by Erry,0,2023,\N,110,"Comedy,History,Music"
4394956,tt16426418,movie,Challengers,Challengers,0,2024,\N,131,"Comedy,Drama,Romance"
4395817,tt16428256,movie,Suzume,Suzume no Tojimari,0,2022,\N,122,"Adventure,Animation,Drama"
4398044,tt16432600,short,Venir a mi casa a ver el eclipse,Venir a mi casa a ver el eclipse,0,2022,\N,7,"Comedy,Short"
4406819,tt1645048,movie,Karate-Robo Zaborgar,Denjin Zabôgâ,0,2011,\N,114,"Action,Sci-Fi"
4407005,tt1645089,movie,Inside Job,Inside Job,0,2010,\N,109,"Crime,Documentary"
4407345,tt1645170,movie,The Dictator,The Dictator,0,2012,\N,83,Comedy
4410580,tt1645746,short,Do Mundo Não Se Leva Nada,Do Mundo Não Se Leva Nada,0,2006,\N,15,Short
4414331,tt16464194,short,Wei-Lai,Wei-Lai,0,2022,\N,14,"Comedy,Drama,Family"
4414912,tt1646971,movie,How to Train Your Dragon 2,How to Train Your Dragon 2,0,2014,\N,102,"Action,Adventure,Animation"
4414919,tt1646980,movie,The Double,The Double,0,2011,\N,98,"Action,Adventure,Crime"
4414925,tt1646987,movie,Wrath of the Titans,Wrath of the Titans,0,2012,\N,99,"Action,Adventure,Fantasy"
4416238,tt1647668,movie,Million Dollar Arm,Million Dollar Arm,0,2014,\N,124,"Biography,Drama,Family"
4418519,tt1648099,movie,Totally True Love,Jørgen + Anne = sant,0,2011,\N,83,"Family,Mystery"
4418583,tt1648112,movie,New Kids Turbo,New Kids Turbo,0,2010,\N,84,"Action,Comedy"
4418908,tt1648179,movie,Here Comes the Boom,Here Comes the Boom,0,2012,\N,105,"Action,Comedy,Sport"
4418941,tt1648190,movie,The Dark Tower,The Dark Tower,0,2017,\N,95,"Action,Adventure,Drama"
4421338,tt1649418,movie,The Gray Man,The Gray Man,0,2022,\N,122,"Action,Mystery,Thriller"
4421344,tt1649419,movie,The Impossible,Lo imposible,0,2012,\N,114,"Drama,History,Thriller"
4421414,tt1649431,movie,Vedam,Vedam,0,2010,\N,135,"Action,Drama"
4421479,tt1649443,movie,[REC] 4: Apocalypse,[Rec] 4: Apocalipsis,0,2014,\N,95,"Action,Adventure,Fantasy"
4421484,tt1649444,movie,[REC] 3: Genesis,[Rec]³: Génesis,0,2012,\N,80,"Action,Adventure,Fantasy"
4423136,tt1650043,movie,Diary of a Wimpy Kid: Rodrick Rules,Diary of a Wimpy Kid: Rodrick Rules,0,2011,\N,99,"Comedy,Family"
4423153,tt1650062,movie,Super 8,Super 8,0,2011,\N,112,"Action,Sci-Fi,Thriller"
4423498,tt1650407,movie,"Turn Me On, Dammit!","Få meg på, for faen",0,2011,\N,76,"Comedy,Romance"
4423646,tt1650554,movie,Kick-Ass 2,Kick-Ass 2,0,2013,\N,103,"Action,Comedy,Crime"
4424215,tt1651118,movie,Shapito-shou: Lyubov i druzhba,Shapito-shou: Lyubov i druzhba,0,2011,\N,107,"Comedy,Musical"
4427337,tt16529002,movie,Kabaddi 4: The Final Match,Kabaddi 4: The Final Match,0,2022,\N,130,Comedy
4430833,tt16539454,movie,Pushpa: The Rule - Part 2,Pushpa: The Rule - Part 2,0,2024,\N,201,"Action,Crime,Drama"
4432867,tt1654829,movie,Thérèse,Thérèse Desqueyroux,0,2012,\N,110,Drama
4433860,tt16550628,movie,Chebi: My Fluffy Friend,Cheburashka,0,2023,\N,113,"Comedy,Family"
4434272,tt1655420,movie,My Week with Marilyn,My Week with Marilyn,0,2011,\N,99,"Biography,Drama"
4434294,tt1655441,movie,The Age of Adaline,The Age of Adaline,0,2015,\N,112,"Drama,Fantasy,Romance"
4434295,tt1655442,movie,The Artist,The Artist,0,2011,\N,100,"Comedy,Drama,Romance"
4434313,tt1655460,movie,Wanderlust,Wanderlust,0,2012,\N,98,"Comedy,Romance"
4434459,tt1655603,movie,Evil Intent,Evil Intent,0,2010,\N,74,Thriller
4434463,tt1655607,movie,Singam,Singam,0,2010,\N,160,"Action,Crime,Drama"
4435051,tt1656168,movie,Amici miei - Come tutto ebbe inizio,Amici miei - Come tutto ebbe inizio,0,2011,\N,108,Comedy
4435068,tt1656186,movie,Stolen,Stolen,0,2012,\N,96,"Action,Crime,Thriller"
4435071,tt1656190,movie,Safe,Safe,0,2012,\N,94,"Action,Crime,Thriller"
4435073,tt1656192,movie,Special Forces,Forces spéciales,0,2011,\N,109,"Action,Drama,War"
4436449,tt1657507,movie,Colombiana,Colombiana,0,2011,\N,108,"Action,Crime,Drama"
4436453,tt1657510,movie,Gimme Shelter,Gimme Shelter,0,2013,\N,101,Drama
4439379,tt1658801,movie,Freeheld,Freeheld,0,2015,\N,103,"Biography,Drama,Romance"
4439563,tt1658837,movie,The Tall Man,The Tall Man,0,2012,\N,106,"Crime,Drama,Horror"
4441251,tt1659216,movie,Spiders,Spiders 3D,0,2013,\N,89,"Action,Adventure,Comedy"
4441643,tt1659337,movie,The Perks of Being a Wallflower,The Perks of Being a Wallflower,0,2012,\N,103,Drama
4441644,tt1659338,movie,The Numbers Station,The Numbers Station,0,2013,\N,89,"Action,Thriller"
4441653,tt1659343,movie,Universal Soldier: Day of Reckoning,Universal Soldier: Day of Reckoning,0,2012,\N,114,"Action,Horror,Mystery"
4442003,tt1659619,movie,The Odyssey,L'odyssée,0,2016,\N,122,"Adventure,Biography,Drama"
4444553,tt16606592,movie,The Animal Kingdom,Le règne animal,0,2023,\N,128,"Adventure,Drama,Fantasy"
4445078,tt16607614,movie,A Mero Hajur 4,A Mero Hajur 4,0,2022,\N,155,Romance
4447508,tt1661199,movie,Cinderella,Cinderella,0,2015,\N,105,"Adventure,Drama,Family"
4447874,tt1661275,movie,Their Finest,Their Finest,0,2016,\N,117,"Comedy,Drama,Romance"
4448289,tt1661382,movie,Grudge Match,Grudge Match,0,2013,\N,113,"Comedy,Drama,Sport"
4448754,tt1661820,movie,Cut Bank,Cut Bank,0,2014,\N,93,"Crime,Drama,Mystery"
4449429,tt1662293,movie,Nothing Left to Fear,Nothing Left to Fear,0,2013,\N,100,Horror
4450707,tt1663143,movie,Fun Size,Fun Size,0,2012,\N,86,"Adventure,Comedy,Crime"
4450772,tt1663202,movie,The Revenant,The Revenant,0,2015,\N,156,"Adventure,Drama,Western"
4450778,tt1663207,movie,Life of Crime,Life of Crime,0,2013,\N,98,"Comedy,Crime"
4450913,tt1663321,movie,Chicken with Plums,Poulet aux prunes,0,2011,\N,93,"Comedy,Drama"
4451415,tt1663631,movie,Crazy Eyes,Crazy Eyes,0,2012,\N,95,Comedy
4451587,tt1663662,movie,Pacific Rim,Pacific Rim,0,2013,\N,131,"Action,Adventure,Sci-Fi"
4452859,tt1664664,movie,Hidden 3D,Hidden 3D,0,2011,\N,81,"Horror,Thriller"
4452920,tt1664714,movie,Moonlight Sonata,Moonlight Sonata,0,2010,\N,80,"Action,Horror,Thriller"
4453033,tt1664806,movie,Raavanan,Raavanan,0,2010,\N,128,"Action,Adventure,Drama"
4454911,tt1666185,movie,All Eyez on Me,All Eyez on Me,0,2017,\N,139,"Biography,Drama,Music"
4454912,tt1666186,movie,Vampires Suck,Vampires Suck,0,2010,\N,82,"Comedy,Horror"
4455551,tt1666801,movie,The DUFF,The DUFF,0,2015,\N,101,"Comedy,Romance"
4456282,tt1667310,movie,Deadfall,Deadfall,0,2012,\N,95,"Action,Adventure,Crime"
4456334,tt1667321,movie,On Chesil Beach,On Chesil Beach,0,2017,\N,110,"Drama,Music,Romance"
4456474,tt1667353,movie,Mirror Mirror,Mirror Mirror,0,2012,\N,106,"Adventure,Comedy,Drama"
4456479,tt1667354,movie,The Painted Bird,Nabarvené ptáce,0,2019,\N,169,"Drama,Horror,Thriller"
4458083,tt1667838,movie,I Hate Luv Storys,I Hate Luv Storys,0,2010,\N,129,"Comedy,Drama,Musical"
4458165,tt1667852,movie,Pokkiri Raja,Pokkiri Raja,0,2010,\N,136,"Action,Comedy,Drama"
4458369,tt1667889,movie,Ice Age: Continental Drift,Ice Age: Continental Drift,0,2012,\N,88,"Adventure,Animation,Comedy"
4459066,tt1668189,movie,Alle tijd,Alle tijd,0,2011,\N,96,"Comedy,Drama,Romance"
4459082,tt1668200,movie,Sarah's Key,Elle s'appelait Sarah,0,2010,\N,111,"Drama,War"
4461123,tt1669799,movie,Old Fish,Qian jun yi fa,0,2008,\N,112,Thriller
4461819,tt1670345,movie,Now You See Me,Now You See Me,0,2013,\N,115,"Crime,Mystery,Thriller"
4464271,tt1671474,movie,Mummy & Me,Mummy & Me,0,2010,\N,\N,Drama
4464905,tt1672091,movie,My Dear Desperado,Nae kkangpae gateun aein,0,2010,\N,105,"Comedy,Romance"
4468235,tt16731908,movie,A Brighter Tomorrow,Il sol dell'avvenire,0,2023,\N,95,"Comedy,Drama"
4468935,tt16733438,movie,Karmi Aapo Apni,Karmi Aapo Apni,0,2024,\N,132,Drama
4469406,tt1673434,movie,The Twilight Saga: Breaking Dawn - Part 2,The Twilight Saga: Breaking Dawn - Part 2,0,2012,\N,115,"Adventure,Drama,Fantasy"
4469821,tt1673697,movie,The Sapphires,The Sapphires,0,2012,\N,103,"Biography,Comedy,Drama"
4475300,tt1674771,movie,Entourage,Entourage,0,2015,\N,104,"Comedy,Drama"
4475357,tt1674782,movie,Karate Kid: Legends,Karate Kid: Legends,0,2025,\N,94,"Action,Drama,Family"
4475367,tt1674784,movie,Trespass,Trespass,0,2011,\N,91,"Crime,Drama,Mystery"
4475903,tt16749114,short,Hiraeth,Hiraeth,0,2021,\N,13,"Horror,Short"
4476815,tt1675192,movie,Take Shelter,Take Shelter,0,2011,\N,120,"Drama,Thriller"
4476843,tt1675197,movie,This Is Sodom,Zohi Sdom,0,2010,\N,90,"Comedy,History"
4478115,tt1675434,movie,The Intouchables,Intouchables,0,2011,\N,112,"Comedy,Drama"
4479426,tt16756942,movie,Ah Girls Go Army,Ah Girls Go Army,0,2022,\N,121,"Comedy,Drama"
4486393,tt1677720,movie,Ready Player One,Ready Player One,0,2018,\N,140,"Action,Adventure,Sci-Fi"
4488147,tt1679335,movie,Trolls,Trolls,0,2016,\N,92,"Adventure,Animation,Comedy"
4489492,tt1680058,movie,Boris - Il film,Boris - Il film,0,2011,\N,108,Comedy
4489559,tt1680114,movie,Snowtown,Snowtown,0,2011,\N,119,"Biography,Crime,Drama"
4489568,tt1680123,movie,Collision,Intersections,0,2013,\N,101,"Action,Romance,Thriller"
4489581,tt1680140,movie,The Stolen,The Stolen,0,2017,\N,98,"Action,Adventure,Drama"
4489757,tt1680306,movie,Best Actor,Best Actor,0,2010,\N,155,"Comedy,Drama"
4492405,tt1682180,movie,Stoker,Stoker,0,2013,\N,99,"Drama,Mystery,Thriller"
4492406,tt1682181,movie,Bully,Bully,0,2011,\N,98,"Documentary,Drama"
4495299,tt1684233,movie,Welcome to the Punch,Welcome to the Punch,0,2013,\N,99,"Action,Crime,Thriller"
4495701,tt1684562,movie,The Fall Guy,The Fall Guy,0,2024,\N,126,"Action,Comedy,Drama"
4497243,tt1686018,movie,Creature,Creature,0,2011,\N,93,Horror
4498234,tt1686768,movie,Lessons of a Dream,Der ganz große Traum,0,2011,\N,113,"Drama,Sport"
4498282,tt1686784,movie,Flying Swords of Dragon Gate,Long men fei jia,0,2011,\N,122,"Action,Adventure"
4498452,tt16868156,short,The force of nature humanity,The force of nature humanity,0,2021,\N,10,"Drama,Short"
4498482,tt1686821,movie,Vampire Academy,Vampire Academy,0,2014,\N,104,"Action,Comedy,Drama"
4499134,tt1687247,movie,Life in a Day,Life in a Day,0,2011,\N,95,"Documentary,Drama"
4499786,tt1687901,movie,The Awakening,The Awakening,0,2011,\N,102,"Drama,Horror,Mystery"
4503948,tt16899302,movie,Me contro Te - Il film: Persi nel tempo,Me contro Te - Il film: Persi nel tempo,0,2022,\N,60,"Comedy,Family"
4506017,tt1690953,movie,Despicable Me 2,Despicable Me 2,0,2013,\N,98,"Adventure,Animation,Comedy"
4507081,tt1691152,movie,David Lynch: The Art Life,David Lynch: The Art Life,0,2016,\N,88,"Biography,Documentary"
4508827,tt16915972,movie,Satan's Slaves 2: Communion,Pengabdi Setan 2: Communion,0,2022,\N,119,"Drama,Horror,Mystery"
4509172,tt1691832,movie,City Under Siege,Chun sing gai bei,0,2010,\N,110,"Action,Sci-Fi,Thriller"
4509259,tt1691916,movie,Before I Fall,Before I Fall,0,2017,\N,98,"Drama,Fantasy,Mystery"
4509261,tt1691917,movie,Planes,Planes,0,2013,\N,91,"Adventure,Animation,Comedy"
4509845,tt1692486,movie,Carnage,Carnage,0,2011,\N,80,"Comedy,Drama"
4510891,tt1693039,movie,Pinocchio,Pinocchio,0,2012,\N,75,"Adventure,Animation,Family"
4512208,tt1694020,movie,The Guilt Trip,The Guilt Trip,0,2012,\N,95,"Comedy,Drama"
4512934,tt1694542,movie,Tanu Weds Manu,Tanu Weds Manu,0,2011,\N,113,"Comedy,Drama,Romance"
4515407,tt1695765,movie,Aquí entre nos,Aquí entre nos,0,2011,\N,93,"Comedy,Romance"
4515442,tt1695800,movie,Pranchiyettan and the Saint,Pranchiyettan and the Saint,0,2010,\N,140,"Comedy,Drama"
4515485,tt1695843,movie,Haunted Mansion,Haunted Mansion,0,2023,\N,123,"Comedy,Drama,Family"
4515704,tt1695994,movie,The Virginity Hit,The Virginity Hit,0,2010,\N,86,"Comedy,Drama"
4516356,tt16961210,movie,Jailbird,Jailbird,0,2022,\N,88,"Comedy,Drama"
4519084,tt16969006,movie,Along Came Love,Le temps d'aimer,0,2023,\N,125,"Drama,Romance"
4520731,tt16972306,short,Cassandra,Cassandra,0,2022,\N,7,"Action,Sci-Fi,Short"
4523522,tt1697800,movie,Die in a Gunfight,Die in a Gunfight,0,2021,\N,92,"Action,Comedy,Crime"
4527542,tt1698566,movie,Sorelle mai,Sorelle mai,0,2010,\N,105,Drama
4527884,tt1698641,movie,"Alexander and the Terrible, Horrible, No Good, Very Bad Day","Alexander and the Terrible, Horrible, No Good, Very Bad Day",0,2014,\N,81,"Comedy,Drama,Family"
4531039,tt1699491,movie,The Importance of Tying Your Own Shoes,Hur många lingon finns det i världen?,0,2011,\N,101,"Comedy,Drama,Music"
4532245,tt1699745,movie,Captive,Captive,0,2012,\N,120,"Drama,Thriller"
4532297,tt1699755,movie,Peeples,Peeples,0,2013,\N,95,"Comedy,Romance"
4533479,tt1700258,movie,Kokowääh,Kokowääh,0,2011,\N,126,Comedy
4534340,tt1700423,movie,Gooische vrouwen,Gooische vrouwen,0,2011,\N,105,"Comedy,Drama"
4534846,tt17005282,movie,Death Notice: A Serial Killer Leaving Notes,Am saat fung bou,0,2023,\N,99,"Crime,Mystery,Thriller"
4536016,tt1700841,movie,Sausage Party,Sausage Party,0,2016,\N,89,"Adventure,Animation,Comedy"
4536618,tt17009710,movie,Anatomy of a Fall,Anatomie d'une chute,0,2023,\N,151,"Crime,Drama,Mystery"
4537879,tt1701210,movie,Day of the Falcon,Black Gold,0,2011,\N,130,"Action,Drama,History"
4538861,tt17014214,movie,Mother and Son,Un petit frère,0,2022,\N,116,Drama
4540764,tt1702439,movie,Safe Haven,Safe Haven,0,2013,\N,115,"Drama,Romance,Thriller"
4540785,tt1702443,movie,Justin Bieber: Never Say Never,Justin Bieber: Never Say Never,0,2011,\N,105,"Documentary,Music"
4540796,tt17024450,movie,The Equalizer 3,The Equalizer 3,0,2023,\N,109,"Action,Crime,Thriller"
4541512,tt1703125,movie,Someday This Pain Will Be Useful to You,Someday This Pain Will Be Useful to You,0,2011,\N,95,Drama
4544683,tt17042592,short,Reflejo,Reflejo,0,2018,\N,\N,Short
4546195,tt1704573,movie,Bernie,Bernie,0,2011,\N,104,"Biography,Comedy,Crime"
4552329,tt1705772,movie,Mankatha,Mankatha,0,2011,\N,155,"Action,Crime,Thriller"
4554823,tt1706317,movie,Tezz,Tezz,0,2012,\N,121,"Action,Crime,Drama"
4554932,tt1706414,movie,The Edge,Kray,0,2010,\N,124,"Adventure,Drama,History"
4555428,tt1706593,movie,Chronicle,Chronicle,0,2012,\N,84,"Drama,Sci-Fi,Thriller"
4555548,tt1706620,movie,Snowpiercer,Snowpiercer,0,2013,\N,126,"Action,Sci-Fi,Thriller"
4555795,tt1706675,movie,Caracremada,Caracremada,0,2010,\N,98,"Drama,History"
4555815,tt1706679,movie,Et in terra pax,Et in terra pax,0,2010,\N,89,"Crime,Drama"
4557661,tt17070412,movie,Franz,Franz,0,2025,\N,127,"Biography,Drama,History"
4558042,tt17071130,movie,Buzzkill,Buzzkill,0,2021,\N,46,Documentary
4559433,tt1707380,movie,Every Thing Will Be Fine,Every Thing Will Be Fine,0,2015,\N,118,Drama
4559453,tt1707386,movie,Les Misérables,Les Misérables,0,2012,\N,158,"Drama,Musical,Romance"
4559482,tt1707392,movie,Lovely Molly,Lovely Molly,0,2011,\N,99,"Drama,Horror"
4562542,tt17080412,movie,Survive,Survive,0,2022,\N,108,"Adventure,Drama,Thriller"
4563445,tt1708473,movie,Gerry,Gerry,0,2011,\N,131,Biography
4563464,tt1708491,movie,Malarvaadi Arts Club,Malarvaadi Arts Club,0,2010,\N,122,"Comedy,Drama"
4563513,tt1708532,movie,Ready,Ready,0,2011,\N,145,"Action,Comedy,Romance"
4564130,tt1709143,movie,The Last Days on Mars,The Last Days on Mars,0,2013,\N,98,"Adventure,Horror,Sci-Fi"
4564641,tt1709654,movie,Citizen Gangster,Edwin Boyd,0,2011,\N,105,"Crime,Drama"
4565375,tt1710396,movie,Joyful Noise,Joyful Noise,0,2012,\N,118,"Comedy,Drama,Music"
4565618,tt1710627,movie,Red Eagle,"Águila Roja, la película",0,2011,\N,119,"Action,Adventure,History"
4566453,tt1711425,movie,21 & Over,21 & Over,0,2013,\N,93,Comedy
4566555,tt1711525,movie,Office Christmas Party,Office Christmas Party,0,2016,\N,105,Comedy
4567319,tt1712170,movie,Alex Cross,Alex Cross,0,2012,\N,101,"Action,Crime,Mystery"
4567346,tt1712192,movie,Message from the King,Message from the King,0,2016,\N,102,"Action,Crime,Drama"
4567422,tt1712261,movie,Triple 9,Triple 9,0,2016,\N,115,"Action,Crime,Drama"
4568695,tt1713440,movie,Smoke & Mirrors,El hombre de las mil caras,0,2016,\N,123,"Biography,Thriller"
4568738,tt1713476,movie,The Bay,The Bay,0,2012,\N,85,"Horror,Sci-Fi,Thriller"
4569508,tt1714203,movie,Piranha 3DD,Piranha 3DD,0,2012,\N,83,"Comedy,Horror,Sci-Fi"
4569511,tt1714206,movie,The Spectacular Now,The Spectacular Now,0,2013,\N,95,"Drama,Romance"
4569516,tt1714209,movie,In the Land of Blood and Honey,In the Land of Blood and Honey,0,2011,\N,127,"Drama,Romance,War"
4569517,tt1714210,movie,Weekend,Weekend,0,2011,\N,97,"Drama,Romance"
4570026,tt17146978,movie,The Novelist's Film,So-seol-ga-ui yeong-hwa,0,2022,\N,92,Drama
4570259,tt1714915,movie,Only Lovers Left Alive,Only Lovers Left Alive,0,2013,\N,123,"Comedy,Drama,Fantasy"
4570858,tt1715336,movie,Anna,Anna,0,2013,\N,99,"Drama,Mystery,Sci-Fi"
4576553,tt17164334,movie,The Snow Queen and the Princess,Snezhnaya Koroleva. Razmorozka,0,2022,\N,75,"Adventure,Animation,Family"
4577135,tt1716772,movie,The Inbetweeners,The Inbetweeners Movie,0,2011,\N,97,Comedy
4577140,tt1716777,movie,People Like Us,People Like Us,0,2012,\N,114,"Comedy,Drama"
4578325,tt1717715,movie,The Monkey King: Havoc in Heaven's Palace,Xi you ji: Da nao tian gong,0,2014,\N,90,"Action,Adventure,Family"
4579537,tt1718881,movie,Pro lyuboff,Pro lyuboff,0,2010,\N,106,Drama
4579726,tt1719071,movie,Another Happy Day,Another Happy Day,0,2011,\N,119,"Comedy,Drama"
4580134,tt1719474,movie,Aagathan,Aagathan,0,2010,\N,120,"Drama,Romance"
4580158,tt1719496,movie,Into Paradiso,Into Paradiso,0,2010,\N,104,Comedy
4580708,tt1720047,movie,Market Street,Angadi Theru,0,2010,\N,151,Drama
4580847,tt1720182,movie,October Baby,October Baby,0,2011,\N,107,"Drama,Family,Mystery"
4580927,tt1720254,movie,Thank You,Thank You,0,2011,\N,125,Comedy
4583905,tt1722450,movie,Inadequate People,Neadekvatnye lyudi,0,2010,\N,102,"Comedy,Drama,Romance"
4583941,tt1722484,movie,Tom Sawyer,Tom Sawyer,0,2011,\N,109,"Adventure,Family"
4584598,tt1723121,movie,We're the Millers,We're the Millers,0,2013,\N,110,"Comedy,Crime"
4585133,tt1723642,movie,HOUBA! On the Trail of the Marsupilami,Sur la piste du Marsupilami,0,2012,\N,105,"Adventure,Comedy,Family"
4585290,tt1723808,movie,Reagan,Reagan,0,2024,\N,141,"Biography,Drama,History"
4585294,tt1723811,movie,Shame,Shame,0,2011,\N,101,Drama
4586488,tt1724970,movie,Beyond Skyline,Beyond Skyline,0,2017,\N,106,"Action,Adventure,Horror"
4587311,tt1725795,movie,7aum Arivu,7aum Arivu,0,2011,\N,168,"Action,Sci-Fi,Thriller"
4588088,tt1726589,movie,Life Happens,L!fe Happens,0,2011,\N,100,Comedy
4588091,tt1726592,movie,Before I Go to Sleep,Before I Go to Sleep,0,2014,\N,92,"Drama,Mystery,Thriller"
4588167,tt1726669,movie,Killer Joe,Killer Joe,0,2011,\N,102,"Crime,Drama,Thriller"
4588380,tt1726888,movie,Clandestine Childhood,Infancia clandestina,0,2011,\N,112,Drama
4588881,tt1727388,movie,The Way Way Back,The Way Way Back,0,2013,\N,103,"Comedy,Drama"
4588990,tt1727491,movie,"Connected: An Autoblogography About Love, Death & Technology","Connected: An Autoblogography About Love, Death & Technology",0,2011,\N,82,Documentary
4588996,tt1727496,movie,Dil Toh Baccha Hai Ji,Dil Toh Baccha Hai Ji,0,2011,\N,143,"Comedy,Drama,Romance"
4590185,tt17277414,movie,Jeanne du Barry,Jeanne du Barry,0,2023,\N,117,"Biography,Drama,History"
4590386,tt1727776,movie,Scouts Guide to the Zombie Apocalypse,Scouts Guide to the Zombie Apocalypse,0,2015,\N,93,"Action,Comedy,Horror"
4590667,tt1727824,movie,Bohemian Rhapsody,Bohemian Rhapsody,0,2018,\N,134,"Biography,Drama,Music"
4591342,tt17279496,movie,Civil War,Civil War,0,2024,\N,109,"Action,Thriller,War"
4592057,tt1728179,movie,Paranormal Activity 2: Tokyo Night,Paranômaru akutibiti: Dai-2-shô - Tokyo Night,0,2010,\N,90,"Horror,Mystery"
4592123,tt1728245,movie,Corporal vs. Napoleon,Rzhevskiy protiv Napoleona,0,2012,\N,95,Comedy
4592872,tt1728986,movie,Bol Bachchan,Bol Bachchan,0,2012,\N,155,"Action,Comedy"
4596053,tt1730768,movie,The Zookeeper's Wife,The Zookeeper's Wife,0,2017,\N,127,"Biography,Drama,History"
4596436,tt1731141,movie,Ender's Game,Ender's Game,0,2013,\N,114,"Action,Adventure,Sci-Fi"
4596987,tt1731697,movie,The Lords of Salem,The Lords of Salem,0,2012,\N,101,"Horror,Thriller"
4596990,tt1731701,movie,Barely Lethal,Barely Lethal,0,2015,\N,96,"Action,Comedy"
4600733,tt1732563,movie,Bad Is Bad,Bad Is Bad,0,2011,\N,96,"Drama,Thriller"
4601245,tt1733105,movie,Bekas,Bekas,0,2012,\N,97,"Adventure,Drama"
4603996,tt1734548,movie,The Color Wheel,The Color Wheel,0,2011,\N,83,"Comedy,Romance"
4604147,tt1734586,movie,Supercapitalist,$upercapitalist,0,2012,\N,102,Thriller
4606401,tt17351056,movie,The Last Kumite,The Last Kumite,0,2024,\N,105,Action
4606870,tt17351870,movie,Anatar,Anatar,0,2023,\N,88,"Comedy,Fantasy,Sci-Fi"
4606899,tt17351924,movie,Saltburn,Saltburn,0,2023,\N,131,"Drama,Thriller"
4607061,tt1735221,movie,RPG Metanoia,RPG Metanoia,0,2010,\N,105,"Action,Adventure,Animation"
4608273,tt1735898,movie,Snow White and the Huntsman,Snow White and the Huntsman,0,2012,\N,127,"Action,Adventure,Drama"
4608309,tt1735932,movie,Va: Quarter Cutting,Va: Quarter Cutting,0,2010,\N,130,Comedy
4609859,tt1737156,movie,Dui Prithibi,Dui Prithibi,0,2010,\N,150,"Drama,Romance"
4610115,tt1737237,movie,Lost on Journey,Ren zai jiong tu,0,2010,\N,91,Comedy
4610414,tt17373012,tvSpecial,Jay Walker: Immature,Jay Walker: Immature,0,2022,\N,45,Comedy
4611552,tt17375596,movie,The Empire,L'empire,0,2024,\N,110,"Adventure,Comedy,Drama"
4613951,tt1739196,movie,Myths and Legends: The New Alliance,Mitos y leyendas: La nueva alianza,0,2010,\N,93,"Action,Adventure,Family"
4614974,tt1740017,movie,Payback,Payback,0,2010,\N,115,"Action,Crime,Drama"
4615682,tt1740707,movie,Troll Hunter,Trolljegeren,0,2010,\N,103,"Drama,Fantasy,Thriller"
4615685,tt1740710,movie,Mere Brother Ki Dulhan,Mere Brother Ki Dulhan,0,2011,\N,139,"Comedy,Drama,Family"
4616219,tt1741243,movie,Pawn Shop Chronicles,Pawn Shop Chronicles,0,2013,\N,112,"Action,Comedy,Crime"
4616250,tt1741273,movie,Secret in Their Eyes,Secret in Their Eyes,0,2015,\N,111,"Crime,Drama,Mystery"
4617063,tt1742044,movie,Jersey Boys,Jersey Boys,0,2014,\N,134,"Biography,Drama,Music"
4617778,tt1742334,movie,Sabotage,Sabotage,0,2014,\N,109,"Action,Crime,Drama"
4617789,tt1742336,movie,Your Sister's Sister,Your Sister's Sister,0,2011,\N,90,"Comedy,Drama,Romance"
4618940,tt1742650,movie,I Don't Know How She Does It,I Don't Know How She Does It,0,2011,\N,89,"Comedy,Family,Romance"
4622334,tt1745960,movie,Top Gun: Maverick,Top Gun: Maverick,0,2022,\N,130,"Action,Drama"
4622637,tt1746246,movie,Dark World,Temnyy mir,0,2010,\N,100,"Adventure,Fantasy,Mystery"
4624421,tt1747958,movie,Blood Ties,Blood Ties,0,2013,\N,127,"Action,Crime,Drama"
4624588,tt1748122,movie,Moonrise Kingdom,Moonrise Kingdom,0,2012,\N,94,"Adventure,Comedy,Drama"
4624649,tt1748179,movie,Red Lights,Red Lights,0,2012,\N,114,"Drama,Fantasy,Mystery"
4624666,tt1748197,movie,Set Up,Setup,0,2011,\N,85,"Action,Crime,Drama"
4627110,tt17491040,movie,The Pirates: The Last Royal Treasure,Hae-jeok: Do-kkae-bi gis-bal,0,2022,\N,126,"Action,Adventure,Comedy"
4628749,tt17494546,short,"A Diva, Right?","A Diva, Right?",0,2021,\N,13,"Drama,Short"
4633907,tt17505010,movie,Horizon: An American Saga - Chapter 1,Horizon: An American Saga - Chapter 1,0,2024,\N,181,"Drama,Western"
4634884,tt17507018,movie,Lost in the Stars,Xiao shi de ta,0,2022,\N,121,"Crime,Drama,Mystery"
4644498,tt17526714,movie,The Substance,The Substance,0,2024,\N,141,"Drama,Horror,Sci-Fi"
4644842,tt17527468,movie,Bottoms,Bottoms,0,2023,\N,91,Comedy
4645925,tt1753383,movie,A Dog's Purpose,A Dog's Purpose,0,2017,\N,100,"Adventure,Comedy,Drama"
4646019,tt1753476,movie,Bar Sport,Bar Sport,0,2011,\N,93,Comedy
4646191,tt1753640,movie,Crook: It's Good to Be Bad,Crook: It's Good to Be Bad,0,2010,\N,121,"Action,Crime,Drama"
4646284,tt1753722,movie,Two Rabbits,2 Coelhos,0,2012,\N,101,"Action,Crime,Drama"
4646989,tt1753921,movie,Khutorskie strasti,Khutorskie strasti,0,2008,\N,76,"Comedy,Fantasy"
4647599,tt1754029,movie,The Crypt of Count Dracoola,Kutsal Damacana: Dracoola,0,2011,\N,89,"Comedy,Fantasy"
4650249,tt1754656,movie,The Little Prince,Le petit prince,0,2015,\N,108,"Adventure,Animation,Comedy"
4652070,tt1756415,movie,Welcome to the North,Benvenuti al nord,0,2012,\N,110,Comedy
4652497,tt1756851,movie,Twixt,Twixt,0,2011,\N,80,"Comedy,Fantasy,Horror"
4653262,tt1757678,movie,Avatar: Fire and Ash,Avatar: Fire and Ash,0,2025,\N,197,"Action,Adventure,Animation"
4653351,tt1757772,movie,Jackie,Jackie,0,2010,\N,126,"Action,Comedy"
4653385,tt1757806,movie,Marcelino Pan y Vino,Marcelino Pan y Vino,0,2010,\N,91,"Drama,Family"
4653486,tt1757912,movie,Titeuf: The Movie,"Titeuf, le film",0,2011,\N,87,"Animation,Family"
4654138,tt1758595,movie,Diana,Diana,0,2013,\N,113,"Biography,Drama,Romance"
4654155,tt1758610,movie,Unconditional,Unconditional,0,2012,\N,92,"Biography,Crime,Drama"
4654212,tt1758666,movie,Jai Surya,Jai Surya,0,2004,\N,\N,"Action,Crime,Drama"
4654238,tt1758692,movie,Like Crazy,Like Crazy,0,2011,\N,86,"Drama,Romance"
4654339,tt1758795,movie,The To Do List,The To Do List,0,2013,\N,104,"Comedy,Romance"
4654354,tt1758810,movie,The Snowman,The Snowman,0,2017,\N,119,"Crime,Drama,Horror"
4654373,tt1758830,movie,This Is 40,This Is 40,0,2012,\N,134,"Comedy,Drama,Romance"
4659373,tt1762399,movie,Walking with Dinosaurs 3D,Walking with Dinosaurs 3D,0,2013,\N,87,"Adventure,Animation,Comedy"
4660315,tt1763264,movie,No One Lives,No One Lives,0,2012,\N,86,"Action,Horror"
4660502,tt1763303,movie,The First Time,The First Time,0,2012,\N,95,"Comedy,Drama,Romance"
4662607,tt1764183,movie,Arbitrage,Arbitrage,0,2012,\N,107,"Drama,Thriller"
4662657,tt1764234,movie,Killing Them Softly,Killing Them Softly,0,2012,\N,97,"Crime,Drama,Thriller"
4663085,tt1764600,movie,Sluzhebnyy roman. Nashe vremya,Sluzhebnyy roman. Nashe vremya,0,2011,\N,90,"Comedy,Drama,Romance"
4663121,tt1764625,movie,Tad: The Lost Explorer,Las aventuras de Tadeo Jones,0,2012,\N,92,"Adventure,Animation,Comedy"
4663154,tt1764651,movie,The Expendables 2,The Expendables 2,0,2012,\N,103,"Action,Adventure,Thriller"
4664448,tt1765729,movie,Brigada: Naslednik,Brigada: Naslednik,0,2012,\N,120,"Action,Crime"
4664862,tt1766044,movie,Poslednyaya skazka Rity,Poslednyaya skazka Rity,0,2012,\N,100,"Drama,Fantasy,Mystery"
4664928,tt1766094,movie,So Undercover,So Undercover,0,2012,\N,94,"Action,Adventure,Comedy"
4665939,tt17663238,movie,I'll Play Mother,I'll Play Mother,0,2024,\N,108,Horror
4666304,tt17663992,movie,Scream VI,Scream VI,0,2023,\N,122,"Horror,Mystery,Thriller"
4667215,tt1767354,movie,Odd Thomas,Odd Thomas,0,2013,\N,97,"Comedy,Fantasy,Horror"
4667243,tt1767382,movie,Silent House,Silent House,0,2011,\N,86,"Horror,Thriller"
4667720,tt17676734,movie,Americana,Americana,0,2023,\N,107,"Comedy,Crime,Drama"
4672460,tt1770734,movie,Shadow Dancer,Shadow Dancer,0,2012,\N,101,"Drama,Mystery,Thriller"
4676164,tt1772230,movie,1911,Xin hai ge ming,0,2011,\N,99,"Action,Drama,History"
4676174,tt1772240,movie,Apollo 18,Apollo 18,0,2011,\N,86,"Horror,Mystery,Sci-Fi"
4676222,tt1772288,movie,Danny Collins,Danny Collins,0,2015,\N,106,"Comedy,Drama,Music"
4676277,tt1772341,movie,Wreck-It Ralph,Wreck-It Ralph,0,2012,\N,101,"Adventure,Animation,Comedy"
4676355,tt1772422,movie,Outside Bet,Outside Bet,0,2012,\N,101,Comedy
4676357,tt1772424,movie,Where Do We Go Now?,Et maintenant on va où?,0,2011,\N,110,"Comedy,Drama"
4676953,tt1773015,movie,Phas Gaye Re Obama,Phas Gaye Re Obama,0,2010,\N,108,"Comedy,Crime,Drama"
4677501,tt1773542,short,Let Sleeping Guns Lie,Let Sleeping Guns Lie,0,2005,\N,20,"Crime,Mystery,Short"
4677764,tt1773643,short,"Red Nose, Black Heart","Red Nose, Black Heart",0,2010,\N,2,"Comedy,Short"
4678321,tt1773753,movie,Mara,Mara,0,2018,\N,98,"Crime,Horror,Mystery"
4682551,tt1777595,movie,50 to 1,50 to 1,0,2014,\N,110,Drama
4683053,tt17780878,short,Maia,Maia,0,2022,\N,\N,"Drama,Short"
4683291,tt1778304,movie,Paranormal Activity 3,Paranormal Activity 3,0,2011,\N,83,"Horror,Mystery,Thriller"
4686902,tt1780762,movie,Aftershock,Aftershock,0,2012,\N,89,"Action,Adventure,Drama"
4687169,tt1780967,movie,Seberg,Seberg,0,2019,\N,102,"Biography,Drama,History"
4688123,tt1781769,movie,Anna Karenina,Anna Karenina,0,2012,\N,129,"Drama,Romance"
4688131,tt1781775,movie,Beneath the Darkness,Beneath the Darkness,0,2011,\N,96,"Horror,Mystery,Thriller"
4688142,tt1781784,movie,Burn,Burn,0,2012,\N,86,Documentary
4688188,tt1781827,movie,Hands of Stone,Hands of Stone,0,2016,\N,111,"Biography,Drama,Sport"
4688290,tt1781922,movie,No Escape,No Escape,0,2015,\N,103,"Action,Thriller"
4689138,tt1782568,movie,Six Degrees of Celebration,Yolki,0,2010,\N,90,"Comedy,Drama,Family"
4689761,tt1783232,movie,Conquest 1453,Fetih 1453,0,2012,\N,162,"Action,Drama,History"
4690285,tt1783732,movie,John Dies at the End,John Dies at the End,0,2012,\N,99,"Comedy,Fantasy,Horror"
4692181,tt1785635,movie,The Vault,The Vault,0,2017,\N,91,"Crime,Horror,Mystery"
4692214,tt1785669,movie,Vikingdom,Vikingdom,0,2013,\N,114,"Action,Adventure,Fantasy"
4693302,tt1786751,movie,CBGB,CBGB,0,2013,\N,102,"Crime,Drama,Music"
4694312,tt1787759,movie,Madea's Big Happy Family,Madea's Big Happy Family,0,2011,\N,106,"Comedy,Drama"
4694938,tt1788391,movie,Kill List,Kill List,0,2011,\N,95,"Crime,Drama,Horror"
4699821,tt1790809,movie,Pirates of the Caribbean: Dead Men Tell No Tales,Pirates of the Caribbean: Dead Men Tell No Tales,0,2017,\N,129,"Action,Adventure,Fantasy"
4699889,tt1790864,movie,The Maze Runner,The Maze Runner,0,2014,\N,113,"Action,Mystery,Sci-Fi"
4699912,tt1790885,movie,Zero Dark Thirty,Zero Dark Thirty,0,2012,\N,157,"Drama,History,Thriller"
4699913,tt1790886,movie,The Campaign,The Campaign,0,2012,\N,85,Comedy
4699995,tt17909522,video,"Cheater, Cheater","Cheater, Cheater",0,2024,\N,85,Horror
4700591,tt1791528,movie,Inherent Vice,Inherent Vice,0,2014,\N,148,"Comedy,Crime,Drama"
4700790,tt1791681,movie,Treehouse,Treehouse,0,2014,\N,100,"Horror,Mystery,Thriller"
4700791,tt1791682,movie,While We're Young,While We're Young,0,2014,\N,97,"Comedy,Drama,Mystery"
4702227,tt1793224,movie,Friends: Naki on the Monster Island,Friends: Mononokeshima no Naki,0,2011,\N,87,"Adventure,Animation,Comedy"
4704530,tt1794850,movie,La vérité si je mens! 3,La vérité si je mens! 3,0,2012,\N,112,Comedy
4706181,tt1796603,movie,The Best Movie 3-DE,Samyy luchshiy film 3-DE,0,2011,\N,105,Comedy
4706237,tt1796657,movie,How Not to Rescue a Princess,Tri bogatyrya i Shamakhanskaya tsaritsa,0,2010,\N,75,"Adventure,Animation,Comedy"
4706854,tt1797348,movie,7 Days in Havana,7 días en La Habana,0,2011,\N,129,Drama
4707634,tt1798188,movie,From Up on Poppy Hill,Kokuriko-zaka kara,0,2011,\N,91,"Animation,Comedy,Drama"
4707689,tt1798243,movie,Rudderless,Rudderless,0,2014,\N,105,"Comedy,Drama,Music"
4708037,tt1798603,movie,Bad Santa 2,Bad Santa 2,0,2016,\N,92,"Comedy,Crime,Drama"
4708065,tt1798632,movie,Firestarter,Firestarter,0,2022,\N,94,"Drama,Horror,Sci-Fi"
4708116,tt1798684,movie,Southpaw,Southpaw,0,2015,\N,124,"Action,Drama,Sport"
4708142,tt1798709,movie,Her,Her,0,2013,\N,126,"Drama,Romance,Sci-Fi"
4708868,tt1799516,movie,Benji,Benji,0,2018,\N,87,"Crime,Drama,Family"
4709617,tt1800241,movie,American Hustle,American Hustle,0,2013,\N,138,"Crime,Drama"
4709623,tt1800246,movie,That Awkward Moment,That Awkward Moment,0,2014,\N,94,"Comedy,Romance"
4709683,tt1800302,movie,Gold,Gold,0,2016,\N,120,"Biography,Crime,Drama"
4710119,tt1800741,movie,Step Up: Revolution,Step Up Revolution,0,2012,\N,99,"Drama,Music,Romance"
4710497,tt1801113,movie,The Worst Movie Ever!,The Worst Movie Ever!,0,2011,\N,76,"Action,Comedy,Musical"
4710942,tt1801552,movie,Gotti,Gotti,0,2018,\N,112,"Biography,Crime,Drama"
4711599,tt1802197,movie,The Lady,The Lady,0,2011,\N,132,"Biography,Drama,History"
4717411,tt1806913,movie,Golmaal Again,Golmaal Again,0,2017,\N,140,"Action,Comedy,Fantasy"
4717559,tt18069420,movie,Smurfs,Smurfs,0,2025,\N,89,"Adventure,Animation,Comedy"
4718836,tt18072316,movie,Bade Miyan Chote Miyan,Bade Miyan Chote Miyan,0,2024,\N,163,"Action,Adventure,Sci-Fi"
4721780,tt18077924,movie,Poolman,Poolman,0,2023,\N,100,"Comedy,Mystery"
4722387,tt18079362,movie,80 for Brady,80 for Brady,0,2023,\N,98,"Comedy,Drama,Sport"
4722790,tt1808015,movie,What a Beautiful Day,Che bella giornata,0,2011,\N,97,Comedy
4723503,tt1808153,movie,Kamen Rider Kabuto: God Speed Love,Gekijôban Kamen Raidâ Kabuto: God Speed Love,0,2006,\N,66,"Action,Adventure,Drama"
4723980,tt1808239,movie,La Vigilia,La Vigilia,0,2010,\N,95,"Drama,Thriller"
4724179,tt1808274,movie,At the Jersey Shore,Love Chaos,0,2011,\N,90,"Comedy,Drama"
4725051,tt1808454,movie,Suicide Room,Sala samobójców,0,2011,\N,116,"Crime,Drama,Thriller"
4726092,tt1809398,movie,Unbroken,Unbroken,0,2014,\N,137,"Biography,Drama,Sport"
4727278,tt1810522,movie,Aalwar,Aalwar,0,2007,\N,152,Action
4727382,tt1810618,movie,Marriage with a Liar,Fun chin see oi,0,2010,\N,85,"Comedy,Drama,Romance"
4727452,tt1810683,movie,Little Boy,Little Boy,0,2015,\N,106,"Drama,History,War"
4727658,tt1810861,movie,Zombadings 1: Patayin sa shokot si Remington,Zombadings 1: Patayin sa shokot si Remington,0,2011,\N,96,"Comedy,Horror,Romance"
4730734,tt1813225,movie,Chikku Bukku,Chikku Bukku,0,2010,\N,139,Romance
4731038,tt1813519,movie,My Lai Four,My Lai Four,0,2010,\N,101,War
4732083,tt1814621,movie,Admission,Admission,0,2013,\N,107,"Comedy,Drama,Romance"
4732205,tt1814746,movie,Tomorrow Will Be Better,Jutro bedzie lepiej,0,2010,\N,118,"Adventure,Drama"
4732361,tt1814903,short,The Wedding,The Wedding,0,2010,\N,\N,"Action,Short"
4733165,tt1815731,video,HalloweeNight,HalloweeNight,0,2009,\N,85,Horror
4733207,tt1815775,movie,Kalavani,Kalavani,0,2010,\N,144,Comedy
4733232,tt1815799,movie,Beloved,Les bien-aimés,0,2011,\N,133,"Comedy,Drama,Musical"
4733284,tt1815849,movie,Native,Native,0,2011,\N,96,"Horror,Thriller"
4733298,tt1815862,movie,After Earth,After Earth,0,2013,\N,100,"Action,Adventure,Drama"
4735383,tt1816518,movie,Ernest & Celestine,Ernest et Célestine,0,2012,\N,80,"Adventure,Animation,Comedy"
4736075,tt1817191,movie,Another Woman's Life,La vie d'une autre,0,2012,\N,97,"Comedy,Drama,Mystery"
4736160,tt1817273,movie,The Place Beyond the Pines,The Place Beyond the Pines,0,2012,\N,140,"Crime,Drama,Thriller"
4736547,tt1817676,movie,Girl in Progress,Girl in Progress,0,2012,\N,93,"Comedy,Drama"
4736584,tt1817711,movie,Kaland,Kaland,0,2011,\N,84,"Drama,Romance"
4740488,tt1820462,movie,Beremennyy,Beremennyy,0,2011,\N,84,"Comedy,Fantasy"
4740556,tt1820524,movie,Mantikora,Mantikora,0,2011,\N,110,"Action,Crime,Drama"
4740559,tt1820526,movie,Marykkundoru Kunjaadu,Marykkundoru Kunjaadu,0,2010,\N,132,Comedy
4740589,tt1820555,movie,Na kryuchke!,Na kryuchke!,0,2011,\N,86,"Comedy,Romance"
4741951,tt1821317,movie,Aadukalam,Aadukalam,0,2011,\N,160,"Action,Drama,Romance"
4742643,tt1821478,movie,Kaavalan,Kaavalan,0,2011,\N,155,"Action,Comedy,Drama"
4742645,tt1821480,movie,Kahaani,Kahaani,0,2012,\N,122,"Mystery,Thriller"
4742712,tt1821536,movie,Manikanda,Manikanda,0,2007,\N,121,"Action,Crime,Drama"
4742728,tt1821549,movie,Nebraska,Nebraska,0,2013,\N,115,Drama
4742859,tt1821658,movie,The Nut Job,The Nut Job,0,2014,\N,85,"Adventure,Animation,Comedy"
4742886,tt1821680,movie,Top Cat,Don gato y su pandilla,0,2011,\N,90,"Action,Animation,Comedy"
4742889,tt1821682,movie,Traffic,Traffic,0,2011,\N,122,"Action,Adventure,Mystery"
4742905,tt1821694,movie,RED 2,RED 2,0,2013,\N,116,"Action,Comedy,Crime"
4743958,tt18224752,movie,Well Done!,Complètement cramé !,0,2023,\N,110,"Comedy,Drama,Romance"
4749561,tt1823664,movie,Annie,Annie,0,2014,\N,118,"Comedy,Drama,Family"
4749607,tt1823672,movie,Chappie,Chappie,0,2015,\N,120,"Action,Crime,Drama"
4758029,tt1825683,movie,Black Panther,Black Panther,0,2018,\N,134,"Action,Adventure,Sci-Fi"
4759097,tt18259086,movie,Sonic the Hedgehog 3,Sonic the Hedgehog 3,0,2024,\N,110,"Action,Adventure,Comedy"
4759243,tt18259430,movie,Blood Sick Psychosis,Blood Sick Psychosis,0,2022,\N,88,Horror
4762430,tt1826590,movie,About Last Night,About Last Night,0,2014,\N,100,"Comedy,Romance"
4762786,tt1826660,movie,Soulless,Dukhless,0,2012,\N,100,"Comedy,Drama"
4765510,tt18272208,movie,Here,Here,0,2024,\N,104,Drama
4773889,tt1828959,movie,Make Your Move,Make Your Move,0,2013,\N,110,"Drama,Musical,Romance"
4774145,tt1829012,movie,Passion,Passion,0,2012,\N,102,"Drama,Mystery,Thriller"
4780637,tt1830459,movie,Alien Exorcism,6 giorni sulla Terra,0,2011,\N,145,"Mystery,Sci-Fi,Thriller"
4781116,tt18305690,short,Automaton,Automaton,0,2020,\N,5,"Animation,Short"
4782263,tt1830786,movie,Rascals,Rascals,0,2011,\N,128,"Action,Comedy,Crime"
4785914,tt1831602,movie,Carmen G,Carmen G,0,2012,\N,87,"Drama,Thriller"
4786648,tt1831744,movie,The Haunted House Project,Pyega,0,2010,\N,84,Horror
4786826,tt1831829,tvMovie,William & Kate,William & Kate,0,2011,\N,87,"Biography,Drama,Romance"
4787340,tt1832334,movie,Dreamland: La terra dei sogni,Dreamland: La terra dei sogni,0,2011,\N,94,Drama
4787390,tt1832382,movie,A Separation,Jodaeiye Nader az Simin,0,2011,\N,123,Drama
4789350,tt18330504,movie,21 Positions,21 Paraíso,0,2022,\N,97,Drama
4789722,tt1833116,movie,The Informer,The Informer,0,2019,\N,113,"Action,Crime,Drama"
4792261,tt1833673,movie,Dhoom 3,Dhoom:3,0,2013,\N,172,"Action,Crime,Thriller"
4801047,tt1835948,movie,Edge of the Empire,Edge of the Empire,0,2010,\N,117,Action
4803883,tt1836912,movie,Shaitan,Shaitan,0,2011,\N,121,"Action,Crime,Drama"
4803917,tt1836944,movie,The Baytown Outlaws,The Baytown Outlaws,0,2012,\N,98,"Action,Comedy,Crime"
4806272,tt1837636,movie,Queen of the Desert,Queen of the Desert,0,2015,\N,128,"Adventure,Biography,Drama"
4806572,tt1837703,movie,The Fifth Estate,The Fifth Estate,0,2013,\N,128,"Biography,Crime,Drama"
4806602,tt1837709,movie,Winter's Tale,Winter's Tale,0,2014,\N,118,"Drama,Fantasy,Mystery"
4809292,tt18382850,movie,If I Had Legs I'd Kick You,If I Had Legs I'd Kick You,0,2025,\N,113,"Drama,Thriller"
4809524,tt1838520,movie,The Truth About Emanuel,The Truth About Emanuel,0,2013,\N,95,"Drama,Mystery,Thriller"
4809575,tt1838571,movie,Juan of the Dead,Juan de los muertos,0,2011,\N,92,"Action,Comedy,Horror"
4809608,tt1838603,movie,Last Love,Mr. Morgan's Last Love,0,2013,\N,111,"Comedy,Drama,Romance"
4810925,tt1839492,movie,Ruby Sparks,Ruby Sparks,0,2012,\N,104,"Comedy,Drama,Fantasy"
4811430,tt1839596,movie,Rockstar,Rockstar,0,2011,\N,159,"Drama,Music,Romance"
4811647,tt1839642,movie,The Face of Love,The Face of Love,0,2013,\N,92,"Drama,Mystery,Romance"
4813756,tt1840309,movie,Divergent,Divergent,0,2014,\N,139,"Action,Adventure,Drama"
4813875,tt1840417,movie,The Words,The Words,0,2012,\N,102,"Drama,Mystery,Romance"
4814749,tt18411490,movie,Tiger 3,Tiger 3,0,2023,\N,155,"Action,Adventure,Thriller"
4815070,tt18412256,movie,Alien: Romulus,Alien: Romulus,0,2024,\N,119,"Horror,Sci-Fi,Thriller"
4816169,tt1841642,movie,Demonic,Demonic,0,2015,\N,83,"Horror,Mystery,Thriller"
4817873,tt1843287,movie,Like Someone in Love,Like Someone in Love,0,2012,\N,109,Drama
4818545,tt1843866,movie,Captain America: The Winter Soldier,Captain America: The Winter Soldier,0,2014,\N,136,"Action,Adventure,Sci-Fi"
4821574,tt18453866,movie,The Universal Theory,Die Theorie von Allem,0,2023,\N,118,"Drama,Mystery,Thriller"
4822822,tt1846472,movie,Something in the Air,Après mai,0,2012,\N,122,Drama
4822945,tt1846589,movie,Hunter Killer,Hunter Killer,0,2018,\N,121,"Action,Thriller"
4823676,tt1846985,movie,A Flat for Three,Posti in piedi in paradiso,0,2012,\N,120,"Comedy,Drama"
4824530,tt1847713,movie,The Guillotines,Xue di zi,0,2012,\N,112,"Action,Drama"
4824562,tt1847746,movie,The German Doctor,Wakolda,0,2013,\N,93,"Drama,Thriller"
4827391,tt1848771,movie,Aarakshan,Aarakshan,0,2011,\N,164,"Drama,Thriller"
4828359,tt1849718,movie,Agneepath,Agneepath,0,2012,\N,174,"Action,Crime,Drama"
4828460,tt1849814,movie,Salve,Marham,0,2010,\N,91,Drama
4829289,tt18501100,short,Yard Experiment,Yard Experiment,0,2020,\N,3,Short
4830157,tt1850397,movie,The Loft,The Loft,0,2014,\N,108,"Mystery,Romance,Thriller"
4830229,tt1850457,movie,Sisters,Sisters,0,2015,\N,118,Comedy
4832970,tt18526902,movie,Dolphin Boy,Malchik-delfin,0,2022,\N,85,"Adventure,Animation,Family"
4833212,tt1852904,movie,Overheard 2,Sit ting fung wan 2,0,2011,\N,121,"Action,Crime,Thriller"
4834199,tt1853728,movie,Django Unchained,Django Unchained,0,2012,\N,165,"Drama,Western"
4834212,tt1853739,movie,You're Next,You're Next,0,2011,\N,95,"Drama,Horror,Mystery"
4834829,tt1854236,movie,Love Is All You Need,Den skaldede frisør,0,2012,\N,116,"Comedy,Drama,Romance"
4835254,tt1854564,movie,Percy Jackson: Sea of Monsters,Percy Jackson: Sea of Monsters,0,2013,\N,106,"Adventure,Family,Fantasy"
4836500,tt18548612,short,Mr Fuck,Mr Fuck,0,2022,\N,5,"Drama,Short"
4838063,tt1855199,movie,End of Watch,End of Watch,0,2012,\N,109,"Action,Crime,Drama"
4838681,tt1855325,movie,Resident Evil: Retribution,Resident Evil: Retribution,0,2012,\N,95,"Action,Horror,Sci-Fi"
4839023,tt1855401,movie,Tim and Eric's Billion Dollar Movie,Tim and Eric's Billion Dollar Movie,0,2012,\N,93,Comedy
4839103,tt1855417,movie,Vdrebezgi,Vdrebezgi,0,2011,\N,84,"Comedy,Crime"
4841789,tt18559464,movie,My Old Ass,My Old Ass,0,2024,\N,89,"Comedy,Drama,Romance"
4842068,tt1856014,movie,Hamilton: In the Interest of the Nation,Hamilton: I nationens intresse,0,2012,\N,109,"Action,Drama,Thriller"
4842347,tt1856080,movie,The Boys in the Boat,The Boys in the Boat,0,2023,\N,123,"Biography,Drama,History"
4842460,tt1856101,movie,Blade Runner 2049,Blade Runner 2049,0,2017,\N,164,"Action,Drama,Mystery"
4848761,tt18573632,short,Sigo Aquí,Sigo Aquí,0,2022,\N,13,"Drama,Short"
4849375,tt1857842,movie,Inhuman Resources,Redd Inc.,0,2012,\N,93,"Horror,Thriller"
4850971,tt1859446,movie,Alps,Alpeis,0,2011,\N,93,Drama
4851184,tt1859650,movie,To Rome with Love,To Rome with Love,0,2012,\N,112,"Comedy,Music,Romance"
4851705,tt1860152,movie,17 Girls,17 filles,0,2011,\N,86,Drama
4851897,tt1860213,movie,Dirty Grandpa,Dirty Grandpa,0,2016,\N,102,Comedy
4852530,tt1860353,movie,Turbo,Turbo,0,2013,\N,96,"Adventure,Animation,Comedy"
4852534,tt1860357,movie,Deepwater Horizon,Deepwater Horizon,0,2016,\N,107,"Action,Drama,History"
4853527,tt1861356,movie,Jana,Jana,0,2004,\N,80,"Action,Drama"
4854235,tt1862079,movie,Safety Not Guaranteed,Safety Not Guaranteed,0,2012,\N,86,"Adventure,Comedy,Drama"
4854830,tt18626656,movie,Lie with Me,Arrête avec tes mensonges,0,2022,\N,98,"Drama,Romance"
4855321,tt1863160,movie,Bambieffekten,Bambieffekten,0,2011,\N,75,Drama
4859747,tt1866249,movie,The Sessions,The Sessions,0,2012,\N,95,"Biography,Comedy,Drama"
4860692,tt1867093,movie,The Samaritan,The Samaritan,0,2012,\N,90,"Crime,Drama,Thriller"
4865694,tt18690030,movie,Post Truth,Bao ni ping an,0,2022,\N,112,"Comedy,Drama"
4867922,tt1869716,movie,The East,The East,0,2013,\N,116,"Adventure,Crime,Drama"
4868763,tt1870538,movie,The Hidden Persuaders,The Hidden Persuaders,0,2011,\N,113,"Drama,Mystery"
4868781,tt1870555,movie,The Other Wife,The Second Wife,0,2007,\N,148,Drama
4870406,tt1872181,movie,The Amazing Spider-Man 2,The Amazing Spider-Man 2,0,2014,\N,142,"Action,Adventure,Sci-Fi"
4870418,tt1872194,movie,The Judge,The Judge,0,2014,\N,141,"Crime,Drama,Mystery"
4877326,tt1876451,movie,Sparkle,Sparkle,0,2012,\N,116,"Drama,Music"
4877364,tt18764684,movie,Sugar Movie,Sugar Movie,0,2022,\N,90,Drama
4877591,tt1876517,movie,Legend of Kung Fu Rabbit,Tu xia chuan qi,0,2011,\N,89,"Action,Adventure,Animation"
4880221,tt1877589,movie,Christian Brothers,Christian Brothers,0,2011,\N,\N,"Action,Drama,Thriller"
4881144,tt1877830,movie,The Batman,The Batman,0,2022,\N,176,"Action,Crime,Drama"
4881145,tt1877832,movie,X-Men: Days of Future Past,X-Men: Days of Future Past,0,2014,\N,132,"Action,Adventure,Sci-Fi"
4882076,tt1878841,movie,The Darkness,The Darkness,0,2016,\N,92,"Horror,Thriller"
4882105,tt1878870,movie,The Edge of Seventeen,The Edge of Seventeen,0,2016,\N,104,"Comedy,Drama,Romance"
4883666,tt1880418,movie,Newlyweds,Newlyweds,0,2011,\N,95,"Comedy,Drama"
4884277,tt1881002,movie,Maggie,Maggie,0,2015,\N,95,"Drama,Horror,Sci-Fi"
4890968,tt1885265,movie,Good Deeds,Good Deeds,0,2012,\N,110,"Drama,Romance"
4891005,tt1885300,movie,Best Man Down,Best Man Down,0,2012,\N,89,"Comedy,Drama"
4896974,tt1890377,movie,Bienvenue à bord,Bienvenue à bord,0,2011,\N,95,Comedy
4897095,tt1890493,movie,Oosaravelli,Oosaravelli,0,2011,\N,145,"Action,Crime,Drama"
4898500,tt1891788,movie,It Was the Son,È stato il figlio,0,2012,\N,93,"Comedy,Drama"
4898656,tt1891942,movie,Nicostratos the Pelican,Nicostratos le pélican,0,2011,\N,92,"Comedy,Drama"
4900812,tt18924506,movie,2000 Mules,2000 Mules,0,2022,\N,89,Documentary
4901213,tt18925320,short,The Silhouette,The Silhouette,0,2019,\N,2,"Horror,Sci-Fi,Short"
4901221,tt18925334,movie,Pearl,Pearl,0,2022,\N,103,"Drama,Horror,Thriller"
4901560,tt18926098,movie,VidaaMuyarchi,VidaaMuyarchi,0,2025,\N,154,"Action,Crime,Drama"
4904748,tt1893195,movie,A.C.A.B. - All Cops Are Bastards,A.C.A.B. - All Cops Are Bastards,0,2012,\N,112,"Action,Crime,Drama"
4905060,tt1893256,movie,Redemption,Hummingbird,0,2013,\N,100,"Action,Crime,Drama"
4912230,tt18952274,short,Our So Called Prayer,Our So Called Prayer,0,2022,\N,15,"Crime,Short"
4914015,tt1895587,movie,Spotlight,Spotlight,0,2015,\N,129,"Biography,Crime,Drama"
4915951,tt1896747,movie,Fly Me to the Moon,Fly Me to the Moon,0,2024,\N,132,"Comedy,Romance"
4922504,tt1899353,movie,The Raid: Redemption,Serbuan maut,0,2011,\N,101,"Action,Crime,Thriller"
4924440,tt1901024,movie,Dark Crimes,Dark Crimes,0,2016,\N,92,"Crime,Drama,Mystery"
4933111,tt1904996,movie,Parker,Parker,0,2013,\N,118,"Action,Crime,Thriller"
4933321,tt1905041,movie,Fast & Furious 6,Furious 6,0,2013,\N,130,"Action,Thriller"
4937854,tt1907668,movie,Flight,Flight,0,2012,\N,138,"Drama,Thriller"
4941357,tt19097336,movie,The Canvasser,The Canvasser,0,2022,\N,98,Comedy
4944600,tt1911644,movie,The Call,The Call,0,2013,\N,94,"Drama,Thriller"
4944630,tt1911658,movie,Penguins of Madagascar,Penguins of Madagascar,0,2014,\N,92,"Action,Adventure,Animation"
4944636,tt1911661,movie,Vedozero,Vedozero,0,2010,\N,76,Documentary
4951011,tt1915581,movie,Magic Mike,Magic Mike,0,2012,\N,110,"Comedy,Drama,Music"
4956232,tt1918796,movie,The Fern's Army,El Ejercito de los Helechos,0,2011,\N,76,"Fantasy,Horror"
4956320,tt1918887,movie,Kaaryasthan,Kaaryasthan,0,2010,\N,\N,Comedy
4956555,tt1919131,short,The House Bell,The House Bell,0,2002,\N,16,"Horror,Short"
4958251,tt1920849,movie,Bachelorette,Bachelorette,0,2012,\N,87,"Comedy,Romance"
4958290,tt1920885,movie,Big Fish & Begonia,Da yu hai tang,0,2016,\N,100,"Adventure,Animation,Drama"
4958370,tt1920959,movie,Hoofmeisie,Hoofmeisie,0,2011,\N,98,Family
4958495,tt1921064,movie,Pompeii,Pompeii,0,2014,\N,105,"Action,Adventure,Drama"
4958512,tt1921078,movie,Saint Petersburg,San Peterzburg,0,2010,\N,120,"Comedy,Crime,Drama"
4961344,tt1922612,movie,Glee: The 3D Concert Movie,Glee: The 3D Concert Movie,0,2011,\N,84,"Comedy,Documentary,Music"
4961684,tt1922685,movie,Phantom,Phantom,0,2013,\N,98,"Drama,History,Thriller"
4961779,tt1922777,movie,Sinister,Sinister,0,2012,\N,110,"Horror,Mystery,Thriller"
4963317,tt1924245,movie,Cry Macho,Cry Macho,0,2021,\N,104,Drama
4963569,tt1924396,movie,The Best Offer,La migliore offerta,0,2013,\N,131,"Crime,Drama,Mystery"
4963691,tt19244204,short,The Real Black Sabbath,The Real Black Sabbath,0,2022,\N,34,"Documentary,Short"
4963734,tt1924429,movie,Trance,Trance,0,2013,\N,101,"Crime,Drama,Mystery"
4963762,tt1924435,movie,Let's Be Cops,Let's Be Cops,0,2014,\N,104,"Action,Comedy,Crime"
4965521,tt1925431,movie,Fire with Fire,Fire with Fire,0,2012,\N,97,"Action,Crime,Mystery"
4966437,tt1926313,movie,Pyaar Ka Punchnama,Pyaar Ka Punchnama,0,2011,\N,149,"Comedy,Drama,Romance"
4969262,tt1927035,movie,ToyKhtoProyshovKrizVohon,ToyKhtoProyshovKrizVohon,0,2011,\N,110,"Adventure,Biography,Drama"
4971700,tt1929263,movie,Heaven Is for Real,Heaven Is for Real,0,2014,\N,99,"Biography,Drama,Family"
4975715,tt1931435,movie,The Big Wedding,The Big Wedding,0,2013,\N,89,"Comedy,Drama,Romance"
4975967,tt1931533,movie,Seven Psychopaths,Seven Psychopaths,0,2012,\N,110,"Comedy,Crime"
4977040,tt19319352,movie,Mayhem!,Farang,0,2023,\N,99,"Action,Thriller"
4977765,tt1932660,movie,Kongsi,Kongsi,0,2011,\N,90,"Action,Comedy,Crime"
4977792,tt1932688,movie,Nur Kasih: The Movie,Nur Kasih: The Movie,0,2011,\N,90,"Drama,Family,Romance"
4977871,tt1932767,movie,What Maisie Knew,What Maisie Knew,0,2012,\N,99,Drama
4979357,tt1934231,movie,Delhi Belly,Delhi Belly,0,2011,\N,103,"Action,Comedy,Crime"
4979360,tt1934234,movie,Diaz - Don't Clean Up This Blood,Diaz - Don't Clean Up This Blood,0,2012,\N,127,Drama
4979396,tt1934269,movie,Yossi,Yossi,0,2012,\N,84,"Drama,Romance"
4980194,tt1935074,movie,The Other of Us,Além de Ti,0,2013,\N,92,"Drama,Musical,Romance"
4980319,tt1935179,movie,Mud,Mud,0,2012,\N,130,"Adventure,Drama"
4980363,tt1935194,movie,Overdrive,Overdrive,0,2017,\N,93,"Action,Adventure,Crime"
4982538,tt19356262,movie,Drive-Away Dolls,Drive-Away Dolls,0,2024,\N,84,"Action,Comedy,Thriller"
4983597,tt1935859,movie,Miss Peregrine's Home for Peculiar Children,Miss Peregrine's Home for Peculiar Children,0,2016,\N,127,"Adventure,Drama,Family"
4987126,tt19366006,tvEpisode,Detectives,Detectives,0,2022,\N,\N,"Drama,Horror"
4990339,tt1937264,movie,Now Is Good,Now Is Good,0,2012,\N,103,"Drama,Romance"
4990704,tt1937339,movie,Sunny,Sseo-ni,0,2011,\N,124,"Comedy,Drama"
4990893,tt1937390,movie,Nymphomaniac: Vol. I,Nymphomaniac: Vol. I,0,2013,\N,117,Drama
5000290,tt1939659,movie,Carrie,Carrie,0,2013,\N,100,"Drama,Horror,Thriller"
5003134,tt19402216,tvSpecial,Life After War: Iraq,Life After War: Iraq,0,2022,\N,54,War
5004217,tt19404494,tvSpecial,Manchester in the 1970s,Manchester in the 1970s,0,2022,\N,48,Drama
5005263,tt19406606,movie,The Shift,The Shift,0,2023,\N,115,"Action,Romance,Sci-Fi"
5013598,tt1945062,movie,About Cherry,About Cherry,0,2012,\N,98,Drama
5013620,tt1945084,movie,Everly,Everly,0,2014,\N,92,"Action,Thriller"
5014877,tt1946347,movie,Gladiators of Rome,Gladiatori di Roma,0,2012,\N,94,"Adventure,Animation,Comedy"
5015039,tt1946502,movie,UglyDolls,UglyDolls,0,2019,\N,87,"Adventure,Animation,Comedy"
5015111,tt19465630,movie,Sniper. The White Raven,Sniper. The White Raven,0,2022,\N,111,"Drama,War"
5017113,tt1948150,movie,Singham,Singham,0,2011,\N,143,"Action,Crime,Drama"
5023012,tt1950135,movie,Drunk Wedding,Drunk Wedding,0,2015,\N,81,Comedy
5023070,tt1950186,movie,Ford v Ferrari,Ford v Ferrari,0,2019,\N,152,"Action,Biography,Drama"
5024206,tt1951181,movie,The Immigrant,The Immigrant,0,2013,\N,120,"Drama,Romance"
5024605,tt1951261,movie,The Hangover Part III,The Hangover Part III,0,2013,\N,100,"Comedy,Crime"
5024620,tt1951264,movie,The Hunger Games: Catching Fire,The Hunger Games: Catching Fire,0,2013,\N,146,"Action,Adventure,Sci-Fi"
5024625,tt1951265,movie,The Hunger Games: Mockingjay - Part 1,The Hunger Games: Mockingjay - Part 1,0,2014,\N,123,"Action,Adventure,Sci-Fi"
5024630,tt1951266,movie,The Hunger Games: Mockingjay - Part 2,The Hunger Games: Mockingjay - Part 2,0,2015,\N,137,"Action,Adventure,Sci-Fi"
5029367,tt1954206,movie,The Dirty Picture,The Dirty Picture,0,2011,\N,145,"Biography,Comedy,Drama"
5029519,tt1954352,movie,Crooked Arrows,Crooked Arrows,0,2012,\N,105,"Drama,Sport"
5029548,tt1954381,movie,Dhada,Dhada,0,2011,\N,147,"Action,Comedy,Music"
5029638,tt1954470,movie,Gangs of Wasseypur,Gangs of Wasseypur,0,2012,\N,321,"Action,Comedy,Crime"
5029864,tt1954701,movie,A Coffee in Berlin,Oh Boy,0,2012,\N,86,"Comedy,Drama"
5031824,tt1956620,movie,Sex Tape,Sex Tape,0,2014,\N,94,"Comedy,Romance"
5034803,tt1959490,movie,Noah,Noah,0,2014,\N,138,"Action,Adventure,Drama"
5034878,tt1959563,movie,The Hitman's Bodyguard,The Hitman's Bodyguard,0,2017,\N,118,"Action,Comedy,Crime"
5036700,tt1961175,movie,American Assassin,American Assassin,0,2017,\N,111,"Action,Thriller"
5037864,tt19623228,movie,Godland,Vanskabte land,0,2022,\N,143,Drama
5037872,tt19623240,movie,Winnie-the-Pooh: Blood and Honey,Winnie-the-Pooh: Blood and Honey,0,2023,\N,84,Horror
5040909,tt19637052,movie,Love Lies Bleeding,Love Lies Bleeding,0,2024,\N,104,"Crime,Drama,Mystery"
5042275,tt1964418,movie,Tomorrowland,Tomorrowland,0,2015,\N,130,"Action,Adventure,Family"
5044293,tt1966359,movie,Father Figures,Father Figures,0,2017,\N,113,"Comedy,Drama"
5044539,tt1966566,movie,Stalingrad,Stalingrad,0,2013,\N,131,"Action,Drama,War"
5045746,tt1967545,movie,Labor Day,Labor Day,0,2013,\N,111,"Crime,Drama,Romance"
5047627,tt1969062,movie,Infinitely Polar Bear,Infinitely Polar Bear,0,2014,\N,90,"Comedy,Drama,Romance"
5048843,tt1969959,movie,Box Office 3D: The Filmest of Films,Box Office 3D: Il film dei film,0,2011,\N,90,"Comedy,Family"
5051158,tt19712084,movie,GOW - Ghost of Wuhan,GOW - Ghost of Wuhan,0,2022,\N,\N,Drama
5051779,tt1971325,movie,Automata,Autómata,0,2014,\N,109,"Action,Drama,Sci-Fi"
5051934,tt1971352,movie,Compliance,Compliance,0,2012,\N,90,"Crime,Drama,Thriller"
5055132,tt19719862,movie,The Worst Ones,Les pires,0,2022,\N,99,"Comedy,Drama"
5058119,tt1972571,movie,A Most Wanted Man,A Most Wanted Man,0,2014,\N,122,"Crime,Drama,Thriller"
5058206,tt1972591,movie,King Arthur: Legend of the Sword,King Arthur: Legend of the Sword,0,2017,\N,126,"Action,Adventure,Drama"
5059100,tt1972779,movie,The Best of Me,The Best of Me,0,2014,\N,118,"Drama,Romance"
5063776,tt1974419,movie,The Neon Demon,The Neon Demon,0,2016,\N,117,"Horror,Thriller"
5063778,tt1974420,movie,Rules Don't Apply,Rules Don't Apply,0,2016,\N,127,"Comedy,Drama,Romance"
5068455,tt19760052,movie,The Taste of Things,La passion de Dodin Bouffant,0,2023,\N,135,"Drama,History,Romance"
5068468,tt1976009,movie,Victor Frankenstein,Victor Frankenstein,0,2015,\N,110,"Drama,Horror,Sci-Fi"
5069306,tt1976608,movie,Sholem Aleichem: Laughing in the Darkness,Sholem Aleichem: Laughing in the Darkness,0,2011,\N,93,Documentary
5074344,tt19783626,movie,"Arthur, malédiction","Arthur, malédiction",0,2022,\N,87,"Horror,Thriller"
5074377,tt19783714,movie,"Luxembourg, Luxembourg","Luxembourg, Luxembourg",0,2022,\N,110,"Comedy,Drama"
5076058,tt1979320,movie,Rush,Rush,0,2013,\N,123,"Biography,Drama,Sport"
5076120,tt1979376,movie,Toy Story 4,Toy Story 4,0,2019,\N,100,"Adventure,Animation,Comedy"
5076136,tt1979388,movie,The Good Dinosaur,The Good Dinosaur,0,2015,\N,93,"Action,Adventure,Animation"
5077864,tt19799530,short,The Interview,The Interview,0,2022,\N,2,"Comedy,Short"
5078993,tt1980209,movie,Pain & Gain,Pain & Gain,0,2013,\N,129,"Action,Biography,Comedy"
5080016,tt1980929,movie,Begin Again,Begin Again,0,2013,\N,104,"Comedy,Drama,Music"
5080073,tt1980986,movie,Housefull 2,Housefull 2,0,2012,\N,145,"Action,Comedy,Drama"
5080281,tt1981107,movie,The Young and Prodigious T.S. Spivet,The Young and Prodigious T.S. Spivet,0,2013,\N,105,"Adventure,Comedy,Drama"
5080303,tt1981115,movie,Thor: The Dark World,Thor: The Dark World,0,2013,\N,112,"Action,Adventure,Fantasy"
5080374,tt1981128,movie,Geostorm,Geostorm,0,2017,\N,111,"Action,Sci-Fi,Thriller"
5082272,tt19815386,movie,Sugar and Stars,À la belle étoile,0,2023,\N,110,"Biography,Drama"
5082907,tt1981677,movie,Pitch Perfect,Pitch Perfect,0,2012,\N,112,"Comedy,Music,Romance"
5086810,tt19838634,movie,Ulajh,Ulajh,0,2024,\N,150,"Crime,Drama,Thriller"
5087465,tt19841734,movie,The Innocent,L'innocent,0,2022,\N,99,"Comedy,Crime,Romance"
5087630,tt19842756,short,Going Away Party,Going Away Party,0,\N,\N,\N,Short
5090178,tt19847976,movie,Wicked: For Good,Wicked: For Good,0,2025,\N,137,"Drama,Family,Fantasy"
5091287,tt1985017,movie,Atlas Shrugged II: The Strike,Atlas Shrugged II: The Strike,0,2012,\N,111,"Drama,Mystery,Sci-Fi"
5091298,tt1985019,movie,Austenland,Austenland,0,2013,\N,97,"Comedy,Romance"
5095714,tt1985949,movie,The Angry Birds Movie,The Angry Birds Movie,0,2016,\N,97,"Action,Adventure,Animation"
5095811,tt1985966,movie,Cloudy with a Chance of Meatballs 2,Cloudy with a Chance of Meatballs 2,0,2013,\N,95,"Adventure,Animation,Comedy"
5096235,tt1986040,movie,Ishkq in Paris,Ishkq in Paris,0,2013,\N,95,"Comedy,Romance"
5096631,tt19861162,movie,The Return,The Return,0,2024,\N,116,"Adventure,Drama,History"
5098310,tt19864802,movie,Land of Bad,Land of Bad,0,2024,\N,113,"Action,Thriller"
5099770,tt1986769,movie,Alone Yet Not Alone,Alone Yet Not Alone,0,2013,\N,103,"Action,Drama,History"
5100159,tt1986850,movie,Green Eyes,Green Eyes,0,2013,\N,114,"Drama,Romance"
5104441,tt1987680,movie,The Upside,The Upside,0,2017,\N,126,"Comedy,Drama"
5104924,tt19877662,tvSpecial,Maya,Maya,0,2022,\N,\N,Thriller
5105439,tt19878566,short,Troleriya Virus,Troleriya Virus,0,2020,\N,\N,"Documentary,Short"
5108913,tt1988546,movie,Anonymous Celebrities: Animatic,Anonymous Celebrities: Animatic,0,2011,\N,99,"Animation,Comedy,Musical"
5109029,tt1988573,movie,Trap.com,Cilada.com,0,2011,\N,95,"Comedy,Romance"
5109583,tt1988689,movie,Lan Kwai Fong,Hei oi yeh pou,0,2011,\N,96,"Comedy,Drama,Romance"
5110294,tt19888408,movie,The Devil Makes Work for Idle Hands,The Devil Makes Work for Idle Hands,0,2024,\N,\N,Drama
5111087,tt19890316,movie,What Happens Later,What Happens Later,0,2023,\N,103,"Comedy,Romance"
5113151,tt19894774,movie,The Braid,The Braid,0,2023,\N,121,Drama
5113818,tt19896318,short,Two Beers,Two Beers,0,2022,\N,6,"Comedy,Short"
5114391,tt19898550,short,Alive,Alive,0,2022,\N,17,"Drama,Short"
5115370,tt1990314,movie,Robot & Frank,Robot & Frank,0,2012,\N,89,"Comedy,Crime,Drama"
5116336,tt1991245,movie,Chernobyl Diaries,Chernobyl Diaries,0,2012,\N,86,"Horror,Mystery,Thriller"
5120556,tt1995390,movie,Our Kind of Traitor,Our Kind of Traitor,0,2016,\N,108,"Action,Crime,Drama"
5121427,tt1996264,movie,"For a Good Time, Call...","For a Good Time, Call...",0,2012,\N,85,Comedy
5121474,tt1996310,movie,Lore,Lore,0,2012,\N,109,"Drama,Romance,War"
5123371,tt1998244,movie,I'm His Wife,I'm His Wife,0,2012,\N,100,"Drama,Romance"
5125361,tt1999890,movie,Hell Fest,Hell Fest,0,2018,\N,89,"Horror,Mystery,Thriller"
5125381,tt1999910,movie,Kireedam,Kireedam,0,2007,\N,156,"Action,Drama"
5128511,tt2002718,movie,Machete Kills,Machete Kills,0,2013,\N,107,"Action,Comedy,Crime"
5128663,tt2002868,movie,Anegan,Anegan,0,2015,\N,154,"Action,Romance,Thriller"
5130342,tt2004420,movie,Neighbors,Neighbors,0,2014,\N,97,Comedy
5130355,tt2004432,movie,Wolf Creek 2,Wolf Creek 2,0,2013,\N,106,"Horror,Thriller"
5131187,tt2005151,movie,War Dogs,War Dogs,0,2016,\N,114,"Biography,Comedy,Crime"
5131410,tt2005374,movie,The Frozen Ground,The Frozen Ground,0,2013,\N,105,"Biography,Crime,Drama"
5132084,tt2006040,movie,A Fantastic Fear of Everything,A Fantastic Fear of Everything,0,2012,\N,100,"Comedy,Horror"
5132154,tt2006109,movie,Love Is All,Família Vende Tudo,0,2011,\N,90,Comedy
5132359,tt2006295,movie,The 33,The 33,0,2015,\N,127,"Biography,Drama,History"
5132865,tt2006781,movie,The Last Man on Earth,L'ultimo terrestre,0,2011,\N,100,"Drama,Sci-Fi"
5133485,tt2007387,movie,The Front Line,Go-ji-jeon,0,2011,\N,133,"Action,Drama,History"
5134084,tt2007993,movie,Warriors of the Rainbow: Seediq Bale I,Sai de ke · ba lai: Tai yang qi,0,2011,\N,144,"Action,Drama,History"
5134574,tt2008508,short,February 19,February 19,0,2011,\N,34,Short
5135708,tt2009606,movie,Believe,Believe,0,2013,\N,96,"Drama,Sport"
5137971,tt2011159,movie,No Good Deed,No Good Deed,0,2014,\N,84,"Crime,Drama,Horror"
5144455,tt2012665,movie,Repentance,Repentance,0,2013,\N,90,"Drama,Horror,Thriller"
5145087,tt2013293,movie,The Wind Rises,Kaze tachinu,0,2013,\N,126,"Animation,Biography,Drama"
5147314,tt2015381,movie,Guardians of the Galaxy,Guardians of the Galaxy,0,2014,\N,121,"Action,Adventure,Comedy"
5149672,tt2016303,movie,The Bricklayer,The Bricklayer,0,2023,\N,110,"Action,Thriller"
5150211,tt20168564,movie,Alienoid,Oegye+in 1bu,0,2022,\N,142,"Action,Adventure,Fantasy"
5150253,tt2016894,movie,Ek Tha Tiger,Ek Tha Tiger,0,2012,\N,132,"Action,Adventure,Drama"
5150298,tt2016940,movie,Man of Tai Chi,Man of Tai Chi,0,2013,\N,105,"Action,Drama"
5150376,tt2017020,movie,The Smurfs 2,The Smurfs 2,0,2013,\N,105,"Adventure,Animation,Comedy"
5150394,tt2017038,movie,All Is Lost,All Is Lost,0,2013,\N,106,"Action,Adventure,Drama"
5151451,tt2018086,movie,Camille Claudel 1915,Camille Claudel 1915,0,2013,\N,95,"Biography,Drama"
5153688,tt20192062,movie,Princes of the Desert,"Zodi & Tehu, frères du désert",0,2023,\N,105,"Adventure,Family"
5158444,tt2020110,movie,The Kick,The Kick,0,2011,\N,94,"Action,Comedy,Drama"
5162284,tt20215234,movie,Conclave,Conclave,0,2024,\N,120,"Drama,Thriller"
5162622,tt20215968,movie,Hit Man,Hit Man,0,2023,\N,115,"Comedy,Crime,Romance"
5165046,tt20221436,movie,Emilia Pérez,Emilia Pérez,0,2024,\N,132,"Crime,Drama,Musical"
5165372,tt20222166,movie,Spinal Tap II: The End Continues,Spinal Tap II: The End Continues,0,2025,\N,83,"Comedy,Music"
5170952,tt2023453,movie,Diary of a Wimpy Kid: Dog Days,Diary of a Wimpy Kid: Dog Days,0,2012,\N,94,"Comedy,Family"
5171085,tt20234774,movie,Wicked Little Letters,Wicked Little Letters,0,2023,\N,100,"Biography,Comedy,Crime"
5171592,tt2023587,movie,Mama,Mama,0,2013,\N,100,"Fantasy,Horror,Thriller"
5175769,tt2024432,movie,Identity Thief,Identity Thief,0,2013,\N,111,"Comedy,Crime,Drama"
5175949,tt2024469,movie,Non-Stop,Non-Stop,0,2014,\N,106,"Action,Mystery,Thriller"
5176117,tt2024506,movie,Straight A's,Straight A's,0,2013,\N,91,"Comedy,Drama,Romance"
5176320,tt2024544,movie,12 Years a Slave,12 Years a Slave,0,2013,\N,134,"Biography,Drama,History"
5177172,tt20247118,movie,Erik Stoneheart,Erik Kivisüda,0,2022,\N,105,"Adventure,Family"
5177574,tt20247888,movie,Emmanuelle,Emmanuelle,0,2024,\N,107,"Drama,Romance"
5181162,tt2025526,movie,War of the Arrows,Choi-jong-byeong-gi hwal,0,2011,\N,122,"Action,Adventure"
5181904,tt2025690,movie,The Finest Hours,The Finest Hours,0,2016,\N,117,"Action,Drama,History"
5182908,tt20258920,movie,Tin Soldier,Tin Soldier,0,2025,\N,86,"Action,Biography,Drama"
5184742,tt2027140,movie,Mood Indigo,L'écume des jours,0,2013,\N,94,"Comedy,Drama,Fantasy"
5188283,tt2030323,movie,Cu4tro,Cu4tro,0,2009,\N,86,Drama
5189533,tt20315818,movie,Ezra,Ezra,0,2023,\N,101,"Comedy,Drama"
5189815,tt20316748,movie,Twilight of the Warriors: Walled In,Jiu Long cheng zhai: Wei cheng,0,2024,\N,126,"Action,Crime,Thriller"
5191885,tt2032557,movie,The Reluctant Fundamentalist,The Reluctant Fundamentalist,0,2012,\N,130,"Drama,Thriller"
5191898,tt2032568,movie,Topos,Topos,0,2012,\N,100,Fantasy
5191902,tt2032572,movie,USS Indianapolis: Men of Courage,USS Indianapolis: Men of Courage,0,2016,\N,128,"Action,Drama,History"
5192361,tt20330434,movie,The Crime Is Mine,Mon crime,0,2023,\N,102,"Comedy,Crime,Mystery"
5193357,tt2034031,movie,Laggies,Laggies,0,2014,\N,99,"Comedy,Drama,Romance"
5193469,tt2034139,movie,The Last Exorcism Part II,The Last Exorcism: Part II,0,2013,\N,88,"Horror,Thriller"
5194102,tt2034761,movie,Journey to the Christmas Star,Reisen til julestjernen,0,2012,\N,80,"Adventure,Family,Fantasy"
5194146,tt2034800,movie,The Great Wall,The Great Wall,0,2016,\N,103,"Action,Adventure,Fantasy"
5195284,tt2035599,movie,"Pink Ribbons, Inc.","Pink Ribbons, Inc.",0,2011,\N,97,Documentary
5198917,tt2038251,movie,Bhai Log - All About Nation,Bhai Log - All About Nation,0,2011,\N,150,"Action,Crime,Drama"
5200007,tt2039338,movie,Flatliners,Flatliners,0,2017,\N,109,"Drama,Horror,Mystery"
5200062,tt2039393,movie,The Gambler,The Gambler,0,2014,\N,111,"Crime,Drama,Thriller"
5203213,tt20414834,movie,Putin,Putin,0,2025,\N,109,"Biography,Crime,Drama"
5203237,tt2041488,movie,Thunderstruck,Thunderstruck,0,2012,\N,94,"Comedy,Family,Fantasy"
5205888,tt20420400,short,Lembi Leima,Lembi Leima,0,2022,\N,\N,"Drama,Short"
5205993,tt20420612,movie,Nautanki,Nautanki,0,2022,\N,91,Drama
5205999,tt20420628,movie,Freud's Last Session,Freud's Last Session,0,2023,\N,110,Drama
5206074,tt20420790,movie,The Invisible Fight,Nähtamatu võitlus,0,2023,\N,115,"Action,Comedy"
5208671,tt2042568,movie,Inside Llewyn Davis,Inside Llewyn Davis,0,2013,\N,104,"Drama,Music"
5211722,tt2043962,movie,Twilight Portrait,Portret v sumerkakh,0,2011,\N,105,Drama
5212755,tt2044729,movie,A Glimpse Inside the Mind of Charles Swan III,A Glimpse Inside the Mind of Charles Swan III,0,2012,\N,86,Comedy
5217642,tt20465746,movie,Last Night of Amore,L'ultima notte di Amore,0,2023,\N,124,"Drama,Thriller"
5219912,tt2048824,movie,Old Fashioned,Old Fashioned,0,2014,\N,115,"Drama,Romance"
5220521,tt2049403,movie,Beetlejuice Beetlejuice,Beetlejuice Beetlejuice,0,2024,\N,105,"Comedy,Fantasy,Horror"
5225040,tt2051894,movie,Home Run,Home Run,0,2013,\N,113,"Drama,Sport"
5225222,tt2051941,movie,Men in Hope,Muzi v nadeji,0,2011,\N,115,"Comedy,Drama,Romance"
5226718,tt2053425,movie,Rust and Bone,De rouille et d'os,0,2012,\N,120,"Drama,Romance"
5226761,tt2053463,movie,Side Effects,Side Effects,0,2013,\N,106,"Crime,Drama,Mystery"
5229820,tt20561198,movie,The Promised Land,Bastarden,0,2023,\N,127,"Action,Biography,Drama"
5233104,tt2057392,movie,Eye in the Sky,Eye in the Sky,0,2015,\N,102,"Action,Drama,Thriller"
5233805,tt2058107,movie,The Railway Man,The Railway Man,0,2013,\N,116,"Biography,Drama,Romance"
5234390,tt2058673,movie,Point Break,Point Break,0,2015,\N,114,"Action,Adventure,Crime"
5234899,tt2059171,movie,13 Sins,13 Sins,0,2014,\N,93,"Horror,Thriller"
5242193,tt2062575,movie,The Precocious and Brief Life of Sabina Rivas,La vida precoz y breve de Sabina Rivas,0,2012,\N,116,"Adventure,Drama,Romance"
5242318,tt2062700,movie,Song to Song,Song to Song,0,2017,\N,129,"Drama,Music,Romance"
5243367,tt2063781,movie,Smashed,Smashed,0,2012,\N,81,Drama
5245737,tt2066051,movie,Rocketman,Rocketman,0,2019,\N,121,"Biography,Drama,Music"
5246970,tt20672356,movie,Semmelweis,Semmelweis,0,2023,\N,127,"Biography,Drama,History"
5251477,tt2070649,movie,Silenced,Do-ga-ni,0,2011,\N,125,"Crime,Drama,Thriller"
5251722,tt2070862,movie,Temptation: Confessions of a Marriage Counselor,Temptation: Confessions of a Marriage Counselor,0,2013,\N,111,"Drama,Romance,Thriller"
5252555,tt2071590,movie,Spinning Gold,Spinning Gold,0,2023,\N,137,"Biography,Drama,Music"
5253620,tt20721318,movie,Son of a Rich 2,Kholop 2,0,2024,\N,114,Comedy
5253797,tt2072164,movie,Happy Magic,Hoi sum moh fat,0,2011,\N,100,"Action,Comedy,Fantasy"
5254161,tt2072233,movie,Sleepless,Sleepless,0,2017,\N,95,"Action,Crime,Thriller"
5254676,tt20723376,movie,Christmas Karma,Christmas Karma,0,2025,\N,114,"Comedy,Drama,Family"
5263107,tt2076176,movie,My Way,Cloclo,0,2012,\N,148,"Biography,Drama,Music"
5263153,tt2076220,movie,Holy Motors,Holy Motors,0,2012,\N,115,"Drama,Fantasy"
5263183,tt2076251,movie,The Worst Week of My Life,La peggior settimana della mia vita,0,2011,\N,93,Comedy
5263234,tt2076298,movie,Ip Man 4: The Finale,Yip Man 4,0,2019,\N,107,"Action,Biography,Drama"
5265636,tt2076822,movie,Chaos Walking,Chaos Walking,0,2021,\N,109,"Action,Adventure,Drama"
5265880,tt20768712,movie,Book Club: The Next Chapter,Book Club: The Next Chapter,0,2023,\N,107,"Comedy,Romance"
5268314,tt2077833,movie,Rowdy Rathore,Rowdy Rathore,0,2012,\N,140,"Action,Comedy,Crime"
5268722,tt2077908,movie,Zarafa,Zarafa,0,2012,\N,78,"Adventure,Animation,Family"
5273520,tt2080374,movie,Steve Jobs,Steve Jobs,0,2015,\N,122,"Biography,Drama"
5274589,tt2081266,movie,The Adventures of Huck Finn,Die Abenteuer des Huck Finn,0,2012,\N,99,"Adventure,Family"
5275693,tt2082197,movie,Barfi!,Barfi!,0,2012,\N,151,"Comedy,Drama,Romance"
5276073,tt2082513,movie,Yaar Anmulle,Yaar Anmulle,0,2011,\N,142,Comedy
5277289,tt2083231,movie,Java Heat,Java Heat,0,2013,\N,104,"Action,Adventure,Crime"
5277581,tt20833394,movie,Empty,Il vuoto,0,2023,\N,112,"Comedy,Drama"
5277640,tt2083355,movie,The Best Man Holiday,The Best Man Holiday,0,2013,\N,123,"Comedy,Drama"
5277786,tt2083383,movie,Trouble with the Curve,Trouble with the Curve,0,2012,\N,111,"Drama,Romance,Sport"
5277900,tt20834114,short,El Rugido del Ruiz,El Rugido del Ruiz,0,2022,\N,\N,"Documentary,Short"
5280803,tt2084970,movie,The Imitation Game,The Imitation Game,0,2014,\N,114,"Biography,Drama,Thriller"
5280903,tt2084989,movie,Upstream Color,Upstream Color,0,2013,\N,96,"Drama,Mystery,Sci-Fi"
5281191,tt20850406,movie,Sita Ramam,Sita Ramam,0,2022,\N,163,"Action,Drama,Musical"
5282563,tt20853200,short,Berenice (Tres Videocartas),Berenice (Tres Videocartas),0,2022,\N,21,"Documentary,Short"
5290307,tt2086830,movie,The King of Pigs,Dwae-ji-ui wang,0,2011,\N,97,"Animation,Drama,Thriller"
5295946,tt20879602,movie,Maybe I Do,Maybe I Do,0,2023,\N,95,"Comedy,Romance"
5296096,tt2088003,movie,Big Game,Big Game,0,2014,\N,110,"Action,Adventure,Comedy"
5296131,tt2088012,movie,Punch,Wan-deuk-i,0,2011,\N,110,"Comedy,Drama,Family"
5298345,tt2088840,movie,Kiss of the Death,Nu Hon Than Chet,0,2008,\N,93,"Comedy,Fantasy,Romance"
5298376,tt2088871,movie,The Hijack That Went South,Kaappari,0,2013,\N,93,"Comedy,Crime,Drama"
5299805,tt2089750,movie,Nativity 2: Danger in the Manger!,Nativity 2: Danger in the Manger!,0,2012,\N,105,"Comedy,Family"
5302646,tt2091256,movie,Captain Underpants: The First Epic Movie,Captain Underpants: The First Epic Movie,0,2017,\N,89,"Action,Adventure,Animation"
5303347,tt2091473,movie,Promised Land,Promised Land,0,2012,\N,106,Drama
5303744,tt20916568,movie,The Wrath of Becky,The Wrath of Becky,0,2023,\N,84,"Action,Comedy,Thriller"
5304982,tt2091935,movie,Mr. Right,Mr. Right,0,2015,\N,95,"Action,Comedy,Crime"
5307093,tt2093991,movie,Elvis & Nixon,Elvis & Nixon,0,2016,\N,86,"Comedy,History"
5307846,tt2094766,movie,Assassin's Creed,Assassin's Creed,0,2016,\N,115,"Action,Adventure,Sci-Fi"
5307933,tt2094854,movie,Inkaar,Inkaar,0,2013,\N,125,"Drama,Romance,Thriller"
5307951,tt2094872,movie,The Easy Way Out,L'art de la fugue,0,2014,\N,98,"Comedy,Drama"
5307971,tt2094890,movie,Mother of George,Mother of George,0,2013,\N,107,Drama
5307979,tt2094898,movie,Nous York,Nous York,0,2012,\N,98,"Adventure,Comedy,Drama"
5308684,tt2095649,movie,Grace of Monaco,Grace of Monaco,0,2014,\N,103,"Biography,Drama,Romance"
5309945,tt2096672,movie,Dumb and Dumber To,Dumb and Dumber To,0,2014,\N,109,Comedy
5309947,tt2096673,movie,Inside Out,Inside Out,0,2015,\N,95,"Adventure,Animation,Comedy"
5310290,tt20969586,movie,Thunderbolts*,Thunderbolts*,0,2025,\N,127,"Action,Adventure,Crime"
5310644,tt2097245,movie,Shadow Boxing 3: The Final Round,Boy s tenyu 3. Posledniy raund,0,2011,\N,125,"Action,Crime,Drama"
5310726,tt2097307,movie,Hit and Run,Hit and Run,0,2012,\N,100,"Action,Adventure,Comedy"
5312635,tt20990442,movie,Him,Him,0,2025,\N,96,"Horror,Sport"
5314368,tt2100376,movie,23:59,23:59,0,2011,\N,78,Horror
5314401,tt2100411,movie,Bodyguard,Bodyguard,0,2012,\N,150,"Action,Comedy"
5314559,tt2100575,movie,Lost Place,Lost Place,0,2013,\N,101,"Horror,Mystery,Thriller"
5315341,tt2101341,movie,Dead Man Down,Dead Man Down,0,2013,\N,118,"Action,Adventure,Crime"
5315439,tt2101441,movie,Spring Breakers,Spring Breakers,0,2012,\N,94,"Crime,Drama,Thriller"
5315471,tt2101473,movie,The Physician,The Physician,0,2013,\N,155,"Adventure,Drama,History"
5315569,tt2101570,movie,In the Blood,In the Blood,0,2014,\N,108,"Action,Crime,Thriller"
5317813,tt21027726,video,Madrugada de Inverno,Madrugada de Inverno,0,2007,\N,15,"Mystery,Short"
5317841,tt21027780,movie,Fallen Leaves,Kuolleet lehdet,0,2023,\N,81,"Comedy,Drama,Romance"
5320018,tt2103217,movie,Maniac,Maniac,0,2012,\N,89,"Crime,Horror"
5320219,tt2103254,movie,Tammy,Tammy,0,2014,\N,97,"Comedy,Romance"
5320289,tt2103267,movie,Adore,Adoration,0,2013,\N,112,"Drama,Romance"
5320368,tt2103281,movie,Dawn of the Planet of the Apes,Dawn of the Planet of the Apes,0,2014,\N,130,"Action,Adventure,Drama"
5329281,tt2105044,movie,V/H/S,V/H/S,0,2012,\N,116,"Fantasy,Horror,Mystery"
5333310,tt21058720,movie,The Fourth Sunrise,The Fourth Sunrise,0,2022,\N,70,"Mystery,Sci-Fi"
5335261,tt2106361,movie,Into the Storm,Into the Storm,0,2014,\N,89,"Action,Adventure,Drama"
5335775,tt21064584,movie,The Iron Claw,The Iron Claw,0,2023,\N,132,"Biography,Drama,Sport"
5335863,tt2106476,movie,The Hunt,Jagten,0,2012,\N,115,Drama
5336148,tt2106537,movie,Matru Ki Bijlee Ka Mandola,Matru Ki Bijlee Ka Mandola,0,2013,\N,151,"Comedy,Drama"
5336309,tt2106575,movie,"Não Se Preocupe, Nada Vai Dar Certo","Não Se Preocupe, Nada Vai Dar Certo",0,2011,\N,99,Comedy
5337054,tt2106741,movie,The Bullet Vanishes,Xiao shi de zi dan,0,2012,\N,108,"Action,Adventure,Drama"
5337075,tt2106749,movie,The Warning,The Warning,0,2012,\N,78,"Fantasy,Horror,Mystery"
5343574,tt21080296,movie,Trinket Box,Trinket Box,0,2023,\N,103,Horror
5346856,tt21086802,movie,Omen,Augure,0,2023,\N,92,Drama
5349234,tt2109184,movie,Paranormal Activity 4,Paranormal Activity 4,0,2012,\N,88,"Horror,Mystery"
5349534,tt2109248,movie,Transformers: Age of Extinction,Transformers: Age of Extinction,0,2014,\N,165,"Action,Adventure,Comedy"
5360153,tt21113962,movie,"20,000 Species of Bees",20.000 especies de abejas,0,2023,\N,128,Drama
5360235,tt21114104,movie,A Moroccan Affair,Ocho apellidos marroquís,0,2023,\N,97,Comedy
5361998,tt2112096,movie,Absolutely Fabulous: The Movie,Absolutely Fabulous: The Movie,0,2016,\N,91,"Comedy,Crime"
5362028,tt2112124,movie,Chennai Express,Chennai Express,0,2013,\N,141,"Action,Comedy,Romance"
5362822,tt2112999,tvSpecial,Louis C.K.: Live at the Beacon Theater,Louis C.K.: Live at the Beacon Theater,0,2011,\N,63,Comedy
5363428,tt21136616,movie,The secret of Palestine,The secret of Palestine,0,2023,\N,\N,War
5363448,tt2113681,movie,The 100 Year-Old Man Who Climbed Out the Window and Disappeared,Hundraåringen som klev ut genom fönstret och försvann,0,2013,\N,114,"Adventure,Comedy"
5364156,tt21138322,movie,The Happiest Man in the World,Najsrekjniot chovek na svetot,0,2022,\N,100,Drama
5367637,tt2114504,movie,Woody Woodpecker,Woody Woodpecker,0,2017,\N,91,"Adventure,Animation,Comedy"
5379398,tt2118648,movie,Handling the Undead,Håndtering av udøde,0,2024,\N,97,"Drama,Horror,Mystery"
5380077,tt21188080,movie,Lisa Frankenstein,Lisa Frankenstein,0,2024,\N,101,"Comedy,Horror,Romance"
5381202,tt21190316,movie,A Violent Tale,A Violent Tale,0,2022,\N,95,"Crime,Drama,Thriller"
5382050,tt21191906,movie,After Death,After Death,0,2023,\N,108,Documentary
5382136,tt21192142,movie,All of Us Strangers,All of Us Strangers,0,2023,\N,105,"Drama,Romance"
5383027,tt2119439,movie,Bright Flight,Il sole dentro,0,2012,\N,105,Drama
5383537,tt2119532,movie,Hacksaw Ridge,Hacksaw Ridge,0,2016,\N,139,"Biography,Drama,History"
5383600,tt2119543,movie,The House with a Clock in Its Walls,The House with a Clock in Its Walls,0,2018,\N,105,"Comedy,Family,Fantasy"
5383799,tt2119579,movie,Z-Baw,Z-Baw,0,2012,\N,92,"Animation,Sport"
5386546,tt2120120,movie,Pixels,Pixels,0,2015,\N,105,"Action,Adventure,Comedy"
5392179,tt21212718,movie,Just Super,Helt super,0,2022,\N,76,"Animation,Family"
5401914,tt21232712,movie,The First Harvest,The First Harvest,0,2023,\N,\N,Horror
5402061,tt21232992,movie,Theater Camp,Theater Camp,0,2023,\N,92,Comedy
5403096,tt21235248,movie,Ghostbusters: Frozen Empire,Ghostbusters: Frozen Empire,0,2024,\N,115,"Adventure,Comedy,Fantasy"
5412608,tt2125435,movie,Beasts of the Southern Wild,Beasts of the Southern Wild,0,2012,\N,93,"Adventure,Drama,Fantasy"
5413462,tt2125608,movie,Searching for Sugar Man,Searching for Sugar Man,0,2012,\N,86,"Biography,Documentary,Music"
5416388,tt21261712,movie,Back to Black,Back to Black,0,2024,\N,122,"Biography,Drama,Music"
5416631,tt2126235,movie,Collide,Collide,0,2016,\N,99,"Action,Adventure,Crime"
5417127,tt2126355,movie,San Andreas,San Andreas,0,2015,\N,114,"Action,Adventure,Thriller"
5417138,tt2126357,movie,Second Act,Second Act,0,2018,\N,103,"Comedy,Drama,Romance"
5417167,tt2126362,movie,Stitches,Stitches,0,2012,\N,86,"Comedy,Fantasy,Horror"
5418930,tt21267296,movie,Hell of a Summer,Hell of a Summer,0,2023,\N,88,"Comedy,Horror,Mystery"
5421727,tt2127326,movie,Mocca: Life Keeps on Turning,Mocca: Life Keeps on Turning,0,2011,\N,80,"Documentary,Music"
5423401,tt21276958,movie,Babes,Babes,0,2024,\N,104,Comedy
5428453,tt21288456,movie,ReEmigrants,Reemigrantai,0,2022,\N,98,Comedy
5437497,tt21307994,movie,Skinamarink,Skinamarink,0,2022,\N,100,"Horror,Mystery"
5441879,tt2131698,movie,Zaytoun,Zaytoun,0,2012,\N,110,"Adventure,Drama,Thriller"
5444865,tt2132285,movie,The Bling Ring,The Bling Ring,0,2013,\N,90,"Biography,Crime,Drama"
5446098,tt21325088,short,Drummies,Drummies,0,2022,\N,13,"Documentary,Short"
5449066,tt2133234,movie,Haunted,Haunted,0,2013,\N,90,Horror
5455380,tt21348598,movie,A Real Job,Un métier sérieux,0,2023,\N,100,"Comedy,Drama"
5456813,tt21352380,movie,A Difficult Year,Une année difficile,0,2023,\N,120,Comedy
5457014,tt21352854,movie,Trifole,Trifole,0,2024,\N,101,"Adventure,Drama"
5457042,tt21352916,movie,The Bremen Town Musicians,Bremenskie muzykanty,0,2024,\N,115,"Adventure,Comedy,Family"
5464834,tt21372280,movie,Autobiography,Autobiography,0,2022,\N,115,"Drama,Mystery,Thriller"
5466310,tt21375602,movie,Love Me,Love Me,0,2024,\N,91,"Drama,Romance,Sci-Fi"
5467780,tt2137992,movie,New Perfect Two,Xin tian sheng yi dui,0,2012,\N,100,"Drama,Family"
5475401,tt21397474,short,Unseen,Unseen,0,2022,\N,14,"Drama,Horror,Short"
5476543,tt2140037,movie,Jane Got a Gun,Jane Got a Gun,0,2015,\N,98,"Action,Crime,Drama"
5477941,tt2140315,movie,Raaz 3,Raaz 3: The Third Dimension,0,2012,\N,139,"Horror,Romance,Thriller"
5478178,tt2140373,movie,Saving Mr. Banks,Saving Mr. Banks,0,2013,\N,125,"Biography,Comedy,Drama"
5478202,tt2140379,movie,Self/less,Self/less,0,2015,\N,117,"Action,Mystery,Sci-Fi"
5478262,tt21403948,movie,Rijali,Rijali,0,2020,\N,56,Drama
5478511,tt2140465,movie,Tanu Weds Manu Returns,Tanu Weds Manu Returns,0,2015,\N,128,"Comedy,Drama,Romance"
5478575,tt2140479,movie,The Accountant,The Accountant,0,2016,\N,128,"Action,Crime,Drama"
5478701,tt2140507,movie,The Current War,The Current War,0,2017,\N,102,"Biography,Drama,History"
5479127,tt2140619,movie,Two Night Stand,Two Night Stand,0,2014,\N,86,"Comedy,Romance"
5484825,tt21418328,movie,Apocalypse Unknown,Apocalypse Unknown,0,2022,\N,51,"Drama,Horror,Sci-Fi"
5485844,tt21421252,movie,The Last Grind,Emotion Is Dead,0,2023,\N,89,"Comedy,Crime,Drama"
5494362,tt21442114,movie,Valiant One,Valiant One,0,2025,\N,86,Thriller
5498202,tt21454134,movie,The Bikeriders,The Bikeriders,0,2023,\N,116,"Crime,Drama"
5498574,tt2145803,movie,Mouna Guru,Mouna Guru,0,2011,\N,153,"Action,Thriller"
5498883,tt2146128,short,Bezumnye podrazhateli,Bezumnye podrazhateli,0,2012,\N,30,"Documentary,Short"
5500920,tt21478426,movie,Life After Fighting,Life After Fighting,0,2024,\N,126,"Action,Drama,Thriller"
5509852,tt2155405,movie,Welcome Home,Velkam khom,0,2014,\N,116,Drama
5511475,tt2157186,movie,Mallu Singh,Mallu Singh,0,2012,\N,150,"Action,Comedy,Drama"
5512874,tt2158649,movie,Moy paren - angel,Moy paren - angel,0,2012,\N,97,Comedy
5518609,tt21609466,short,Made by God,Made by God,0,2022,\N,12,"Drama,Short"
5522125,tt21618932,short,Idus,Idus,0,2022,\N,10,"Comedy,Short"
5522167,tt2161906,short,Cortejo Negro,Cortejo Negro,0,2007,\N,\N,"Drama,Short"
5523555,tt21622038,short,La Cita,La Cita,0,2022,\N,20,"Short,Thriller"
5523643,tt21622270,short,Unlicensed,Unlicensed,0,2022,\N,11,"Crime,Short"
5532164,tt2165236,movie,Turning Tide,En solitaire,0,2013,\N,101,"Adventure,Drama,Sport"
5535405,tt2167202,movie,Getaway,Getaway,0,2013,\N,90,"Action,Thriller"
5536033,tt2167873,movie,Madam President,Rouva Presidentti,0,2012,\N,90,Documentary
5536983,tt2168910,movie,Cocktail,Cocktail,0,2012,\N,146,"Comedy,Drama,Romance"
5537283,tt21692408,movie,Kung Fu Panda 4,Kung Fu Panda 4,0,2024,\N,94,"Action,Adventure,Animation"
5537356,tt2169322,movie,Finding Mr. Right,Bei Jing yu shang Xi Ya Tu,0,2013,\N,121,"Comedy,Romance"
5538257,tt2170299,movie,Bad Words,Bad Words,0,2013,\N,89,"Comedy,Drama"
5538386,tt2170439,movie,Horrible Bosses 2,Horrible Bosses 2,0,2014,\N,108,"Comedy,Crime"
5538503,tt2170576,movie,Closure,Closure,0,2012,\N,72,"Comedy,Drama,Romance"
5538522,tt2170593,movie,St. Vincent,St. Vincent,0,2014,\N,102,"Comedy,Drama"
5539760,tt2171867,movie,Empire State,Empire State,0,2013,\N,94,"Crime,Thriller"
5539955,tt2172071,movie,Student of the Year,Student of the Year,0,2012,\N,146,"Comedy,Drama,Music"
5540431,tt2172584,movie,Maps to the Stars,Maps to the Stars,0,2014,\N,111,"Comedy,Drama,Mystery"
5540763,tt2172934,movie,3 Days to Kill,3 Days to Kill,0,2014,\N,117,"Action,Drama,Thriller"
5540764,tt2172935,movie,Metallica Through the Never,Metallica Through the Never,0,2013,\N,93,Music
5543808,tt21744076,movie,Heirloom: Guitar,Heirloom: Guitar,0,2023,\N,70,Documentary
5544407,tt21745356,movie,Mirciulica,Mirciulica,0,2022,\N,90,Comedy
5544983,tt21746840,short,Um Metro e Meio,Um Metro e Meio,0,2020,\N,7,Short
5546556,tt2176013,movie,Jab Tak Hai Jaan,Jab Tak Hai Jaan,0,2012,\N,176,"Drama,Romance"
5548202,tt2177771,movie,The Monuments Men,The Monuments Men,0,2014,\N,118,"Biography,Comedy,Drama"
5548819,tt2178470,movie,Yeh Jawaani Hai Deewani,Yeh Jawaani Hai Deewani,0,2013,\N,160,"Comedy,Drama,Musical"
5548851,tt2178508,movie,Son of Sardaar,Son of Sardaar,0,2012,\N,141,"Action,Comedy,Romance"
5549430,tt2179115,movie,La casa nel vento dei morti,La casa nel vento dei morti,0,2012,\N,90,"Crime,Drama,Horror"
5549431,tt2179116,movie,The Kings of Summer,The Kings of Summer,0,2013,\N,95,"Adventure,Comedy,Drama"
5549449,tt2179136,movie,American Sniper,American Sniper,0,2014,\N,133,"Action,Biography,Drama"
5551659,tt21800162,movie,There's Still Tomorrow,C'è ancora domani,0,2023,\N,118,"Comedy,Drama,History"
5553139,tt2180411,movie,Into the Woods,Into the Woods,0,2014,\N,125,"Adventure,Comedy,Drama"
5554541,tt21807222,movie,Saw X,Saw X,0,2023,\N,118,"Horror,Mystery,Thriller"
5555746,tt21810682,movie,The End We Start From,The End We Start From,0,2023,\N,102,"Drama,Thriller"
5557921,tt21815562,movie,The Alto Knights,The Alto Knights,0,2025,\N,123,"Biography,Crime,Drama"
5558814,tt2181831,movie,Shahid,Shahid,0,2012,\N,129,"Biography,Drama"
5559112,tt2181931,movie,English Vinglish,English Vinglish,0,2012,\N,134,"Comedy,Drama,Family"
5559386,tt2182001,movie,Legend No. 17,Legenda No. 17,0,2013,\N,134,"Biography,Drama,Sport"
5559441,tt2182019,movie,Ritual,Modus Anomali,0,2012,\N,87,"Drama,Horror,Mystery"
5560911,tt21823606,movie,A Real Pain,A Real Pain,0,2024,\N,90,"Comedy,Drama"
5561553,tt21825416,movie,Truth & Treason,Truth & Treason,0,2025,\N,121,"Drama,History,Thriller"
5563163,tt2182972,movie,Song One,Song One,0,2014,\N,86,"Drama,Music,Romance"
5563450,tt2183034,movie,Earth to Echo,Earth to Echo,0,2014,\N,91,"Adventure,Family,Sci-Fi"
5567009,tt21839542,movie,Super Vixens,Super Vixens,0,2020,\N,90,Action
5568409,tt2184339,movie,The Purge,The Purge,0,2013,\N,85,"Horror,Sci-Fi,Thriller"
5570215,tt21847254,movie,Letters to Santa 5,Listy do M. 5,0,2022,\N,117,"Comedy,Romance"
5578678,tt2186731,movie,Department,Department,0,2012,\N,141,"Action,Crime,Thriller"
5578729,tt21867434,movie,BlackBerry,BlackBerry,0,2023,\N,120,"Biography,Comedy,Drama"
5579525,tt2186933,movie,Luv Shuv Tey Chicken Khurana,Luv Shuv Tey Chicken Khurana,0,2012,\N,140,Comedy
5580271,tt2187114,movie,Samar,Samar,0,2013,\N,157,"Action,Adventure,Thriller"
5580388,tt2187153,movie,Thuppakki,Thuppakki,0,2012,\N,165,"Action,Crime,Musical"
5581417,tt21874690,movie,Paradise Is Burning,Paradiset brinner,0,2023,\N,108,Drama
5583007,tt2187884,movie,Escape from Tomorrow,Escape from Tomorrow,0,2013,\N,90,"Comedy,Drama,Fantasy"
5597297,tt21905744,movie,The Front Room,The Front Room,0,2024,\N,94,"Horror,Thriller"
5600106,tt21913198,movie,Super Vixens 4,Super Vixens 4,0,2022,\N,65,Action
5601444,tt2191701,movie,Grown Ups 2,Grown Ups 2,0,2013,\N,101,Comedy
5608074,tt2193215,movie,The Counselor,The Counselor,0,2013,\N,117,"Action,Adventure,Crime"
5608720,tt21934046,movie,Me contro Te - il Film: Missione Giungla,Me contro Te - il Film: Missione Giungla,0,2023,\N,73,"Family,Fantasy"
5611664,tt21941532,movie,The Teacher,The Teacher,0,2023,\N,115,"Drama,Thriller,War"
5612163,tt21942866,movie,Dream Scenario,Dream Scenario,0,2023,\N,102,"Comedy,Drama,Fantasy"
5612892,tt2194499,movie,About Time,About Time,0,2013,\N,123,"Comedy,Drama,Fantasy"
5613956,tt2194914,short,Amberes,Amberes,0,2012,\N,37,"Biography,Drama,Mystery"
5616211,tt21955520,movie,Peter Pan's Neverland Nightmare,Peter Pan's Neverland Nightmare,0,2025,\N,89,"Horror,Mystery,Thriller"
5632244,tt2199571,movie,Run All Night,Run All Night,0,2015,\N,114,"Action,Crime,Thriller"
5632724,tt2199711,movie,Vishwaroopam,Vishwaroopam,0,2013,\N,148,"Action,Thriller"
5636017,tt22004344,movie,Snack Shack,Snack Shack,0,2024,\N,112,"Comedy,Drama"
5640174,tt2201548,movie,A Teacher,A Teacher,0,2013,\N,75,"Drama,Romance"
5642992,tt22022452,movie,Inside Out 2,Inside Out 2,0,2024,\N,96,"Adventure,Animation,Comedy"
5643457,tt2202375,short,Anatomische Studie van het Hart,Anatomische Studie van het Hart,0,2009,\N,20,Short
5643721,tt22024396,movie,Malbatt: Misi Bakara,Malbatt: Misi Bakara,0,2023,\N,131,"Action,Drama,History"
5647739,tt2203308,movie,Aashiqui 2,Aashiqui 2,0,2013,\N,132,"Drama,Music,Musical"
5649016,tt22036406,movie,Kanguva,Kanguva,0,2024,\N,152,"Action,Adventure,Fantasy"
5649854,tt22038748,movie,Bai Ivan 2,Bai Ivan 2,0,2022,\N,95,"Adventure,Comedy"
5650210,tt2203939,movie,The Other Woman,The Other Woman,0,2014,\N,109,"Comedy,Romance"
5651294,tt22041854,movie,Priscilla,Priscilla,0,2023,\N,113,"Biography,Drama,Music"
5651656,tt22042944,movie,A Waste of Time,A Waste of Time,0,2022,\N,87,Comedy
5653577,tt22048180,movie,Titian. The Empire of Color,Titian. The Empire of Color,0,2022,\N,87,"Biography,Documentary"
5653696,tt22048412,movie,MaXXXine,MaXXXine,0,2024,\N,103,"Crime,Horror"
5654638,tt22050754,movie,The Strangers: Chapter 1,The Strangers: Chapter 1,0,2024,\N,91,Horror
5661254,tt22075124,movie,Colibrí,Colibrí,0,2024,\N,98,Drama
5668666,tt2209418,movie,Before Midnight,Before Midnight,0,2013,\N,109,"Drama,Romance"
5670100,tt2209764,movie,Transcendence,Transcendence,0,2014,\N,119,"Drama,Sci-Fi,Thriller"
5671370,tt2210834,movie,Jimmy P: Psychotherapy of a Plains Indian,Jimmy P: Psychotherapy of a Plains Indian,0,2013,\N,117,"Biography,Drama,Thriller"
5675603,tt2215285,movie,Madea's Witness Protection,Madea's Witness Protection,0,2012,\N,114,"Comedy,Crime,Drama"
5676056,tt2215719,movie,Katy Perry: Part of Me,Katy Perry: Part of Me,0,2012,\N,93,"Biography,Documentary,Music"
5680371,tt22173666,movie,Azrael,Azrael,0,2024,\N,86,"Action,Horror"
5682131,tt2217859,movie,Louder Than Bombs,Louder Than Bombs,0,2015,\N,109,Drama
5682652,tt22180518,movie,Disco Boy,Disco Boy,0,2023,\N,92,Drama
5690539,tt2222042,movie,Love and Monsters,Love and Monsters,0,2020,\N,109,"Action,Adventure,Comedy"
5690844,tt2222394,movie,We Are the Nobles,Nosotros los Nobles,0,2013,\N,108,Comedy
5692765,tt2223990,movie,Draft Day,Draft Day,0,2014,\N,110,"Drama,Sport"
5692805,tt2224026,movie,Home,Home,0,2015,\N,94,"Adventure,Animation,Comedy"
5693165,tt2224317,movie,Robber,Lootera,0,2013,\N,136,"Drama,Romance"
5698610,tt2226417,movie,Insidious: Chapter 2,Insidious: Chapter 2,0,2013,\N,106,"Horror,Mystery,Thriller"
5699506,tt2226597,movie,The Mountain Between Us,The Mountain Between Us,0,2017,\N,112,"Drama,Thriller"
5699883,tt2226666,movie,Jism 2,Jism 2,0,2012,\N,130,"Drama,Romance,Thriller"
5702923,tt2229208,movie,Bachelor Party,Bachelor Party,0,2012,\N,119,"Action,Crime,Thriller"
5704194,tt2229848,movie,Chashme Baddoor,Chashme Baddoor,0,2013,\N,121,"Comedy,Drama"
5705902,tt2230358,movie,Curse of Chucky,Curse of Chucky,0,2013,\N,97,"Horror,Thriller"
5706877,tt22308936,short,Más allá del viaje,Más allá del viaje,0,2022,\N,15,"Drama,Short"
5707873,tt2231253,movie,Wild Card,Wild Card,0,2015,\N,92,"Action,Crime,Drama"
5708047,tt2231461,movie,Rampage,Rampage,0,2018,\N,107,"Action,Adventure,Sci-Fi"
5708070,tt2231489,movie,Saint Seiya: Legend of Sanctuary,Seinto Seiya: Rejendo Obu Sankuchuari,0,2014,\N,93,"Action,Animation,Fantasy"
5708084,tt2231505,movie,Seven Seas Pirates,"Selkirk, el verdadero Robinson Crusoe",0,2012,\N,80,"Adventure,Animation,Family"
5712674,tt2234155,movie,The Internship,The Internship,0,2013,\N,119,Comedy
5713555,tt2235108,movie,Dear White People,Dear White People,0,2014,\N,108,"Comedy,Drama,Romance"
5714352,tt2235779,movie,The Quiet Ones,The Quiet Ones,0,2014,\N,98,"Horror,Mystery,Thriller"
5716693,tt22375054,movie,Strange Darling,Strange Darling,0,2023,\N,97,"Horror,Thriller"
5717627,tt2238032,movie,Skiptrace,Jue di tao wang,0,2016,\N,107,"Action,Adventure,Comedy"
5719439,tt22394702,movie,Detective Knight: Independence,Detective Knight: Independence,0,2023,\N,91,"Action,Crime,Mystery"
5720028,tt2239822,movie,Valerian and the City of a Thousand Planets,Valerian and the City of a Thousand Planets,0,2017,\N,136,"Action,Adventure,Animation"
5720058,tt2239832,movie,Think Like a Man Too,Think Like a Man Too,0,2014,\N,106,"Comedy,Romance"
5720169,tt2239866,movie,Tiktik: The Aswang Chronicles,Tiktik: The Aswang Chronicles,0,2012,\N,102,"Action,Comedy,Crime"
5722884,tt22408160,movie,Kinds of Kindness,Kinds of Kindness,0,2024,\N,164,"Comedy,Drama,Horror"
5724194,tt2241351,movie,Money Monster,Money Monster,0,2016,\N,98,"Action,Crime,Drama"
5725961,tt2243275,movie,The Wild Adventures of El Santos,El Santos vs la Tetona Mendoza,0,2012,\N,96,"Action,Animation,Comedy"
5726066,tt2243389,movie,I'm So Excited!,Los amantes pasajeros,0,2013,\N,90,"Comedy,Musical"
5726208,tt2243537,movie,A Haunted House,A Haunted House,0,2013,\N,86,"Comedy,Fantasy,Horror"
5726323,tt2243621,movie,The Snow Queen,Snezhnaya koroleva,0,2012,\N,80,"Adventure,Animation,Family"
5726350,tt2243629,movie,The Thought Exchange,The Thought Exchange,0,2012,\N,92,Documentary
5727664,tt2243900,movie,Trouble Is My Business,Trouble Is My Business,0,2018,\N,116,"Action,Adventure,Crime"
5729500,tt2244376,movie,Bwakaw,Bwakaw,0,2012,\N,110,Drama
5729779,tt22444570,movie,Ponniyin Selvan: Part Two,Ponniyin Selvan: Part Two,0,2023,\N,164,"Action,Adventure,Drama"
5731231,tt2244901,movie,I Give It a Year,I Give It a Year,0,2013,\N,97,"Comedy,Romance"
5731478,tt2245084,movie,Big Hero 6,Big Hero 6,0,2014,\N,102,"Action,Adventure,Animation"
5736537,tt2246724,movie,Ghanchakkar,Ghanchakkar,0,2013,\N,137,"Comedy,Crime,Thriller"
5739062,tt22474470,movie,Duran Duran: A Hollywood High,Duran Duran: A Hollywood High,0,2022,\N,72,"Documentary,Music"
5739156,tt2247476,movie,When the Game Stands Tall,When the Game Stands Tall,0,2014,\N,115,"Biography,Drama,Family"
5739848,tt2247692,movie,2016: Obama's America,2016: Obama's America,0,2012,\N,87,Documentary
5743075,tt22487480,movie,Judas,Judas,0,2022,\N,106,Drama
5743164,tt22487726,short,Kibble,Kibble,0,2022,\N,8,"Horror,Mystery,Short"
5744169,tt2249081,movie,The Forgiven,The Forgiven,0,2017,\N,115,"Drama,Thriller"
5748186,tt2250134,movie,Saranae Hao Peng,Saranae Hao Peng,0,2009,\N,90,Comedy
5750514,tt2250912,movie,Spider-Man: Homecoming,Spider-Man: Homecoming,0,2017,\N,133,"Action,Adventure,Sci-Fi"
5758137,tt22543326,movie,Maaveeran,Maaveeran,0,2023,\N,163,"Action,Comedy,Drama"
5759863,tt2255934,movie,Aiyyaa,Aiyyaa,0,2012,\N,152,"Comedy,Romance"
5759973,tt2256055,movie,Witchboard,Witchboard,0,2024,\N,112,"Drama,Horror,Mystery"
5762022,tt2258337,movie,Eega,Eega,0,2012,\N,145,"Action,Comedy,Drama"
5762234,tt2258583,movie,Sevenes,Sevenes,0,2011,\N,147,"Action,Crime,Drama"
5765005,tt2261287,movie,Leap!,Ballerina,0,2016,\N,89,"Adventure,Animation,Comedy"
5765058,tt2261331,movie,Black Sea,Black Sea,0,2014,\N,114,"Adventure,Drama,Thriller"
5765553,tt2261749,movie,The Gilded Cage,La cage dorée,0,2013,\N,90,"Comedy,Drama"
5766082,tt2262227,movie,The Book of Life,The Book of Life,0,2014,\N,95,"Adventure,Animation,Comedy"
5771297,tt2265171,movie,The Raid 2,Serbuan maut 2: Berandal,0,2014,\N,150,"Action,Crime,Thriller"
5773899,tt2267968,movie,Kung Fu Panda 3,Kung Fu Panda 3,0,2016,\N,95,"Action,Adventure,Animation"
5773928,tt2267998,movie,Gone Girl,Gone Girl,0,2014,\N,149,"Drama,Mystery,Thriller"
5773944,tt2268016,movie,Magic Mike XXL,Magic Mike XXL,0,2015,\N,115,"Comedy,Drama,Music"
5774407,tt2268458,movie,These Final Hours,These Final Hours,0,2013,\N,87,"Drama,Sci-Fi,Thriller"
5774886,tt22687790,movie,A Haunting in Venice,A Haunting in Venice,0,2023,\N,103,"Crime,Drama,Horror"
5783024,tt22742964,movie,Marry My Dead Body,Guan yu wo han gui bian cheng jia ren de na jian shi,0,2022,\N,130,"Action,Comedy,Crime"
5783061,tt22743064,movie,Yaariyan 2,Yaariyan 2,0,2023,\N,148,"Comedy,Drama,Musical"
5783612,tt2274648,movie,Hellboy,Hellboy,0,2019,\N,120,"Action,Adventure,Fantasy"
5786674,tt2275471,movie,A Perfect Man,A Perfect Man,0,2013,\N,95,"Drama,Romance"
5787478,tt2275743,movie,"Berlin, I Love You","Berlin, I Love You",0,2019,\N,120,"Comedy,Drama,Romance"
5789191,tt2276778,movie,Serial Teachers,Les profs,0,2013,\N,88,Comedy
5790475,tt22771994,movie,"KKN di Desa Penari: Luwih Dowo, Luwih Medeni","KKN di Desa Penari: Luwih Dowo, Luwih Medeni",0,2022,\N,175,"Horror,Mystery,Thriller"
5792924,tt2277860,movie,Finding Dory,Finding Dory,0,2016,\N,97,"Adventure,Animation,Comedy"
5795112,tt2278388,movie,The Grand Budapest Hotel,The Grand Budapest Hotel,0,2014,\N,99,"Comedy,Drama"
5796029,tt2278871,movie,Blue Is the Warmest Colour,La vie d'Adèle,0,2013,\N,180,"Drama,Romance"
5796603,tt2279339,movie,Love the Coopers,Love the Coopers,0,2015,\N,107,"Comedy,Fantasy,Romance"
5796638,tt2279373,movie,The SpongeBob Movie: Sponge Out of Water,The SpongeBob Movie: Sponge Out of Water,0,2015,\N,92,"Adventure,Animation,Comedy"
5797914,tt22796872,short,Disco de Ruídos Afônicos,Disco de Ruídos Afônicos,0,2022,\N,22,Short
5803170,tt22813112,movie,Noryang: Deadly Sea,Noryang: Jugeumui Bada,0,2023,\N,152,"Action,Biography,History"
5804116,tt2281587,movie,Muppets Most Wanted,Muppets Most Wanted,0,2014,\N,107,"Adventure,Comedy,Crime"
5807234,tt2283336,movie,Men in Black: International,Men in Black: International,0,2019,\N,114,"Action,Adventure,Comedy"
5807259,tt2283362,movie,Jumanji: Welcome to the Jungle,Jumanji: Welcome to the Jungle,0,2017,\N,119,"Action,Adventure,Comedy"
5807654,tt2283748,movie,OMG: Oh My God!,OMG: Oh My God!,0,2012,\N,125,"Comedy,Drama,Fantasy"
5807790,tt2283916,short,Olivia's Cross,Olivia's Cross,0,2012,\N,15,"Drama,Short"
5809293,tt22853514,movie,Maamu Tension Nahi Lene Ka,Maamu Tension Nahi Lene Ka,0,2009,\N,\N,Comedy
5812544,tt22866358,movie,The Book of Clarence,The Book of Clarence,0,2023,\N,129,"Adventure,Comedy,Drama"
5816933,tt2288044,movie,300 Worte Deutsch,300 Worte Deutsch,0,2013,\N,90,"Comedy,Drama"
5817001,tt2288121,movie,That still Karlosson!,Tot eshchyo Karloson!,0,2012,\N,80,"Comedy,Family,Fantasy"
5823283,tt22898462,movie,The Conjuring: Last Rites,The Conjuring: Last Rites,0,2025,\N,135,"Horror,Mystery,Thriller"
5826896,tt2292959,movie,The Canyons,The Canyons,0,2013,\N,99,"Drama,Thriller"
5827638,tt2293640,movie,Minions,Minions,0,2015,\N,91,"Adventure,Animation,Comedy"
5830512,tt2294449,movie,22 Jump Street,22 Jump Street,0,2014,\N,112,"Action,Comedy,Crime"
5830702,tt2294629,movie,Frozen,Frozen,0,2013,\N,102,"Adventure,Animation,Comedy"
5830753,tt2294677,movie,In a World...,In a World...,0,2013,\N,93,Comedy
5831272,tt2295196,movie,Hunting Elephants,Latzud Pilim,0,2013,\N,107,"Comedy,Crime,Drama"
5831780,tt2295722,movie,Falcon Rising,Falcon Rising,0,2014,\N,103,"Action,Adventure"
5833058,tt2296777,movie,Sherlock Gnomes,Sherlock Gnomes,0,2018,\N,86,"Adventure,Animation,Comedy"
5834964,tt2298224,movie,Holy Ghost People,Holy Ghost People,0,2013,\N,88,"Drama,Thriller"
5837989,tt22990502,movie,Lie of the Land,Lie of the Land,0,2023,\N,80,"Horror,Thriller"
5838847,tt2299842,movie,Pieta,Pieta,0,2012,\N,103,"Crime,Drama,Thriller"
5840037,tt2300975,movie,Jessabelle,Jessabelle,0,2014,\N,90,"Drama,Horror,Mystery"
5840215,tt2301155,movie,Shootout at Wadala,Shootout at Wadala,0,2013,\N,155,"Action,Biography,Crime"
5840707,tt2301592,movie,The Dance of Reality,La danza de la realidad,0,2013,\N,133,"Biography,Drama,Fantasy"
5844199,tt2302755,movie,Olympus Has Fallen,Olympus Has Fallen,0,2013,\N,119,"Action,Thriller"
5845668,tt23031564,movie,Why? Endhuku?,Why? Endhuku?,0,2022,\N,113,Thriller
5849331,tt2304517,video,Bikini Spring Break,Bikini Spring Break,0,2012,\N,87,Comedy
5849453,tt2304655,movie,Gabbar Singh,Gabbar Singh,0,2012,\N,153,"Action,Comedy"
5849562,tt2304771,movie,Mandela: Long Walk to Freedom,Mandela: Long Walk to Freedom,0,2013,\N,141,"Biography,Drama,History"
5849728,tt23049206,movie,Just the Two of Us,L'amour et les forêts,0,2023,\N,105,"Drama,Thriller"
5849773,tt2304933,movie,The 5th Wave,The 5th Wave,0,2016,\N,112,"Action,Adventure,Sci-Fi"
5850145,tt2305051,movie,Wild,Wild,0,2014,\N,115,"Adventure,Biography,Drama"
5852256,tt23055660,movie,Nickel Boys,Nickel Boys,0,2024,\N,140,Drama
5853895,tt23060698,movie,Clown in a Cornfield,Clown in a Cornfield,0,2025,\N,96,"Horror,Mystery,Thriller"
5858268,tt2309220,movie,Greatest Hits,Los mejores temas,0,2012,\N,103,Drama
5858304,tt2309260,movie,The Gallows,The Gallows,0,2015,\N,81,"Horror,Mystery,Thriller"
5858807,tt2309764,movie,Singham Returns,Singham Returns,0,2014,\N,142,"Action,Crime,Drama"
5859007,tt2309961,movie,Afflicted,Afflicted,0,2013,\N,85,"Horror,Mystery,Sci-Fi"
5859040,tt2309987,movie,Hate Story,Hate Story,0,2012,\N,140,"Drama,Thriller"
5859419,tt2310332,movie,The Hobbit: The Battle of the Five Armies,The Hobbit: The Battle of the Five Armies,0,2014,\N,144,"Adventure,Fantasy"
5862478,tt2312718,movie,Homefront,Homefront,0,2013,\N,100,"Action,Crime,Thriller"
5865993,tt23136186,movie,Sewu Dino,Sewu Dino,0,2023,\N,121,"Horror,Thriller"
5866619,tt23137390,movie,Immaculate,Immaculate,0,2024,\N,89,"Horror,Thriller"
5867587,tt23139544,movie,The Grooks II,The Grooks II,0,2022,\N,87,Comedy
5870918,tt23148392,short,Dancing on the Grave,Dancing on the Grave,0,2022,\N,19,"Comedy,Short"
5871347,tt23149780,movie,Eden,Eden,0,2024,\N,129,"Adventure,Drama,History"
5874331,tt2316204,movie,Alien: Covenant,Alien: Covenant,0,2017,\N,122,"Horror,Sci-Fi,Thriller"
5874664,tt2316548,movie,Beautiful Disaster,Beautiful Disaster,0,2023,\N,96,"Comedy,Drama,Romance"
5874974,tt2316801,movie,Beauty and the Beast,La belle et la bête,0,2014,\N,112,"Drama,Family,Fantasy"
5875421,tt2317225,movie,The Machine,The Machine,0,2013,\N,91,"Action,Drama,Sci-Fi"
5875632,tt23173980,movie,Darkness of Man,Darkness of Man,0,2024,\N,109,"Action,Crime,Thriller"
5875947,tt2317744,movie,My Friend Bernard,Backkom-eui Mug-jan Yeo-haeng,0,2007,\N,76,"Adventure,Animation,Comedy"
5875996,tt23177868,movie,Mummies,Mummies,0,2023,\N,88,"Adventure,Animation,Comedy"
5876537,tt2318092,movie,Endless Love,Endless Love,0,2014,\N,104,"Drama,Mystery,Romance"
5877545,tt2318405,movie,White Tiger,Belyy tigr,0,2012,\N,104,"Action,Adventure,Fantasy"
5878928,tt2318717,movie,The Pink Wall,The Pink Wall,0,2010,\N,75,Documentary
5879799,tt2319580,movie,The Grand Seduction,The Grand Seduction,0,2013,\N,113,Comedy
5881610,tt2321405,movie,My Life as a Zucchini,Ma vie de Courgette,0,2016,\N,70,"Animation,Comedy,Drama"
5881733,tt2321513,movie,Shikshanachya Aaicha Gho,Shikshanachya Aaicha Gho,0,2010,\N,103,"Comedy,Drama"
5881743,tt2321517,movie,The Spy,Shpion,0,2012,\N,108,"Action,Drama,Thriller"
5881781,tt2321541,movie,Svidanie,Svidanie,0,2012,\N,84,Comedy
5881790,tt2321549,movie,The Babadook,The Babadook,0,2014,\N,94,"Drama,Horror,Mystery"
5881899,tt2321658,short,Time for Action,Time for Action,0,2001,\N,7,"Documentary,Short"
5883345,tt2322316,movie,Until Sbornia Takes Us Apart,Até que a Sbórnia nos Separe,0,2013,\N,93,"Animation,Comedy,Music"
5883455,tt2322441,movie,Fifty Shades of Grey,Fifty Shades of Grey,0,2015,\N,125,"Drama,Romance,Thriller"
5886577,tt2325589,movie,Chithiram Pesuthadi,Chithiram Pesuthadi,0,2006,\N,148,"Drama,Romance,Thriller"
5887012,tt2325977,movie,Strangerland,Strangerland,0,2015,\N,112,"Drama,Mystery,Thriller"
5887625,tt2326554,movie,A Girl Walks Home Alone at Night,A Girl Walks Home Alone at Night,0,2014,\N,101,"Drama,Horror,Romance"
5889765,tt2328549,movie,Dark Touch,Dark Touch,0,2013,\N,90,Horror
5889894,tt2328678,movie,The King's Daughter,The King's Daughter,0,2022,\N,98,"Action,Adventure,Family"
5890041,tt2328813,movie,Hard to Be a God,Trudno byt bogom,0,2013,\N,177,"Drama,Sci-Fi"
5890140,tt2328900,movie,Mary Queen of Scots,Mary Queen of Scots,0,2018,\N,124,"Biography,Drama,History"
5890158,tt23289160,movie,Godzilla Minus One,Gojira Mainasu Wan,0,2023,\N,124,"Action,Adventure,Drama"
5892176,tt2331066,movie,The Horde,Orda,0,2012,\N,129,"Biography,Drama,History"
5894662,tt2332563,movie,Buona giornata!,Buona giornata!,0,2012,\N,131,Comedy
5896557,tt23330554,movie,Winnie-the-Pooh: Blood and Honey 2,Winnie-the-Pooh: Blood and Honey II,0,2024,\N,93,"Horror,Mystery,Thriller"
5897801,tt23333866,short,Sons and Heirs,Sons and Heirs,0,2022,\N,39,"Crime,Short"
5898549,tt2333784,movie,The Expendables 3,The Expendables 3,0,2014,\N,126,"Action,Adventure,Comedy"
5898568,tt2333804,movie,The Zero Theorem,The Zero Theorem,0,2013,\N,107,"Comedy,Drama,Fantasy"
5899483,tt2334649,movie,Fruitvale Station,Fruitvale Station,0,2013,\N,85,"Biography,Crime,Drama"
5899576,tt2334733,movie,Madame Bovary,Madame Bovary,0,2014,\N,118,"Drama,Romance"
5899711,tt2334871,movie,Snatched,Snatched,0,2017,\N,90,"Action,Adventure,Comedy"
5899714,tt2334873,movie,Blue Jasmine,Blue Jasmine,0,2013,\N,98,"Comedy,Drama,Romance"
5899721,tt2334879,movie,White House Down,White House Down,0,2013,\N,131,"Action,Drama,Thriller"
5902518,tt2337650,movie,Soft Bullets,Soft Bullets,0,2014,\N,90,"Action,Crime,Drama"
5902979,tt2338151,movie,PK,PK,0,2014,\N,153,"Comedy,Drama,Musical"
5905751,tt2339741,movie,The Woman in Black 2: Angel of Death,The Woman in Black 2: Angel of Death,0,2014,\N,98,"Drama,Horror,Thriller"
5906045,tt23398348,movie,Rule Breakers,Rule Breakers,0,2025,\N,120,Drama
5910643,tt2343793,movie,Third Person,Third Person,0,2013,\N,137,"Drama,Romance"
5911515,tt2344678,movie,Himmatwala,Himmatwala,0,2013,\N,150,"Action,Comedy,Drama"
5911655,tt2344824,movie,Friday,Friday,0,2012,\N,117,Family
5911937,tt2345112,movie,Parkland,Parkland,0,2013,\N,93,"Drama,History,Mystery"
5912452,tt2345561,movie,Grandmaster,Grandmaster,0,2012,\N,100,"Action,Crime,Drama"
5913129,tt2345737,movie,The Rover,The Rover,0,2014,\N,103,"Action,Crime,Drama"
5913194,tt2345759,movie,The Mummy,The Mummy,0,2017,\N,110,"Action,Adventure,Fantasy"
5916531,tt23468450,movie,Longlegs,Longlegs,0,2024,\N,101,"Crime,Horror,Mystery"
5918093,tt2347285,movie,The Best Christmas Pageant Ever,The Best Christmas Pageant Ever,0,2024,\N,99,"Adventure,Comedy,Drama"
5919007,tt2347497,movie,Silent Night,Silent Night,0,2012,\N,94,"Comedy,Horror,Mystery"
5919541,tt23476446,movie,Daaaaaali!,Daaaaaalí!,0,2023,\N,77,"Comedy,Drama"
5921725,tt2349144,movie,Mississippi Grind,Mississippi Grind,0,2015,\N,108,"Comedy,Drama"
5922165,tt2349630,movie,Whatever God Wants,Whatever God Wants,0,2010,\N,100,"Comedy,Family"
5922973,tt2350496,movie,The Lunchbox,The Lunchbox,0,2013,\N,104,"Drama,Romance"
5926142,tt23538910,movie,Jawanum Mullappoovum,Jawanum Mullappoovum,0,2023,\N,135,Drama
5926790,tt2354571,movie,Y... ¿Quién mató al mayordomo?,Y... ¿Quién mató al mayordomo?,0,2012,\N,\N,"Comedy,Crime"
5929619,tt2355495,movie,Barefoot,Barefoot,0,2014,\N,90,"Comedy,Drama,Romance"
5930574,tt2355765,movie,Ordinary,Ordinary,0,2012,\N,150,"Comedy,Drama,Musical"
5930689,tt2355791,movie,Polladhavan,Polladhavan,0,2007,\N,150,"Action,Crime,Drama"
5930796,tt23558280,movie,Elevation,Elevation,0,2024,\N,91,"Action,Horror,Mystery"
5931680,tt23561236,movie,American Fiction,American Fiction,0,2023,\N,117,"Comedy,Drama"
5931737,tt2356180,movie,Bhaag Milkha Bhaag,Bhaag Milkha Bhaag,0,2013,\N,186,"Biography,Drama,Sport"
5932676,tt2357129,movie,Jobs,Jobs,0,2013,\N,128,"Biography,Drama"
5932920,tt23572848,movie,The SpongeBob Movie: Search for SquarePants,The SpongeBob Movie: Search for SquarePants,0,2025,\N,88,"Adventure,Animation,Comedy"
5932945,tt2357291,movie,Rio 2,Rio 2,0,2014,\N,101,"Adventure,Animation,Comedy"
5933325,tt2357377,movie,The Berlin File,Bereullin,0,2013,\N,120,"Action,Thriller"
5934669,tt2357926,movie,Ramaiya Vastavaiya,Ramaiya Vastavaiya,0,2013,\N,148,"Action,Comedy,Drama"
5934829,tt2358092,tvMovie,Hot Naked Sex & the City,Hot Naked Sex & the City,0,2011,\N,78,Comedy
5935433,tt2358592,movie,Lucia,Lucia,0,2013,\N,135,"Drama,Sci-Fi,Thriller"
5935790,tt2358891,movie,The Great Beauty,La grande bellezza,0,2013,\N,141,Drama
5935833,tt2358925,movie,Unfinished Business,Unfinished Business,0,2015,\N,91,"Comedy,Drama"
5935964,tt2359024,movie,Blue Ruin,Blue Ruin,0,2013,\N,90,"Crime,Drama,Thriller"
5936816,tt2359810,movie,Raanjhanaa,Raanjhanaa,0,2013,\N,140,"Drama,Romance"
5938234,tt2361317,movie,Live by Night,Live by Night,0,2016,\N,129,"Action,Crime,Drama"
5938427,tt2361509,movie,The Intern,The Intern,0,2015,\N,121,"Comedy,Drama"
5939015,tt23621682,movie,Bambi: The Reckoning,Bambi: The Reckoning,0,2025,\N,80,"Horror,Thriller"
5941135,tt2363047,movie,22 Female Kottayam,22 Female Kottayam,0,2012,\N,120,"Drama,Thriller"
5941981,tt2363213,movie,Ragnarok,Gåten Ragnarok,0,2013,\N,100,"Adventure,Fantasy"
5942418,tt23633062,short,Nas Entranhas de Nicolópolis,Nas Entranhas de Nicolópolis,0,2022,\N,18,"Comedy,Short"
5943085,tt2363471,movie,The Summit,The Summit,0,2012,\N,95,Documentary
5944833,tt23638614,movie,Unsung Hero,Unsung Hero,0,2024,\N,113,"Biography,Drama,Family"
5948258,tt2364841,movie,Runner Runner,Runner Runner,0,2013,\N,88,"Crime,Mystery,Thriller"
5951433,tt2366608,movie,Lost River,Lost River,0,2014,\N,95,"Drama,Fantasy,Mystery"
5954206,tt2368619,movie,The Take,Bastille Day,0,2016,\N,92,"Action,Adventure,Crime"
5954258,tt2368672,movie,Minuscule: Valley of the Lost Ants,Minuscule: La vallée des fourmis perdues,0,2013,\N,89,"Action,Adventure,Animation"
5954734,tt2369135,movie,Need for Speed,Need for Speed,0,2014,\N,132,"Action,Crime,Drama"
5955784,tt2370244,movie,Action,Action,0,2013,\N,146,Comedy
5955788,tt2370248,movie,Short Term 12,Short Term 12,0,2013,\N,96,Drama
5957565,tt2371287,movie,Camp,Camp,0,2013,\N,109,Drama
5957822,tt2371399,movie,Moomins on the Riviera,Muumit Rivieralla,0,2014,\N,80,"Animation,Comedy,Family"
5957959,tt2371486,movie,A Company Man,Hoi-sa-won,0,2012,\N,96,"Action,Crime,Drama"
5959072,tt2372222,movie,Kick,Kick,0,2014,\N,146,"Action,Comedy,Crime"
5959466,tt23723194,movie,The 166 Minutes of Madness,The 166 Minutes of Madness,0,2022,\N,166,Horror
5960555,tt2372678,movie,2 States,2 States,0,2014,\N,149,"Comedy,Drama,Romance"
5963756,tt23735840,short,Garay,Garay,0,2022,\N,27,"Documentary,Short"
5970386,tt2375574,movie,A Field in England,A Field in England,0,2013,\N,90,"Drama,History,Horror"
5970412,tt2375605,movie,The Act of Killing,The Act of Killing,0,2012,\N,117,"Biography,Crime,Documentary"
5973051,tt23770030,movie,Memoir of a Snail,Memoir of a Snail,0,2024,\N,95,"Animation,Drama"
5974070,tt2377322,movie,Deliver Us from Evil,Deliver Us from Evil,0,2014,\N,118,"Crime,Horror,Mystery"
5976184,tt23778280,short,The Neverending Thought,The Neverending Thought,0,2022,\N,6,"Drama,Short"
5976409,tt23778968,movie,Thelma,Thelma,0,2024,\N,98,"Action,Comedy"
5976573,tt2377938,movie,Special 26,Special Chabbis,0,2013,\N,144,"Crime,Drama,History"
5977534,tt2378281,movie,Instructions Not Included,No se aceptan devoluciones,0,2013,\N,122,"Comedy,Drama"
5978604,tt2378507,movie,The Glass Castle,The Glass Castle,0,2017,\N,127,"Biography,Drama"
5980143,tt23789874,movie,Guest from the Future,Sto let tomu vperyod,0,2024,\N,141,"Adventure,Family,Sci-Fi"
5980449,tt23790924,movie,Vincent Must Die,Vincent doit mourir,0,2023,\N,108,"Drama,Fantasy,Thriller"
5981540,tt2379318,movie,Bright Days Ahead,Les beaux jours,0,2013,\N,94,"Drama,Romance"
5982090,tt2379713,movie,Spectre,Spectre,0,2015,\N,148,"Action,Adventure,Thriller"
5982836,tt2380207,movie,Stockholm,Stockholm,0,2013,\N,90,"Drama,Romance"
5983123,tt2380307,movie,Coco,Coco,0,2017,\N,105,"Adventure,Animation,Drama"
5983532,tt23804696,movie,HIT: The 3rd Case,HIT: The 3rd Case,0,2025,\N,154,"Action,Crime,Thriller"
5985913,tt2381111,movie,Brooklyn,Brooklyn,0,2015,\N,117,"Drama,Romance"
5986292,tt2381249,movie,Mission: Impossible - Rogue Nation,Mission: Impossible - Rogue Nation,0,2015,\N,131,"Action,Adventure,Thriller"
5986359,tt2381275,movie,Posle zhizni,Posle zhizni,0,2008,\N,85,Drama
5987167,tt2381941,movie,Focus,Focus,0,2015,\N,105,"Comedy,Crime,Drama"
5987215,tt2381991,movie,The Huntsman: Winter's War,The Huntsman: Winter's War,0,2016,\N,114,"Action,Adventure,Drama"
5987230,tt2382009,movie,Nymphomaniac: Vol. II,Nymphomaniac: Vol. II,0,2013,\N,124,Drama
5987527,tt2382320,movie,No Time to Die,No Time to Die,0,2021,\N,163,"Action,Adventure,Thriller"
5987592,tt2382396,movie,Joe,Joe,0,2013,\N,117,"Crime,Drama,Thriller"
5989680,tt2383068,movie,The Sacrament,The Sacrament,0,2013,\N,99,"Horror,Thriller"
5993388,tt2384022,movie,Crazy Bitches,Crazy Bitches,0,2014,\N,100,"Comedy,Horror"
5996106,tt23847450,movie,C.R.E.A.M.,C.R.E.A.M.,0,\N,\N,80,Drama
5996761,tt23849204,movie,12th Fail,12th Fail,0,2023,\N,147,"Biography,Drama"
5997680,tt2385104,movie,D-Day,D-Day,0,2013,\N,153,"Action,Thriller"
5998704,tt23853982,movie,Parthenope,Parthenope,0,2024,\N,137,"Drama,Fantasy"
6001399,tt23861264,movie,Prince of the Crimson Void,Prince of the Crimson Void,0,2022,\N,58,Horror
6002096,tt2386321,movie,The Dealers,The Dealers,0,2012,\N,101,Comedy
6002148,tt2386342,movie,Anjaneya,Anjaneya,0,2003,\N,168,"Action,Crime,Drama"
6002230,tt2386377,movie,Zama Zama,Zama Zama,0,2012,\N,104,Action
6002588,tt2386490,movie,How to Train Your Dragon: The Hidden World,How to Train Your Dragon: The Hidden World,0,2019,\N,104,"Action,Adventure,Animation"
6002628,tt2386502,movie,A Long Way Off,A Long Way Off,0,2014,\N,105,"Drama,Family,Romance"
6005608,tt2387408,movie,The Damned,Gallows Hill,0,2013,\N,87,"Horror,Mystery,Thriller"
6005675,tt2387433,movie,Dark Skies,Dark Skies,0,2013,\N,97,"Horror,Sci-Fi,Thriller"
6005823,tt2387499,movie,Keeping Up with the Joneses,Keeping Up with the Joneses,0,2016,\N,105,"Action,Comedy"
6005957,tt23875550,movie,UI,UI,0,2024,\N,135,"Action,Sci-Fi"
6005968,tt2387559,movie,Delivery Man,Delivery Man,0,2013,\N,105,"Comedy,Drama"
6006731,tt2388212,movie,Animal Channel,Animal Channel,0,2009,\N,75,Animation
6007122,tt2388637,movie,Ain't Them Bodies Saints,Ain't Them Bodies Saints,0,2013,\N,96,"Crime,Drama,Romance"
6007198,tt2388715,movie,Oculus,Oculus,0,2013,\N,104,"Horror,Mystery,Thriller"
6007800,tt2389344,movie,The Mistress,The Mistress,0,2012,\N,125,"Drama,Romance"
6010357,tt2390283,movie,The Journey Home,Midnight Sun,0,2014,\N,98,"Adventure,Drama,Family"
6012652,tt2391817,movie,Ee Rojullo,Ee Rojullo,0,2012,\N,129,"Comedy,Romance"
6013869,tt2392830,movie,A Quiet Passion,A Quiet Passion,0,2016,\N,125,"Biography,Drama,Romance"
6017712,tt2395421,movie,The Priest's Children,Svecenikova djeca,0,2013,\N,96,"Comedy,Drama"
6017717,tt2395427,movie,Avengers: Age of Ultron,Avengers: Age of Ultron,0,2015,\N,141,"Action,Adventure,Sci-Fi"
6017758,tt2395469,movie,Gully Boy,Gully Boy,0,2019,\N,154,"Drama,Music,Romance"
6018791,tt2396566,movie,20 Feet from Stardom,Twenty Feet from Stardom,0,2013,\N,91,"Biography,Documentary,History"
6019637,tt2397461,movie,Clifford the Big Red Dog,Clifford the Big Red Dog,0,2021,\N,96,"Adventure,Comedy,Family"
6019720,tt2397535,movie,Predestination,Predestination,0,2014,\N,97,"Action,Drama,Sci-Fi"
6020613,tt2398143,movie,Colosio,Colosio: El asesinato,0,2012,\N,100,Thriller
6020620,tt2398149,movie,An Officer and a Spy,J'accuse,0,2019,\N,132,"Drama,History,Thriller"
6020727,tt2398231,movie,The Homesman,The Homesman,0,2014,\N,122,"Drama,Western"
6020743,tt2398241,movie,Smurfs: The Lost Village,Smurfs: The Lost Village,0,2017,\N,90,"Adventure,Animation,Comedy"
6020933,tt2398340,movie,Tadakha,Tadakha,0,2013,\N,147,Action
6022059,tt23985812,short,The calf (Goosale),The calf (Goosale),0,2022,\N,15,"Drama,Short"
6024925,tt2400463,movie,The Invitation,The Invitation,0,2015,\N,100,"Drama,Horror,Mystery"
6025523,tt2401097,movie,Tracers,Tracers,0,2015,\N,94,"Action,Crime,Drama"
6026171,tt24015876,short,Indestrutível,Indestrutível,0,2022,\N,18,"Drama,Short"
6027065,tt24017902,movie,Carousel,Karusell,0,2023,\N,93,Horror
6027143,tt2401807,movie,Rage,Tokarev,0,2014,\N,92,"Action,Thriller"
6027440,tt2401878,movie,Anomalisa,Anomalisa,0,2015,\N,90,"Animation,Comedy,Drama"
6028147,tt2402101,movie,Dark Places,Dark Places,0,2015,\N,113,"Crime,Drama,Mystery"
6028156,tt2402105,movie,Dom Hemingway,Dom Hemingway,0,2013,\N,93,"Comedy,Crime,Drama"
6028299,tt2402157,movie,The November Man,The November Man,0,2014,\N,108,"Action,Adventure,Crime"
6029299,tt2402927,movie,Carol,Carol,0,2015,\N,118,"Drama,Romance"
6029392,tt2403021,movie,The Green Inferno,The Green Inferno,0,2013,\N,100,"Adventure,Horror"
6029803,tt2403439,movie,The Canterville Ghost,The Canterville Ghost,0,2023,\N,89,"Animation,Comedy,Family"
6030489,tt2404181,movie,Belle,Belle,0,2013,\N,100,"Biography,Drama,Romance"
6030534,tt2404233,movie,Gods of Egypt,Gods of Egypt,0,2016,\N,127,"Action,Adventure,Drama"
6030606,tt2404311,movie,The Family,The Family,0,2013,\N,111,"Comedy,Crime,Thriller"
6030706,tt2404425,movie,Woman in Gold,Woman in Gold,0,2015,\N,109,"Biography,Drama,History"
6030714,tt2404435,movie,The Magnificent Seven,The Magnificent Seven,0,2016,\N,132,"Action,Adventure,Drama"
6030737,tt2404461,movie,The Past,Le passé,0,2013,\N,130,"Drama,Mystery"
6030739,tt2404463,movie,The Heat,The Heat,0,2013,\N,117,"Action,Comedy,Crime"
6031603,tt24053750,movie,Jeff Panacloc: In Pursuit of Jean-Marc,Jeff Panacloc : À la poursuite de Jean-Marc,0,2023,\N,90,"Adventure,Comedy"
6032299,tt2405564,movie,Edward Lee's the Bighead,Edward Lee's the Bighead,0,2013,\N,\N,Horror
6034247,tt2406566,movie,Atomic Blonde,Atomic Blonde,0,2017,\N,115,"Action,Thriller"
6034279,tt2406636,movie,Bhoot Returns,Bhoot Returns,0,2012,\N,85,"Horror,Mystery,Thriller"
6034296,tt2406676,movie,Ek Thi Daayan,Ek Thi Daayan,0,2013,\N,135,"Horror,Romance,Thriller"
6037716,tt2407826,movie,Husbands in Goa,Husbands in Goa,0,2012,\N,140,Comedy
6038529,tt2408134,movie,V8 - Du willst der Beste sein,V8 - Du willst der Beste sein,0,2013,\N,106,"Action,Adventure,Family"
6040209,tt2408790,movie,Ocho,Ocho,0,2011,\N,85,Horror
6040710,tt2409818,movie,Open Windows,Open Windows,0,2014,\N,100,"Crime,Mystery,Thriller"
6040947,tt2410266,movie,Zhazhda,Zhazhda,0,2013,\N,102,"Drama,War"
6041398,tt2411144,movie,The Queen of Spain,La reina de España,0,2016,\N,128,"Comedy,Drama"
6043752,tt2414166,movie,Led Zeppelin: Celebration Day,Led Zeppelin: Celebration Day,0,2012,\N,124,"Documentary,Music"
6045560,tt2416376,movie,Swim Little Fish Swim,Swim Little Fish Swim,0,2013,\N,95,"Comedy,Drama,Music"
6047354,tt24176060,movie,Queer,Queer,0,2024,\N,137,"Biography,Drama,History"
6048412,tt2418328,movie,A Blessing in Disguise,Tofigh-e Ejbari,0,2007,\N,91,Comedy
6049944,tt2420124,movie,Wendy,Wendy,0,2020,\N,111,"Drama,Fantasy,Thriller"
6051468,tt24216998,movie,Humanist Vampire Seeking Consenting Suicidal Person,Vampire humaniste cherche suicidaire consentant,0,2023,\N,90,"Comedy,Drama,Fantasy"
6051877,tt24218164,movie,Finist: The First Warrior,Finist. Pervyy bogatyr,0,2025,\N,112,"Adventure,Family,Fantasy"
6051881,tt24218194,movie,The Wizard of the Emerald City,Volshebnik Izumrudnogo goroda. Doroga iz zhyoltogo kirpicha,0,2025,\N,120,"Adventure,Family,Fantasy"
6054665,tt24225212,movie,Mechamato Movie,Mechamato Movie,0,2022,\N,116,"Action,Adventure,Animation"
6060137,tt2424988,movie,Gabbar Is Back,Gabbar Is Back,0,2015,\N,128,"Action,Crime,Drama"
6060972,tt2425542,movie,7 Años de Matrimonio,7 Años de Matrimonio,0,2013,\N,100,"Comedy,Romance"
6062685,tt2429144,movie,Chambaili,Chambaili,0,2013,\N,133,"Crime,Drama,Thriller"
6064288,tt2431286,movie,Philomena,Philomena,0,2013,\N,98,"Biography,Comedy,Drama"
6068673,tt2436386,movie,Project Almanac,Project Almanac,0,2015,\N,106,"Drama,Mystery,Sci-Fi"
6068761,tt2436516,movie,Go Goa Gone,Go Goa Gone,0,2013,\N,111,"Action,Adventure,Comedy"
6068889,tt2436682,movie,The Duel,The Duel,0,2016,\N,110,"Drama,Western"
6070017,tt2438644,movie,Department Q: The Keeper of Lost Causes,Kvinden i buret,0,2013,\N,96,"Crime,Drama,Mystery"
6070850,tt2440354,movie,Naayak,Naayak,0,2013,\N,153,"Action,Comedy,Drama"
6070990,tt24406494,movie,Nazanin,Nazanin,0,2013,\N,\N,Drama
6071690,tt2441982,movie,The Visitors: Bastille Day,Les visiteurs: La révolution,0,2016,\N,110,"Comedy,Fantasy"
6072924,tt2444514,short,Driftwood,Driftwood,0,2012,\N,12,"Drama,Short,Sport"
6073719,tt2446042,movie,Taken 3,Taken 3,0,2014,\N,108,"Action,Crime,Thriller"
6074141,tt2446980,movie,Joy,Joy,0,2015,\N,124,"Biography,Drama"
6078618,tt24516518,movie,Vaalvi,Vaalvi,0,2023,\N,106,"Comedy,Drama,Thriller"
6078959,tt24517830,movie,Bad Newz,Bad Newz,0,2024,\N,142,"Comedy,Romance"
6078973,tt24517886,short,Lemon man vs the Multiverse,Lemon man vs the Multiverse,0,2023,\N,19,"Action,Animation,Sci-Fi"
6079202,tt2452042,movie,The Peanuts Movie,The Peanuts Movie,0,2015,\N,88,"Adventure,Animation,Comedy"
6079246,tt2452150,movie,Respect,Respect,0,2021,\N,145,"Biography,Drama,Music"
6079266,tt2452200,movie,Son of a Gun,Son of a Gun,0,2014,\N,108,"Action,Crime,Drama"
6079285,tt2452244,movie,Isn't It Romantic,Isn't It Romantic,0,2019,\N,89,"Comedy,Fantasy,Musical"
6079288,tt2452254,movie,Clouds of Sils Maria,Clouds of Sils Maria,0,2014,\N,124,Drama
6081982,tt2456720,movie,Tutto tutto niente niente,Tutto tutto niente niente,0,2012,\N,96,Comedy
6082338,tt2457382,movie,Dafan,Dafan,0,2001,\N,92,Horror
6082765,tt24577462,movie,Afraid,AfrAId,0,2024,\N,84,"Horror,Mystery,Sci-Fi"
6084011,tt24581070,movie,Coast Guard Malaysia: Ops Helang,Coast Guard Malaysia: Ops Helang,0,2023,\N,83,"Action,Adventure,Crime"
6084436,tt2458948,movie,Evangelion: 3.0+1.01 Thrice Upon a Time,Shin Evangerion Gekijô-ban: Shûshisen,0,2021,\N,155,"Action,Animation,Drama"
6084471,tt2459022,movie,Lost in Thailand,Ren zai jiong tu: Tai jiong,0,2012,\N,105,"Adventure,Comedy,Drama"
6085075,tt2460506,movie,Mi America,Mi America,0,2015,\N,90,"Crime,Drama"
6085383,tt2461150,movie,Masterminds,Masterminds,0,2016,\N,95,"Biography,Comedy,Crime"
6086383,tt2463288,movie,Walk of Shame,Walk of Shame,0,2014,\N,95,Comedy
6087454,tt2463692,movie,When I Was Alive,Quando Eu Era Vivo,0,2014,\N,108,"Drama,Horror,Musical"
6088730,tt2464018,movie,My Mom Is a Character,Minha Mãe é uma Peça: O Filme,0,2013,\N,84,Comedy
6089384,tt2465140,movie,The Single Moms Club,The Single Moms Club,0,2014,\N,111,"Comedy,Drama"
6089387,tt2465146,movie,And So It Goes,And So It Goes,0,2014,\N,94,"Comedy,Drama,Romance"
6089790,tt2465578,movie,Human Capital,Il capitale umano,0,2013,\N,111,"Crime,Drama"
6092117,tt2466864,short,Poetry Betwixt Friendship,Poetry Betwixt Friendship,0,2012,\N,9,"Action,Comedy,Romance"
6092917,tt2467046,movie,Left Behind,Left Behind,0,2014,\N,110,"Action,Fantasy,Sci-Fi"
6095346,tt2471640,movie,The Mountain,Dag,0,2012,\N,90,"Adventure,Drama,Thriller"
6095752,tt2472432,movie,Regret!,Spijt!,0,2013,\N,95,"Drama,Family,Music"
6096282,tt2473510,movie,Paranormal Activity: The Ghost Dimension,Paranormal Activity: The Ghost Dimension,0,2015,\N,88,"Horror,Mystery"
6096321,tt2473602,movie,Get on Up,Get on Up,0,2014,\N,139,"Biography,Drama,Music"
6096352,tt2473682,movie,Paranormal Activity: The Marked Ones,Paranormal Activity: The Marked Ones,0,2014,\N,84,"Horror,Mystery"
6096514,tt2474024,movie,The Last Five Years,The Last Five Years,0,2014,\N,94,"Comedy,Drama,Musical"
6098414,tt2476154,movie,Grand Masti,Grand Masti,0,2013,\N,137,Comedy
6104418,tt2483516,movie,Housos vs. Authority,Housos vs. Authority,0,2012,\N,103,Comedy
6105187,tt24850476,movie,Les Vénus Enchaînées,Les Vénus Enchaînées,0,2023,\N,52,Documentary
6106220,tt24855974,short,The Therapy,The Therapy,0,2022,\N,3,"Short,Thriller"
6107521,tt24871974,movie,Subservience,Subservience,0,2024,\N,106,"Sci-Fi,Thriller"
6108129,tt2488496,movie,Star Wars: Episode VII - The Force Awakens,Star Wars: Episode VII - The Force Awakens,0,2015,\N,138,"Action,Adventure,Sci-Fi"
6108204,tt2488666,movie,Malibu Horror Story,Malibu Horror Story,0,2023,\N,83,"Horror,Thriller"
6111250,tt2493486,movie,Last Knights,Last Knights,0,2015,\N,115,"Action,Drama"
6111785,tt2494362,movie,Bone Tomahawk,Bone Tomahawk,0,2015,\N,132,"Drama,Horror,Western"
6111796,tt2494384,movie,Aloft,Aloft,0,2014,\N,112,Drama
6112776,tt24950660,movie,Eternity,Eternity,0,2025,\N,114,"Comedy,Drama,Fantasy"
6112838,tt2495104,movie,Parts Per Billion,Parts Per Billion,0,2014,\N,98,"Drama,Romance,Sci-Fi"
6119345,tt2503154,movie,The Den,The Den,0,2013,\N,76,"Horror,Mystery,Thriller"
6119961,tt2503944,movie,Burnt,Burnt,0,2015,\N,101,"Comedy,Drama"
6123282,tt25054796,tvMovie,Zodiac Crush,Zodiac Crush,0,2022,\N,90,"Comedy,Reality-TV,Romance"
6125003,tt2509428,movie,The Green Marker Scare,The Green Marker Scare,0,2012,\N,70,Animation
6125595,tt2510894,movie,Hotel Transylvania 2,Hotel Transylvania 2,0,2015,\N,89,"Adventure,Animation,Comedy"
6125912,tt2511670,movie,Jealousy,La Jalousie,0,2013,\N,77,Drama
6126459,tt2513074,movie,Billy Lynn's Long Halftime Walk,Billy Lynn's Long Halftime Walk,0,2016,\N,113,"Action,Drama,Sport"
6129587,tt2515030,movie,Escobar: Paradise Lost,Escobar: Paradise Lost,0,2014,\N,120,"Crime,Drama,History"
6129592,tt2515034,movie,The Gunman,The Gunman,0,2015,\N,115,"Action,Crime,Mystery"
6129747,tt2515086,movie,One Direction: This Is Us,One Direction: This Is Us,0,2013,\N,92,"Documentary,Music"
6134322,tt2519078,movie,Morelos,Morelos,0,2012,\N,105,History
6135403,tt2520926,movie,Vitriol,Vitriol,0,2012,\N,80,Mystery
6136876,tt2523600,movie,Long Live Freedom,Viva la libertà,0,2013,\N,94,"Comedy,Drama"
6137980,tt2525596,movie,Ah Boys to Men,Ah Boys to Men,0,2012,\N,110,Comedy
6138553,tt2526660,movie,Rigodon,Rigodon,0,2012,\N,85,Drama
6139026,tt2527336,movie,Star Wars: Episode VIII - The Last Jedi,Star Wars: Episode VIII - The Last Jedi,0,2017,\N,152,"Action,Adventure,Fantasy"
6139034,tt2527338,movie,Star Wars: Episode IX - The Rise of Skywalker,Star Wars: Episode IX - The Rise of Skywalker,0,2019,\N,141,"Action,Adventure,Fantasy"
6140476,tt2528814,movie,God's Not Dead,God's Not Dead,0,2014,\N,113,"Drama,Romance"
6142631,tt2531318,movie,The Beatles: Eight Days a Week - The Touring Years,The Beatles: Eight Days a Week - The Touring Years,0,2016,\N,106,"Documentary,History,Music"
6142646,tt2531344,movie,Blockers,Blockers,0,2018,\N,102,"Comedy,Drama"
6144938,tt2535470,movie,Wyrmwood: Road of the Dead,Wyrmwood,0,2014,\N,98,"Action,Comedy,Horror"
6146951,tt25377462,movie,A Guilty Conscience,Duk sit dai jong,0,2023,\N,135,"Comedy,Crime,Drama"
6160685,tt2543164,movie,Arrival,Arrival,0,2016,\N,116,"Drama,Mystery,Sci-Fi"
6160998,tt25433734,movie,Hi Nanna,Hi Nanna,0,2023,\N,155,"Drama,Family,Romance"
6161213,tt2543472,movie,Wonder,Wonder,0,2017,\N,113,"Drama,Family"
6161247,tt25434854,movie,Deep Sea,Shen hai,0,2023,\N,112,"Adventure,Animation,Drama"
6165268,tt2547584,movie,The Light Between Oceans,The Light Between Oceans,0,2016,\N,133,"Drama,Romance"
6165497,tt2548096,movie,The Queen,The Queen,0,2012,\N,104,"Action,Drama,War"
6167936,tt2550838,movie,The Worst Christmas of My Life,Il peggior Natale della mia vita,0,2012,\N,86,Comedy
6168260,tt2551378,movie,Bullett Raja,Bullett Raja,0,2013,\N,138,"Action,Crime,Drama"
6169900,tt2554274,movie,Crimson Peak,Crimson Peak,0,2015,\N,119,"Drama,Horror,Mystery"
6170614,tt2555736,movie,The Second Best Exotic Marigold Hotel,The Second Best Exotic Marigold Hotel,0,2015,\N,122,"Comedy,Drama,Romance"
6170727,tt2555958,movie,Arrambam,Arrambam,0,2013,\N,157,"Action,Drama,Mystery"
6171365,tt2557256,movie,Iceman,Gap tung kei hap,0,2014,\N,104,"Action,Comedy,Fantasy"
6171459,tt2557478,movie,Pacific Rim: Uprising,Pacific Rim: Uprising,0,2018,\N,111,"Action,Adventure,Sci-Fi"
6171467,tt2557490,movie,A Million Ways to Die in the West,A Million Ways to Die in the West,0,2014,\N,116,"Comedy,Western"
6171638,tt2557868,movie,Greatbug,Kuiba,0,2011,\N,90,"Adventure,Animation,Drama"
6171727,tt2558022,movie,Bunker of the Dead,Bunker of the Dead,0,2015,\N,76,"Action,Comedy,Horror"
6174582,tt2561572,movie,Get Hard,Get Hard,0,2015,\N,100,"Comedy,Crime,Drama"
6175613,tt2562232,movie,Birdman or (The Unexpected Virtue of Ignorance),Birdman or (The Unexpected Virtue of Ignorance),0,2014,\N,119,"Comedy,Drama"
6177625,tt2564144,movie,Naduvula Konjam Pakkatha Kaanom,Naduvula Konjam Pakkatha Kaanom,0,2012,\N,155,"Comedy,Drama"
6178220,tt25650046,movie,Making Of,Making Of,0,2023,\N,114,"Comedy,Drama"
6179446,tt2567026,movie,Alice Through the Looking Glass,Alice Through the Looking Glass,0,2016,\N,113,"Adventure,Family,Fantasy"
6179599,tt2567370,movie,Chapters,Chapters,0,2012,\N,107,Drama
6180272,tt2568862,movie,Going in Style,Going in Style,0,2017,\N,96,"Comedy,Crime"
6181750,tt2572160,movie,Bingo,Bingo,0,2013,\N,87,Comedy
6182288,tt2572764,movie,Sokrovishcha O.K.,Sokrovishcha O.K.,0,2013,\N,110,"Adventure,Comedy"
6184771,tt25750836,movie,Hounds,Les meutes,0,2023,\N,94,"Crime,Drama,Thriller"
6186263,tt2576852,movie,The Tale of The Princess Kaguya,Kaguya-hime no monogatari,0,2013,\N,137,"Animation,Drama,Family"
6188759,tt2580150,movie,Hawa Bodol,Hawa Bodol,0,2013,\N,136,Comedy
6189002,tt2580520,movie,La despedida,La despedida,0,2010,\N,\N,Comedy
6189775,tt25808194,movie,Project Silence,Talchul: Project Silence,0,2023,\N,101,"Action,Horror,Sci-Fi"
6191333,tt2581244,movie,Life After Beth,Life After Beth,0,2014,\N,89,"Comedy,Fantasy,Horror"
6193749,tt2582500,movie,Shut In,Shut In,0,2016,\N,91,"Drama,Horror,Mystery"
6193875,tt2582782,movie,Hell or High Water,Hell or High Water,0,2016,\N,102,"Crime,Drama,Thriller"
6193888,tt2582802,movie,Whiplash,Whiplash,0,2014,\N,106,"Drama,Music"
6193931,tt2582846,movie,The Fault in Our Stars,The Fault in Our Stars,0,2014,\N,126,"Drama,Romance"
6195193,tt2584384,movie,Jojo Rabbit,Jojo Rabbit,0,2019,\N,108,"Comedy,Drama,War"
6195745,tt2585562,movie,Pizza,Pizza,0,2012,\N,127,"Horror,Mystery,Thriller"
6195887,tt2585840,movie,12 mesyatsev,12 mesyatsev,0,2013,\N,100,Comedy
6196015,tt2586118,movie,The Ardennes,D'Ardennen,0,2015,\N,96,"Crime,Drama,Thriller"
6197321,tt2587914,movie,A Matter of Faith,A Matter of Faith,0,2014,\N,89,Drama
6200040,tt2592500,movie,"Mommies, Happy New Year!","S Novym godom, mamy!",0,2012,\N,90,"Comedy,Drama"
6200090,tt2592614,movie,Resident Evil: The Final Chapter,Resident Evil: The Final Chapter,0,2016,\N,107,"Action,Horror,Sci-Fi"
6206028,tt2599716,movie,Police Story: Lockdown,Jing cha gu shi 2013,0,2013,\N,110,"Action,Crime,Drama"
6209348,tt2603600,movie,Voiceless,Voiceless,0,2015,\N,107,Thriller
6210021,tt26047818,movie,Anyone But You,Anyone But You,0,2023,\N,103,"Comedy,Romance"
6210391,tt2605454,movie,Kharej ala el kanoun,Kharej ala el kanoun,0,2007,\N,113,"Crime,Drama"
6213924,tt2609050,movie,Rock Oo! Rimba Bara Kembali,Rock Oo! Rimba Bara Kembali,0,2013,\N,92,"Comedy,Drama,Music"
6213997,tt2609222,movie,The French Minister,Quai d'Orsay,0,2013,\N,113,Comedy
6214256,tt2609758,movie,A Madea Christmas,A Madea Christmas,0,2013,\N,100,"Comedy,Drama,Romance"
6214501,tt2610276,tvMovie,Cop de rock,Cop de rock,0,2013,\N,150,Musical
6215372,tt2612156,movie,The Angrez,The Angrez,0,2005,\N,110,Comedy
6216562,tt2614684,movie,'71,'71,0,2014,\N,99,"Action,Crime,Drama"
6217233,tt2615742,movie,I'm Still Here,I'm Still Here,0,2009,\N,128,"Action,Crime,Drama"
6217289,tt2615814,movie,Noir,Noir,0,2008,\N,94,"Action,Crime,Drama"
6217841,tt2616620,movie,Kranthiveera Sangolli Rayanna,Kranthiveera Sangolli Rayanna,0,2012,\N,180,"Action,Drama,History"
6220441,tt2620590,movie,Leatherface,Leatherface,0,2017,\N,90,"Crime,Drama,Horror"
6224291,tt26229118,short,Across the Blue Line,Across the Blue Line,0,\N,\N,\N,"Crime,Short"
6224466,tt26229612,movie,The Diplomat,The Diplomat,0,2025,\N,130,"Drama,Thriller"
6225646,tt26233598,movie,Raayan,Raayan,0,2024,\N,145,"Action,Crime,Drama"
6227420,tt26237514,movie,Bonhoeffer: Pastor. Spy. Assassin.,Bonhoeffer: Pastor. Spy. Assassin.,0,2024,\N,133,"Biography,Drama,History"
6227867,tt26238710,movie,Sketch,Sketch,0,2024,\N,93,"Adventure,Comedy,Family"
6233679,tt26255020,movie,Consent,Le consentement,0,2023,\N,119,"Biography,Drama"
6234095,tt26256406,movie,Banel & Adama,Banel e Adama,0,2023,\N,87,Drama
6234906,tt26259708,short,The Game of Kings,The Game of Kings,0,2023,\N,10,"Comedy,Short"
6235288,tt2626350,movie,Step Up All In,Step Up All In,0,2014,\N,112,"Drama,Music,Romance"
6236163,tt2627434,movie,The Real Chainsaw Massacre,The Real Chainsaw Massacre,0,2003,\N,48,"Crime,Documentary,History"
6238371,tt2630526,movie,The Giant King,Yak,0,2012,\N,103,"Animation,Comedy,Family"
6238764,tt2631186,movie,Baahubali: The Beginning,Bãhubali: The Beginning,0,2015,\N,159,"Action,Drama"
6243408,tt26342131,movie,"Food, Inc. 2","Food, Inc. 2",0,2023,\N,94,"Documentary,News"
6243817,tt26342662,movie,M3GAN 2.0,M3GAN 2.0,0,2025,\N,120,"Action,Sci-Fi,Thriller"
6243972,tt26342863,movie,Rosalie,Rosalie,0,2023,\N,115,"Drama,History"
6244361,tt26343545,short,Served Red and Rare,Encontro Marcado com a Morte,0,2023,\N,\N,"Horror,Short"
6250074,tt2635622,movie,The Attacks of 26/11,The Attacks of 26/11,0,2013,\N,116,"Action,Crime,Drama"
6250924,tt2637276,movie,Ted 2,Ted 2,0,2015,\N,115,Comedy
6250930,tt2637294,movie,Hot Tub Time Machine 2,Hot Tub Time Machine 2,0,2015,\N,93,"Comedy,Mystery,Sci-Fi"
6251605,tt2638144,movie,Ben-Hur,Ben-Hur,0,2016,\N,123,"Action,Adventure,Drama"
6251971,tt2638480,movie,Yvy Maraey,Yvy Maraey,0,2013,\N,107,Drama
6253735,tt2640474,movie,The House at the End of Time,La casa del fin de los tiempos,0,2013,\N,101,"Drama,Fantasy,Horror"
6255675,tt26421447,movie,Antim Sanskar: The Last Ritual,Antim Sanskar: The Last Ritual,0,2023,\N,125,"Crime,Drama,Mystery"
6260834,tt2643308,movie,Kicking Off,Okolofutbola,0,2013,\N,100,Drama
6261956,tt26439764,movie,Kantara: A Legend - Chapter 1,Kantara: A Legend - Chapter 1,0,2025,\N,165,"Action,Drama,Fantasy"
6261977,tt26439870,movie,Azaad,Azaad,0,2025,\N,147,"Adventure,Drama"
6264457,tt26443597,movie,Zootopia 2,Zootopia 2,0,2025,\N,108,"Action,Adventure,Animation"
6265637,tt26445483,movie,Fukrey 3,Fukrey 3,0,2023,\N,147,"Comedy,Crime,Drama"
6265988,tt26446278,movie,The Count of Monte-Cristo,Le Comte de Monte-Cristo,0,2024,\N,178,"Action,Adventure,Drama"
6267447,tt26448350,movie,Dogs at the Opera,Velikolepnaya pyaterka,0,2023,\N,75,"Adventure,Animation,Comedy"
6276759,tt26473516,movie,Vong Nhi,Vong Nhi,0,2023,\N,118,"Drama,Horror,Thriller"
6279815,tt2649128,movie,Metro,Metro,0,2013,\N,133,"Action,Drama,Thriller"
6280450,tt26492302,short,Solitud de Cristo,Solitud de Cristo,0,2020,\N,\N,"Documentary,Short"
6281304,tt2649554,movie,Midnight Special,Midnight Special,0,2016,\N,112,"Drama,Mystery,Sci-Fi"
6283290,tt2652092,movie,The Good Lie,The Good Lie,0,2014,\N,110,"Biography,Drama"
6283328,tt2652118,movie,"Crouching Tiger, Hidden Dragon: Sword of Destiny",Wo hu cang long: Qing ming bao jian,0,2016,\N,96,"Action,Adventure,Drama"
6284426,tt26537298,movie,Letuchiy korabl,Letuchiy korabl,0,2024,\N,100,"Adventure,Comedy,Family"
6284805,tt2653882,movie,"Hetalia: Axis Powers - Paint It, White!","Ginmaku Hetalia Axis Powers: Paint It, White!",0,2010,\N,61,"Adventure,Animation,Comedy"
6286839,tt2654480,movie,Balupu,Balupu,0,2013,\N,145,"Action,Comedy"
6287806,tt26546715,movie,The Duel,The Duel,0,2023,\N,100,"Comedy,Drama"
6290573,tt2656454,short,Womb,Womb,0,2013,\N,9,"Horror,Short"
6290716,tt2656588,movie,Buzzard,Buzzard,0,2014,\N,97,"Comedy,Drama"
6291791,tt26581740,movie,Weapons,Weapons,0,2025,\N,128,"Horror,Mystery"
6291963,tt26584495,movie,Companion,Companion,0,2025,\N,97,"Sci-Fi,Thriller"
6295403,tt26597666,movie,Juliet & Romeo,Juliet & Romeo,0,2025,\N,122,"Drama,Musical,Romance"
6297323,tt2660888,movie,Star Trek Beyond,Star Trek Beyond,0,2016,\N,122,"Action,Adventure,Sci-Fi"
6300265,tt26625693,movie,The Order,The Order,0,2024,\N,116,"Crime,Drama,Thriller"
6304025,tt2664108,movie,Yes&Yes,Da i Da,0,2014,\N,115,Drama
6304752,tt2664880,movie,Dark Woods II,Villmark 2,0,2015,\N,93,Horror
6306834,tt26655820,short,Taekwondo: The Champions,Taekwondo: The Champions,0,2023,\N,25,"Action,Documentary,Short"
6307292,tt26656556,movie,Niki,Niki,0,2024,\N,98,"Biography,Drama"
6307518,tt26656821,movie,Boléro,Bolero,0,2024,\N,120,"Biography,Drama,Music"
6308401,tt26658104,movie,Imaginary,Imaginary,0,2024,\N,104,"Horror,Mystery,Thriller"
6308946,tt26659406,movie,Birth of a Savage,Birth of a Savage,0,\N,\N,\N,"Action,Drama"
6311184,tt26670820,movie,Interrogated,Interrogated,0,2023,\N,60,"Comedy,Drama"
6311695,tt26671996,movie,Locked,Locked,0,2025,\N,95,Thriller
6315965,tt2667960,movie,Miss Julie,Miss Julie,0,2014,\N,129,"Drama,Romance"
6316886,tt2668134,movie,Harlock: Space Pirate,Kyaputen Hârokku,0,2013,\N,115,"Action,Adventure,Animation"
6319072,tt26684398,movie,Spy x Family Code: White,Gekijôban Supai Famirî Kôdo: Howaito,0,2023,\N,110,"Action,Animation,Comedy"
6325169,tt26693652,movie,Invalid,Invalid,0,2023,\N,112,Comedy
6328947,tt26699529,movie,Marguerite's Theorem,Le théorème de Marguerite,0,2023,\N,113,"Comedy,Drama,Mystery"
6331051,tt2671706,movie,Fences,Fences,0,2016,\N,139,Drama
6331137,tt2671776,movie,F.C. De Kampioenen: Kampioen zijn blijft plezant,F.C. De Kampioenen: Kampioen zijn blijft plezant,0,2013,\N,120,Comedy
6331271,tt26720001,movie,Stitch Head,Stitch Head,0,2025,\N,92,"Animation,Comedy,Family"
6331828,tt26729484,movie,Stab 3: Holiday Horror,Stab 3: Holiday Horror,0,2023,\N,\N,Horror
6332084,tt26731216,movie,The Forge,The Forge,0,2024,\N,124,"Drama,Family"
6334990,tt26736843,movie,The Watchers,The Watchers,0,2024,\N,102,"Fantasy,Horror,Mystery"
6335656,tt2673854,movie,Midget Zombie Takeover,Midget Zombie Takeover,0,2013,\N,73,"Comedy,Horror"
6338202,tt26743210,movie,How to Train Your Dragon,How to Train Your Dragon,0,2025,\N,125,"Action,Adventure,Comedy"
6338305,tt26743414,movie,Monsieur Aznavour,Monsieur Aznavour,0,2024,\N,133,"Biography,Drama,Music"
6338619,tt2674426,movie,Me Before You,Me Before You,0,2016,\N,110,"Drama,Romance"
6341791,tt26749945,movie,Rahsia,Rahsia,0,2023,\N,90,"Drama,Horror,Mystery"
6343734,tt26753003,movie,Trap,Trap,0,2024,\N,105,"Crime,Horror,Mystery"
6346858,tt26757462,movie,Hellboy: The Crooked Man,Hellboy: The Crooked Man,0,2024,\N,99,"Action,Adventure,Fantasy"
6356483,tt26773537,movie,Didi & Friends the Movie,Didi & Friends the Movie,0,2023,\N,104,"Adventure,Animation,Comedy"
6359157,tt26783625,movie,Bone Lake,Bone Lake,0,2024,\N,94,"Horror,Thriller"
6360191,tt2678948,movie,Jilla,Jilla,0,2014,\N,185,"Action,Crime,Drama"
6360231,tt2679042,movie,Hitman: Agent 47,Hitman: Agent 47,0,2015,\N,96,"Action,Adventure,Crime"
6373226,tt2690138,movie,The D Train,The D Train,0,2015,\N,101,"Comedy,Drama"
6374014,tt26902481,movie,El Vaquero,El Vaquero,0,2024,\N,93,"Drama,Western"
6374399,tt26903104,movie,Saripodhaa Sanivaaram,Saripodhaa Sanivaaram,0,2024,\N,166,"Action,Crime,Drama"
6378433,tt26915336,movie,Mars Express,Mars Express,0,2023,\N,88,"Action,Animation,Mystery"
6381323,tt2692250,movie,Night at the Museum: Secret of the Tomb,Night at the Museum: Secret of the Tomb,0,2014,\N,98,"Adventure,Comedy,Family"
6383291,tt26927452,movie,Hurry Up Tomorrow,Hurry Up Tomorrow,0,2025,\N,105,Thriller
6383976,tt26928684,movie,Summer Camp,Summer Camp,0,2024,\N,95,Comedy
6384123,tt2692904,movie,Locke,Locke,0,2013,\N,85,Drama
6385447,tt26932223,movie,Bhool Bhulaiyaa 3,Bhool Bhulaiyaa 3,0,2024,\N,158,"Comedy,Fantasy,Horror"
6387738,tt26936666,movie,Vettaiyan,Vettaiyan,0,2024,\N,163,"Action,Crime,Drama"
6392789,tt2699290,movie,Jabardasth,Jabardasth,0,2013,\N,153,Comedy
6394447,tt26999897,short,Mar Doce,Mar Doce,0,2022,\N,10,"Horror,Short"
6400839,tt2702724,movie,The Boss,The Boss,0,2016,\N,99,Comedy
6409470,tt2704998,movie,Game Night,Game Night,0,2018,\N,100,"Action,Adventure,Comedy"
6409587,tt27050277,movie,The Courier,El correo,0,2024,\N,101,"Action,Adventure,Crime"
6412632,tt27056012,movie,Khel Khel Mein,Khel Khel Mein,0,2024,\N,135,"Comedy,Drama"
6417958,tt2707858,movie,Yves Saint Laurent,Yves Saint Laurent,0,2014,\N,106,"Biography,Drama"
6420788,tt2709692,movie,The Grinch,The Grinch,0,2018,\N,85,"Animation,Comedy,Family"
6420880,tt27097230,movie,Manduka,Manduka,0,\N,\N,104,"Crime,Mystery,Thriller"
6420942,tt2709768,movie,The Secret Life of Pets,The Secret Life of Pets,0,2016,\N,86,"Adventure,Animation,Comedy"
6426313,tt27118357,movie,Amaran,Amaran,0,2024,\N,167,"Action,Biography,Drama"
6427621,tt27122601,short,Saavdhan,Saavdhan,0,2023,\N,26,"Mystery,Short,Thriller"
6432067,tt27131358,movie,We Live in Time,We Live in Time,0,2024,\N,108,"Drama,Romance"
6432227,tt27131692,movie,Villa Lucia,Villa Lucia,0,2023,\N,110,"Comedy,Crime"
6432262,tt2713180,movie,Fury,Fury,0,2014,\N,134,"Action,Drama,War"
6438151,tt27155038,movie,Ruby Gillman: Teenage Kraken,"Ruby Gillman, Teenage Kraken",0,2023,\N,91,"Action,Adventure,Animation"
6439821,tt27161272,short,Unorganized Crime,Unorganized Crime,0,2023,\N,16,"Comedy,Crime,Short"
6445019,tt2717558,movie,On the Job,On the Job,0,2013,\N,118,"Action,Crime,Drama"
6445340,tt2717822,movie,Blackhat,Blackhat,0,2015,\N,133,"Action,Crime,Thriller"
6446938,tt2718492,movie,Ida,Ida,0,2013,\N,82,Drama
6447778,tt27190968,movie,Dnevnik Pauline P.,Dnevnik Pauline P.,0,2023,\N,96,"Comedy,Family"
6449296,tt27196021,movie,Small Things Like These,Small Things Like These,0,2024,\N,98,"Drama,History"
6450167,tt2719848,movie,Everest,Everest,0,2015,\N,121,"Adventure,Biography,Drama"
6454367,tt2720680,movie,The Salvation,The Salvation,0,2014,\N,92,"Action,Drama,Thriller"
6455311,tt2720826,movie,Birth of the Dragon,Birth of the Dragon,0,2016,\N,95,"Action,Biography,Drama"
6458428,tt27218960,movie,Y2K,Y2K,0,2024,\N,91,"Comedy,Horror,Sci-Fi"
6458744,tt27219440,movie,Enea,Enea,0,2023,\N,115,"Crime,Drama"
6467929,tt2726560,movie,The Longest Ride,The Longest Ride,0,2015,\N,123,"Drama,Romance"
6480485,tt27351080,short,Dial,Dial,0,2024,\N,12,"Horror,Short"
6482350,tt2736854,movie,O chyom molchat devushki,O chyom molchat devushki,0,2013,\N,85,Comedy
6483188,tt2737050,movie,"Two Days, One Night","Deux jours, une nuit",0,2014,\N,95,Drama
6487407,tt27390869,short,The Epicure,The Epicure,0,2023,\N,\N,"Horror,Short"
6488046,tt27395353,movie,50 km/h,Cinquanta km all'ora,0,2024,\N,110,Comedy
6489238,tt27403986,movie,Juror #2,Juror #2,0,2024,\N,114,"Crime,Drama,Mystery"
6499473,tt27425164,movie,War 2,War 2,0,2025,\N,170,"Action,Adventure,Thriller"
6502937,tt27431598,movie,Bramayugam,Bramayugam,0,2024,\N,139,"Drama,Horror,Thriller"
6504232,tt27433995,movie,Jumbo,Jumbo,0,2025,\N,102,"Adventure,Animation,Comedy"
6506613,tt27441481,movie,Coolie,Coolie,0,2025,\N,168,"Action,Crime,Thriller"
6508591,tt27445004,movie,Abang Adik,Abang Adik,0,2023,\N,115,"Crime,Drama"
6509805,tt27447284,short,Making-of de terror,Making-of de terror,0,2022,\N,4,"Comedy,Short"
6524038,tt27487934,movie,The Greatest of All Time,The Greatest of All Time,0,2024,\N,183,"Action,Thriller"
6524884,tt27489262,short,Cenar En Pareja,Cenar En Pareja,0,2022,\N,\N,"Comedy,Short"
6525025,tt27489557,movie,Abigail,Abigail,0,2024,\N,109,"Action,Comedy,Crime"
6525225,tt27490099,movie,Beating Hearts,L'amour ouf,0,2024,\N,161,"Comedy,Crime,Drama"
6525283,tt27490380,movie,13 Bombs,13 Bom di Jakarta,0,2023,\N,143,"Action,Crime,Thriller"
6529355,tt27502365,movie,Kubi,Kubi,0,2023,\N,131,"Action,Comedy,Drama"
6529975,tt27503384,movie,Perfect Days,Perfect Days,0,2023,\N,124,Drama
6529990,tt27503400,movie,Animale,Animale,0,2024,\N,98,"Drama,Horror"
6531871,tt27510542,movie,Love Agent,Love Agent,0,2023,\N,\N,Romance
6537061,tt2752200,movie,Young & Beautiful,Jeune et jolie,0,2013,\N,95,"Drama,Romance"
6539222,tt2752758,movie,Devil's Due,Devil's Due,0,2014,\N,89,"Horror,Mystery"
6539239,tt2752772,movie,Sinister 2,Sinister 2,0,2015,\N,97,"Horror,Mystery,Thriller"
6542486,tt27534307,movie,Speak No Evil,Speak No Evil,0,2024,\N,110,"Drama,Horror,Thriller"
6544509,tt27540217,movie,Good Bad Ugly,Good Bad Ugly,0,2025,\N,139,"Action,Crime,Drama"
6546242,tt27543578,movie,Good Fortune,Good Fortune,0,2025,\N,97,"Comedy,Fantasy,Romance"
6546280,tt27543632,movie,The Housemaid,The Housemaid,0,2025,\N,131,"Drama,Mystery,Thriller"
6547281,tt27547511,short,Ah My! Is Ann ill?,Ah My! Is Ann ill?,0,2023,\N,\N,"Crime,Short"
6552548,tt2756032,movie,The One I Love,The One I Love,0,2014,\N,91,"Comedy,Drama,Fantasy"
6556077,tt27571431,short,Croix de bois - Croix de fer,Croix de bois - Croix de fer,0,2023,\N,30,"Drama,Short"
6560676,tt27581865,movie,Grand Finale,Fullt hús,0,2024,\N,92,Comedy
6561399,tt27587485,movie,Waves,Vlny,0,2024,\N,131,"Drama,History,Thriller"
6563418,tt27591369,short,The Petrov's Defense,The Petrov's Defense,0,2023,\N,12,"Drama,Romance,Short"
6573804,tt2762506,movie,Bacurau,Bacurau,0,2019,\N,131,"Action,Adventure,Drama"
6573911,tt27625771,short,Submersis,Submersis,0,2023,\N,\N,"Action,Short"
6576221,tt2763304,movie,T2 Trainspotting,T2 Trainspotting,0,2017,\N,117,"Comedy,Crime,Drama"
6576647,tt27634529,short,Fragments of the Soul,Fragments of the Soul,0,2021,\N,15,"Drama,Short"
6580016,tt27642541,movie,Croquantes,Croquantes,0,2022,\N,59,Documentary
6585552,tt27657135,movie,Saturday Night,Saturday Night,0,2024,\N,109,"Biography,Comedy,Drama"
6585785,tt27657534,movie,Siksa Neraka,Siksa Neraka,0,2023,\N,98,"Horror,Thriller"
6587803,tt2766268,movie,The Games Maker,The Games Maker,0,2014,\N,111,"Adventure,Family"
6588398,tt27664301,movie,The Partisan,The Partisan,0,2024,\N,108,"Action,Thriller,War"
6594569,tt27679608,movie,Fateh,Fateh,0,2025,\N,127,"Action,Crime,Thriller"
6594675,tt27679825,movie,Wingless,Wingless,0,2024,\N,110,"Biography,Drama,Sport"
6596884,tt27683828,movie,Healing US,Healing US,0,2023,\N,75,Documentary
6597825,tt27688034,movie,The Moon,Deo mun,0,2023,\N,129,"Action,Adventure,Drama"
6601060,tt27695089,movie,Deu ci seu,Deu ci seu,0,2023,\N,82,Documentary
6602336,tt27696645,movie,The Stones and Brian Jones,The Stones & Brian Jones,0,2023,\N,93,"Biography,Documentary,Music"
6603426,tt27704538,short,The Cradle,The Cradle,0,2023,\N,4,"Horror,Short"
6606055,tt27711687,short,Septichexen,Septichexen,0,2023,\N,14,"Horror,Short"
6606182,tt2771200,movie,Beauty and the Beast,Beauty and the Beast,0,2017,\N,129,"Adventure,Family,Fantasy"
6606188,tt27712015,movie,Only 3 Days Left,3 jours max,0,2023,\N,90,"Action,Comedy,Crime"
6607087,tt2771372,movie,Veronica Mars,Veronica Mars,0,2014,\N,107,"Crime,Drama,Mystery"
6607696,tt27714581,movie,Sentimental Value,Affeksjonsverdi,0,2025,\N,133,Drama
6607868,tt27714946,movie,The Monkey,The Monkey,0,2025,\N,98,Horror
6608127,tt27715920,movie,Me contro Te - Il film: Vacanze in Transilvania,Me contro Te - Il film: Vacanze in Transilvania,0,2023,\N,69,Family
6610880,tt27724113,movie,The Arctic Convoy,Desastre No Ártico,0,2023,\N,108,"Action,Drama,History"
6611245,tt27726053,short,"Volta ao Mundo, Kamará","Volta ao Mundo, Kamará",0,2024,\N,27,"Documentary,Short"
6613777,tt27731806,movie,La Luna,La Luna,0,2023,\N,109,"Comedy,Drama,Romance"
6614144,tt27733702,movie,Lesbian Western - The Feature,Lesbian Western - The Feature,0,2024,\N,134,Action
6615188,tt27737511,short,Shonar Khacha - The Golden Cage,Shonar Khacha - The Golden Cage,0,2023,\N,\N,"Drama,Short"
6617855,tt27744786,movie,Shaitaan,Shaitaan,0,2024,\N,132,"Drama,Horror,Thriller"
6623187,tt27757805,movie,Baby John,Baby John,0,2024,\N,159,"Action,Crime,Drama"
6625176,tt2776344,movie,Pee Mak,Pee Mak Phrakanong,0,2013,\N,115,"Comedy,Fantasy,Horror"
6625776,tt27766538,movie,The Forbidden City,La città proibita,0,2025,\N,139,"Action,Romance"
6625928,tt2776878,movie,Thank You for Your Service,Thank You for Your Service,0,2017,\N,109,"Biography,Drama,War"
6627619,tt2777548,movie,An Unfold Fact Lateef,An Unfold Fact Lateef,0,2015,\N,118,"Action,Crime,Drama"
6628779,tt27787040,movie,Popurrí,Popurrí,0,2023,\N,89,Drama
6638995,tt27813775,movie,Eterno visionario,Eterno visionario,0,2024,\N,112,"Biography,Drama"
6650624,tt2784678,movie,Top Five,Top Five,0,2014,\N,102,"Comedy,Romance"
6650687,tt27847051,movie,The Secret Agent,O Agente Secreto,0,2025,\N,161,"Crime,Drama,Mystery"
6652351,tt27851949,movie,Pigsy,Pigsy,0,2023,\N,96,"Adventure,Animation,Comedy"
6652417,tt27852049,movie,Deva,Deva,0,2025,\N,156,"Action,Crime,Drama"
6653804,tt27853868,movie,El Bosque Salvaje de Pardomino,El Bosque Salvaje de Pardomino,0,2023,\N,90,Documentary
6653810,tt2785390,movie,America: Imagine the World Without Her,America: Imagine the World Without Her,0,2014,\N,105,Documentary
6656918,tt2786278,movie,Amen,Amen,0,2013,\N,165,"Drama,Romance"
6657258,tt27864814,short,"En el fondo, es Falso","En el fondo, es Falso",0,2024,\N,\N,"Comedy,Drama,Sci-Fi"
6663113,tt27881515,movie,In Broad Daylight,Bak yat ji ha,0,2023,\N,106,Drama
6664280,tt2788556,movie,Gemma Bovery,Gemma Bovery,0,2014,\N,99,"Comedy,Drama,Romance"
6664356,tt2788710,movie,The Interview,The Interview,0,2014,\N,112,"Action,Adventure,Comedy"
6664364,tt2788732,movie,Pete's Dragon,Pete's Dragon,0,2016,\N,102,"Action,Adventure,Comedy"
6668685,tt27907811,movie,Thandel,Thandel,0,2025,\N,152,"Action,Adventure,Romance"
6670319,tt27911000,movie,Terrifier 3,Terrifier 3,0,2024,\N,125,Horror
6674138,tt27922706,movie,Chhaava,Chhaava,0,2025,\N,161,"Action,Drama,History"
6684034,tt2795122,movie,"Half Mine, Half Yours","Nesf male man, Nesf male toe",0,2006,\N,\N,"Comedy,Drama"
6687352,tt2796678,movie,The Opposite Sex,The Opposite Sex,0,2014,\N,97,"Comedy,Romance"
6688233,tt2797242,movie,Bombay Talkies,Bombay Talkies,0,2013,\N,127,"Crime,Drama"
6691956,tt2798920,movie,Annihilation,Annihilation,0,2018,\N,115,"Adventure,Drama,Horror"
6693491,tt2799166,movie,The Pyramid,The Pyramid,0,2014,\N,89,"Horror,Mystery,Thriller"
6694491,tt27995594,movie,Munjya,Munjya,0,2024,\N,123,"Comedy,Horror"
6694939,tt27996716,movie,Blaga's Lessons,Urotcite na Blaga,0,2023,\N,114,Drama
6696841,tt2800038,movie,Atlas Shrugged: Who Is John Galt?,Atlas Shrugged: Part III,0,2014,\N,99,"Drama,Mystery,Sci-Fi"
6697292,tt2800240,movie,Serial Bad Weddings,Qu'est-ce qu'on a fait au bon Dieu?,0,2014,\N,97,Comedy
6698436,tt28013320,short,Ishwaran Ki Adhbut Kahaniyan Chapter 2,Ishwaran Ki Adhbut Kahaniyan Chapter 2,0,2022,\N,14,"Horror,Mystery,Short"
6699609,tt28015403,movie,Heretic,Heretic,0,2024,\N,111,"Horror,Thriller"
6701733,tt2802144,movie,Kingsman: The Secret Service,Kingsman: The Secret Service,0,2014,\N,129,"Action,Adventure,Comedy"
6701807,tt2802154,movie,Leviathan,Leviathan,0,2014,\N,140,"Crime,Drama"
6704698,tt28028430,movie,Into the Gravel Pit,Into the Gravel Pit,0,2025,\N,81,Horror
6706191,tt28037987,movie,Saiyaara,Saiyaara,0,2025,\N,150,"Drama,Musical,Romance"
6709905,tt2806788,movie,Fukrey,Fukrey,0,2013,\N,139,"Comedy,Drama,Romance"
6712939,tt28078628,movie,Soul on Fire,Soul on Fire,0,2025,\N,112,"Biography,Drama"
6713598,tt28080273,movie,Latin for All,Bis Repetita,0,2024,\N,86,Comedy
6714698,tt28082927,movie,O Diabo em Nós,O Diabo em Nós,0,2022,\N,61,Drama
6716635,tt28089167,movie,Aspire,Aspire,0,2025,\N,132,"Comedy,Drama,Romance"
6728369,tt28118665,short,Gutterpunks,Gutterpunks,0,2023,\N,11,"Comedy,Short"
6729141,tt28128606,short,With my father's permission,With my father's permission,0,2023,\N,\N,"Drama,Short"
6734056,tt28137674,short,The Debacle of Mr. Eastward,The Debacle of Mr. Eastward,0,2023,\N,\N,"Comedy,Short"
6735083,tt28142896,movie,Weekend in Taipei,Weekend in Taipei,0,2024,\N,100,"Action,Thriller"
6735598,tt2814362,movie,United Passions,United Passions,0,2014,\N,110,"Drama,History,Sport"
6737811,tt28151876,movie,Yolo,Re la gun tang,0,2024,\N,129,"Action,Comedy,Drama"
6740528,tt2816776,movie,Sunset Over the Killing Fields,Khu Kam,0,2013,\N,130,Drama
6740804,tt28172032,movie,Escape from Germany,Escape from Germany,0,2024,\N,97,"Drama,History,War"
6743049,tt28184207,movie,Retreat Vama Veche,Retreat Vama Veche,0,2024,\N,90,"Comedy,Romance"
6744443,tt2818654,movie,Cemetery of Splendor,Rak ti Khon Kaen,0,2015,\N,122,"Drama,Fantasy,Mystery"
6747735,tt2820852,movie,Furious 7,Fast & Furious 7,0,2015,\N,137,"Action,Thriller"
6753449,tt2822672,movie,Rock Dog,Rock Dog,0,2016,\N,90,"Adventure,Animation,Comedy"
6753914,tt28228231,movie,Priyotoma,Priyotoma,0,2023,\N,155,"Action,Drama,Romance"
6755410,tt2823054,movie,Mike and Dave Need Wedding Dates,Mike and Dave Need Wedding Dates,0,2016,\N,98,"Comedy,Romance"
6759585,tt28244549,movie,Grand Theft Hamlet,Grand Theft Hamlet,0,2024,\N,89,"Animation,Documentary"
6761796,tt28249919,movie,Presence,Presence,0,2024,\N,84,"Drama,Horror,Thriller"
6763444,tt28252563,movie,Madharasi,Madharaasi,0,2025,\N,160,"Action,Drama,Romance"
6766326,tt28259207,movie,Kill,Kill,0,2023,\N,105,"Action,Crime,Drama"
6768932,tt28266160,short,Tinebe,Tinebe,0,2023,\N,10,"Documentary,Short"
6774743,tt28284515,movie,Shantala,Shantala,0,2023,\N,105,Drama
6776241,tt28288786,movie,Premalu,Premalu,0,2024,\N,156,"Comedy,Romance"
6776598,tt2828996,movie,A Haunted House 2,A Haunted House 2,0,2014,\N,86,"Comedy,Fantasy,Horror"
6787332,tt28317056,short,Soft,Soft,0,2023,\N,13,Short
6793187,tt28335618,movie,Onemanshow: The Movie,Onemanshow: The Movie,0,2023,\N,100,"Action,Comedy,Crime"
6793389,tt28336131,movie,Elyas,Elyas,0,2024,\N,105,"Action,Thriller"
6798069,tt28354262,movie,Jesus,Jesus: A Deaf Missions Film,0,2024,\N,147,Drama
6799875,tt28358950,movie,Neru,Neru,0,2023,\N,150,"Drama,Thriller"
6800536,tt2836252,movie,Fiston,Fiston,0,2014,\N,88,Comedy
6805809,tt2837574,movie,The Old Man & the Gun,The Old Man & the Gun,0,2018,\N,93,"Biography,Comedy,Crime"
6817471,tt28443655,movie,Death of a Unicorn,Death of a Unicorn,0,2025,\N,107,"Comedy,Fantasy,Horror"
6819545,tt2844798,movie,White God,Fehér isten,0,2014,\N,121,"Adventure,Drama,Thriller"
6824466,tt28465876,short,Mulher Vestida de Sol,Mulher Vestida de Sol,0,2022,\N,9,"Fantasy,Short"
6828032,tt28479262,movie,Sing Sing,Sing Sing,0,2023,\N,107,Drama
6830696,tt2848292,movie,Pitch Perfect 2,Pitch Perfect 2,0,2015,\N,115,"Comedy,Music"
6834337,tt28489948,movie,How Zombies Could Happen,How Zombies Could Happen,0,2023,\N,\N,Documentary
6841501,tt2850386,movie,The Croods: A New Age,The Croods: A New Age,0,2020,\N,95,"Adventure,Animation,Comedy"
6846471,tt2851314,movie,Piégé,Piégé,0,2014,\N,78,Thriller
6846700,tt28513569,movie,Extinction,Bache Zerang,0,2023,\N,85,"Adventure,Animation,Comedy"
6850500,tt28519770,tvSeries,Supernerds,Supernerds,0,2021,\N,\N,Animation
6852325,tt28523599,short,"Please, Smile","Please, Smile",0,2025,\N,15,"Drama,Romance,Short"
6852543,tt2852400,movie,A Touch of Sin,Tian zhu ding,0,2013,\N,130,"Crime,Drama"
6852820,tt2852458,movie,Stranger by the Lake,L'inconnu du lac,0,2013,\N,100,"Drama,Romance,Thriller"
6858932,tt28547912,movie,Sheriff,Sheriff: Narko Integriti,0,2024,\N,133,"Action,Crime,Drama"
6859269,tt2854926,movie,Tag,Tag,0,2018,\N,100,"Action,Comedy"
6859539,tt28551005,movie,Espacio Vital,Espacio Vital,0,2023,\N,119,Documentary
6861388,tt2855648,movie,Madras Cafe,Madras Cafe,0,2013,\N,130,"Action,Drama,Thriller"
6861984,tt28561745,movie,For the Love of Cash,For the Love of Cash,0,2022,\N,\N,Drama
6862729,tt2856674,movie,Ramayya Vastavayya,Ramayya Vastavayya,0,2013,\N,167,"Action,Comedy,Drama"
6862804,tt28567651,movie,Unit 262,Unit 262,0,2023,\N,84,Action
6863713,tt2857196,movie,Tell 'Em Steve-Dave Puppet Theatre,Tell 'Em Steve-Dave Puppet Theatre,0,2013,\N,94,Comedy
6871471,tt28602625,short,La verdadera sostenibilidad,La verdadera sostenibilidad,0,2023,\N,\N,"Action,Short"
6872893,tt28607951,movie,Anora,Anora,0,2024,\N,139,"Comedy,Drama,Romance"
6877291,tt28618654,movie,Down,Vniz,0,2025,\N,91,Thriller
6880521,tt28627002,movie,Philipp Mickenbecker: Real Life,Philipp Mickenbecker: Real Life,0,2023,\N,121,Documentary
6881556,tt28630624,movie,Panda Plan,Xiong mao ji hua,0,2024,\N,99,"Action,Comedy,Family"
6881651,tt28630907,short,Youtuba Basliyoruz,Youtuba Basliyoruz,0,2015,\N,27,Short
6881658,tt28630947,movie,The Haunting in Rosemary Lane,The Haunting in Rosemary Lane,0,2024,\N,59,"Documentary,Horror"
6883116,tt28633405,movie,Gazer,Gazer,0,2024,\N,114,"Mystery,Thriller"
6885809,tt28639152,movie,Super-Charlie,Super-Charlie,0,2024,\N,82,"Animation,Family,Fantasy"
6888987,tt28648248,movie,Keluang Man,Keluang Man,0,2025,\N,137,"Action,Adventure,Comedy"
6890279,tt2865120,movie,Ratchet & Clank,Ratchet & Clank,0,2016,\N,94,"Action,Adventure,Animation"
6892753,tt28656696,short,The Man the Myth the Bellend,The Man the Myth the Bellend,0,2023,\N,35,"Comedy,Short"
6895493,tt2866360,movie,Coherence,Coherence,0,2013,\N,89,"Mystery,Sci-Fi,Thriller"
6896523,tt2866778,movie,Sound Thoma,Sound Thoma,0,2013,\N,160,"Comedy,Drama,Romance"
6898337,tt28671034,movie,#annaismissing,#annaismissing,0,2023,\N,110,"Drama,Thriller"
6898481,tt28671344,movie,The Strangers: Chapter 2,The Strangers: Chapter 2,0,2025,\N,98,"Horror,Mystery"
6903843,tt28689884,short,Mother's Ruin: Unmasking the WMSCOG,Mother's Ruin: Unmasking the WMSCOG,0,2023,\N,24,"Documentary,Short"
6906664,tt28696532,movie,A Dog's Will 2,O Auto da Compadecida 2,0,2024,\N,104,"Comedy,Drama,Fantasy"
6906962,tt2869728,movie,Ride Along 2,Ride Along 2,0,2016,\N,102,"Action,Comedy,Crime"
6910244,tt2870612,movie,"As Above, So Below","As Above, So Below",0,2014,\N,93,"Adventure,Horror,Mystery"
6910335,tt2870708,movie,Wish I Was Here,Wish I Was Here,0,2014,\N,106,"Comedy,Drama"
6910366,tt2870756,movie,Magic in the Moonlight,Magic in the Moonlight,0,2014,\N,97,"Comedy,Drama,Romance"
6914692,tt2872518,movie,The Shack,The Shack,0,2017,\N,132,"Drama,Fantasy"
6914800,tt2872718,movie,Nightcrawler,Nightcrawler,0,2014,\N,117,"Crime,Drama,Thriller"
6914807,tt2872732,movie,Lucy,Lucy,0,2014,\N,89,"Action,Sci-Fi,Thriller"
6914819,tt2872750,movie,Shaun the Sheep Movie,Shaun the Sheep Movie,0,2015,\N,85,"Adventure,Animation,Comedy"
6914854,tt2872810,movie,Mischief Night,Mischief Night,0,2013,\N,87,"Drama,Horror,Thriller"
6915224,tt2873282,movie,Red Sparrow,Red Sparrow,0,2018,\N,140,"Action,Drama,Thriller"
6921811,tt2875926,movie,My Sweet Pepper Land,My Sweet Pepper Land,0,2013,\N,100,Drama
6923034,tt2876428,movie,"Good Day, Ramon","Guten Tag, Ramón",0,2013,\N,120,Drama
6925471,tt2877104,movie,Ethir Neechal,Ethir Neechal,0,2013,\N,129,"Comedy,Romance,Sport"
6925474,tt2877108,movie,Soodhu Kavvum,Soodhu Kavvum,0,2013,\N,135,"Comedy,Crime,Thriller"
6929265,tt28778139,short,Desejo Expõe Suas Orbras (Desire's Exhibition),Desejo Expõe Suas Orbras (Desire's Exhibition),0,2023,\N,2,"Animation,Short"
6929937,tt28779511,short,The Hanging Man,The Hanging Man,0,2023,\N,19,Short
6933470,tt28789068,movie,Charles Lum: This Is Where I Get Off,Charles Lum: This Is Where I Get Off,0,2023,\N,71,Drama
6941843,tt28812259,short,Eco Choice,Eco Choice,0,2023,\N,\N,Short
6942874,tt28814949,movie,Taylor Swift: The Eras Tour,Taylor Swift: The Eras Tour,0,2023,\N,169,"Documentary,Music,Musical"
6945234,tt28821588,movie,The Soul Eater,Le mangeur d'âmes,0,2024,\N,108,"Crime,Horror,Mystery"
6945652,tt2882328,movie,Ugly,Ugly,0,2013,\N,128,"Crime,Drama,Mystery"
6947307,tt2883434,movie,Black or White,Black or White,0,2014,\N,121,Drama
6947585,tt2883512,movie,Chef,Chef,0,2014,\N,114,"Adventure,Comedy,Drama"
6947856,tt2884018,movie,Macbeth,Macbeth,0,2015,\N,113,"Drama,History,War"
6947942,tt2884206,movie,I Origins,I Origins,0,2014,\N,106,"Drama,Mystery,Romance"
6948627,tt28856462,movie,Agak Laen,Agak Laen,0,2024,\N,119,Comedy
6949032,tt2885734,short,Short Movie,Short Movie,0,2013,\N,4,"Comedy,Short"
6953194,tt2888046,movie,Ip Man 3,Yip Man 3,0,2015,\N,105,"Action,Biography,Crime"
6956186,tt2891174,movie,99 Homes,99 Homes,0,2014,\N,112,"Crime,Drama"
6957946,tt2893490,movie,Manglehorn,Manglehorn,0,2014,\N,97,Drama
6965445,tt2899136,movie,Hotel California,Hotel California,0,2013,\N,136,"Action,Comedy,Crime"
6966316,tt28996126,movie,Nobody 2,Nobody 2,0,2025,\N,89,"Action,Comedy,Crime"
6972151,tt29031019,movie,Love Reset,30 il,0,2023,\N,119,"Comedy,Romance"
6977158,tt29045246,short,H-151: Perfect Machine,H-151: Perfect Machine,0,2023,\N,15,"Sci-Fi,Short"
6979654,tt2906216,movie,Dungeons & Dragons: Honor Among Thieves,Dungeons & Dragons: Honor Among Thieves,0,2023,\N,134,"Action,Adventure,Comedy"
6985168,tt2908446,movie,The Divergent Series: Insurgent,The Divergent Series: Insurgent,0,2015,\N,119,"Action,Adventure,Romance"
6985366,tt2908856,movie,My Old Lady,My Old Lady,0,2014,\N,107,"Comedy,Drama,Romance"
6985938,tt2909116,movie,Wolf Totem,Le dernier loup,0,2015,\N,121,"Adventure,Drama"
6988466,tt2910274,movie,Obvious Child,Obvious Child,0,2014,\N,84,"Comedy,Drama,Romance"
6988535,tt2910300,movie,Ah Boys to Men II,Ah Boys to Men II,0,2013,\N,113,Comedy
6988958,tt2910814,movie,The Signal,The Signal,0,2014,\N,97,"Drama,Mystery,Sci-Fi"
6989005,tt2910904,movie,The Dressmaker,The Dressmaker,0,2015,\N,119,"Comedy,Drama"
6990328,tt2911666,movie,John Wick,John Wick,0,2014,\N,101,"Action,Crime,Thriller"
6994309,tt29137778,movie,Homestead,Homestead,0,2024,\N,112,"Action,Drama,Thriller"
7001813,tt2918436,movie,The Lazarus Effect,The Lazarus Effect,0,2015,\N,83,"Horror,Mystery,Sci-Fi"
7017261,tt29261272,movie,"7 dney, 7 nochey","7 dney, 7 nochey",0,2024,\N,98,"Comedy,Family"
7019278,tt29268110,movie,Smile 2,Smile 2,0,2024,\N,127,"Horror,Mystery,Thriller"
7031537,tt2929690,movie,Margarita with a Straw,Margarita with a Straw,0,2014,\N,100,Drama
7036893,tt29312221,short,The Friendzoned Guy,The Friendzoned Guy,0,2018,\N,5,"Comedy,Short"
7037434,tt29313285,movie,Little Amélie or the Character of Rain,Amélie et la métaphysique des tubes,0,2025,\N,77,"Animation,Family"
7038637,tt2932536,movie,47 Meters Down,47 Meters Down,0,2017,\N,89,"Horror,Mystery,Thriller"
7041467,tt2933544,movie,5 Flights Up,5 Flights Up,0,2014,\N,88,"Comedy,Drama"
7045518,tt29344903,movie,The Ugly Stepsister,Den stygge stesøsteren,0,2025,\N,109,"Comedy,Drama,Horror"
7045536,tt29344974,movie,How Could I Live Without You?,Hogyan tudnék élni nélküled?,0,2024,\N,105,"Comedy,Musical"
7048104,tt29354040,movie,Renaissance: A Film by Beyoncé,Renaissance: A Film by Beyoncé,0,2023,\N,169,"Documentary,Music"
7048383,tt2935476,movie,Far from the Madding Crowd,Far from the Madding Crowd,0,2015,\N,119,"Drama,Romance"
7048493,tt2935510,movie,Ad Astra,Ad Astra,0,2019,\N,123,"Adventure,Drama,Mystery"
7048615,tt2935564,movie,The Connection,La French,0,2014,\N,135,"Action,Crime,Thriller"
7052935,tt29371109,movie,Non succederà più,Non succederà più,0,2024,\N,90,"Adventure,Documentary,Family"
7054583,tt2937696,movie,Everybody Wants Some!!,Everybody Wants Some!!,0,2016,\N,117,Comedy
7055402,tt2937898,movie,A Most Violent Year,A Most Violent Year,0,2014,\N,125,"Crime,Drama,Thriller"
7056931,tt29383191,movie,Maareesan,Maareesan,0,2025,\N,150,"Comedy,Drama,Thriller"
7056996,tt29383379,movie,Marco,Marco,0,2024,\N,145,"Action,Crime,Thriller"
7058414,tt2938956,movie,The Transporter Refueled,The Transporter Refueled,0,2015,\N,96,"Action,Thriller"
7070861,tt29439114,movie,The Room Next Door,The Room Next Door,0,2024,\N,107,Drama
7071168,tt2943974,tvMovie,Bonnie Bears: Homeward Journey,Xiong chu mo: Guo Nian,0,2013,\N,68,"Adventure,Animation,Comedy"
7080115,tt29473437,short,En Las Nubes,En Las Nubes,0,2023,\N,\N,"Drama,Short"
7080444,tt29474032,short,"Dracula, the Monster","Dracula, the Monster",0,2023,\N,23,"Drama,Horror,Short"
7081190,tt29475628,movie,Nunta Pe Ban,Nunta pe bani,0,2023,\N,96,Comedy
7083342,tt2948356,movie,Zootopia,Zootopia,0,2016,\N,108,"Action,Adventure,Animation"
7083405,tt2948372,movie,Soul,Soul,0,2020,\N,100,"Adventure,Animation,Comedy"
7084514,tt2948840,movie,Life,Life,0,2015,\N,111,"Biography,Drama"
7090881,tt29510842,short,ReLive,ReLive,0,2023,\N,24,"Drama,Sci-Fi,Short"
7094218,tt29516480,short,Due respiri,Due respiri,0,2024,\N,14,"Drama,Short"
7096124,tt29519507,movie,Extraordinary,Nenormalnyy,0,2024,\N,103,"Comedy,Drama,Music"
7097745,tt2952602,movie,Kung Fu Jungle,Yi ge ren de wu lin,0,2014,\N,100,"Action,Crime,Thriller"
7098042,tt2953050,movie,Encanto,Encanto,0,2021,\N,102,"Animation,Comedy,Family"
7099502,tt29537023,movie,Fairtex 'The Real Deal',Fairtex 'The Real Deal',0,2023,\N,137,Action
7102379,tt29544253,movie,Night of the Zoopocalypse,Night of the Zoopocalypse,0,2024,\N,91,"Adventure,Animation,Comedy"
7102710,tt29544868,movie,Mallari,Mallari,0,2023,\N,129,"Crime,Drama,Horror"
7105290,tt2955096,movie,Happy Christmas,Happy Christmas,0,2014,\N,82,"Comedy,Drama"
7106257,tt2955316,movie,Spanish Affair,Ocho apellidos vascos,0,2014,\N,98,"Comedy,Romance"
7108930,tt29567915,movie,Nuremberg,Nuremberg,0,2025,\N,148,"Biography,Drama,History"
7113780,tt29585679,movie,Drazen,Drazen,0,2024,\N,100,Biography
7117415,tt29603959,movie,Novocaine,Novocaine,0,2025,\N,110,"Action,Comedy,Crime"
7117833,tt2960486,movie,Zyklon Zombie,Zyklon Zombie,0,2011,\N,45,Horror
7118442,tt29606499,movie,Veera Dheera Sooran: Part 2,Veera Dheera Sooran: Part 2,0,2025,\N,162,"Action,Crime,Thriller"
7123631,tt29623480,movie,The Wild Robot,The Wild Robot,0,2024,\N,102,"Adventure,Animation,Family"
7126395,tt2963262,movie,Limonov: The Ballad of Eddie,Limonov: The Ballad,0,2024,\N,138,"Biography,Drama,History"
7126447,tt29632994,movie,Boonie Bears: Time Twist,Xiong chu mo: Ni zhuan shi kong,0,2024,\N,105,Animation
7127755,tt29639800,video,Uc Arkadasin Hikayesi,Uc Arkadasin Hikayesi,0,2017,\N,30,"Comedy,Crime"
7128677,tt29644189,movie,Black Phone 2,Black Phone 2,0,2025,\N,114,Horror
7132743,tt2967224,movie,Hot Pursuit,Hot Pursuit,0,2015,\N,87,"Action,Comedy,Crime"
7133412,tt2967856,movie,Another Day of Life,Un día más con vida,0,2018,\N,85,"Animation,Biography"
7136745,tt29692677,short,A Sticky Situation,A Sticky Situation,0,2022,\N,2,"Comedy,Short"
7137128,tt29694808,movie,The Stooges Cigarette,The Stooges Cigarette,0,2024,\N,\N,"Crime,Mystery,Thriller"
7141886,tt29714068,short,Halloween Friends,Halloween Friends,0,2023,\N,15,"Comedy,Fantasy,Horror"
7150690,tt2974918,movie,Alvin and the Chipmunks: The Road Chip,Alvin and the Chipmunks: The Road Chip,0,2015,\N,92,"Adventure,Comedy,Family"
7151063,tt2975578,movie,The Purge: Anarchy,The Purge: Anarchy,0,2014,\N,103,"Action,Horror,Sci-Fi"
7151069,tt2975590,movie,Batman v Superman: Dawn of Justice,Batman v Superman: Dawn of Justice,0,2016,\N,151,"Action,Adventure,Sci-Fi"
7151428,tt2976182,movie,Roy,Roy,0,2015,\N,146,"Drama,Romance"
7155328,tt2978102,movie,Term Life,Term Life,0,2016,\N,93,"Action,Adventure,Crime"
7155374,tt29781096,short,Unbearable BloodLust,Unbearable BloodLust,0,2024,\N,\N,"Short,Thriller"
7155864,tt2978462,movie,Dolphin Tale 2,Dolphin Tale 2,0,2014,\N,107,"Drama,Family"
7158739,tt2979920,movie,Bombay Velvet,Bombay Velvet,0,2015,\N,149,"Action,Crime,Drama"
7158978,tt2980210,movie,A Hologram for the King,A Hologram for the King,0,2016,\N,98,"Comedy,Drama,Romance"
7159478,tt2980516,movie,The Theory of Everything,The Theory of Everything,0,2014,\N,123,"Biography,Drama,Romance"
7159496,tt2980554,movie,The Girl in the Book,The Girl in the Book,0,2015,\N,86,Drama
7159513,tt2980592,movie,The Guest,The Guest,0,2014,\N,100,"Action,Mystery,Thriller"
7159540,tt2980648,movie,The Hundred-Foot Journey,The Hundred-Foot Journey,0,2014,\N,122,"Comedy,Drama"
7159670,tt2980706,movie,Planes: Fire & Rescue,Planes: Fire & Rescue,0,2014,\N,83,"Adventure,Animation,Comedy"
7160118,tt2980794,movie,Highway,Highway,0,2014,\N,133,"Crime,Drama,Romance"
7161524,tt2981714,movie,Juvana,Juvana,0,2013,\N,87,"Action,Crime,Drama"
7172240,tt29898251,movie,Ryan's World the Movie: Titan Universe Adventure,Ryan's World the Movie: Titan Universe Adventure,0,2024,\N,80,"Action,Animation,Comedy"
7174025,tt2990818,short,La Donna,La Donna,0,2014,\N,14,"Musical,Romance,Short"
7181030,tt29929565,movie,Opus,Opus,0,2025,\N,104,"Drama,Music,Thriller"
7183985,tt2993556,movie,Bunshinsaba,Bi xian,0,2012,\N,94,"Horror,Mystery,Thriller"
7185953,tt2994190,movie,Camp X-Ray,Camp X-Ray,0,2014,\N,117,"Drama,War"
7186966,tt29950241,movie,Afamefuna,Afamefuna,0,2023,\N,122,Drama
7189732,tt2995992,movie,Aaha Kalyanam,Aaha Kalyanam,0,2014,\N,142,"Comedy,Romance"
7191507,tt2996636,movie,Bharya Athra Pora,Bharya Athra Pora,0,2013,\N,150,"Drama,Family"
7196634,tt30012572,movie,It All Ends Here,Svemu dodje kraj,0,2024,\N,89,"Crime,Drama,Romance"
7197902,tt3001638,movie,Mary Kom,Mary Kom,0,2014,\N,122,"Action,Biography,Drama"
7198702,tt30017619,movie,The Bad Guys 2,The Bad Guys 2,0,2025,\N,104,"Action,Adventure,Animation"
7200646,tt30024043,movie,The Prosecutor,Ng poon,0,2024,\N,117,"Action,Drama,Thriller"
7206625,tt30057084,movie,Babygirl,Babygirl,0,2024,\N,114,"Drama,Romance,Thriller"
7206678,tt30057193,movie,Blood in the Snow,Blood in the Snow,0,2025,\N,67,Comedy
7210453,tt3007512,movie,The Water Diviner,The Water Diviner,0,2014,\N,111,"Drama,History,War"
7213103,tt30096221,movie,Ella McCay,Ella McCay,0,2025,\N,115,"Comedy,Drama"
7215309,tt3011894,movie,Wild Tales,Relatos salvajes,0,2014,\N,122,"Comedy,Drama,Thriller"
7219428,tt3013602,movie,Babysitting,Babysitting,0,2014,\N,85,Comedy
7219471,tt3013610,movie,My Mother,Mia madre,0,2015,\N,106,Drama
7221030,tt30141489,movie,Aranya,Aranya,0,2025,\N,\N,Drama
7221711,tt30142715,movie,Hafiz & Friends Recap: This Is Why We Can Have Nice Things,Hafiz & Friends Recap: This Is Why We Can Have Nice Things,0,2023,\N,120,Music
7221802,tt3014284,movie,The Lego Ninjago Movie,The Lego Ninjago Movie,0,2017,\N,101,"Action,Adventure,Animation"
7223020,tt30144839,movie,One Battle After Another,One Battle After Another,0,2025,\N,161,"Action,Crime,Drama"
7223686,tt3014666,movie,Moms' Night Out,Moms' Night Out,0,2014,\N,98,Comedy
7223917,tt3014866,movie,Criminal,Criminal,0,2016,\N,113,"Action,Sci-Fi,Thriller"
7228788,tt3018070,movie,Stonewall,Stonewall,0,2015,\N,129,"Drama,History"
7235790,tt30213663,movie,The Taste of Freedom,The Taste of Freedom,0,2023,\N,117,"Family,Romance"
7237636,tt30217924,movie,Golden Pen,Golden Pen,0,2020,\N,71,"Adventure,Fantasy"
7240843,tt3022458,movie,The Shamer's Daughter,Skammerens datter,0,2015,\N,96,"Adventure,Drama,Fantasy"
7244552,tt30244112,movie,Iste Benim Okuma Bayramim,Iste Benim Okuma Bayramim,0,2007,\N,80,\N
7246370,tt30253473,movie,Materialists,Materialists,0,2025,\N,116,"Comedy,Drama,Romance"
7247010,tt30255070,movie,Kara Cin Laneti,Kara Cin Laneti,0,2024,\N,88,Horror
7258344,tt30274401,movie,Five Nights at Freddy's 2,Five Nights at Freddy's 2,0,2025,\N,104,"Horror,Mystery,Thriller"
7264024,tt3028362,movie,Shabdo,Shabdo,0,2012,\N,104,Drama
7270330,tt30309698,movie,Just a Couple of Days,Quelques jours pas plus,0,2024,\N,103,"Comedy,Drama"
7273957,tt30321146,movie,In a Violent Nature,In a Violent Nature,0,2024,\N,94,"Drama,Horror,Thriller"
7276374,tt30327451,movie,The Marching Band,En fanfare,0,2024,\N,103,"Comedy,Drama,Music"
7280862,tt30343021,movie,Song Sung Blue,Song Sung Blue,0,2025,\N,132,"Biography,Drama,History"
7283205,tt3037582,movie,The Guide,Povodyr,0,2014,\N,122,"Drama,History"
7283826,tt3038708,movie,Iron Sky: The Coming Race,Iron Sky: The Coming Race,0,2019,\N,93,"Action,Adventure,Comedy"
7288222,tt30399855,short,Grace Estrela,Grace Estrela,0,2023,\N,\N,"Drama,Short"
7288405,tt30400277,movie,Kiss of the Spider Woman,Kiss of the Spider Woman,0,2025,\N,129,"Drama,Musical"
7290486,tt3040964,movie,The Jungle Book,The Jungle Book,0,2016,\N,106,"Action,Adventure,Animation"
7292493,tt30419970,movie,The Trust Fall,The Trust Fall: Julian Assange,0,2023,\N,128,Documentary
7294299,tt30424444,short,Hasat Zamani,Hasat Zamani,0,2023,\N,10,"History,Short"
7298497,tt30442596,movie,N'avoue jamais,N'avoue jamais,0,2024,\N,94,Comedy
7298911,tt30444418,movie,Santosh,Santosh,0,2024,\N,128,"Crime,Drama,Thriller"
7300363,tt3045616,movie,Mortdecai,Mortdecai,0,2015,\N,107,"Action,Adventure,Comedy"
7302992,tt30463098,short,Pumpkinman Lives,Pumpkinman Lives,0,2023,\N,20,"Horror,Short"
7305623,tt30472557,movie,Chainsaw Man - The Movie: Reze Arc,Gekijô-ban Chensô Man Reze-hen,0,2025,\N,100,"Action,Adventure,Animation"
7307039,tt30475200,short,Gola Cinan,Gola Cinan,0,2022,\N,15,"Drama,Short"
7307764,tt30476486,movie,Haikyu!! The Dumpster Battle,Gekijôban Haikyû!! Gomi Suteba no Kessen,0,2024,\N,85,"Animation,Comedy,Drama"
7307784,tt30476518,movie,Big World,Xiao xiao de wo,0,2024,\N,131,"Drama,Family"
7316826,tt30505698,movie,Friendship,Friendship,0,2024,\N,100,Comedy
7320079,tt30526240,movie,Conquer: Lahad Datu,Takluk: Lahad Datu,0,2024,\N,120,"Action,Crime,Drama"
7331531,tt3060952,video,Justice League: War,Justice League: War,0,2014,\N,79,"Action,Adventure,Animation"
7332424,tt3062096,movie,Inferno,Inferno,0,2016,\N,121,"Action,Adventure,Crime"
7337305,tt3063516,movie,Jackass Presents: Bad Grandpa,Bad Grandpa,0,2013,\N,92,Comedy
7338774,tt30645201,movie,Honey Don't!,Honey Don't!,0,2025,\N,89,"Comedy,Crime,Mystery"
7340768,tt3065204,movie,The Conjuring 2,The Conjuring 2,0,2016,\N,134,"Horror,Mystery,Thriller"
7341368,tt3066270,movie,Sole a catinelle,Sole a catinelle,0,2013,\N,87,Comedy
7341831,tt3067166,movie,Killing Poe,Killing Poe,0,2016,\N,92,Comedy
7342445,tt3068194,movie,Love & Friendship,Love & Friendship,0,2016,\N,90,"Comedy,Drama,Romance"
7348422,tt3069954,movie,Soekarno,Soekarno: Indonesia Merdeka,0,2013,\N,137,"Biography,Drama,History"
7351216,tt3072482,movie,Hardcore Henry,Hardcore Henry,0,2015,\N,96,"Action,Adventure,Sci-Fi"
7352913,tt30743549,movie,The Mouse Trap,Mickey's Mouse Trap,0,2024,\N,80,"Comedy,Fantasy,Horror"
7356780,tt3075360,movie,Googly,Googly,0,2013,\N,136,"Comedy,Romance"
7360869,tt3076658,movie,Creed,Creed,0,2015,\N,133,"Action,Drama,Sport"
7360870,tt30766582,movie,Screamboat,Screamboat,0,2025,\N,102,"Comedy,Horror"
7362658,tt3077214,movie,Suffragette,Suffragette,0,2015,\N,106,"Drama,History"
7362785,tt3077530,video,Wolverine: Origin,Wolverine: Origin,0,2013,\N,66,"Action,Animation,Sci-Fi"
7364053,tt30780739,movie,Tren Ban Nhau Duoi Ban Muu,Tren Ban Nhau Duoi Ban Muu,0,2023,\N,\N,\N
7364739,tt30781967,movie,Eagles of the Republic,Eagles of the Republic,0,2025,\N,129,"Action,Drama,Thriller"
7365280,tt3078296,movie,The Invisible Boy,Il ragazzo invisibile,0,2014,\N,100,"Action,Adventure,Comedy"
7366744,tt3078718,movie,"Zoran, My Nephew the Idiot","Zoran, il mio nipote scemo",0,2013,\N,106,"Comedy,Family"
7367721,tt30788842,movie,Love Hurts,Love Hurts,0,2025,\N,83,"Action,Comedy,Romance"
7368331,tt30789930,movie,Admonition,Admonition,0,2024,\N,\N,Thriller
7369223,tt3079380,movie,Spy,Spy,0,2015,\N,120,"Action,Comedy"
7369761,tt30795948,movie,A Little Something Extra,Un p'tit truc en plus,0,2024,\N,99,Comedy
7386739,tt30840798,movie,The Phoenician Scheme,The Phoenician Scheme,0,2025,\N,101,"Action,Comedy,Crime"
7387540,tt30842427,short,Gen Z Mental Health: Climate Stories,Gen Z Mental Health: Climate Stories,0,2023,\N,\N,"Documentary,Short"
7393111,tt30869622,movie,El Hareefa,El Harifa,0,2024,\N,117,"Comedy,Sport"
7394521,tt30873804,short,Justice for Batman: The Mark Racop Case,Justice for Batman: The Mark Racop Case,0,2023,\N,12,"Documentary,Short"
7396514,tt30877290,movie,Velký Pán,Velký Pán,0,2024,\N,73,"Animation,Comedy,Fantasy"
7399176,tt30889136,short,Devil on Stalk,Devil on Stalk,0,2024,\N,11,"Documentary,Horror,Short"
7401941,tt30908405,movie,The Last Rodeo,The Last Rodeo,0,2025,\N,116,Drama
7402090,tt30911335,movie,Dog Days,Dogeudeijeu,0,2024,\N,120,"Comedy,Drama,Family"
7402598,tt3092076,movie,"Les trois frères, le retour","Les trois frères, le retour",0,2014,\N,106,Comedy
7405483,tt30953660,movie,Cu Li Never Cries,Cu Li không bao gio khóc,0,2024,\N,93,Drama
7405968,tt3095464,movie,Agnee,Agnee,0,2014,\N,124,Action
7406188,tt30955047,short,El fin de todas las cosas,El fin de todas las cosas,0,2024,\N,28,"Drama,Short"
7406443,tt30955489,movie,Until Dawn,Until Dawn,0,2025,\N,103,"Drama,Horror,Mystery"
7407255,tt3095734,movie,Monster Trucks,Monster Trucks,0,2016,\N,104,"Action,Adventure,Comedy"
7407422,tt30957694,movie,Chinatown Chacha,Chinatown Chacha,0,2024,\N,103,"Action,Comedy"
7409454,tt30970235,movie,Article 370,Article 370,0,2024,\N,158,"Action,Drama,Thriller"
7411178,tt30973842,movie,The Gardener,Le jardinier,0,2025,\N,110,"Action,Comedy"
7414573,tt3098306,movie,French Women,Sous les jupes des filles,0,2014,\N,116,"Comedy,Romance"
7414789,tt30983561,short,Volador,Volador,0,2025,\N,14,Short
7417296,tt30988718,short,The Silent Sound of Tarawangsa,The Silent Sound of Tarawangsa,0,2024,\N,\N,"Documentary,Music,Short"
7417304,tt30988739,movie,Black Bag,Black Bag,0,2025,\N,93,"Drama,Mystery,Romance"
7419048,tt3099498,movie,Tusk,Tusk,0,2014,\N,102,"Comedy,Horror"
7421034,tt31012570,movie,Whirlwind,Smrst,0,2024,\N,122,Thriller
7423345,tt31021587,short,I Killed her,I Killed her,0,2023,\N,\N,"Short,Thriller"
7423728,tt31022259,movie,Creepy (You're Better Off Knowing),Creepy (You're Better Off Knowing),0,2023,\N,108,Drama
7424585,tt31023766,movie,Internal Bleeding,Internal Bleeding,0,2024,\N,72,"Comedy,Thriller"
7424878,tt3102440,movie,Børning,Børning,0,2014,\N,89,"Action,Comedy"
7429409,tt31036941,movie,Jurassic World: Rebirth,Jurassic World: Rebirth,0,2025,\N,133,"Action,Adventure,Sci-Fi"
7433812,tt3104988,movie,Crazy Rich Asians,Crazy Rich Asians,0,2018,\N,120,"Comedy,Drama,Romance"
7433868,tt31050020,movie,Once Upon a Deadpool,Once Upon a Deadpool,0,2018,\N,118,"Action,Adventure,Comedy"
7436533,tt31064841,movie,Piece by Piece,Piece by Piece,0,2024,\N,93,"Animation,Biography,Comedy"
7443862,tt31091764,short,Aún no es Hora,Aún no es Hora,0,2023,\N,9,"Mystery,Sci-Fi,Short"
7447650,tt3110958,movie,Now You See Me 2,Now You See Me 2,0,2016,\N,129,"Action,Adventure,Comedy"
7448484,tt31112475,short,The Vortex,The Vortex,0,2024,\N,25,"Drama,Short,Thriller"
7454366,tt3113696,movie,Don't Kill It,Don't Kill It,0,2016,\N,83,"Action,Horror"
7457031,tt31149622,short,Innermost,Innermost,0,2023,\N,20,"Fantasy,Short"
7465279,tt31176520,movie,Eddington,Eddington,0,2025,\N,148,"Comedy,Drama,Western"
7467807,tt31184028,movie,Together,Together,0,2025,\N,102,"Horror,Romance"
7470376,tt31193180,movie,Sinners,Sinners,0,2025,\N,137,"Action,Drama,Horror"
7470711,tt31193791,movie,The Last Showgirl,The Last Showgirl,0,2024,\N,88,Drama
7471140,tt31194612,movie,Highest 2 Lowest,Highest 2 Lowest,0,2025,\N,133,"Crime,Drama,Mystery"
7473199,tt3121604,movie,Duniyadari,Duniyadari,0,2013,\N,142,Drama
7474044,tt3122174,movie,An Odd Evening in April,Loco cielo de Abril,0,2014,\N,\N,"Comedy,Romance"
7474527,tt31227393,short,Hasta que Dios se Acuerde de Nosotros,Hasta que Dios se Acuerde de Nosotros,0,2024,\N,\N,"Documentary,Short"
7474628,tt31227572,movie,Predator: Badlands,Predator: Badlands,0,2025,\N,107,"Action,Adventure,Sci-Fi"
7478433,tt31242829,short,Piknik,Piknik,0,2023,\N,\N,"Drama,Short"
7481076,tt3125324,movie,Beyond the Lights,Beyond the Lights,0,2014,\N,116,"Drama,Music,Romance"
7481618,tt31259487,movie,The Super Elfkins,"Die Heinzels: Neue Mützen, Neue Mission",0,2024,\N,76,"Animation,Comedy,Family"
7482546,tt31261333,movie,6 Jilake,6 Jilake,0,2025,\N,134,"Action,Adventure,Comedy"
7483802,tt3127022,movie,The Bookshop,The Bookshop,0,2017,\N,113,Drama
7486097,tt3129632,movie,Kataariveera Surasundaraangi,Kataariveera Surasundaraangi,0,2012,\N,133,"Comedy,Drama,Fantasy"
7486108,tt3129656,movie,Bamse and the Thief City,Bamse och tjuvstaden,0,2014,\N,66,"Adventure,Animation,Comedy"
7486541,tt3130598,movie,For Love or Money,For Love or Money,0,2014,\N,80,Comedy
7486821,tt31307310,movie,Hævn,Hævn,0,2016,\N,162,"Horror,Thriller"
7488481,tt31314296,movie,The Woman in the Yard,The Woman in the Yard,0,2025,\N,88,"Drama,Horror,Thriller"
7489692,tt3131744,movie,Deportees 3,Deportees 3,0,2011,\N,112,"Action,Comedy,Drama"
7491149,tt31322753,movie,Twinless,Twinless,0,2025,\N,100,"Comedy,Drama"
7495747,tt3135556,movie,Jimmy Vestvood: Amerikan Hero,Jimmy Vestvood: Amerikan Hero,0,2016,\N,84,Comedy
7496817,tt3136646,movie,Soulless 2,Dukhless 2,0,2015,\N,103,Drama
7498769,tt31381727,movie,Applepictures the Poseidon Legacy,Applepictures the Poseidon Legacy,0,2024,\N,84,"Adventure,Drama,Thriller"
7501963,tt31392609,movie,How to Make Millions Before Grandma Dies,Lahn Mah,0,2024,\N,125,"Comedy,Drama,Family"
7502904,tt3140100,movie,Department Q: The Absent One,Fasandræberne,0,2014,\N,119,"Crime,Drama,Mystery"
7504032,tt31408354,short,Gruff,Gruff,0,2024,\N,9,"Animation,Drama,Short"
7506549,tt31415279,short,Forgotten Mirage,Forgotten Mirage,0,2024,\N,\N,"Biography,Short"
7506647,tt31415482,movie,Duse,Duse,0,2025,\N,122,"Biography,Drama,History"
7508528,tt3142232,movie,Heropanti,Heropanti,0,2014,\N,146,"Action,Drama,Romance"
7509642,tt31434030,movie,Dracula,Dracula: A Love Tale,0,2025,\N,129,"Fantasy,Horror,Romance"
7509973,tt31434639,movie,Warfare,Warfare,0,2025,\N,95,"Action,Drama,War"
7515482,tt31458300,tvMiniSeries,Medium Shot,Medium Shot,0,2023,\N,\N,Comedy
7516023,tt31459447,movie,Rush (Ìwànwara),Rush (Ìwànwara),0,2023,\N,69,"Crime,Drama,Romance"
7516804,tt31461880,movie,Hævn 2,Hævn 2,0,2017,\N,198,Horror
7517790,tt31463404,movie,Hævn 3,Hævn 3,0,2018,\N,250,Horror
7517988,tt3146360,movie,Belle & Sebastian,Belle et Sébastien,0,2013,\N,104,"Adventure,Drama,Family"
7522904,tt3148834,movie,Thunder and the House of Magic,The House of Magic,0,2013,\N,85,"Adventure,Animation,Comedy"
7524216,tt31492863,short,It's Quiet Out Here,It's Quiet Out Here,0,2023,\N,13,"Horror,Short"
7526603,tt31500456,short,Visa,Visa,0,2025,\N,13,"Comedy,Drama,Short"
7529275,tt31512817,short,Adiós al país de las maravillas,Adiós al país de las maravillas,0,2021,\N,11,"Drama,Short"
7529578,tt31513874,movie,Klepet,Klepet,0,2025,\N,90,"Action,Comedy"
7529669,tt31514146,movie,I Swear,I Swear,0,2025,\N,120,"Biography,Drama,History"
7531931,tt31522158,movie,Torino Criminale Blood Revenge,Torino criminale blood revenge,0,2023,\N,90,"Crime,Drama"
7532701,tt3152592,movie,Scoob!,Scoob!,0,2020,\N,93,"Adventure,Animation,Comedy"
7532721,tt3152624,movie,Trainwreck,Trainwreck,0,2015,\N,125,"Comedy,Drama,Romance"
7535273,tt31539773,short,Lymph,Lymph,0,2023,\N,12,Short
7540048,tt3155654,movie,Hide and Seek,Sum-bakk-og-jil,0,2013,\N,107,"Horror,Mystery,Thriller"
7556116,tt31637207,short,Bruises Behind Closed Doors,Bruises Behind Closed Doors,0,2024,\N,12,"Drama,Short"
7558292,tt3164256,movie,Rock the Kasbah,Rock the Kasbah,0,2015,\N,106,"Comedy,Music,War"
7560448,tt3165608,movie,Justin Bieber's Believe,Justin Bieber's Believe,0,2013,\N,92,"Documentary,Music"
7561162,tt3166476,movie,Zone Pro Site: The Moveable Feast,Zong pu shi,0,2013,\N,145,Comedy
7562123,tt3168230,movie,Mr. Holmes,Mr. Holmes,0,2015,\N,104,"Crime,Drama,Family"
7564705,tt31702278,movie,The Negotiator,Il nibbio,0,2025,\N,108,Drama
7566409,tt3170832,movie,Room,Room,0,2015,\N,118,"Drama,Thriller"
7566782,tt3170972,movie,Hazard Jack,Hazard Jack,0,2014,\N,82,"Horror,Thriller"
7567867,tt31712434,movie,Sikandar,Sikandar,0,2025,\N,148,"Action,Drama"
7571880,tt3172532,movie,The Diary of a Teenage Girl,The Diary of a Teenage Girl,0,2015,\N,102,"Comedy,Drama,Romance"
7572512,tt31727267,movie,Sarah's Oil,Sarah's Oil,0,2025,\N,103,"Biography,Drama,History"
7573993,tt3173594,movie,Hacker,Hacker,0,2016,\N,95,"Crime,Drama,Thriller"
7574316,tt3174120,movie,Everybody's Business,Everybody's Business,0,2013,\N,91,Comedy
7575243,tt3175888,movie,Dukhtar,Dukhtar,0,2014,\N,93,"Drama,Thriller"
7576086,tt3177316,movie,Honeymoon,Honeymoon,0,2014,\N,87,"Drama,Fantasy,Horror"
7580830,tt3179568,movie,"Men, Women & Children","Men, Women & Children",0,2014,\N,119,"Comedy,Drama"
7584605,tt3180664,movie,Yajamana,Yajamana,0,2000,\N,162,"Drama,Family"
7586155,tt3181776,movie,Momentum,Momentum,0,2015,\N,96,"Action,Crime,Thriller"
7586176,tt3181822,movie,The Boy Next Door,The Boy Next Door,0,2015,\N,91,Thriller
7586733,tt3182620,movie,Bitter Harvest,Bitter Harvest,0,2017,\N,103,"Drama,History,Romance"
7589544,tt3183660,movie,Fantastic Beasts and Where to Find Them,Fantastic Beasts and Where to Find Them,0,2016,\N,132,"Adventure,Family,Fantasy"
7591628,tt31844586,movie,Sisu: Road to Revenge,Sisu 2,0,2025,\N,89,"Action,War"
7593430,tt31849609,movie,The Loneliest Boy on Earth,The Loneliest Boy on Earth,0,2024,\N,158,"Documentary,Reality-TV,Romance"
7602667,tt31888477,movie,Downton Abbey: The Grand Finale,Downton Abbey: The Grand Finale,0,2025,\N,123,Drama
7608469,tt31912440,movie,Diarios de Cuarentena,Diarios de Cuarentena,0,2021,\N,62,"Adventure,Drama,Sci-Fi"
7611578,tt31923069,movie,Springsteen: Deliver Me from Nowhere,Springsteen: Deliver Me from Nowhere,0,2025,\N,119,"Biography,Drama,Music"
7616983,tt31945132,movie,Retro,Retro,0,2025,\N,168,"Action,Crime,Drama"
7620516,tt31956415,movie,Freakier Friday,Freakier Friday,0,2025,\N,110,"Comedy,Family,Fantasy"
7620526,tt3195644,movie,Insidious: Chapter 3,Insidious: Chapter 3,0,2015,\N,97,"Horror,Mystery,Thriller"
7628083,tt31973693,movie,The Roses,The Roses,0,2025,\N,105,Comedy
7638965,tt3202098,movie,Lou! Journal infime,Lou! Journal infime,0,2014,\N,104,Comedy
7639062,tt3202120,movie,Barbecue,Barbecue,0,2014,\N,98,Comedy
7644424,tt3203528,movie,Bad Samaritan,Bad Samaritan,0,2018,\N,110,"Crime,Drama,Horror"
7644659,tt3203606,movie,Trumbo,Trumbo,0,2015,\N,124,"Biography,Drama"
7644661,tt3203616,movie,The Cobbler,The Cobbler,0,2014,\N,99,"Comedy,Drama,Fantasy"
7648564,tt3205376,movie,Slow West,Slow West,0,2015,\N,84,"Adventure,Drama,Romance"
7650830,tt32059878,movie,The Crucifix: Blood of the Exorcist,The Crucifix: Blood of the Exorcist,0,2025,\N,94,Horror
7651952,tt32063050,movie,Bridget Jones: Mad About the Boy,Bridget Jones: Mad About the Boy,0,2025,\N,124,"Comedy,Drama,Romance"
7652262,tt32063721,movie,Blackwoods,Blackwoods,0,2024,\N,75,Drama
7653252,tt3206586,movie,¿Quién paga la cuenta?,¿Quién paga la cuenta?,0,2013,\N,110,"Comedy,Drama"
7654929,tt32080876,movie,Dragon,Dragon,0,2025,\N,157,"Comedy,Drama,Romance"
7663276,tt32106176,movie,Kesari Veer,Kesari Veer,0,2025,\N,161,"Action,Drama,History"
7663409,tt3210686,movie,Son of God,Son of God,0,2014,\N,138,"Biography,Drama,History"
7666646,tt32116841,movie,Pasi Enkira Desiyanooi,Pasi Enkira Desiyanooi,0,2024,\N,73,"Documentary,Drama"
7668719,tt32123395,movie,Altered,Altered,0,2025,\N,87,"Action,Sci-Fi"
7670869,tt3212812,movie,My Mom Is a Character 2,Minha Mãe é uma Peça 2,0,2016,\N,88,Comedy
7675124,tt32141059,movie,The Story of Short Stack,The Story of Short Stack,0,2011,\N,\N,Documentary
7677918,tt32149766,short,The Coin,The Coin,0,2024,\N,6,"Horror,Short"
7677963,tt32149847,movie,Drop,Drop,0,2025,\N,95,"Drama,Mystery,Thriller"
7678866,tt32151707,movie,Kaniela. The Danny Kaleikini Story,Kaniela. The Danny Kaleikini Story,0,2024,\N,79,Documentary
7678998,tt3215220,movie,Rock for Kamtis,Rock for Kamtis,0,2013,\N,\N,"Documentary,Music"
7679056,tt32152390,movie,Bologna brigante,Bologna brigante,0,2024,\N,\N,"Comedy,Drama"
7679189,tt3215356,movie,Vanakkam Chennai,Vanakkam Chennai,0,2013,\N,143,"Comedy,Romance"
7679934,tt3215824,movie,Those Who Wish Me Dead,Those Who Wish Me Dead,0,2021,\N,100,"Action,Drama,Thriller"
7680754,tt32159989,movie,After the Hunt,After the Hunt,0,2025,\N,138,"Crime,Drama,Thriller"
7682214,tt3216348,movie,Incarnate,Incarnate,0,2016,\N,87,"Horror,Thriller"
7687169,tt32178949,movie,The Seed of the Sacred Fig,Dane-ye anjir-e ma'abed,0,2024,\N,167,"Crime,Drama,Thriller"
7695532,tt32204858,movie,Late Shift,Heldin,0,2025,\N,92,"Drama,Thriller"
7698890,tt32214143,movie,Gabby's Dollhouse: The Movie,Gabby's Dollhouse: The Movie,0,2025,\N,98,"Adventure,Animation,Comedy"
7699004,tt32214413,movie,The Wedding Banquet,The Wedding Banquet,0,2025,\N,103,"Comedy,Romance"
7701098,tt32221196,movie,One of Them Days,One of Them Days,0,2025,\N,97,Comedy
7702606,tt32223398,movie,Jaat,Jaat,0,2025,\N,158,"Action,Crime,Drama"
7704490,tt32229864,movie,Summer on a solitary beach,Summer on a solitary beach,0,2024,\N,100,"Adventure,Drama"
7709824,tt3224458,movie,A Beautiful Day in the Neighborhood,A Beautiful Day in the Neighborhood,0,2019,\N,109,"Biography,Drama,Family"
7710863,tt32246771,movie,Bring Her Back,Bring Her Back,0,2025,\N,104,"Horror,Mystery"
7714090,tt3225780,short,Bright Red,Vermelho Vivo,0,2014,\N,\N,"Crime,Mystery,Short"
7715115,tt32260498,movie,GHOST: Rite Here Rite Now,Rite Here Rite Now,0,2024,\N,145,Music
7718629,tt3227034,movie,Duniya,Duniya,0,2007,\N,140,Drama
7720729,tt32276913,movie,Fine Young Men,Hombres Íntegros,0,2024,\N,89,"Drama,Thriller"
7724210,tt32284154,movie,Rekhachithram,Rekhachithram,0,2025,\N,147,"Drama,Mystery,Thriller"
7725058,tt3228774,movie,Cruella,Cruella,0,2021,\N,134,"Adventure,Comedy,Crime"
7728278,tt3229520,short,Por qué no me tocó ser Michael Keaton?,Por qué no me tocó ser Michael Keaton?,0,2008,\N,15,"Comedy,Short"
7729187,tt32298285,movie,Sirat,Sirât,0,2025,\N,115,"Action,Adventure,Drama"
7729921,tt32299316,movie,Dangerous Animals,Dangerous Animals,0,2025,\N,98,"Horror,Thriller"
7732791,tt3231054,movie,Risen,Risen,0,2016,\N,107,"Action,Drama,History"
7737193,tt32321317,movie,Pillion,Pillion,0,2025,\N,106,"Comedy,Drama,Romance"
7738238,tt32323252,movie,Christy,Christy,0,2025,\N,135,"Biography,Drama,History"
7740967,tt32332404,movie,Keeper,Keeper,0,2025,\N,99,Horror
7749761,tt3235888,movie,It Follows,It Follows,0,2014,\N,100,"Horror,Mystery,Thriller"
7750012,tt32359625,short,Dancing in the Moonlight,Dancing in the Moonlight,0,2023,\N,15,"Drama,Romance,Short"
7750843,tt3236120,movie,I'll See You in My Dreams,I'll See You in My Dreams,0,2015,\N,92,"Comedy,Drama,Romance"
7753654,tt32369229,movie,Blood Brothers: Fury of the Dragon,Blood Brothers: Bara Naga,0,2025,\N,129,"Action,Crime,Drama"
7754636,tt32373178,video,Autemials - Concert for Evrensel College Foreign Languages Festival 2022,Autemials - Concert for Evrensel College Foreign Languages Festival 2022,0,2022,\N,8,"Music,Short"
7754762,tt32373420,video,Autemials - Concert for Evrensel College Foreign Languages Festival 2023,Autemials - Concert for Evrensel College Foreign Languages Festival 2023,0,2023,\N,10,"Music,Short"
7773921,tt32430706,short,E-Lone,E-Lone,0,2019,\N,5,"Drama,Short"
7774037,tt32430935,short,Fisherman's Burden,Fisherman's Burden,0,2024,\N,18,"Crime,Drama,Short"
7780522,tt32448239,movie,Dracula,Dracula,0,2025,\N,170,"Comedy,Horror,Musical"
7784653,tt32461003,movie,The Last Supper,The Last Supper,0,2025,\N,114,"Drama,History"
7790650,tt32478158,short,Lamiai,Lamiai,0,2024,\N,10,"Fantasy,Short"
7790929,tt32478708,movie,Close to Me,Muori di lei,0,2025,\N,103,"Crime,Drama,Thriller"
7795573,tt32491615,short,El Sr. Risitas,El Sr. Risitas,0,2024,\N,\N,"Short,Thriller"
7798559,tt32499484,short,Stroke King,Stroke King,0,2024,\N,\N,"Comedy,Short"
7798826,tt32500092,video,Autemials - Concert for Evrensel College Republic Day Festival 2022,Autemials - Concert for Evrensel College Republic Day Festival 2022,0,2022,\N,10,"Music,Short"
7801443,tt32508095,short,No te vayas todavía,No te vayas todavía,0,2024,\N,\N,"Drama,Short"
7802038,tt32509253,short,Lost,Lost,0,2024,\N,5,"Drama,Short"
7803807,tt32513734,short,Nico & Damián: Quieren plata,Nico & Damián: Quieren plata,0,\N,\N,\N,"Comedy,Short"
7803968,tt32513978,video,Autemials - Concert for Evrensel College Youth and Sports Day Festival 2023,Autemials - Concert for Evrensel College Youth and Sports Day Festival 2023,0,2023,\N,19,"Music,Short"
7812315,tt3253930,movie,Marshland,La isla mínima,0,2014,\N,105,"Crime,Mystery,Thriller"
7813922,tt32544327,short,I Know Whatcha Did,I Know Whatcha Did,0,2024,\N,3,"Horror,Short"
7818553,tt32558992,movie,Heart Eyes,Heart Eyes,0,2025,\N,97,"Comedy,Horror,Mystery"
7818877,tt32559920,short,1924 - The Kakori Project,1924 - The Kakori Project,0,2024,\N,5,"Drama,History,Short"
7827075,tt3258080,movie,The Candidate,Kandidát,0,2013,\N,106,"Comedy,Thriller"
7829971,tt32591435,movie,Soloz: Game of Life,Soloz: Game of Life,0,2025,\N,139,"Biography,Drama,Sport"
7830724,tt3259320,movie,Flight from Hell,Jue min hang ban,0,2014,\N,86,"Action,Adventure,Fantasy"
7832158,tt32597616,movie,Frka,Frka,0,2024,\N,109,"Comedy,Drama,Thriller"
7833116,tt3259968,movie,The Wrath of Vajra,Jin Gang Wang: Si wang jiu shu,0,2013,\N,111,"Action,Fantasy"
7837249,tt3261302,movie,Dinosaur Island,Dinosaur Island,0,2014,\N,82,"Adventure,Family,Sci-Fi"
7840410,tt3262342,movie,Loving Vincent,Loving Vincent,0,2017,\N,94,"Animation,Drama,Mystery"
7842877,tt32629192,short,Siempre aburrido,Siempre aburrido,0,2024,\N,\N,"Drama,Short"
7844775,tt32634271,movie,Dongji Rescue,Dong Ji Dao,0,2025,\N,133,"Action,Drama,Thriller"
7847134,tt3263904,movie,Sully,Sully,0,2016,\N,96,"Biography,Drama,History"
7857014,tt3265506,movie,Blowfly Park,Flugparken,0,2014,\N,96,"Drama,Thriller"
7857363,tt32655740,short,The Perilous Tale of Pirouetta,The Perilous Tale of Pirouetta,0,2024,\N,10,"Drama,Short"
7858218,tt32657816,short,Sparks 2048,Sparks 2048,0,2024,\N,10,"Action,Adventure,Comedy"
7859475,tt3265990,movie,Little Teo,Teo Em,0,2013,\N,99,"Adventure,Comedy,Drama"
7860553,tt3266724,movie,Black Rose,Black Rose,0,2014,\N,83,"Action,Crime,Drama"
7864802,tt3268668,movie,Captive,Captive,0,2015,\N,97,"Action,Biography,Crime"
7867052,tt3272066,movie,Reminiscence,Reminiscence,0,2021,\N,116,"Mystery,Romance,Sci-Fi"
7875828,tt3274666,movie,The Three Musketeers,Tri mushketera,0,2013,\N,112,Adventure
7875865,tt3274728,movie,Startap,Startap,0,2014,\N,92,"Biography,Drama"
7884697,tt32768323,movie,The Assessment,The Assessment,0,2024,\N,114,"Drama,Sci-Fi"
7885322,tt3276924,movie,Heist,Heist,0,2015,\N,93,"Action,Crime,Drama"
7889342,tt3278330,movie,Tale of Tales,Il racconto dei racconti - Tale of Tales,0,2015,\N,134,"Drama,Fantasy,Horror"
7889479,tt3278540,movie,A Nice Girl Like You,A Nice Girl Like You,0,2020,\N,94,"Comedy,Romance"
7890850,tt32792934,movie,The Plague,The Plague,0,2025,\N,98,"Drama,Thriller"
7893363,tt3280262,movie,Cult of Chucky,Cult of Chucky,0,2017,\N,91,"Horror,Thriller"
7893964,tt3280730,movie,Moshi Monsters: The Movie,Moshi Monsters: The Movie,0,2013,\N,81,"Adventure,Animation,Comedy"
7898008,tt3281548,movie,Little Women,Little Women,0,2019,\N,135,"Drama,Romance"
7898669,tt3282076,movie,Domino,Domino,0,2019,\N,89,"Crime,Thriller"
7898788,tt32820897,movie,Demon Slayer: Kimetsu no Yaiba Infinity Castle,Gekijô-ban Kimetsu no Yaiba Mugen Jô-hen,0,2025,\N,155,"Action,Adventure,Animation"
7905543,tt32843325,movie,Creation of the Gods II: Demon Force,Feng Shen 2: Zhan huo Xi qi,0,2025,\N,145,"Action,Drama,Fantasy"
7905565,tt32843349,movie,"Sorry, Baby","Sorry, Baby",0,2025,\N,103,"Comedy,Drama"
7906686,tt3284618,movie,Pane e burlesque,Pane e burlesque,0,2014,\N,86,Comedy
7910793,tt32851910,movie,Peg O' My Heart,Suk Mung,0,2024,\N,97,"Crime,Drama,Horror"
7912923,tt32858075,short,Olhos Recuperados,Olhos Recuperados,0,2023,\N,9,Short
7915106,tt32868274,movie,Haye Bibiye Kithe Fas Gaye,Haye Bibiye Kithe Fas Gaye,0,2024,\N,123,Drama
7916689,tt32872909,short,Dayuhan,Dayuhan,0,2024,\N,\N,"Sci-Fi,Short"
7922113,tt32886926,movie,Bet on Black,Bet on Black,0,2024,\N,\N,"Comedy,Horror,Mystery"
7925377,tt3289194,short,Skelf,Skelf,0,2013,\N,3,"Horror,Short,Thriller"
7926610,tt3289724,movie,Welcome to Marwen,Welcome to Marwen,0,2018,\N,116,"Biography,Comedy,Drama"
7926646,tt3289728,movie,Equals,Equals,0,2015,\N,101,"Drama,Romance,Sci-Fi"
7927537,tt3289956,movie,The Autopsy of Jane Doe,The Autopsy of Jane Doe,0,2016,\N,86,"Horror,Mystery,Thriller"
7927945,tt32902986,short,Pesadilla Amarilla,Pesadilla Amarilla,0,2024,\N,4,"Short,Thriller"
7931921,tt3291150,movie,The Expendables 4,Expend4bles,0,2023,\N,103,"Action,Adventure,Thriller"
7933449,tt32916440,movie,Marty Supreme,Marty Supreme,0,2025,\N,149,"Drama,Sport"
7939322,tt3296908,movie,The Man with the Iron Heart,HHhH,0,2017,\N,120,"Action,Biography,Thriller"
7940694,tt32982610,movie,Mirreyes contra Godínez: Las Vegas,Mirreyes contra Godínez: Las Vegas,0,2025,\N,90,Comedy
7942139,tt3298600,movie,The Midwife,Kätilö,0,2015,\N,119,"Drama,History,Romance"
7942783,tt3298690,movie,Dubrovskiy,Dubrovskiy,0,2014,\N,123,Drama
7946150,tt3300542,movie,London Has Fallen,London Has Fallen,0,2016,\N,99,"Action,Thriller"
7946164,tt3300572,movie,Stung,Stung,0,2015,\N,87,"Action,Adventure,Comedy"
7947444,tt3300904,movie,Mountain of the Moon,Chander Pahar,0,2013,\N,148,"Action,Adventure,Mystery"
7947680,tt3300946,short,What Makes Me Tic?,What Makes Me Tic?,0,2013,\N,40,"Biography,Documentary,Short"
7947698,tt3300980,movie,The 12th Man,Den 12. mann,0,2017,\N,135,"Drama,History,Thriller"
7948389,tt33014583,movie,Dhurandhar,Dhurandhar,0,2025,\N,214,"Action,Adventure,Crime"
7950817,tt33022710,movie,Ocean with David Attenborough,Ocean with David Attenborough,0,2025,\N,95,Documentary
7950925,tt33022831,short,Sandblock,Sandblock,0,2023,\N,1,Short
7953200,tt33030107,movie,The Mohican,Le Mohican,0,2024,\N,87,"Crime,Drama,Thriller"
7953951,tt33034103,movie,Am I Racist?,Am I Racist?,0,2024,\N,100,"Comedy,Documentary"
7958221,tt33039045,movie,Graduation Heist,100 dni do matury,0,2025,\N,110,"Action,Comedy"
7959919,tt33041218,short,Cow,Cow,0,2024,\N,8,"Comedy,Sci-Fi,Short"
7968956,tt3305248,movie,Lady Vampire,Nieng arp,0,2004,\N,151,Horror
7972805,tt33057137,movie,Prisoner of War,Prisoner of War,0,2025,\N,112,"Action,Thriller,War"
7974781,tt33059737,short,Finding Her Voice,Finding Her Voice,0,2024,\N,8,"Drama,Short"
7976673,tt33061916,short,Obsolescência Programada,Obsolescência Programada,0,2024,\N,14,"Sci-Fi,Short"
7999811,tt33088452,movie,Regretting You,Regretting You,0,2025,\N,116,"Drama,Romance"
7999823,tt33088466,movie,The Chicken Nugget Man,The Chicken Nugget Man,0,2023,\N,\N,Action
8013476,tt3312830,movie,Youth,Youth,0,2015,\N,124,"Comedy,Drama,Music"
8013888,tt33131023,short,Something Was in the Tunnels Vol. 1,Something Was in the Tunnels,0,2025,\N,25,"Crime,Horror,Mystery"
8014288,tt33131487,short,Road to Harvard,Road to Harvard,0,2023,\N,15,"Family,Short"
8015228,tt33135843,tvMovie,The Painter,The Painter,0,2024,\N,3,Horror
8018735,tt3315342,movie,Logan,Logan,0,2017,\N,137,"Action,Drama,Sci-Fi"
8019218,tt3316302,movie,Beyond Beauty: Taiwan from Above,Beyond Beauty: Taiwan from Above,0,2013,\N,93,"Documentary,Drama"
8021018,tt3316948,movie,American Ultra,American Ultra,0,2015,\N,96,"Action,Comedy"
8021022,tt3316960,movie,Still Alice,Still Alice,0,2014,\N,101,Drama
8021147,tt33172332,short,The Time Loop,The Time Loop,0,2024,\N,9,"Horror,Short"
8024802,tt3319730,movie,The Mercy,The Mercy,0,2018,\N,112,"Adventure,Biography,Drama"
8024897,tt3319920,movie,Regression,Regression,0,2015,\N,106,"Crime,Drama,Mystery"
8027813,tt3320542,movie,Ugramm,Ugramm,0,2014,\N,132,"Action,Crime,Drama"
8027831,tt3320578,movie,Veeram,Veeram,0,2014,\N,161,"Action,Comedy,Drama"
8028318,tt3321428,movie,Torrente 5,Torrente 5: Operación Eurovegas,0,2014,\N,105,"Action,Comedy"
8028803,tt3322364,movie,Concussion,Concussion,0,2015,\N,123,"Biography,Drama,Sport"
8028834,tt3322420,movie,Queen,Queen,0,2013,\N,146,"Adventure,Comedy,Drama"
8029263,tt3322940,movie,Annabelle,Annabelle,0,2014,\N,99,"Horror,Mystery,Thriller"
8030190,tt33235979,movie,Light of the World,Light of the World,0,2025,\N,91,"Animation,Drama,Family"
8032421,tt33244668,movie,Anaconda,Anaconda,0,2025,\N,99,"Action,Adventure,Comedy"
8034515,tt33247023,movie,Splitsville,Splitsville,0,2025,\N,104,Comedy
8049781,tt33292348,movie,Le tueur du premier mai,Le tueur du premier mai,0,2024,\N,67,Horror
8049849,tt3329246,movie,Pizza II: Villa,Pizza II: Villa,0,2013,\N,102,"Horror,Thriller"
8050172,tt33292816,movie,Deciphering the Zodiac Killer,Deciphering the Zodiac Killer,0,2023,\N,86,"Crime,Documentary"
8055121,tt33298252,movie,Rabia,Rabia,0,2024,\N,94,Drama
8060169,tt33307282,movie,You'll Be Hurt When I'm Done,You'll Be Hurt When I'm Done,0,2024,\N,100,Comedy
8062977,tt33310656,short,Better Be Clever,Better Be Clever,0,2024,\N,\N,"Comedy,Short"
8064377,tt33312280,movie,The Unwavering Brotherhood,Jat jik 3,0,2024,\N,94,Crime
8065809,tt3331846,movie,Stand by Me Doraemon,Stand by Me Doraemon,0,2014,\N,95,"Animation,Comedy,Drama"
8067669,tt3332064,movie,Pan,Pan,0,2015,\N,111,"Action,Adventure,Comedy"
8067864,tt33320882,movie,Duyung: Legenda Aurora,Duyung: Legenda Aurora,0,2025,\N,97,"Adventure,Comedy,Fantasy"
8070016,tt3332410,movie,The Magic Snowflake,L'apprenti Père Noël et le flocon magique,0,2013,\N,82,"Adventure,Animation,Comedy"
8079954,tt3334374,movie,Mother,Moor,0,2015,\N,100,Drama
8081855,tt33348127,movie,Back to the Past,Chum Chun Gei,0,2025,\N,107,"Action,Adventure,Comedy"
8091530,tt33366696,movie,Gayong,Gayong,0,2025,\N,110,"Action,Biography,Drama"
8092722,tt33367899,movie,Norocosii,Norocosii,0,2025,\N,85,Comedy
8095053,tt33372494,movie,Lokah Chapter One: Chandra,Lokah Chapter 1: Chandra,0,2025,\N,151,"Action,Fantasy"
8101661,tt33381728,movie,Ejen Ali: The Movie 2,Ejen Ali the Movie 2,0,2025,\N,115,"Action,Adventure,Animation"
8102167,tt33382323,movie,The Holy Boy,La valle dei sorrisi,0,2025,\N,122,"Drama,Horror"
8102900,tt3338310,movie,Ostrov vezeniya,Ostrov vezeniya,0,2013,\N,82,"Adventure,Comedy"
8104448,tt33384687,short,Mama's geheim,Mama's geheim,0,2024,\N,\N,"Drama,Family,Mystery"
8108714,tt33397897,movie,Un funeral de locos,Un funeral de locos,0,2025,\N,95,Comedy
8111435,tt33401152,tvMovie,Confessions of a Christmas Letter,Confessions of a Christmas Letter,0,2024,\N,84,Drama
8112519,tt3341170,movie,Sapore di te,Sapore di te,0,2014,\N,101,"Comedy,Romance"
8114583,tt33422468,movie,PAPmusic - Animation for Fashion,PAPmusic - Animation for Fashion,0,2024,\N,85,"Animation,Drama,Music"
8120311,tt3345952,movie,Antidote,Panzehir,0,2014,\N,125,"Action,Crime,Drama"
8123770,tt33477058,movie,Conquering Skin Cancer,Conquering Skin Cancer,0,2024,\N,90,Documentary
8126709,tt33480194,movie,Gulaabi,Gulaabi,0,2024,\N,149,Drama
8131344,tt3348730,movie,Jigsaw,Jigsaw,0,2017,\N,92,"Horror,Mystery,Thriller"
8137028,tt33501981,short,"Le rose, le bleu","Le rose, le bleu",0,2024,\N,\N,Short
8140827,tt33506157,movie,Frica De Noapte,Frica De Noapte,0,2024,\N,\N,"Horror,Thriller"
8142021,tt33507467,short,Candy,Candy,0,2025,\N,10,"Horror,Short"
8145381,tt33511110,short,Enough Is Enough,Enough Is Enough,0,2024,\N,41,"Drama,Short"
8149220,tt3352390,movie,Friend Request,Friend Request,0,2016,\N,92,"Horror,Mystery,Thriller"
8152087,tt33540970,movie,Captain Sabertooth and the Countess of Grel,Kaptein Sabeltann og Grevinnen av Gral,0,2025,\N,77,"Adventure,Animation,Family"
8153552,tt33549447,movie,Anemone,Anemone,0,2025,\N,125,Drama
8165084,tt3361792,movie,Tolkien,Tolkien,0,2019,\N,112,"Biography,Drama,Romance"
8173672,tt33680241,short,leave the door open,leave the door open,0,2024,\N,2,"Romance,Short"
8175338,tt3369096,movie,Paisa,Paisa,0,2013,\N,138,Drama
8176037,tt3369806,movie,Max,Max,0,2015,\N,111,"Adventure,Drama,Family"
8180389,tt3371366,movie,Transformers: The Last Knight,Transformers: The Last Knight,0,2017,\N,154,"Action,Adventure,Comedy"
8186524,tt3375286,movie,Bunny the Killer Thing,Bunny the Killer Thing,0,2015,\N,88,"Action,Comedy,Horror"
8191791,tt3380264,movie,Kill Dil,Kill Dil,0,2014,\N,127,"Action,Comedy,Drama"
8192987,tt3381008,movie,The Brothers Grimsby,Grimsby,0,2016,\N,83,"Action,Adventure,Comedy"
8195367,tt33821001,movie,Apna Amitabh,Apna Amitabh,0,2025,\N,108,"Comedy,Drama,Family"
8195419,tt3382148,movie,Yaariyan,Yaariyan,0,2014,\N,145,"Drama,Romance"
8197483,tt33839105,movie,Dongeng Sang Kancil,Dongeng Sang Kancil,0,2024,\N,99,"Adventure,Animation,Comedy"
8199093,tt3385516,movie,X-Men: Apocalypse,X-Men: Apocalypse,0,2016,\N,144,"Action,Adventure,Sci-Fi"
8199099,tt3385524,movie,Stan & Ollie,Stan & Ollie,0,2018,\N,98,"Biography,Comedy,Drama"
8200121,tt3387266,movie,A United Kingdom,A United Kingdom,0,2016,\N,111,"Biography,Drama,History"
8200287,tt3387520,movie,Scary Stories to Tell in the Dark,Scary Stories to Tell in the Dark,0,2019,\N,108,"Adventure,Horror,Mystery"
8200302,tt3387542,movie,The Forest,The Forest,0,2016,\N,93,"Horror,Mystery,Thriller"
8201340,tt33887027,movie,The Octopus,The Octopus,0,2000,\N,107,Drama
8204101,tt3390572,movie,Haider,Haider,0,2014,\N,160,"Action,Crime,Drama"
8205920,tt3393786,movie,Jack Reacher: Never Go Back,Jack Reacher: Never Go Back,0,2016,\N,118,"Action,Thriller"
8210419,tt3397884,movie,Sicario,Sicario,0,2015,\N,121,"Action,Crime,Drama"
8210553,tt3398048,movie,Tevar,Tevar,0,2015,\N,157,"Action,Drama,Romance"
8210585,tt3398066,movie,Christian Mingle,Christian Mingle,0,2014,\N,103,"Comedy,Drama,Family"
8213763,tt3399024,movie,Samba,Samba,0,2014,\N,118,"Comedy,Drama,Romance"
8215188,tt3399462,movie,Oka Laila Kosam,Oka Laila Kosam,0,2014,\N,150,"Comedy,Romance"
8216520,tt33996352,movie,Miss Moxy,Miss Moxy,0,2025,\N,88,"Adventure,Animation,Comedy"
8222691,tt3401882,movie,Fist Fight,Fist Fight,0,2017,\N,91,Comedy
8222847,tt3402138,movie,The Naked Gun,The Naked Gun,0,2025,\N,85,"Action,Comedy,Crime"
8222903,tt3402236,movie,Murder on the Orient Express,Murder on the Orient Express,0,2017,\N,114,"Comedy,Crime,Drama"
8223480,tt3403142,movie,The Scent of Wheat,Booye Gandom,0,2010,\N,84,Drama
8232438,tt3410834,movie,The Divergent Series: Allegiant,The Divergent Series: Allegiant,0,2016,\N,120,"Action,Adventure,Fantasy"
8233118,tt3411432,movie,All Creatures Big And Small,Ooops! Noah Is Gone...,0,2015,\N,87,"Adventure,Animation,Comedy"
8233125,tt3411444,movie,Ferdinand,Ferdinand,0,2017,\N,108,"Adventure,Animation,Comedy"
8238562,tt34149131,short,Back to the past,Back to the past,0,2020,\N,30,"Sci-Fi,Short"
8238924,tt34150494,short,Legenda o bejbi,Legenda o bejbi,0,2024,\N,10,"Comedy,Drama,Short"
8240278,tt3415692,movie,Mahabharat,Mahabharat,0,2013,\N,105,"Action,Adventure,Animation"
8241802,tt3416532,movie,A Monster Calls,A Monster Calls,0,2016,\N,108,"Adventure,Drama,Family"
8242244,tt3416742,movie,What We Do in the Shadows,What We Do in the Shadows,0,2014,\N,86,"Comedy,Horror"
8242423,tt3416828,movie,Ice Age: Collision Course,Ice Age: Collision Course,0,2016,\N,94,"Action,Adventure,Animation"
8243118,tt3417422,movie,Drishyam,Drishyam,0,2013,\N,160,"Crime,Drama,Mystery"
8243976,tt34181475,short,Back to the past Part II,Back to the past Part II,0,2022,\N,\N,"Sci-Fi,Short"
8246861,tt34204649,movie,Kabir Azabi: Insi ve Cinni,Kabir Azabi: Insi ve Cinni,0,2024,\N,85,Horror
8247752,tt3421354,movie,Objects in Mirror,Ashya dar ayeneh,0,2013,\N,94,"Drama,Family"
8249837,tt3422462,movie,Bangistan,Bangistan,0,2015,\N,135,"Comedy,Drama"
8256146,tt34269281,short,Man About the Town,Man About the Town,0,2024,\N,10,"Documentary,Music,Short"
8256724,tt3427252,movie,The Boogeyman,The Boogeyman,0,2023,\N,98,"Horror,Mystery,Thriller"
8257874,tt34279959,tvMovie,Fadheeha,Fadheeha,0,2000,\N,238,Comedy
8261030,tt34305712,tvMovie,Ah Ya Darb Al Zalaq,Ah Ya Darb Al Zalaq,0,2001,\N,255,Comedy
8261109,tt34305989,tvMovie,Ma Yeseh Ela Al Saheh,Ma Yeseh Ela Al Saheh,0,2002,\N,250,Comedy
8263923,tt34328086,tvMovie,Gadha Wa Nus,Gadha Wa Nus,0,2004,\N,262,Comedy
8264082,tt34329283,tvMovie,Gargean Family,Gargean Family,0,2005,\N,324,Comedy
8264233,tt3433074,movie,Mrs. Brown's Boys D'Movie,Mrs. Brown's Boys D'Movie,0,2014,\N,94,Comedy
8265107,tt34335520,tvMovie,Hameeha Harameeha,Hameeha Harameeha,0,2007,\N,265,Comedy
8265899,tt34341832,tvMovie,Kharba Kharba,Kharba Kharba,0,2008,\N,245,Comedy
8265998,tt34341936,tvMovie,Bu sara fil imara,Bu sara fil imara,0,2009,\N,255,Comedy
8266914,tt34348048,tvMovie,Bakheet Wa Bakheeta,Bakheet Wa Bakheeta,0,2010,\N,225,Comedy
8268095,tt3435632,movie,Micropolis,Micropolis,0,2011,\N,79,"Animation,Comedy"
8268791,tt34361578,short,In the Car,In the Car,0,2024,\N,15,"Crime,Short"
8269200,tt34365591,movie,Mahavatar Narsimha,Mahavatar Narsimha,0,2024,\N,130,"Action,Animation,Drama"
8270238,tt34371053,tvMovie,Below Zero,Below Zero,0,2013,\N,232,Comedy
8270504,tt34373216,tvMovie,The schmuck in London,The schmuck in London,0,2014,\N,205,Comedy
8270603,tt34374018,tvMovie,Unfollow,Unfollow,0,2015,\N,230,Comedy
8276542,tt34381884,movie,Milagre Vivo,Milagre Vivo,0,2024,\N,\N,Documentary
8277990,tt3438354,movie,I Can Quit Whenever I Want,Smetto quando voglio,0,2014,\N,100,"Comedy,Crime"
8279710,tt34385571,tvMovie,Weld Batenha,Weld Batenha,0,2017,\N,227,Comedy
8279918,tt34385817,tvMovie,Antar Al Mufaltar,Antar Al Mufaltar,0,2019,\N,220,Comedy
8279948,tt34385849,tvMovie,Halwasa,Halwasa,0,2021,\N,220,Comedy
8285464,tt3442006,movie,Cake,Cake,0,2014,\N,102,Drama
8287103,tt3442634,movie,Absolution,Henkesi edestä,0,2015,\N,92,"Drama,Thriller"
8289799,tt34442533,short,Lunar Dark,Lunar Dark,0,2024,\N,1,"Sci-Fi,Short"
8294744,tt34473219,short,"Being Here, Dreaming There","Being Here, Dreaming There",0,2025,\N,3,"Documentary,Short"
8294816,tt3447364,movie,Detective Byomkesh Bakshy!,Detective Byomkesh Bakshy!,0,2015,\N,139,"Crime,Drama,Mystery"
8295159,tt3447590,movie,Matilda: The Musical,Matilda: The Musical,0,2022,\N,117,"Comedy,Drama,Family"
8297344,tt34487780,movie,Différente,Différente,0,2025,\N,100,"Comedy,Drama"
8298809,tt34494428,movie,Samuel: Hollywood vs. Hollywood,Samuel: Hollywood vs. Hollywood,0,2024,\N,109,Biography
8299044,tt34496292,video,Dis-topia,Dis-topia,0,2024,\N,159,Musical
8300691,tt3450650,movie,Paul Blart: Mall Cop 2,Paul Blart: Mall Cop 2,0,2015,\N,94,"Action,Comedy,Crime"
8301198,tt3450900,movie,The Sea of Trees,The Sea of Trees,0,2015,\N,110,"Drama,Fantasy,Mystery"
8301317,tt3450958,movie,War for the Planet of the Apes,War for the Planet of the Apes,0,2017,\N,140,"Action,Adventure,Drama"
8301932,tt34512762,tvMovie,Kombars,Kombars,0,2020,\N,155,Comedy
8302310,tt3451498,movie,Faster Than Rabbits,"Bystree, chem kroliki",0,2014,\N,99,Comedy
8303813,tt34524450,tvMovie,Al Bab Ya Shabab,Al Bab Ya Shabab,0,2000,\N,222,Comedy
8303922,tt34525360,tvMovie,The beautiful Policewoman,The beautiful Policewoman,0,2001,\N,333,Comedy
8304277,tt34527187,tvMovie,Street of Love,Street of Love,0,2009,\N,200,Comedy
8304324,tt34527846,tvMovie,Oh Ya AL-Kora,Oh Ya AL-Kora,0,2003,\N,190,Comedy
8305106,tt34532484,tvMovie,Yawash Yawash,Yawash Yawash,0,2005,\N,172,Comedy
8306699,tt3454030,movie,No More Nights and No More Days,No More Nights and No More Days,0,2014,\N,45,"Drama,Romance"
8309981,tt34561042,tvMovie,Awdat Al Tajneed,Awdat Al Tajneed,0,2014,\N,233,Comedy
8310965,tt34566373,tvMovie,Kashta,Kashta,0,2015,\N,166,Comedy
8311118,tt34566840,tvMovie,Mabrook Ma Yakom,Mabrook Ma Yakom,0,2017,\N,230,Comedy
8311197,tt34566924,tvMovie,Attaly Battaly,Attaly Battaly,0,2017,\N,190,Comedy
8315868,tt3458760,movie,The Lucky Man,The Lucky Man,0,2017,\N,98,"Action,Drama,Sci-Fi"
8318090,tt3460252,movie,The Hateful Eight,The Hateful Eight,0,2015,\N,168,"Crime,Drama,Mystery"
8318403,tt3460400,short,Kommivargad,Kommivargad,0,2012,\N,3,Short
8318980,tt34607008,movie,Chasing the Light,Chasing the Light,0,2024,\N,85,Documentary
8319963,tt34609706,tvMovie,The Great Seven,The Great Seven,0,2018,\N,219,Comedy
8320570,tt34611118,tvMovie,Khobz Khebazteh,Khobz Khebazteh,0,2019,\N,240,Comedy
8320949,tt34612621,tvMovie,Qahfiya Wa Ghetra Wa Eqal.,Qahfiya Wa Ghetra Wa Eqal.,0,2021,\N,211,Comedy
8323428,tt34621892,movie,Madly,Follemente,0,2025,\N,98,"Comedy,Romance"
8327128,tt3462710,movie,Unforgettable,Unforgettable,0,2017,\N,100,"Drama,Thriller"
8327416,tt3463244,movie,La buca,La buca,0,2014,\N,90,Comedy
8328101,tt3463848,movie,P.O.V,P.O.V,0,2014,\N,84,Horror
8328253,tt3464018,movie,Patterns of Evidence: Exodus,Patterns of Evidence: Exodus,0,2014,\N,115,"Documentary,History"
8329027,tt3464902,movie,The Lobster,The Lobster,0,2015,\N,119,"Drama,Romance,Sci-Fi"
8333035,tt3467412,movie,Extinction,Extinction,0,2015,\N,112,"Action,Adventure,Drama"
8336371,tt3469046,movie,Despicable Me 3,Despicable Me 3,0,2017,\N,89,"Adventure,Animation,Comedy"
8336978,tt3469244,movie,Phantom,Phantom,0,2015,\N,136,"Action,Drama,Thriller"
8339487,tt3470600,movie,Sing,Sing,0,2016,\N,108,"Animation,Comedy,Family"
8340227,tt3471098,movie,Maggie's Plan,Maggie's Plan,0,2015,\N,98,"Comedy,Drama,Romance"
8340519,tt34714055,movie,Mentorii,Mentorii,0,2025,\N,100,Comedy
8350271,tt34748191,short,Karina,Karina,0,2024,\N,9,Short
8352427,tt34754157,tvSeries,Niran,Niran,0,2000,2000,50,Drama
8356496,tt34773318,short,Un Acto de Violencia Gratuita,Un Acto de Violencia Gratuita,0,2020,\N,4,"Short,Thriller"
8356730,tt3477554,movie,The Snow Queen 2: Magic of the Ice Mirror,Snezhnaya Koroleva 2: Perezamorozka,0,2014,\N,81,"Adventure,Animation,Comedy"
8358605,tt3478962,movie,My King,Mon roi,0,2015,\N,124,"Drama,Romance"
8360942,tt34800088,movie,The Bigfoot prophecy 2,The Bigfoot prophecy 2,0,2024,\N,118,Adventure
8362408,tt3480822,movie,Black Widow,Black Widow,0,2021,\N,134,"Action,Adventure,Sci-Fi"
8364819,tt34819091,movie,The Testament of Ann Lee,The Testament of Ann Lee,0,2025,\N,137,"Biography,Drama,History"
8367505,tt34832848,short,Beach Love,Beach Love,0,2024,\N,5,"Action,Comedy,Short"
8367861,tt3483712,movie,Raja Natwarlal,Raja Natwarlal,0,2014,\N,141,"Crime,Thriller"
8368089,tt34840893,short,10 Years Later,10 Years Later,0,2024,\N,13,"Drama,Short"
8368903,tt3485166,movie,The Pirates,Hae-jeok: Ba-da-ro gan san-jeok,0,2014,\N,130,"Action,Adventure,Comedy"
8370295,tt3486080,movie,Lancaster Skies,Lancaster Skies,0,2019,\N,98,"Action,Drama,War"
8371623,tt3486626,movie,The Nut Job 2: Nutty by Nature,The Nut Job 2: Nutty by Nature,0,2017,\N,91,"Adventure,Animation,Comedy"
8372181,tt34868063,short,La mujer de blanco,La mujer de blanco,0,2024,\N,\N,"Fantasy,Short"
8375786,tt3488328,movie,Pound of Flesh,Pound of Flesh,0,2015,\N,104,"Action,Crime,Thriller"
8376450,tt34886821,movie,Grace,La grazia,0,2025,\N,133,Drama
8376550,tt3488710,movie,The Walk,The Walk,0,2015,\N,123,"Adventure,Biography,Drama"
8390652,tt34949093,movie,El Documental,El Documental,0,2024,\N,151,Talk-Show
8390929,tt3495000,movie,Mardaani,Mardaani,0,2014,\N,113,"Action,Crime,Drama"
8390970,tt3495026,movie,Fan,Fan,0,2016,\N,142,"Action,Drama,Thriller"
8392407,tt34956443,movie,Ne Zha 2,Nezha: Mo tong nao hai,0,2025,\N,144,"Action,Adventure,Animation"
8399265,tt3498820,movie,Captain America: Civil War,Captain America: Civil War,0,2016,\N,147,"Action,Sci-Fi"
8399845,tt3499096,movie,Race,Race,0,2016,\N,134,"Biography,Drama,Sport"
8406341,tt3501632,movie,Thor: Ragnarok,Thor: Ragnarok,0,2017,\N,130,"Action,Adventure,Comedy"
8407143,tt3501994,movie,Hawaa Hawaai,Hawaa Hawaai,0,2014,\N,120,"Drama,Family,Sport"
8408377,tt3502802,movie,Evidence of a Haunting,Evidence of a Haunting,0,2010,\N,80,"Drama,Fantasy,Horror"
8420823,tt3507794,movie,The City of Mice 2,Shahre Moosh'ha 2,0,2014,\N,100,"Adventure,Comedy,Family"
8422314,tt3508112,movie,I'm Not Angry!,Asabani Nistam!,0,2014,\N,110,"Drama,Romance"
8423688,tt3508840,movie,The Assassin,Cike Nie Yinniang,0,2015,\N,105,"Action,Drama,History"
8426426,tt35101356,short,'Lightspeed','Lightspeed',0,2025,\N,30,"Drama,Short"
8427209,tt3510520,movie,Negar's Role,Negar's Role,0,2014,\N,105,Drama
8427762,tt35108605,short,Deformed Analog Personality,Deformed Analog Personality,0,2024,\N,14,"Documentary,Short"
8429144,tt35114517,short,Qissat Shurti,Qissat Shurti,0,2022,\N,18,"Crime,Short"
8429158,tt35114531,short,Sadrah Poem of Blood,Sadrah Poem of Blood,0,2025,\N,17,"Drama,Short"
8429831,tt3511596,movie,Close Range,Close Range,0,2015,\N,80,"Action,Crime,Thriller"
8430570,tt3512072,movie,125 Years Memory,Kainan 1890,0,2015,\N,132,"Drama,History"
8430801,tt35121660,movie,Money Games,Money Games,0,2025,\N,100,"Action,Comedy,Crime"
8431830,tt35127969,short,The Mixtape for the End of the World,The Mixtape for the End of the World,0,2025,\N,10,"Adventure,Short"
8432374,tt3513068,movie,Twice Upon a Time in the West,Twice Upon a Time in the West,0,2015,\N,97,"Comedy,Drama,Thriller"
8433116,tt3513498,movie,The Lego Movie 2: The Second Part,The Lego Movie 2: The Second Part,0,2019,\N,107,"Adventure,Animation,Comedy"
8433117,tt3513500,movie,Chip 'n Dale: Rescue Rangers,Chip 'n Dale: Rescue Rangers,0,2022,\N,97,"Action,Adventure,Animation"
8433295,tt3513548,movie,Richard Jewell,Richard Jewell,0,2019,\N,131,"Biography,Crime,Drama"
8438869,tt3517192,movie,Ohm Shanthi Oshaana,Ohm Shanthi Oshaana,0,2014,\N,136,"Comedy,Romance"
8444228,tt3521126,movie,The Disaster Artist,The Disaster Artist,0,2017,\N,104,"Biography,Comedy,Drama"
8444250,tt3521164,movie,Moana,Moana,0,2016,\N,107,"Adventure,Animation,Comedy"
8444275,tt3521228,movie,The Lion Men,The Lion Men,0,2014,\N,130,Comedy
8444333,tt35213416,short,Trou story,Trou story,0,2024,\N,6,"Comedy,Short,Thriller"
8445147,tt35220086,movie,Close Ur Kopitiam,Close Ur Kopitiam,0,2025,\N,105,"Comedy,Drama"
8447087,tt3522806,movie,Mechanic: Resurrection,Mechanic: Resurrection,0,2016,\N,98,"Action,Adventure,Thriller"
8448580,tt35231039,movie,Kokuho,Kokuhô,0,2025,\N,174,Drama
8451042,tt3523996,movie,Blues for Life,Blues for Life,0,2016,\N,111,Crime
8451933,tt3524254,short,Star Beast,Star Beast,0,2011,\N,3,"Sci-Fi,Short"
8452370,tt3524530,movie,Comic 8,Comic 8,0,2014,\N,106,"Action,Comedy,Crime"
8455251,tt35257669,movie,Situationship,"Situationship: Combinatii, nu relatii",0,2025,\N,95,"Comedy,Romance"
8456622,tt3526408,movie,Yellowbird,"Gus - Petit oiseau, grand voyage",0,2014,\N,90,"Adventure,Animation,Comedy"
8457132,tt35264667,short,The Path,The Path,0,2025,\N,\N,"Drama,Short"
8466094,tt3529612,movie,River of Fundament,River of Fundament,0,2014,\N,319,"Drama,Music"
8466616,tt3530002,movie,The Night Before,The Night Before,0,2015,\N,101,"Comedy,Fantasy"
8469907,tt35305134,short,Retro 45.7: The Theory of MDTC,Retro 45.7: The Theory of MDTC,0,2024,\N,32,"Romance,Sci-Fi,Short"
8471590,tt3530978,movie,Correspondence,La corrispondenza,0,2016,\N,122,"Drama,Romance"
8472732,tt35314383,movie,Boonie Bears: Future Reborn,Xiong Chu Mo: Chong Qi Wei Lai,0,2025,\N,109,"Animation,Comedy,Sci-Fi"
8473870,tt3531824,movie,Nerve,Nerve,0,2016,\N,96,"Adventure,Crime,Drama"
8475155,tt3532216,movie,American Made,American Made,0,2017,\N,115,"Action,Comedy,Crime"
8483437,tt35353926,movie,Moongazer's Moonlight Reverie,Moongazer's Moonlight Reverie,0,2024,\N,223,\N
8492083,tt3540136,movie,Wolf Warrior,Zhan lang,0,2015,\N,90,"Action,Crime,Thriller"
8494156,tt3541262,movie,The Admiral: Roaring Currents,Myeong-ryang,0,2014,\N,128,"Action,History,War"
8495557,tt35419747,movie,Kulit Wayang,Kulit Wayang,0,2025,\N,99,"Fantasy,Horror"
8498693,tt3543478,movie,Er Conde Suelto In Hollywood,Er Conde Suelto In Hollywood,0,2014,\N,\N,Comedy
8500212,tt3544112,movie,Sing Street,Sing Street,0,2016,\N,106,"Comedy,Drama,Music"
8506480,tt35469431,short,Reincarnation,Reincarnation,0,2025,\N,\N,"Sci-Fi,Short"
8508296,tt3547740,movie,The Bélier Family,La famille Bélier,0,2014,\N,106,"Comedy,Drama,Music"
8521153,tt35521922,movie,Good Boy,Good Boy,0,2025,\N,72,"Horror,Thriller"
8524705,tt3553442,movie,Whiskey Tango Foxtrot,Whiskey Tango Foxtrot,0,2016,\N,112,"Biography,Comedy,Drama"
8525673,tt3553976,movie,Captain Fantastic,Captain Fantastic,0,2016,\N,118,"Adventure,Comedy,Drama"
8525850,tt3554046,movie,Space Jam: A New Legacy,Space Jam: A New Legacy,0,2021,\N,115,"Adventure,Animation,Comedy"
8527986,tt35551642,short,Johanne Sacreblu,Johanne Sacreblu,0,2025,\N,29,"Comedy,Musical,Romance"
8532852,tt35571290,short,Ten Minutes,Ten Minutes,0,2024,\N,10,"Documentary,Short"
8534152,tt3558190,movie,Vishudhan,Vishudhan,0,2013,\N,132,"Crime,Drama"
8538697,tt35608671,short,Fractured Intimacy,Fractured Intimacy,0,2025,\N,14,"Drama,Short"
8544130,tt3563080,movie,Saya E Khuda E Zuljalal,Saya E Khuda E Zuljalal,0,2016,\N,105,"Action,Drama,History"
8547138,tt3564472,movie,Girls Trip,Girls Trip,0,2017,\N,122,"Adventure,Comedy,Drama"
8548199,tt3565264,movie,Thegidi,Thegidi,0,2014,\N,126,"Crime,Mystery,Thriller"
8549005,tt3565354,movie,Karar: The Deal,Karar: The Deal,0,2014,\N,115,Thriller
8557292,tt35666648,movie,IUME (Atreverse a soñar),IUME (Atreverse a soñar),0,2023,\N,\N,Sci-Fi
8558745,tt3566834,movie,A Minecraft Movie,A Minecraft Movie,0,2025,\N,101,"Action,Adventure,Comedy"
8562829,tt3567288,movie,The Visit,The Visit,0,2015,\N,94,"Horror,Mystery,Thriller"
8565682,tt35676003,movie,Puppies,Puppies,0,2025,\N,97,"Comedy,Romance"
8574297,tt3569230,movie,Legend,Legend,0,2015,\N,132,"Biography,Crime,Drama"
8574443,tt3569356,movie,Not Cool,Not Cool,0,2014,\N,93,"Comedy,Drama,Romance"
8575698,tt3569788,movie,Naan Sigappu Manithan,Naan Sigappu Manithan,0,2014,\N,149,"Action,Crime,Drama"
8584286,tt35727399,movie,A Mouse Hunt for Christmas,Hvis ingen går i fella,0,2025,\N,80,"Comedy,Family"
8589122,tt35755685,short,Sétima Arte é Única!,Sétima Arte é Única!,0,2025,\N,\N,Short
8590561,tt3576728,movie,Bilal: A New Breed of Hero,Bilal: A New Breed of Hero,0,2015,\N,105,"Action,Adventure,Animation"
8590893,tt35768467,short,Duh Praga,Duh Praga,0,2024,\N,7,"Horror,Short"
8597086,tt3581652,movie,West Side Story,West Side Story,0,2021,\N,156,"Crime,Drama,Musical"
8603794,tt35851026,movie,Yadang: The Snitch,Yadang: The Snitch,0,2025,\N,122,"Action,Comedy,Crime"
8620577,tt3591984,movie,The Postman's White Nights,Belye nochi pochtalyona Alekseya Tryapitsyna,0,2014,\N,100,Drama
8623940,tt3593046,movie,Lost in the Sun,Lost in the Sun,0,2015,\N,95,"Action,Drama,Thriller"
8632219,tt3595298,movie,Prem Ratan Dhan Payo,Prem Ratan Dhan Payo,0,2015,\N,164,"Action,Drama,Musical"
8643302,tt3600950,movie,Space Dogs: Adventure to the Moon,Belka i Strelka: Lunnye priklyucheniya,0,2014,\N,90,"Adventure,Animation,Comedy"
8646255,tt3602334,movie,Scherzi: il film,Scherzi: il film,0,2014,\N,96,"Horror,Mystery,Thriller"
8647808,tt36041986,movie,The Last,The Last,0,2025,\N,91,Mystery
8650065,tt3605418,movie,Knock Knock,Knock Knock,0,2015,\N,99,"Crime,Thriller"
8652954,tt3606752,movie,Cars 3,Cars 3,0,2017,\N,102,"Adventure,Animation,Comedy"
8652957,tt3606756,movie,Incredibles 2,Incredibles 2,0,2018,\N,118,"Action,Adventure,Animation"
8653189,tt3606888,movie,A Street Cat Named Bob,A Street Cat Named Bob,0,2016,\N,103,"Biography,Drama,Family"
8654081,tt3607198,movie,Punjab 1984,Punjab 1984,0,2014,\N,159,"Drama,Family,History"
8655269,tt36074964,short,No Way Beyond the Shadow,No Way Beyond the Shadow,0,2025,\N,8,"Drama,Short"
8659558,tt36098942,short,This Is Not the End of The World,This Is Not the End of The World,0,\N,\N,14,"Adventure,Musical,Short"
8662997,tt36113132,movie,Monster Awakens,Monster Awakens,0,2024,\N,74,Horror
8664914,tt3612126,movie,The Grudge,The Grudge,0,2019,\N,94,"Fantasy,Horror"
8666006,tt3612616,movie,Mommy,Mommy,0,2014,\N,139,Drama
8666507,tt36129770,short,The Amazing Life of Molly Star,The Amazing Life of Molly Star,0,2024,\N,8,Short
8668833,tt3614394,movie,Amici come noi,Amici come noi,0,2014,\N,89,Comedy
8669006,tt3614516,movie,Ankhon Dekhi,Ankhon Dekhi,0,2013,\N,107,"Comedy,Drama"
8669010,tt3614530,movie,Jem and the Holograms,Jem and the Holograms,0,2015,\N,118,"Adventure,Drama,Family"
8673843,tt3616292,movie,Dartmoor Killing,Dartmoor Killing,0,2015,\N,94,"Drama,Horror,Mystery"
8675407,tt36168048,short,Psychophänomenologische Inhärenz,Psychophänomenologische Inhärenz,0,2025,\N,\N,"Short,Thriller"
8675732,tt3616916,movie,The Wave,Bølgen,0,2015,\N,105,"Action,Drama,Thriller"
8676860,tt36173934,short,Lakanianismus,Lakanianismus,0,2025,\N,\N,"Short,Thriller"
8680968,tt3619772,movie,Hate Story 2,Hate Story 2,0,2014,\N,130,"Drama,Thriller"
8681107,tt3619854,movie,Creature,Creature,0,2014,\N,134,"Action,Horror,Sci-Fi"
8684380,tt3621288,movie,To Talk of the Devil,Lyogok na pomine,0,2014,\N,82,"Comedy,Sci-Fi"
8684389,tt36213011,short,Alfredo,Alfredo,0,2025,\N,22,"Drama,Short"
8687284,tt3622592,movie,Paper Towns,Paper Towns,0,2015,\N,109,"Adventure,Comedy,Drama"
8688548,tt3623726,movie,Ricki and the Flash,Ricki and the Flash,0,2015,\N,101,"Comedy,Drama,Music"
8693144,tt36259772,short,Philocentria,Philocentria,0,2025,\N,\N,"Short,Thriller"
8694742,tt3626742,movie,Spanish Affair 2,Ocho apellidos catalanes,0,2015,\N,99,"Comedy,Romance"
8695957,tt36270431,short,Feramentum,Feramentum,0,2025,\N,\N,"Short,Thriller"
8699241,tt3628584,movie,Barbershop: The Next Cut,Barbershop: The Next Cut,0,2016,\N,111,"Comedy,Drama"
8705531,tt3631112,movie,The Girl on the Train,The Girl on the Train,0,2016,\N,112,"Crime,Drama,Mystery"
8706177,tt36313070,short,Safe Space,Safe Space,0,2024,\N,13,"Documentary,Short"
8706589,tt36315440,movie,Ashi Hi Jamva Jamvi,Ashi Hi Jamva Jamvi,0,2025,\N,129,\N
8709412,tt3633118,movie,Guardians of Oz,Guardianes de Oz,0,2015,\N,86,"Adventure,Animation,Fantasy"
8714682,tt36354371,short,PAS ZEN - 15 minutes pour gravir le Montmartre,PAS ZEN - 15 minutes pour gravir le Montmartre,0,2024,\N,17,"Comedy,Short"
8715752,tt36358984,movie,Love Bites,Dracula est amoureux,0,2025,\N,84,Romance
8717277,tt36365018,short,Um Olhar Adolescente: Valorizo ou Não?,Um Olhar Adolescente: Valorizo ou Não?,0,2024,\N,20,"Drama,Short"
8724769,tt36389438,movie,Dakuaan Da Munda 3,Dakuaan Da Munda 3,0,2025,\N,155,Action
8727627,tt3640424,movie,Allied,Allied,0,2016,\N,124,"Action,Drama,Romance"
8727843,tt3640682,movie,I Smile Back,I Smile Back,0,2015,\N,85,"Drama,Mystery,Romance"
8729703,tt36413974,tvMiniSeries,The Dave Daucus Show,The Dave Daucus Show,0,2025,2025,\N,"Comedy,Talk-Show"
8730175,tt36414538,short,Aléthique,Aléthique,0,2025,\N,\N,"Short,Thriller"
8736210,tt3645014,movie,The Xpose,The Xpose,0,2014,\N,113,"Drama,Mystery,Romance"
8737655,tt36454677,movie,Madras Matinee,Madras Matinee,0,2025,\N,135,Drama
8743920,tt36462121,short,Nzemendim,Nzemendim,0,2025,\N,\N,"Short,Thriller"
8744948,tt3646540,movie,People Get Eaten,Mennesker bliver spist,0,2015,\N,104,"Comedy,Drama"
8746913,tt36473979,short,Did Dood vs. James US,Did Dood vs. James US,0,2022,\N,14,"Comedy,Short"
8746964,tt36474071,movie,Beyond Limits,Beyond Limits,0,2025,\N,93,Documentary
8747127,tt3647498,movie,Blood Father,Blood Father,0,2016,\N,88,"Action,Crime,Drama"
8749237,tt36491653,movie,It Was Just an Accident,Yek tasadof-e sadeh,0,2025,\N,103,"Crime,Drama,Mystery"
8760750,tt3655414,movie,To Steal from a Thief,Cien años de perdón,0,2016,\N,96,"Adventure,Crime,Drama"
8765693,tt36585521,short,Beneath Corporate Skin,Beneath Corporate Skin,0,2025,\N,\N,"Horror,Short"
8766427,tt3658772,movie,Misconduct,Misconduct,0,2016,\N,106,"Crime,Drama,Mystery"
8768512,tt3659066,movie,Peter Gabriel: Live in Athens 1987,Peter Gabriel: Live in Athens 1987,0,2013,\N,177,Music
8770866,tt36593666,short,Sleepwalker,Sleepwalker,0,2025,\N,11,"Mystery,Short"
8771033,tt3659388,movie,The Martian,The Martian,0,2015,\N,144,"Adventure,Drama,Sci-Fi"
8774099,tt36598036,movie,Dead to Rights,Nan Jing zhao xiang guan,0,2025,\N,137,"Drama,History,War"
8791071,tt36673871,movie,Bigfoot: Blood on the Farm,Bigfoot: Blood on the Farm,0,2025,\N,62,Horror
8791215,tt3667436,movie,Boss,Boss,0,2013,\N,140,Action
8792156,tt3668162,movie,Bangalore Days,Bangalore Days,0,2014,\N,171,"Comedy,Drama,Romance"
8794191,tt36693713,short,,,0,2025,\N,\N,"Documentary,Short"
8799840,tt3672840,movie,Dragon Blade,Tian jiang xiong shi,0,2015,\N,127,"Action,Drama,History"
8802782,tt3674116,movie,Ring Master,Ring Master,0,2014,\N,155,"Drama,Romance"
8812813,tt3678782,movie,Badlapur,Badlapur,0,2015,\N,134,"Action,Crime,Drama"
8815411,tt3680638,movie,One Day: A Musical,One Day: A Musical,0,2014,\N,52,"Comedy,Family,Musical"
8819866,tt3682448,movie,Bridge of Spies,Bridge of Spies,0,2015,\N,142,"Drama,History,Thriller"
8823197,tt36838438,short,Mortal herida,Mortal herida,0,2024,\N,17,"Drama,Romance,Short"
8831081,tt3688342,movie,Zoo,Zoo,0,2017,\N,97,"Adventure,Family,History"
8832060,tt3688954,short,Dorothy,Dorothy,0,2014,\N,15,"Comedy,Drama,Short"
8836937,tt3691740,movie,The BFG,The BFG,0,2016,\N,117,"Adventure,Family,Fantasy"
8843874,tt36955396,movie,Mamá quiero ser futbolista profesional,Mamá quiero ser futbolista profesional,0,2022,\N,46,Documentary
8847942,tt36962950,short,No Applause,No Applause,0,2025,\N,22,"Horror,Short,Thriller"
8848805,tt36966296,short,Documental de Kathy Yañez,Documental de Kathy Yañez,0,2024,\N,\N,"Documentary,Short"
8862165,tt3700456,movie,Blinky Bill the Movie,Blinky Bill: The Movie,0,2015,\N,93,"Adventure,Animation,Family"
8865368,tt37022996,short,Wake,Wake,0,2025,\N,9,"Drama,Short"
8868377,tt3702652,movie,The Other Side of the Door,The Other Side of the Door,0,2016,\N,96,"Horror,Thriller"
8872151,tt3703498,movie,Salem: His Sister's Father,Salem Abu Ukhtuh,0,2014,\N,99,"Comedy,Drama"
8872979,tt37038990,movie,Ce que cache la Forêt,Ce que cache la Forêt,0,2023,\N,54,Documentary
8873645,tt3704050,movie,Remember,Remember,0,2015,\N,94,"Drama,Mystery,Thriller"
8874154,tt3704428,movie,Elvis,Elvis,0,2022,\N,159,"Biography,Drama,Music"
8875001,tt37048174,video,Lien sociaux,Lien sociaux,0,2022,\N,20,"Comedy,Short"
8879752,tt37070974,short,Te Amo Em Pensamento,Te Amo Em Pensamento,0,2025,\N,\N,"Drama,Short"
8879825,tt3707106,movie,By the Sea,By the Sea,0,2015,\N,122,"Drama,Romance"
8884690,tt37107071,movie,Brunello: The Gracious Visionary,"Brunello, il visionario garbato",0,2025,\N,120,"Biography,Documentary,History"
8885881,tt3711466,movie,Kukhnya v Parizhe,Kukhnya v Parizhe,0,2014,\N,106,"Comedy,Romance"
8887642,tt3713166,movie,Unfriended,Unfriended,0,2014,\N,83,"Drama,Fantasy,Horror"
8888807,tt3713944,movie,Serial Teachers 2,Les profs 2,0,2015,\N,92,Comedy
8890359,tt3714720,movie,The Hollars,The Hollars,0,2016,\N,88,"Comedy,Drama,Romance"
8891651,tt3715320,movie,Irrational Man,Irrational Man,0,2015,\N,95,"Comedy,Crime,Drama"
8892072,tt37155589,movie,The Girl Left Behind,The Girl Left Behind,0,2020,\N,58,Drama
8894314,tt3716530,movie,Elle,Elle,0,2016,\N,130,"Action,Crime,Drama"
8895458,tt37171146,movie,72,72,0,2023,\N,90,"Drama,Romance"
8895505,tt37171218,movie,Tea Leaves and Lilies,Tea Leaves and Lilies,0,2023,\N,66,Drama
8895733,tt3717252,movie,Underworld: Blood Wars,Underworld: Blood Wars,0,2016,\N,91,"Action,Fantasy,Thriller"
8896346,tt3717490,movie,Power Rangers,Power Rangers,0,2017,\N,124,"Action,Adventure,Fantasy"
8896371,tt3717532,movie,The Last: Naruto the Movie,The Last: Naruto the Movie,0,2014,\N,112,"Action,Adventure,Animation"
8897700,tt3718062,movie,Scribblers,Zaletchiki,0,2014,\N,84,Comedy
8898261,tt3718222,movie,Someone Wants to Talk with You,Yeki Mikhad Bahat Harf Bezane,0,2012,\N,90,"Drama,Family"
8900074,tt3719198,movie,Lamp 100,Lamp 100,0,2014,\N,90,Drama
8905778,tt3721936,movie,American Honey,American Honey,0,2016,\N,163,"Adventure,Drama,Romance"
8905805,tt3721964,movie,Gringo,Gringo,0,2018,\N,111,"Action,Comedy,Crime"
8905889,tt3722070,movie,The Lady in the Van,The Lady in the Van,0,2015,\N,104,"Biography,Comedy,Drama"
8906083,tt3722234,movie,Gosnell: The Trial of America's Biggest Serial Killer,Gosnell: The Trial of America's Biggest Serial Killer,0,2018,\N,93,"Biography,Crime,Drama"
8906456,tt3722614,movie,Revolt,Revolt,0,2017,\N,87,"Action,Adventure,Sci-Fi"
8915638,tt3726526,movie,Nenasytnye,Nenasytnye,0,2006,\N,90,"Action,Comedy"
8917241,tt37270452,movie,Impak Maksima 2,Impak Maksima 2,0,2025,\N,96,"Action,Crime,Drama"
8922549,tt3729920,movie,The Disappearance of Eleanor Rigby: Them,The Disappearance of Eleanor Rigby: Them,0,2014,\N,123,"Drama,Romance"
8925950,tt3731562,movie,Kong: Skull Island,Kong: Skull Island,0,2017,\N,118,"Action,Adventure,Fantasy"
8926241,tt3731706,short,Last Day with Lizzy,Last Day with Lizzy,0,2014,\N,14,"Drama,Family,Short"
8930432,tt37338923,movie,Thrifters,Thrifters,0,2025,\N,106,"Action,Adventure,Comedy"
8933314,tt3735246,movie,Bajirao Mastani,Bajirao Mastani,0,2015,\N,158,"Action,Drama,History"
8942493,tt37396584,short,Rosa,Rosa,0,2025,\N,23,"Drama,Short"
8942961,tt3740152,movie,The System,The System,0,2014,\N,\N,"Action,Crime,Drama"
8943682,tt37404293,short,Losinj,Losinj,0,2023,\N,10,"Documentary,Short"
8945430,tt3741700,movie,Godzilla: King of the Monsters,Godzilla: King of the Monsters,0,2019,\N,132,"Action,Adventure,Fantasy"
8945507,tt3741834,movie,Lion,Lion,0,2016,\N,118,"Biography,Drama"
8945717,tt37420589,short,Muertos Que No Son Muertos,Muertos Que No Son Muertos,0,2025,\N,\N,"Comedy,Horror,Short"
8946344,tt3742284,movie,NH 10,NH10,0,2015,\N,115,"Action,Crime,Drama"
8953888,tt37449059,movie,Stories of Songville,Stories of Songville,0,2025,\N,67,"Drama,Fantasy,Sci-Fi"
8956033,tt37457644,movie,Monster Tapes,Monster Tapes,0,2025,\N,61,Horror
8961752,tt3748528,movie,Rogue One: A Star Wars Story,Rogue One,0,2016,\N,133,"Action,Adventure,Sci-Fi"
8967989,tt3750872,movie,The Wife,The Wife,0,2017,\N,99,Drama
8968726,tt3751126,movie,Sming,Sming,0,2014,\N,105,"Action,Drama,Horror"
8986965,tt37543453,short,Corazon Galvanico,Corazon Galvanico,0,2024,\N,12,Short
8995433,tt37577390,short,Porchè,Porchè,0,2025,\N,31,"Fantasy,Musical,Short"
8997184,tt3758542,movie,Ferrari,Ferrari,0,2023,\N,130,"Biography,Drama,History"
8997330,tt3758814,movie,The Ice Road,The Ice Road,0,2021,\N,109,"Action,Adventure,Thriller"
8998596,tt3759416,movie,Astérix: The Mansions of the Gods,Astérix : Le domaine des dieux,0,2014,\N,85,"Adventure,Animation,Comedy"
8998760,tt37594820,short,Be Like Water,Be Like Water,0,2021,\N,\N,"Biography,Short"
9000394,tt37599947,short,Oculto,Oculto,0,2025,\N,\N,"Short,Thriller"
9002450,tt3760922,movie,My Big Fat Greek Wedding 2,My Big Fat Greek Wedding 2,0,2016,\N,94,"Comedy,Romance"
9003205,tt3761144,movie,The Riven,The Riven,0,2014,\N,96,"Drama,Romance"
9007069,tt37626027,movie,I Am Israel: The Mountain of the King,I Am Israel: The Mountain of the King,0,2025,\N,67,Documentary
9013707,tt3766354,movie,The Equalizer 2,The Equalizer 2,0,2018,\N,121,"Action,Crime,Mystery"
9013725,tt3766394,movie,"Hello, My Name Is Doris","Hello, My Name Is Doris",0,2015,\N,90,"Comedy,Drama,Romance"
9015756,tt3767372,movie,Piku,Piku,0,2015,\N,123,"Comedy,Drama"
9032019,tt3774114,movie,Snowden,Snowden,0,2016,\N,134,"Biography,Crime,Drama"
9032208,tt37741658,movie,Love Without Words,Dragoste Fara Cuvinte,0,2025,\N,\N,"Drama,Family,Romance"
9032965,tt3774694,movie,Love,Love,0,2015,\N,135,"Drama,Romance"
9033545,tt37749102,short,What If Life Was A Fever Dream?,What If Life Was A Fever Dream?,0,2023,\N,12,"Comedy,Short"
9034215,tt3775086,movie,They Call Me Jeeg Robot,Lo chiamavano Jeeg Robot,0,2015,\N,112,"Action,Comedy,Drama"
9037816,tt3776826,movie,Operation Avalanche,Operation Avalanche,0,2016,\N,94,"Comedy,Drama,Mystery"
9041485,tt37786256,short,Picture Perfect,Picture Perfect,0,2024,\N,\N,"Drama,Short"
9041555,tt3778644,movie,Solo: A Star Wars Story,Solo: A Star Wars Story,0,2018,\N,135,"Action,Adventure,Sci-Fi"
9052865,tt37818361,short,The body double,The body double,0,2025,\N,5,"Drama,Short"
9055920,tt3783958,movie,La La Land,La La Land,0,2016,\N,128,"Comedy,Drama,Music"
9057318,tt37846979,movie,Merah Putih: One for All,Merah Putih: One for All,0,2025,\N,70,"Adventure,Animation,Family"
9058146,tt37848946,short,Witness Statement,Witness Statement,0,2025,\N,7,"Drama,Mystery,Short"
9061650,tt37872544,short,Dinner,Dinner,0,2025,\N,4,Short
9062602,tt3787590,movie,We Are Your Friends,We Are Your Friends,0,2015,\N,96,"Drama,Music,Romance"
9066876,tt3788918,movie,Angels,Angels,0,2014,\N,120,"Crime,Drama,Mystery"
9067819,tt37893389,movie,Baahubali: The Epic,Baahubali: The Epic,0,2025,\N,225,"Action,Drama"
9072405,tt3789946,movie,"Mummy, I'm A Zombie",Dixie y la rebelión zombi,0,2014,\N,82,Animation
9073833,tt3790296,movie,Bañeros 4: Los rompeolas,Bañeros 4: Los rompeolas,0,2014,\N,84,Comedy
9074336,tt3791302,movie,Standing Tall,La tête haute,0,2015,\N,120,Drama
9077353,tt3792960,movie,The Brand New Testament,Le tout nouveau testament,0,2015,\N,114,"Comedy,Drama,Fantasy"
9080768,tt3794028,movie,From the Land of the Moon,Mal de pierres,0,2016,\N,120,"Drama,Romance"
9081449,tt3794354,movie,Sonic the Hedgehog,Sonic the Hedgehog,0,2020,\N,99,"Action,Adventure,Comedy"
9090170,tt37975369,short,Unspoken Lines,Unspoken Lines,0,2025,\N,5,"Drama,Short"
9091058,tt3797868,movie,The Choice,The Choice,0,2016,\N,111,"Drama,Romance"
9095487,tt3799694,movie,The Nice Guys,The Nice Guys,0,2016,\N,116,"Action,Comedy,Crime"
9095566,tt37997249,movie,Red Rain,Mua do,0,2025,\N,124,"Action,Drama,War"
9097254,tt3801252,movie,Na Maloom Afraad,Na Maloom Afraad,0,2014,\N,137,"Comedy,Crime,Thriller"
9106564,tt38047685,movie,Banduan,Banduan,0,2025,\N,127,"Action,Crime,Thriller"
9107885,tt3805180,movie,All at Once,Vsyo i srazu,0,2014,\N,93,"Comedy,Crime"
9117242,tt3808342,movie,Son of Saul,Saul fia,0,2015,\N,107,"Drama,War"
9124110,tt38117863,short,Mi Amigo Bernardo,Mi Amigo Bernardo,0,2025,\N,\N,"Drama,Short"
9124601,tt3811906,movie,Malignant,Malignant,0,2021,\N,111,"Crime,Horror,Mystery"
9124697,tt3811916,short,Chaos Black,Chaos Black,0,2014,\N,9,"Sci-Fi,Short"
9129852,tt38131455,movie,Last to Die,Last to Die,0,2025,\N,101,Horror
9130559,tt3813310,movie,Cop Car,Cop Car,0,2015,\N,88,"Crime,Thriller"
9140708,tt3819668,movie,Dragon Ball Z: Resurrection 'F',Doragon Bôru Zetto Fukkatsu no 'Efu',0,2015,\N,94,"Action,Adventure,Animation"
9147251,tt38222067,movie,Gasca de la Drept,Gasca de la Drept,0,2025,\N,72,"Comedy,Drama"
9147561,tt3822396,movie,Velaiyilla Pattathari,Velaiilla Pattadhari,0,2014,\N,133,"Action,Comedy,Drama"
9151421,tt3824458,movie,Tangerine,Tangerine,0,2015,\N,88,"Comedy,Crime,Drama"
9155714,tt3826834,movie,Corrections Class,Klass korrektsii,0,2014,\N,98,Drama
9161408,tt3829266,movie,The Predator,The Predator,0,2018,\N,107,"Action,Adventure,Sci-Fi"
9161762,tt3829920,movie,Only the Brave,Only the Brave,0,2017,\N,134,"Action,Biography,Drama"
9163814,tt3832914,movie,War Room,War Room,0,2015,\N,120,Drama
9164309,tt3833480,movie,The Outpost,The Outpost,0,2019,\N,123,"Action,Drama,History"
9169064,tt38350059,movie,Buen Camino,Buen Camino,0,2025,\N,90,Comedy
9169575,tt3835080,movie,31,31,0,2016,\N,102,"Horror,Thriller"
9169961,tt38351235,short,Hivemind Deluxe,Hivemind Deluxe,0,2025,\N,10,"Sci-Fi,Short,Thriller"
9177008,tt3836512,movie,Ratter,Ratter,0,2015,\N,80,"Drama,Horror,Mystery"
9179342,tt3838992,movie,Yoga Hosers,Yoga Hosers,0,2016,\N,88,"Action,Comedy,Horror"
9180309,tt3839462,short,Freaky Night,Freaky Night,0,2012,\N,\N,"Horror,Short"
9180668,tt3840036,movie,Maut Ki Haveli,Maut Ki Haveli,0,2001,\N,\N,Horror
9188507,tt3848268,short,The Passenger,The Passenger,0,\N,\N,\N,"Horror,Short"
9188725,tt3848476,movie,Tahkhana,Tahkhana,0,2001,\N,\N,Horror
9193322,tt3850214,movie,Dope,Dope,0,2015,\N,103,"Adventure,Comedy,Crime"
9194566,tt3850544,movie,Hillsong: Let Hope Rise,Hillsong: Let Hope Rise,0,2016,\N,103,"Documentary,Family,Music"
9194595,tt3850590,movie,Krampus,Krampus,0,2015,\N,98,"Comedy,Fantasy,Horror"
9202641,tt38534204,short,Somos infinitos,Somos infinitos,0,2025,\N,5,"Drama,Short"
9203956,tt3853830,movie,The Tiger Hunter,The Tiger Hunter,0,2016,\N,94,Comedy
9214204,tt3858372,movie,Mune: Guardian of the Moon,Mune: Le Gardien de la Lune,0,2014,\N,85,"Adventure,Animation,Comedy"
9216468,tt3859076,movie,Truth,Truth,0,2015,\N,125,"Biography,Drama,History"
9217022,tt3859304,movie,The Bronze,The Bronze,0,2015,\N,100,"Comedy,Drama,Sport"
9219333,tt38598406,movie,The Second Diary of Paulina P.,Drugi dnevnik Pauline P.,0,2025,\N,79,Adventure
9220354,tt3859980,movie,Mohenjo Daro,Mohenjo Daro,0,2016,\N,155,"Action,Adventure,Drama"
9223258,tt3861390,movie,Dumbo,Dumbo,0,2019,\N,112,"Adventure,Animation,Family"
9225989,tt3862750,movie,The Perfect Guy,The Perfect Guy,0,2015,\N,100,"Drama,Romance,Thriller"
9230444,tt3863552,movie,Bajrangi Bhaijaan,Bajrangi Bhaijaan,0,2015,\N,163,"Adventure,Comedy,Drama"
9230474,tt38635633,movie,Time Hoppers: The Silk Road,Time Hoppers: The Silk Road,0,2025,\N,80,"Adventure,Animation,Family"
9245802,tt3868708,short,Weird Love,Weird Love,0,2014,\N,20,"Drama,Short,Thriller"
9248138,tt38691476,movie,Storie Di Un Mondo Infame,Storie Di Un Mondo Infame,0,2018,\N,46,Sci-Fi
9250878,tt38699226,movie,Wesley's Christmas Miracle: Another Whodunnit,Wesley's Christmas Miracle: Another Whodunnit,0,2025,\N,68,"Comedy,Mystery"
9263627,tt38733247,movie,"Gloria, la novia de Azapa","Gloria, la novia de Azapa",0,2025,\N,\N,Biography
9268237,tt3874544,movie,The Boss Baby,The Boss Baby,0,2017,\N,97,"Adventure,Animation,Comedy"
9269980,tt38748730,short,Raccoons,Raccoons,0,2025,\N,\N,"Comedy,Short"
9276339,tt38771667,short,Poetry with the Taste of Ice Cream,Poetry with the Taste of Ice Cream,0,2016,\N,\N,"Documentary,Short"
9282252,tt3877844,movie,Yolki 1914,Yolki 1914,0,2014,\N,106,"Comedy,Drama,Family"
9282333,tt38778593,movie,Bengali Food Journal,Bengali Food Journal,0,2025,\N,116,"Documentary,Drama"
9288003,tt38785196,short,Absence,Absence,0,2025,\N,\N,"Romance,Short"
9290303,tt38789048,short,Kung Fu Konundrum,Kung Fu Konundrum,0,2025,\N,17,"Action,Comedy,Short"
9303281,tt3881026,movie,Rendel: Dark Vengeance,Rendel,0,2017,\N,105,"Action,Crime,Drama"
9304804,tt3881384,movie,Dandupalya,Dandupalya,0,2012,\N,132,"Crime,Drama"
9305023,tt3881410,movie,The Legend of the Mummies of Guanajuato,La Leyenda de las Momias de Guanajuato,0,2014,\N,84,"Animation,Family"
9306175,tt3881784,movie,Stronger,Stronger,0,2017,\N,119,"Biography,Drama"
9306656,tt3882082,movie,The Boy,The Boy,0,2016,\N,97,"Horror,Mystery,Thriller"
9309385,tt38838813,short,The Dance of the Rabbits,The Dance of the Rabbits,0,2016,\N,35,"Drama,Short"
9314359,tt38853567,short,Soil!,Soil!,0,2025,\N,13,"Drama,Short"
9318052,tt3885932,movie,Winx Club: The Mystery of the Abyss,Winx Club: Il mistero degli abissi,0,2014,\N,83,"Action,Adventure,Animation"
9333062,tt3890160,movie,Baby Driver,Baby Driver,0,2017,\N,113,"Action,Crime,Drama"
9341734,tt38938067,short,The massacre of house town,The massacre of house town,0,2025,\N,3,"Horror,Short"
9350539,tt3896016,movie,The Continent,Hou hui wu qi,0,2014,\N,105,"Comedy,Drama"
9351027,tt3896100,movie,Capture the Flag,Atrapa la bandera,0,2015,\N,94,"Adventure,Animation,Comedy"
9351046,tt3896102,movie,"Tad, the Lost Explorer, and the Secret of King Midas",Tadeo Jones 2: El secreto del Rey Midas,0,2017,\N,85,"Adventure,Animation,Comedy"
9351907,tt3896198,movie,Guardians of the Galaxy Vol. 2,Guardians of the Galaxy Vol. 2,0,2017,\N,136,"Action,Adventure,Comedy"
9378131,tt3902120,movie,The 312,The 312,0,2017,\N,75,"Comedy,Drama,Romance"
9379474,tt39028343,short,Oda ng Patay sa Patay,Oda ng Patay sa Patay,0,2025,\N,15,Short
9382409,tt39045071,short,Loose Ends,Loose Ends,0,2025,\N,25,"Comedy,Crime,Short"
9396242,tt39069627,short,Princess,Princess,0,2025,\N,10,"Drama,Short"
9409389,tt39104892,short,From the Firing Line,From the Firing Line,0,2025,\N,6,"Documentary,Short"
9418894,tt3912256,short,Zafar,Zafar,0,2013,\N,27,"Drama,Short,War"
9421798,tt39127851,short,Camera Lights Action,Camera Lights Action,0,2025,\N,14,"Comedy,Short"
9424124,tt39132364,short,Lalsa,Lalsa,0,2025,\N,26,"Drama,Short"
9427598,tt3914624,movie,Kletka,Kletka,0,2015,\N,100,"Crime,Drama,Thriller"
9431232,tt3915174,movie,Puss in Boots: The Last Wish,Puss in Boots: The Last Wish,0,2022,\N,102,"Action,Adventure,Animation"
9439892,tt39173556,movie,Cactus,Cactus,0,2025,\N,110,Drama
9443080,tt39181004,short,Charged by Blood,Charged by Blood,0,2025,\N,\N,"Comedy,Short"
9444939,tt3918368,movie,Pokémon the Movie: Diancie and the Cocoon of Destruction,Pokemon Za Mûbî XY: Hakai no Mayu to Dianshî,0,2014,\N,76,"Action,Adventure,Animation"
9451773,tt3920820,movie,Brian Banks,Brian Banks,0,2018,\N,99,"Biography,Drama,Sport"
9452229,tt3921314,movie,Muhammad: The Messenger of God,Mohammad Rasoolollah,0,2015,\N,162,"Biography,Drama,History"
9456311,tt3922188,movie,Jugadores con Patente,Jugadores con Patente,0,2013,\N,\N,Documentary
9459285,tt3922818,movie,The Space Between Us,The Space Between Us,0,2017,\N,120,"Drama,Romance,Sci-Fi"
9464236,tt3923572,movie,The Price of Crime,Milionari,0,2014,\N,100,"Biography,Crime,Drama"
9468237,tt3924450,movie,Star,Zvezda,0,2014,\N,128,"Comedy,Drama"
9499105,tt39301846,short,Capacete,Capacete,0,2025,\N,18,"Drama,Short"
9505065,tt39308654,movie,3Katchau - Terceirão 2025,3Katchau - Terceirão 2025,0,2025,\N,172,Documentary
9518872,tt39333390,short,Forget Me Not,Forget Me Not,0,2025,\N,14,"Drama,Short"
9525174,tt39365599,movie,You Fucking You,You Fucking You,0,2015,\N,53,Documentary
9526104,tt39366665,short,Kül ve Ciger,Kül ve Ciger,0,2021,\N,12,"Short,Thriller"
9551979,tt39396327,video,Les 624 Types De Profs! (Feat. Monsieur Frisé): Chaise,Les 624 Types De Profs! (Feat. Monsieur Frisé): Chaise,0,2025,\N,193,Comedy
9569241,tt3949660,movie,Teenage Mutant Ninja Turtles: Out of the Shadows,Teenage Mutant Ninja Turtles: Out of the Shadows,0,2016,\N,112,"Action,Adventure,Animation"
9576059,tt39547749,short,Last Night in Communism,Last Night in Communism,0,2025,\N,\N,"Drama,Short"
9578235,tt3956336,movie,American Dresser,American Dresser,0,2018,\N,97,"Action,Adventure,Drama"
9578393,tt3956396,movie,GazGolder,GazGolder,0,2014,\N,119,Crime
9579679,tt3957098,movie,World War III,El Harb El Alameya El Talta,0,2014,\N,105,"Comedy,Fantasy"
9581136,tt3958432,tvSeries,86 & Lex,86 & Lex,0,2018,2018,8,"Drama,Romance"
9582452,tt39601674,movie,Weaponized Incompetence: The Sludgelung Winter Tour,Weaponized Incompetence: The Sludgelung Winter Tour,0,2025,\N,81,Documentary
9582636,tt39601893,movie,Don't Shoot Me: The Snake Mirror Weekend Tour,Don't Shoot Me: The Snake Mirror Weekend Tour,0,2025,\N,52,"Documentary,Music"
9583458,tt3960412,movie,Popstar: Never Stop Never Stopping,Popstar: Never Stop Never Stopping,0,2016,\N,87,"Comedy,Drama,Music"
9588779,tt3963816,movie,Marauders,Marauders,0,2016,\N,107,"Action,Crime,Thriller"
9590702,tt3966404,movie,Mustang,Mustang,0,2015,\N,97,Drama
9608788,tt39749160,short,Interview,Interview,0,2025,\N,8,"Drama,Short"
9611156,tt3976144,movie,The Monster,The Monster,0,2016,\N,91,"Drama,Fantasy,Horror"
9620141,tt3982448,movie,Beware of Dags,Naaigal Jaakirathai,0,2014,\N,126,"Action,Comedy,Thriller"
9624006,tt3985394,movie,Marche avec moi,Marche avec moi,0,2015,\N,90,"Adventure,Comedy,Drama"
9625514,tt3986820,movie,The Endless,The Endless,0,2017,\N,111,"Horror,Mystery,Sci-Fi"
9642214,tt4001950,movie,Duplicate Jaani Dushman,Duplicate Jaani Dushman,0,2003,\N,129,Horror
9642929,tt4003440,movie,The House That Jack Built,The House That Jack Built,0,2018,\N,152,"Crime,Drama,Horror"
9643826,tt4005402,movie,Colonia,Colonia,0,2015,\N,110,"Biography,Drama,History"
9645626,tt4009460,movie,Kirk Cameron's Saving Christmas,Saving Christmas,0,2014,\N,79,"Comedy,Family"
9646324,tt4011066,short,Beard Chef,Beard Chef,0,2014,\N,9,"Comedy,Short"
9648999,tt4016934,movie,The Handmaiden,Ah-ga-ssi,0,2016,\N,145,"Drama,Romance,Thriller"
9650195,tt4019578,movie,Rege,Rege,0,2014,\N,111,"Crime,Drama,Thriller"
9652444,tt4024546,movie,Bis,Bis,0,2015,\N,98,"Comedy,Fantasy"
9654152,tt4028464,movie,The Innocents,De uskyldige,0,2021,\N,117,"Drama,Fantasy,Horror"
9655092,tt4030600,movie,The Bye Bye Man,The Bye Bye Man,0,2017,\N,96,"Drama,Fantasy,Horror"
9656767,tt4034228,movie,Manchester by the Sea,Manchester by the Sea,0,2016,\N,137,Drama
9656822,tt4034354,movie,Swiss Army Man,Swiss Army Man,0,2016,\N,97,"Comedy,Drama,Fantasy"
9657472,tt4035766,short,Historias Breves 9: El Gran Vairitosky,Historias Breves 9: El Gran Vairitosky,0,2014,\N,14,"Animation,Short"
9657732,tt4036334,movie,Invisibles,Shkufim,0,2014,\N,92,Drama
9660628,tt4042818,movie,The Death & Life of John F. Donovan,The Death & Life of John F. Donovan,0,2018,\N,123,Drama
9661774,tt4045450,movie,I Know What You Did Last Summer,I Know What You Did Last Summer,0,2025,\N,111,"Horror,Mystery"
9662379,tt4046784,movie,Maze Runner: The Scorch Trials,Maze Runner: The Scorch Trials,0,2015,\N,131,"Action,Adventure,Sci-Fi"
9665119,tt4052882,movie,The Shallows,The Shallows,0,2016,\N,86,"Drama,Horror,Thriller"
9666831,tt4056738,movie,Do You Believe?,Do You Believe?,0,2015,\N,120,Drama
9667110,tt4057376,movie,I Am Dragon,On - drakon,0,2015,\N,110,"Adventure,Fantasy,Romance"
9667330,tt4057916,movie,Top Cat Begins,Don Gato: El Inicio de la Pandilla,0,2015,\N,89,"Animation,Comedy,Crime"
9667995,tt4059554,movie,Candela,Candela,0,2019,\N,114,"Drama,Sci-Fi"
9668423,tt4060544,movie,Step Up China,Step Up China,0,2019,\N,100,Music
9668618,tt4061010,movie,Blackway,Go with Me,0,2015,\N,90,"Action,Mystery,Thriller"
9669271,tt4062536,movie,Green Room,Green Room,0,2015,\N,95,"Horror,Thriller"
9670577,tt4065552,movie,The Unknown Soldier,Tuntematon sotilas,0,2017,\N,132,"Drama,War"
9674321,tt4073790,movie,The Darkest Minds,The Darkest Minds,0,2018,\N,104,"Action,Adventure,Drama"
9678705,tt4083850,movie,Belle & Sebastian: The Adventure Continues,"Belle et Sébastien, l'aventure continue",0,2015,\N,97,"Adventure,Family"
9679677,tt4086018,movie,Charming,Charming,0,2018,\N,85,"Adventure,Animation,Comedy"
9680687,tt4088268,movie,Department Q: A Conspiracy of Faith,Flaskepost fra P,0,2016,\N,112,"Crime,Drama,Mystery"
9680953,tt4088848,movie,Chemo,Chemia,0,2015,\N,95,"Comedy,Drama"
9683614,tt4094724,movie,The Purge: Election Year,The Purge: Election Year,0,2016,\N,108,"Action,Horror,Sci-Fi"
9687803,tt4103724,movie,Forever My Girl,Forever My Girl,0,2018,\N,108,"Comedy,Drama,Music"
9688623,tt4105584,movie,Deep,Deep,0,2017,\N,92,"Adventure,Animation,Comedy"
9688925,tt4106376,movie,American Renegades,Renegades,0,2017,\N,106,"Action,Adventure,Crime"
9689964,tt4108736,movie,Swayam Krushi,Swayam Krushi,0,2011,\N,135,Drama
9690617,tt4110388,movie,Superlopez,Superlópez,0,2018,\N,108,"Action,Comedy,Sci-Fi"
9690702,tt4110568,movie,Dil Dhadakne Do,Dil Dhadakne Do,0,2015,\N,170,"Comedy,Drama,Romance"
9690883,tt4110972,movie,Vellimoonga,Vellimoonga,0,2014,\N,129,"Comedy,Romance"
9693164,tt4116284,movie,The Lego Batman Movie,The Lego Batman Movie,0,2017,\N,104,"Action,Adventure,Animation"
9694364,tt4119110,movie,Der letzte Autrag,Der letzte Autrag,0,2014,\N,60,Musical
9694850,tt4120176,movie,Things to Come,L'avenir,0,2016,\N,102,Drama
9695014,tt4120518,short,Untitled Document,Untitled Document,0,2014,\N,5,"Comedy,Short"
9696260,tt4123430,movie,Fantastic Beasts: The Crimes of Grindelwald,Fantastic Beasts: The Crimes of Grindelwald,0,2018,\N,134,"Adventure,Family,Fantasy"
9696261,tt4123432,movie,Fantastic Beasts: The Secrets of Dumbledore,Fantastic Beasts: The Secrets of Dumbledore,0,2022,\N,142,"Adventure,Fantasy"
9697599,tt4126476,movie,After,After,0,2019,\N,105,"Drama,Romance"
9698915,tt4129428,movie,Jagga Jasoos,Jagga Jasoos,0,2017,\N,161,"Adventure,Comedy,Musical"
9699124,tt4129870,movie,White Girl,White Girl,0,2016,\N,88,"Crime,Drama"
9699721,tt4131238,short,Kill Him,Kill Him,0,2016,\N,15,"Crime,Drama,Short"
9699971,tt4131800,movie,My Little Pony: The Movie,My Little Pony: The Movie,0,2017,\N,99,"Adventure,Animation,Comedy"
9701804,tt4136084,movie,Florence Foster Jenkins,Florence Foster Jenkins,0,2016,\N,111,"Biography,Comedy,Drama"
9703101,tt4139124,movie,Keanu,Keanu,0,2016,\N,100,"Action,Comedy,Crime"
9703974,tt4141024,movie,"Help, I Shrunk My Teacher","Hilfe, ich hab meine Lehrerin geschrumpft",0,2015,\N,90,"Action,Adventure,Comedy"
9704423,tt4142012,movie,Emme Fahu Vindhaa Jehendhen,Emme Fahu Vindhaa Jehendhen,0,2015,\N,140,"Drama,Romance"
9704428,tt4142022,movie,Italiano medio,Italiano medio,0,2015,\N,90,Comedy
9706024,tt4145848,movie,Pyaar Vali Love Story,Pyaar Vali Love Story,0,2014,\N,133,Drama
9706744,tt4147572,movie,Polytechnic,Polytechnic,0,2014,\N,139,"Comedy,Drama"
9709852,tt4154664,movie,Captain Marvel,Captain Marvel,0,2019,\N,123,"Action,Adventure,Sci-Fi"
9709890,tt4154756,movie,Avengers: Infinity War,Avengers: Infinity War,0,2018,\N,149,"Action,Adventure,Sci-Fi"
9709909,tt4154796,movie,Avengers: Endgame,Avengers: Endgame,0,2019,\N,181,"Action,Adventure,Sci-Fi"
9709959,tt4154916,movie,Replicas,Replicas,0,2018,\N,107,"Action,Drama,Sci-Fi"
9710224,tt4155534,movie,Animal Crackers,Animal Crackers,0,2017,\N,105,"Adventure,Animation,Comedy"
9711316,tt4158096,movie,Free Fire,Free Fire,0,2016,\N,91,"Action,Comedy,Crime"
9711527,tt4158624,movie,3 Generations,3 Generations,0,2015,\N,92,Drama
9711615,tt4158834,movie,8 Saniye,8 Saniye,0,2015,\N,120,"Biography,Drama,Fantasy"
9712431,tt4160708,movie,Don't Breathe,Don't Breathe,0,2016,\N,88,"Crime,Horror,Thriller"
9714061,tt4164468,movie,Warriors of the Rainbow: Seediq Bale II,Sai de ke · ba lai: Cai hong qiao,0,2011,\N,132,"Action,Drama,History"
9715698,tt4168188,movie,Chaar Sahibzaade,Chaar Sahibzaade,0,2014,\N,135,"Animation,History"
9717509,tt4172430,movie,13 Hours: The Secret Soldiers of Benghazi,13 Hours: The Secret Soldiers of Benghazi,0,2016,\N,144,"Action,Drama,History"
9719461,tt4176826,movie,Look Who's Back,Er ist wieder da,0,2015,\N,116,"Comedy,Drama,Fantasy"
9719982,tt4178092,movie,The Gift,The Gift,0,2015,\N,108,"Drama,Mystery,Thriller"
9720970,tt4180286,movie,Valley of Bones,Valley of Bones,0,2017,\N,90,"Crime,Drama,Thriller"
9722519,tt4183692,movie,Woodlawn,Woodlawn,0,2015,\N,123,"Biography,Drama,History"
9723613,tt4186170,movie,Siti,Siti,0,2014,\N,95,Drama
9725821,tt4191054,movie,Strange Magic,Strange Magic,0,2015,\N,99,"Adventure,Animation,Comedy"
9726037,tt4191580,movie,Meet the Blacks,Meet the Blacks,0,2016,\N,94,"Comedy,Horror"
9727240,tt4194270,short,The Black Room,The Black Room,0,2013,\N,\N,"Short,Thriller"
9727325,tt4194460,short,Cupcake,Cupcake,0,2014,\N,\N,"Horror,Short"
9728174,tt4196450,movie,The Birth of a Nation,The Birth of a Nation,0,2016,\N,120,"Biography,Drama,History"
9728306,tt4196776,movie,Jason Bourne,Jason Bourne,0,2016,\N,123,"Action,Thriller"
9728338,tt4196848,movie,Mr. Church,Mr. Church,0,2016,\N,104,"Comedy,Drama"
9729729,tt4199898,movie,Playmobil: The Movie,Playmobil: The Movie,0,2019,\N,99,"Action,Adventure,Animation"
9730231,tt4201004,movie,The Manny,Der Nanny,0,2015,\N,110,"Comedy,Drama,Family"
9732518,tt4206048,short,Circus Sisters,Circus Sisters,0,2015,\N,\N,"Action,Drama,Short"
9734107,tt4209788,movie,Molly's Game,Molly's Game,0,2017,\N,140,"Biography,Crime,Drama"
9735885,tt4213806,movie,Toro,Toro,0,2016,\N,105,"Action,Crime,Drama"
9737364,tt4216984,movie,Wolf Man,Wolf Man,0,2025,\N,103,"Horror,Sci-Fi"
9737564,tt4217392,movie,Kung Fu Yoga,Gong fu yu jia,0,2017,\N,107,"Action,Adventure,Comedy"
9738079,tt4218572,movie,Widows,Widows,0,2018,\N,129,"Crime,Drama,Thriller"
9738134,tt4218696,movie,The Wall,The Wall,0,2017,\N,88,"Action,Drama,Thriller"
9740177,tt4223366,movie,Parisienne,Peur de rien,0,2015,\N,116,Drama
9742504,tt4228746,movie,Zid,Zid,0,2014,\N,126,"Crime,Romance,Thriller"
9744059,tt4232188,movie,Kropemann,Kropemann,0,2016,\N,93,Thriller
9746423,tt4238858,movie,The Fits,The Fits,0,2015,\N,72,"Drama,Music"
9749195,tt4244994,movie,The Last Duel,The Last Duel,0,2021,\N,152,"Drama,History,Thriller"
9749197,tt4244998,movie,Alpha,Alpha,0,2018,\N,96,"Adventure,Drama"
9754713,tt4257084,movie,Gaariwala,Gaariwala,0,2014,\N,85,"Drama,Family"
9755096,tt4257926,movie,Miracles from Heaven,Miracles from Heaven,0,2016,\N,109,"Biography,Drama,Family"
9755248,tt4258292,movie,Yennai Arindhaal,Yennai Arindhaal,0,2015,\N,168,"Action,Crime,Drama"
9755436,tt4258698,movie,Southside with You,Southside with You,0,2016,\N,84,"Biography,Drama,History"
9756665,tt4261452,movie,Manos unidas,Manos unidas,0,2014,\N,106,"Documentary,History"
9757135,tt4262516,movie,Sanam Re,Sanam Re,0,2016,\N,120,Drama
9757359,tt4262980,movie,Shin Godzilla,Shin Gojira,0,2016,\N,120,"Action,Drama,Horror"
9757579,tt4263482,movie,The Witch,The VVitch: A New-England Folktale,0,2015,\N,92,"Drama,Fantasy,Horror"
9758688,tt4265964,movie,Badshahi Angti,Badshahi Angti,0,2014,\N,109,"Adventure,Mystery,Thriller"
9758975,tt4266638,movie,Krisha,Krisha,0,2015,\N,83,Drama
9758995,tt4266692,short,Drain the Bermuda Triangle,Drain the Bermuda Triangle,0,2014,\N,44,"Documentary,Short"
9760726,tt4270516,movie,Grandma,Grandma,0,2015,\N,79,"Comedy,Drama"
9761327,tt4271820,movie,O Kadhal Kanmani,O Kadhal Kanmani,0,2015,\N,139,"Drama,Musical,Romance"
9762053,tt4273398,short,Sudden Reality,Sudden Reality,0,2015,\N,17,"Drama,Short,Thriller"
9763430,tt4276532,movie,Darinda,Darinda,0,2005,\N,76,Horror
9763521,tt4276752,movie,Mojin: The Lost Legend,Xun long jue,0,2015,\N,127,"Action,Adventure,Drama"
9763552,tt4276820,movie,The Founder,The Founder,0,2016,\N,115,"Biography,Drama"
9765781,tt4281724,movie,Terrifier,Terrifier,0,2016,\N,85,Horror
9766098,tt4282396,movie,Byomkesh Phire Elo,Byomkesh Phire Elo,0,2014,\N,107,Thriller
9767468,tt4285496,movie,Embrace of the Serpent,El abrazo de la serpiente,0,2015,\N,125,"Adventure,Biography,Drama"
9768258,tt4287320,movie,The Circle,The Circle,0,2017,\N,110,"Drama,Mystery,Sci-Fi"
9769816,tt4290746,movie,Pisasu,Pisasu,0,2014,\N,114,"Drama,Horror,Mystery"
9769999,tt4291166,movie,Lonely in Few Minutes of Silence,Lonely in Few Minutes of Silence,0,2016,\N,99,Drama
9771198,tt4293766,movie,Kayal,Kayal,0,2014,\N,139,Romance
9775186,tt4302938,movie,Kubo and the Two Strings,Kubo and the Two Strings,0,2016,\N,101,"Action,Adventure,Animation"
9776642,tt4306116,movie,Three Brave,3 Bahadur,0,2015,\N,94,"Action,Adventure,Animation"
9777478,tt4307968,movie,Fashion Chicks,Fashion Chicks,0,2015,\N,95,"Comedy,Romance"
9781256,tt4316192,movie,Milaga,Milaga,0,2010,\N,145,Action
9782057,tt4318010,movie,Vandae Maatharam,Vandae Maatharam,0,2010,\N,128,Action
9782900,tt4319844,movie,Maut Ki Dahshat,Maut Ki Dahshat,0,2004,\N,\N,"Crime,Drama,Horror"
9785841,tt4326444,movie,Julieta,Julieta,0,2016,\N,99,"Drama,Mystery,Romance"
9786403,tt4327752,movie,Lady Bloodfight,Lady Bloodfight,0,2016,\N,100,"Action,Crime,Drama"
9789258,tt4334266,movie,The Bad Batch,The Bad Batch,0,2016,\N,118,"Action,Horror,Mystery"
9790682,tt4337414,movie,Gopala Gopala,Gopala Gopala,0,2015,\N,153,"Comedy,Drama,Fantasy"
9790816,tt4337690,movie,90 Minutes in Heaven,90 Minutes in Heaven,0,2015,\N,121,Drama
9792553,tt4341582,movie,Queen of Katwe,Queen of Katwe,0,2016,\N,124,"Biography,Drama,Sport"
9794496,tt4345774,movie,The Lies We Tell But the Secrets We Keep: Part 3,The Lies We Tell But the Secrets We Keep: Part 3,0,2014,\N,120,"Action,Drama,Romance"
9795507,tt4348012,movie,Mayhem,Mayhem,0,2017,\N,86,"Action,Comedy,Horror"
9798343,tt4353996,movie,The King's Choice,Kongens Nei,0,2016,\N,133,"Biography,Drama,History"
9799324,tt4356220,short,He Knows My Name,He Knows My Name,0,2015,\N,35,"Drama,Short"
9801542,tt4361050,movie,Ouija: Origin of Evil,Ouija: Origin of Evil,0,2016,\N,99,"Drama,Horror,Mystery"
9802993,tt4364194,movie,The Peanut Butter Falcon,The Peanut Butter Falcon,0,2019,\N,97,"Adventure,Comedy,Drama"
9807451,tt4374460,movie,Aferim!,Aferim!,0,2015,\N,108,"Adventure,Comedy,Drama"
9807467,tt4374502,movie,The Ghosts of Johnson Woods,The Ghosts of Johnson Woods,0,2015,\N,80,"Horror,Thriller"
9809909,tt4379800,movie,Trivisa,Chu tai chiu fung,0,2016,\N,97,"Crime,Drama"
9811601,tt4383594,movie,Nine Lives,Nine Lives,0,2016,\N,87,"Comedy,Drama,Family"
9812632,tt4385888,movie,20th Century Women,20th Century Women,0,2016,\N,119,"Comedy,Drama"
9813162,tt4387040,movie,Airlift,Airlift,0,2016,\N,130,"Drama,History"
9815944,tt4393278,movie,Chto tvoryat muzhchiny! 2,Chto tvoryat muzhchiny! 2,0,2015,\N,90,Comedy
9819077,tt4400058,movie,Babysitting 2,Babysitting 2,0,2015,\N,93,Comedy
9819499,tt4400994,movie,The Ballad of Lefty Brown,The Ballad of Lefty Brown,0,2017,\N,111,"Action,Drama,Western"
9824393,tt4411504,movie,The Clan,El Clan,0,2015,\N,108,"Biography,Crime,Drama"
9824421,tt4411584,movie,The Secret: Dare to Dream,The Secret: Dare to Dream,0,2020,\N,107,"Drama,Romance"
9824434,tt4411618,movie,In Dubious Battle,In Dubious Battle,0,2016,\N,110,"Crime,Drama,History"
9826003,tt4415068,movie,Ah Boys to Men 3: Frogmen,Ah Boys to Men 3: Frogmen,0,2015,\N,148,"Action,Comedy"
9827346,tt4418152,movie,The Spiritualist,The Spiritualist,0,2018,\N,101,"Drama,Horror,Mystery"
9828018,tt4419684,movie,In the Lost Lands,In the Lost Lands,0,2025,\N,101,"Action,Adventure,Fantasy"
9828760,tt4421344,movie,Game Therapy,Game Therapy,0,2015,\N,97,"Action,Comedy,Sci-Fi"
9830424,tt4425200,movie,John Wick: Chapter 2,John Wick: Chapter 2,0,2017,\N,122,"Action,Crime,Thriller"
9831832,tt4428398,movie,Paws of Fury: The Legend of Hank,Paws of Fury: The Legend of Hank,0,2022,\N,98,"Action,Adventure,Animation"
9832163,tt4429160,movie,Red Shoes and the Seven Dwarfs,Red Shoes and the Seven Dwarfs,0,2019,\N,92,"Action,Adventure,Animation"
9832178,tt4429194,movie,Paris Can Wait,Bonjour Anne,0,2016,\N,92,"Comedy,Drama,Romance"
9832631,tt4430212,movie,Drishyam,Drishyam,0,2015,\N,163,"Crime,Drama,Mystery"
9833675,tt4432480,movie,RangiTaranga,RangiTaranga,0,2015,\N,149,"Mystery,Thriller"
9834364,tt4434004,movie,Udta Punjab,Udta Punjab,0,2016,\N,148,"Crime,Drama"
9836606,tt4438848,movie,Neighbors 2: Sorority Rising,Neighbors 2: Sorority Rising,0,2016,\N,92,Comedy
9836724,tt4439120,movie,Tag,Riaru onigokko,0,2015,\N,85,"Action,Drama,Fantasy"
9837393,tt4440640,video,Nobunny's Nightmare Night,Nobunny's Nightmare Night,0,2014,\N,\N,"Horror,Short"
9837481,tt4440842,movie,The Gravedigger's Wife,Guled & Nasra,0,2021,\N,82,Drama
9838285,tt4442758,movie,Temper,Temper,0,2015,\N,147,"Action,Crime,Drama"
9840641,tt4448050,movie,The Forgiveness Journey,The Forgiveness Journey,0,2015,\N,73,"Documentary,Drama"
9844008,tt4455690,movie,Casa Amor: Exclusive for Ladies,Woking-geol,0,2015,\N,112,"Comedy,Romance"
9844677,tt4457256,movie,Safrom,Safrom,0,2015,\N,80,Horror
9847581,tt4463894,movie,Shaft,Shaft,0,2019,\N,111,"Action,Comedy,Crime"
9848273,tt4465564,movie,Fifty Shades Darker,Fifty Shades Darker,0,2017,\N,118,"Drama,Mystery,Romance"
9848725,tt4466864,movie,The New Adventures of Aladdin,Les nouvelles aventures d'Aladin,0,2015,\N,107,"Comedy,Fantasy"
9849470,tt4468634,movie,Certain Women,Certain Women,0,2016,\N,107,Drama
9849513,tt4468740,movie,Paddington 2,Paddington 2,0,2017,\N,103,"Adventure,Comedy,Family"
9850684,tt4471388,movie,Survival Games,Mafiya. Igra na vyzhivanie,0,2016,\N,91,"Action,Sci-Fi,Thriller"
9851821,tt4473938,movie,The Miracle of Tekir,Miracolul din Tekir,0,2015,\N,90,"Drama,Mystery"
9853440,tt4477536,movie,Fifty Shades Freed,Fifty Shades Freed,0,2018,\N,105,"Drama,Mystery,Romance"
9855144,tt4481414,movie,Gifted,Gifted,0,2017,\N,101,Drama
9855187,tt4481514,movie,The House,The House,0,2017,\N,88,"Comedy,Crime"
9857564,tt4486986,movie,All I See Is You,All I See Is You,0,2016,\N,109,"Drama,Mystery"
9861183,tt4495098,movie,Gran Turismo,Gran Turismo,0,2023,\N,134,"Action,Adventure,Drama"
9862866,tt4498818,movie,Dreamy,Dreamy,0,2014,\N,90,"Comedy,Drama"
9863770,tt4500922,movie,Maze Runner: The Death Cure,Maze Runner: The Death Cure,0,2018,\N,143,"Action,Adventure,Sci-Fi"
9863898,tt4501244,movie,Why Him?,Why Him?,0,2016,\N,111,Comedy
9863987,tt4501454,movie,The Meddler,The Meddler,0,2015,\N,103,"Comedy,Drama,Romance"
9865134,tt4504044,movie,The Prodigy,The Prodigy,0,2019,\N,92,"Fantasy,Horror,Mystery"
9866478,tt4507090,movie,Ennai Thalatta Varuvala,Ennai Thalatta Varuvala,0,2003,\N,123,"Action,Romance"
9868517,tt4511566,movie,Navy Seals vs. Zombies,Navy Seals vs. Zombies,0,2015,\N,97,"Action,Horror"
9869437,tt4513674,movie,Café Society,Café Society,0,2016,\N,96,"Comedy,Drama,Romance"
9869438,tt4513678,movie,Ghostbusters: Afterlife,Ghostbusters: Afterlife,0,2021,\N,124,"Adventure,Comedy,Fantasy"
9870289,tt4515684,movie,The Treasure,Comoara,0,2015,\N,89,Comedy
9870505,tt4516162,movie,Martin Eden,Martin Eden,0,2019,\N,129,"Drama,Romance"
9872321,tt4520364,movie,Morgan,Morgan,0,2016,\N,92,"Action,Horror,Sci-Fi"
9872589,tt4520988,movie,Frozen II,Frozen II,0,2019,\N,103,"Adventure,Animation,Comedy"
9873547,tt4523112,movie,Selam: Bahara Yolculuk,Selam: Bahara Yolculuk,0,2015,\N,126,"Biography,Drama,History"
9875185,tt4526922,movie,The Unknowns,The Unknowns,0,2016,\N,85,Documentary
9875500,tt4527664,movie,Tex Montana Will Survive!,Tex Montana Will Survive!,0,2015,\N,84,Comedy
9875853,tt4528386,movie,¡Asu Mare! 2,¡Asu Mare! 2,0,2015,\N,100,"Biography,Comedy"
9876730,tt4530422,movie,Overlord,Overlord,0,2018,\N,110,"Action,Horror,Sci-Fi"
9877407,tt4532038,movie,The War with Grandpa,The War with Grandpa,0,2020,\N,94,"Comedy,Drama,Family"
9877741,tt4532826,movie,Robin Hood,Robin Hood,0,2018,\N,116,"Action,Adventure,Drama"
9878998,tt4535650,movie,Dilwale,Dilwale,0,2015,\N,158,"Action,Comedy,Drama"
9879754,tt4537362,movie,"Kidnapping, Caucasian Style",Kavkazskaya plennitsa!,0,2014,\N,95,Comedy
9879983,tt4537896,movie,White Boy Rick,White Boy Rick,0,2018,\N,111,"Crime,Drama"
9880426,tt4538916,movie,Finding Your Feet,Finding Your Feet,0,2017,\N,111,"Comedy,Drama,Family"
9881225,tt4540710,movie,Miss Sloane,Miss Sloane,0,2016,\N,132,Drama
9885093,tt4549796,movie,Bully,Bully,0,2019,\N,102,Drama
9885211,tt4550098,movie,Nocturnal Animals,Nocturnal Animals,0,2016,\N,116,"Drama,Thriller"
9885733,tt4551318,movie,Paradise,Ray,0,2016,\N,130,"Drama,War"
9887493,tt4555426,movie,Darkest Hour,Darkest Hour,0,2017,\N,125,"Biography,Drama,History"
9888224,tt4557014,movie,Oru Vadakkan Selfie,Oru Vadakkan Selfie,0,2015,\N,141,"Comedy,Thriller"
9888758,tt4558200,movie,Crown Vic,Crown Vic,0,2019,\N,110,"Crime,Drama,Mystery"
9889146,tt4559046,movie,Housefull 3,Housefull 3,0,2016,\N,140,Comedy
9889775,tt4560436,movie,Mile 22,Mile 22,0,2018,\N,94,"Action,Crime,Thriller"
9892620,tt4566758,movie,Mulan,Mulan,0,2020,\N,115,"Action,Adventure,Drama"
9895135,tt4572514,movie,Patriots Day,Patriots Day,0,2016,\N,133,"Action,Crime,Drama"
9895262,tt4572792,movie,The Book of Henry,The Book of Henry,0,2017,\N,105,"Crime,Drama,Thriller"
9895580,tt4573516,movie,Sleight,Sleight,0,2016,\N,89,"Crime,Drama,Sci-Fi"
9896523,tt4575576,movie,Christopher Robin,Christopher Robin,0,2018,\N,104,"Adventure,Comedy,Drama"
9899253,tt4581576,movie,Aftermath,Aftermath,0,2017,\N,94,"Drama,Mystery,Thriller"
9901714,tt4586974,short,Black Sheep,Black Sheep,0,2015,\N,16,"Documentary,Drama,Family"
9902703,tt4589218,movie,Five Nights at Freddy's,Five Nights at Freddy's,0,2023,\N,109,"Horror,Mystery,Thriller"
9903162,tt4590218,movie,Cumbia la reina,Cumbia la reina,0,2015,\N,75,"Documentary,Music"
9903635,tt4591310,movie,The Monkey King 2,Xi You Ji: Sun Wukong san da Baigu Jing,0,2016,\N,119,"Action,Adventure,Fantasy"
9906262,tt4597454,movie,Rana Vikrama,Rana Vikrama,0,2015,\N,148,Thriller
9907586,tt4600396,short,Soap,Soap,0,2015,\N,16,"Comedy,Drama,Short"
9907844,tt4600952,movie,Guardians,Zashchitniki,0,2017,\N,89,"Action,Adventure,Comedy"
9908331,tt4602066,movie,The Catcher Was a Spy,The Catcher Was a Spy,0,2018,\N,94,"Biography,Drama,War"
9911155,tt4608574,movie,Essex Boys: Law of Survival,Essex Boys: Law of Survival,0,2015,\N,88,"Action,Crime,Drama"
9913316,tt4613272,movie,Kaili Blues,Lu bian ye can,0,2015,\N,113,"Drama,Mystery"
9913900,tt4614612,movie,Peterloo,Peterloo,0,2018,\N,154,"Drama,History"
9917398,tt4622512,movie,Battle of the Sexes,Battle of the Sexes,0,2017,\N,121,"Biography,Comedy,Drama"
9918188,tt4624424,movie,Storks,Storks,0,2016,\N,87,"Adventure,Animation,Comedy"
9918559,tt4625352,short,Eddy,Eddy,0,2014,\N,\N,"Drama,Short"
9918742,tt4625752,movie,Odnoy levoy,Odnoy levoy,0,2015,\N,79,"Comedy,Drama,Fantasy"
9919449,tt4627382,movie,Roofman,Roofman,0,2025,\N,126,"Biography,Crime,Drama"
9920187,tt4629032,movie,The Dawns Here Are Quiet...,A zori zdes tikhie...,0,2015,\N,110,"Drama,War"
9920818,tt4630562,movie,The Fate of the Furious,The Fate of the Furious,0,2017,\N,136,"Action,Crime,Thriller"
9921643,tt4632440,movie,The Dancer,La danseuse,0,2016,\N,108,"Biography,Drama,History"
9922163,tt4633694,movie,Spider-Man: Into the Spider-Verse,Spider-Man: Into the Spider-Verse,0,2018,\N,117,"Action,Adventure,Animation"
9922473,tt4634422,movie,The Broken Crown,La corona partida,0,2016,\N,113,"Biography,Drama,History"
9922981,tt4635548,movie,Wrong No.,Wrong No.,0,2015,\N,133,"Comedy,Romance"
9926624,tt4643432,movie,In the Forests of Siberia,Dans les forêts de Sibérie,0,2016,\N,105,"Adventure,Drama"
9926688,tt4643580,movie,Huevos: Little Rooster's Egg-cellent Adventure,Un gallo con muchos huevos,0,2015,\N,98,"Adventure,Animation,Comedy"
9927023,tt4644382,movie,Monkey King: Hero Is Back,Xi You ji: Da Sheng gui lai,0,2015,\N,89,"Action,Adventure,Animation"
9927426,tt4645330,movie,Denial,Denial,0,2016,\N,109,"Biography,Drama"
9927440,tt4645368,movie,It's Only the End of the World,Juste la fin du monde,0,2016,\N,97,Drama
9929266,tt4649416,movie,Almost Christmas,Almost Christmas,0,2016,\N,111,"Comedy,Drama,Romance"
9929288,tt4649466,movie,Kingsman: The Golden Circle,Kingsman: The Golden Circle,0,2017,\N,141,"Action,Adventure,Comedy"
9930133,tt4651410,movie,Precious Cargo,Precious Cargo,0,2016,\N,90,"Action,Comedy,Thriller"
9930152,tt4651466,movie,Joe Bell,Good Joe Bell,0,2020,\N,94,"Biography,Drama"
9930177,tt4651520,movie,Bad Moms,Bad Moms,0,2016,\N,100,Comedy
9932541,tt4656810,movie,The Broken Key,The Broken Key,0,2017,\N,125,"History,Sci-Fi,Thriller"
9936860,tt4667094,movie,Fifty Shades of Black,Fifty Shades of Black,0,2016,\N,92,Comedy
9937758,tt4669186,movie,Kevin Hart: What Now?,Kevin Hart: What Now?,0,2016,\N,96,"Comedy,Documentary"
9938020,tt4669788,movie,On the Basis of Sex,On the Basis of Sex,0,2018,\N,120,"Biography,Drama,History"
9938099,tt4669986,movie,Loving,Loving,0,2016,\N,123,"Biography,Drama,Romance"
9941726,tt4677924,movie,Woodshock,Woodshock,0,2017,\N,100,"Drama,Fantasy,Mystery"
9942206,tt4679076,movie,Tus padres volverán,Tus padres volverán,0,2015,\N,80,Documentary
9942264,tt4679210,movie,Premam,Premam,0,2015,\N,156,"Comedy,Drama,Romance"
9942678,tt4680182,movie,Colossal,Colossal,0,2016,\N,109,"Comedy,Drama,Fantasy"
9943583,tt4682266,movie,The New Mutants,The New Mutants,0,2020,\N,94,"Action,Horror,Mystery"
9943820,tt4682786,movie,Collateral Beauty,Collateral Beauty,0,2016,\N,97,"Drama,Romance"
9943821,tt4682788,movie,Loving Pablo,Loving Pablo,0,2017,\N,123,"Biography,Crime,Drama"
9943831,tt4682810,movie,Stolen Girl,Stolen Girl,0,2025,\N,105,"Action,Adventure,Drama"
9944085,tt4683366,movie,Ghayal Once Again,Ghayal Once Again,0,2016,\N,127,"Action,Drama,Thriller"
9945132,tt4685762,movie,The Craft: Legacy,The Craft: Legacy,0,2020,\N,97,"Comedy,Drama,Fantasy"
9945499,tt4686604,movie,On the Road to Berlin,Doroga na Berlin,0,2015,\N,82,"Drama,War"
9945607,tt4686844,movie,The Death of Stalin,The Death of Stalin,0,2017,\N,107,"Comedy,Drama,History"
9946049,tt4687848,movie,Railroad Tigers,Tie dao fei hu,0,2016,\N,124,"Action,Adventure,Comedy"
9947431,tt4690834,short,How to Irritate Harcore Dandies,How to Irritate Harcore Dandies,0,2012,\N,\N,"Adventure,Short"
9948125,tt4692368,movie,Jawani Phir Nahi Ani,Jawani Phir Nahi Ani,0,2015,\N,156,"Adventure,Comedy,Musical"
9948665,tt4693612,movie,Mr. Stein Goes Online,Un profil pour deux,0,2017,\N,99,"Comedy,Romance"
9949245,tt4695012,movie,It Comes at Night,It Comes at Night,0,2017,\N,91,"Drama,Horror,Mystery"
9950728,tt4698404,short,Eu sou um pequeno panda,Eu sou um pequeno panda,0,2009,\N,\N,"Adventure,Short"
9950757,tt4698472,short,A Vida e a Morte da Reencarnação de Gurcius Gewdner,A Vida e a Morte da Reencarnação de Gurcius Gewdner,0,2011,\N,\N,"Documentary,Short"
9950857,tt4698684,movie,Hunt for the Wilderpeople,Hunt for the Wilderpeople,0,2016,\N,101,"Adventure,Comedy,Drama"
9951762,tt4700756,movie,Believe,Believe,0,2016,\N,119,Drama
9951951,tt4701182,movie,Bumblebee,Bumblebee,0,2018,\N,114,"Action,Adventure,Sci-Fi"
9952164,tt4701660,movie,The Mermaid,Mei ren yu,0,2016,\N,94,"Comedy,Drama,Fantasy"
9952173,tt4701688,movie,Demonte Colony,Demonte Colony,0,2015,\N,116,"Horror,Thriller"
9952178,tt4701702,movie,Mr. Six,Lao pao er,0,2015,\N,134,"Action,Crime,Drama"
9952189,tt4701724,movie,Early Man,Early Man,0,2018,\N,89,"Adventure,Animation,Comedy"
9952828,tt4703182,video,Camp Cool Kids,Camp Cool Kids,0,2017,\N,104,"Comedy,Family,Mystery"
9953656,tt4705092,short,Dia de Ano,Dia de Ano,0,2005,\N,\N,"Crime,Short"
9954577,tt4707274,movie,The Mongolian Conspiracy,El complot mongol,0,2018,\N,100,"Crime,Thriller"
9957067,tt4712810,movie,Now You See Me: Now You Don't,Now You See Me: Now You Don't,0,2025,\N,113,"Crime,Thriller"
9957680,tt4714204,movie,Prilichnye lyudi,Prilichnye lyudi,0,2015,\N,90,Comedy
9957941,tt4714782,movie,Personal Shopper,Personal Shopper,0,2016,\N,105,"Drama,Mystery,Thriller"
9957992,tt4714896,movie,On Wings of Eagles,On Wings of Eagles,0,2016,\N,108,"Biography,Drama,History"
9959026,tt4717208,movie,Cops and Robbers,Cops and Robbers,0,2017,\N,88,"Action,Thriller"
9959270,tt4717746,movie,I Am Hooligan,I Am Hooligan,0,2016,\N,81,"Action,Drama"
9963243,tt4726636,movie,Slack Bay,Ma Loute,0,2016,\N,122,"Comedy,Fantasy"
9963393,tt4726988,movie,My Love or My Passion,El Fútbol o yo,0,2017,\N,100,"Comedy,Family,Romance"
9964676,tt4729896,movie,Apostasy,Apostasy,0,2017,\N,95,Drama
9965076,tt4730838,movie,Dyrene i Hakkebakkeskogen,Dyrene i Hakkebakkeskogen,0,2016,\N,75,"Animation,Family,Musical"
9965153,tt4731008,movie,The Wild Life,Robinson Crusoe,0,2016,\N,91,"Adventure,Animation,Comedy"
9965202,tt4731136,movie,A Cure for Wellness,A Cure for Wellness,0,2016,\N,146,"Drama,Fantasy,Horror"
9965208,tt4731148,movie,Attraction,Prityazhenie,0,2017,\N,132,"Action,Drama,Romance"
9965369,tt4731504,movie,Dofus: Book 1 - Julith,Dofus - Livre 1: Julith,0,2015,\N,100,"Action,Adventure,Animation"
9965642,tt4732072,short,The Girl on the Mat,The Girl on the Mat,0,2016,\N,28,"Drama,Short"
9968416,tt4738174,movie,Bon Cop Bad Cop 2,Bon Cop Bad Cop 2,0,2017,\N,126,"Action,Comedy,Crime"
9969942,tt4741504,movie,Below the Surface,Orzel. Ostatni patrol,0,2022,\N,100,"Action,Drama,History"
9970462,tt4742670,movie,The von Trapp Family: A Life of Music,The von Trapp Family: A Life of Music,0,2015,\N,98,"Biography,Drama,Family"
9971079,tt4744086,movie,Ki & Ka,Ki & Ka,0,2016,\N,126,"Comedy,Romance"
9972174,tt4746484,movie,After Love,L'économie du couple,0,2016,\N,100,Drama
9977410,tt4761270,movie,Orlean,Orlean,0,2015,\N,106,"Comedy,Drama,Thriller"
9977690,tt4761916,movie,Unfriended: Dark Web,Unfriended: Dark Web,0,2018,\N,92,"Horror,Mystery,Thriller"
9978058,tt4762740,tvMovie,Dez Anos sem GG Allin,Dez Anos sem GG Allin,0,2010,\N,\N,Mystery
9978082,tt4762796,short,Tatuada,Tatuada,0,2009,\N,\N,"Musical,Short"
9979222,tt4765284,movie,Pitch Perfect 3,Pitch Perfect 3,0,2017,\N,93,"Comedy,Music"
9980756,tt4768764,movie,Veteran,Beterang,0,2015,\N,123,"Action,Comedy,Crime"
9982096,tt4771774,movie,Nabab Nandini,Nabab Nandini,0,2007,\N,120,"Comedy,Romance"
9982107,tt4771796,movie,Rangbaaz,Rangbaaz,0,2013,\N,135,"Action,Comedy,Drama"
9982145,tt4771896,movie,The Fury of a Patient Man,Tarde para la ira,0,2016,\N,92,"Crime,Drama,Thriller"
9982282,tt4772188,movie,Flow,Straume,0,2024,\N,85,"Adventure,Animation,Family"
9982697,tt4773112,movie,Bindaas,Bindaas,0,2014,\N,160,"Action,Comedy,Musical"
9982718,tt4773160,movie,Bidhatar Lekha,Bidhatar Lekha,0,2007,\N,150,Drama
9984418,tt4776998,movie,The Promise,The Promise,0,2016,\N,133,"Action,Adventure,Drama"
9984422,tt4777008,movie,Maleficent: Mistress of Evil,Maleficent: Mistress of Evil,0,2019,\N,119,"Adventure,Drama,Family"
9984703,tt4777660,movie,Ustica,Ustica,0,2016,\N,111,Drama
9985324,tt4778988,movie,LBJ,LBJ,0,2016,\N,98,"Biography,Drama,History"
9985623,tt4779682,movie,The Meg,The Meg,0,2018,\N,113,"Action,Adventure,Horror"
9986699,tt4782088,short,Pressa de Te Amar,Pressa de Te Amar,0,2014,\N,\N,"Animation,Short"
9988677,tt4786282,movie,Lights Out,Lights Out,0,2016,\N,81,"Horror,Mystery"
9989767,tt4788602,movie,Doraemon: Nobita no Uchû Eiyûki,Doraemon: Nobita no Uchû Eiyûki,0,2015,\N,100,"Action,Adventure,Animation"
9990956,tt4791322,movie,"Tiger, Blood in the Mouth",Sangre en la boca,0,2016,\N,97,"Drama,Sport"
9994123,tt4799050,movie,Rough Night,Rough Night,0,2017,\N,101,Comedy
9994130,tt4799066,movie,Midnight Sun,Midnight Sun,0,2018,\N,91,"Drama,Romance"
9997491,tt4806232,movie,Indru Netru Naalai,Indru Netru Naalai,0,2015,\N,146,"Comedy,Sci-Fi,Thriller"
9998953,tt4809458,movie,The Dirty Dutch,Renesse,0,2016,\N,77,Comedy
10001207,tt4814290,movie,Te3n,Te3n,0,2016,\N,136,"Crime,Drama,Mystery"
10005500,tt4823776,movie,The SpongeBob Movie: Sponge on the Run,The SpongeBob Movie: Sponge on the Run,0,2020,\N,91,"Adventure,Animation,Comedy"
10005728,tt4824302,movie,Mother's Day,Mother's Day,0,2016,\N,118,"Comedy,Drama,Romance"
10005731,tt4824308,movie,God's Not Dead 2,God's Not Dead 2,0,2016,\N,120,Drama
10007278,tt4827558,movie,High Life,High Life,0,2018,\N,113,"Drama,Sci-Fi,Thriller"
10009440,tt4832640,movie,Sultan,Sultan,0,2016,\N,170,"Action,Drama,Romance"
10009944,tt4833824,movie,Uppi 2,Uppi 2,0,2015,\N,135,"Action,Mystery,Thriller"
10011818,tt4838334,movie,The Fight Within,The Fight Within,0,2016,\N,94,"Action,Romance,Sport"
10012617,tt4840206,movie,Sons of Rizk,Welad Rizq,0,2015,\N,103,"Action,Comedy,Crime"
10014353,tt4844148,movie,Mia and the White Lion,Mia et le lion blanc,0,2018,\N,98,"Adventure,Drama,Family"
10015223,tt4846232,movie,Good Time,Good Time,0,2017,\N,102,"Crime,Drama,Thriller"
10015272,tt4846340,movie,Hidden Figures,Hidden Figures,0,2016,\N,127,"Biography,Drama,History"
10015514,tt4846920,movie,TuHiRe,TuHiRe,0,2015,\N,130,"Drama,Romance"
10016577,tt4849438,movie,Baahubali 2: The Conclusion,Bãhubali 2: The Conclusion,0,2017,\N,167,"Action,Drama"
10017526,tt4851630,movie,Maheshinte Prathikaaram,Maheshinte Prathikaaram,0,2016,\N,120,"Comedy,Drama,Romance"
10018125,tt4853102,movie,Batman: The Killing Joke,Batman: The Killing Joke,0,2016,\N,76,"Action,Animation,Crime"
10018453,tt4853910,movie,Neulovimye,Neulovimye,0,2015,\N,86,"Adventure,Comedy,Crime"
10019898,tt4857264,movie,The Invisible Guest,Contratiempo,0,2016,\N,106,"Crime,Drama,Mystery"
10023196,tt4864932,movie,Baaghi,Baaghi,0,2016,\N,133,"Action,Drama,Romance"
10023405,tt4865436,movie,Hate Story 3,Hate Story 3,0,2015,\N,126,"Drama,Thriller"
10025917,tt4871022,movie,Goroskop na udachu,Goroskop na udachu,0,2015,\N,95,"Comedy,Drama"
10026808,tt4873118,movie,The Covenant,The Covenant,0,2023,\N,123,"Action,Drama,Thriller"
10028610,tt4877122,movie,The Emoji Movie,The Emoji Movie,0,2017,\N,86,"Adventure,Animation,Comedy"
10028806,tt4877554,short,A População da América Espanhola Colonial,A População da América Espanhola Colonial,0,2004,\N,\N,"Documentary,Short"
10030475,tt4881242,movie,Loham,Loham,0,2015,\N,129,"Action,Thriller"
10030720,tt4881806,movie,Jurassic World: Fallen Kingdom,Jurassic World: Fallen Kingdom,0,2018,\N,128,"Action,Adventure,Sci-Fi"
10033776,tt4888834,movie,Ennu Ninte Moideen,Ennu Ninte Moideen,0,2015,\N,166,"Biography,Drama,Romance"
10035485,tt4892424,short,Phone Sex,Phone Sex,0,2017,\N,10,"Drama,Short"
10035704,tt4892962,movie,Mastane,Mastane,0,2014,\N,98,Drama
10038774,tt4899880,movie,Shah,Shah,0,2015,\N,109,"Biography,Drama,Sport"
10038886,tt4900148,movie,Elio,Elio,0,2025,\N,98,"Adventure,Animation,Comedy"
10039136,tt4900716,movie,Kapoor & Sons,Kapoor & Sons,0,2016,\N,132,"Comedy,Drama,Family"
10039571,tt4901756,movie,Queen of Spades: The Dark Rite,Pikovaya dama. Chyornyy obryad,0,2015,\N,92,"Horror,Mystery,Thriller"
10039643,tt4901934,movie,Galis: The Journey to Astra,Galis: The Journey to Astra,0,2014,\N,95,"Adventure,Drama,Fantasy"
10040066,tt4902904,movie,The Resurrection of Gavin Stone,The Resurrection of Gavin Stone,0,2017,\N,91,"Comedy,Drama,Family"
10041913,tt4906960,movie,Baadshaho,Baadshaho,0,2017,\N,136,"Action,Adventure,Thriller"
10044503,tt4912910,movie,Mission: Impossible - Fallout,Mission: Impossible - Fallout,0,2018,\N,147,"Action,Adventure,Thriller"
10044982,tt4913966,movie,The Curse of La Llorona,The Curse of La Llorona,0,2019,\N,93,"Horror,Mystery,Thriller"
10045228,tt4914580,movie,The Age of Shadows,Mil-jeong,0,2016,\N,140,"Action,History,Thriller"
10046156,tt4916630,movie,Just Mercy,Just Mercy,0,2019,\N,137,"Biography,Crime,Drama"
10046417,tt4917224,movie,9/11,9/11,0,2017,\N,90,Action
10047343,tt4919268,movie,Bad Boys: Ride or Die,Bad Boys: Ride or Die,0,2024,\N,115,"Action,Adventure,Comedy"
10049771,tt4924656,movie,The Debt of Maximillian,The Debt of Maximillian,0,2019,\N,83,"Drama,Thriller"
10050052,tt4925292,movie,Lady Bird,Lady Bird,0,2017,\N,94,"Comedy,Drama"
10050621,tt4926538,movie,The Tuche Family: The American Dream,Les Tuche 2: Le rêve américain,0,2016,\N,94,Comedy
10051291,tt4927984,movie,Tomato Red: Blood Money,Tomato Red,0,2017,\N,112,"Drama,Thriller"
10054415,tt4935418,movie,Baskin,Baskin,0,2015,\N,97,"Horror,Thriller"
10054577,tt4935782,movie,Blood Pi,Sorority House,0,2020,\N,91,Horror
10054866,tt4936450,movie,Graduation,Bacalaureat,0,2016,\N,128,"Crime,Drama"
10056006,tt4939066,movie,Battle for Incheon: Operation Chromite,Incheon sangryuk jakjeon,0,2016,\N,111,"Action,Drama,History"
10056575,tt4940370,movie,The 101-Year-Old Man Who Skipped Out on the Bill and Disappeared,Hundraettåringen som smet från notan och försvann,0,2016,\N,108,"Adventure,Comedy,Crime"
10056615,tt4940456,movie,Mirza's Lady,Mirzya,0,2016,\N,129,"Action,Drama,Fantasy"
10057562,tt4942750,movie,Wunder der Lebenskraft,Wunder der Lebenskraft,0,2015,\N,91,Documentary
10057805,tt4943322,movie,The Ottoman Lieutenant,The Ottoman Lieutenant,0,2017,\N,106,"Drama,History,War"
10058347,tt4944596,movie,May God Save Us,Que Dios nos perdone,0,2016,\N,127,"Crime,Drama,Thriller"
10059697,tt4947672,movie,Caffè,Caffè,0,2016,\N,110,Drama
10059728,tt4947738,movie,Spirit of the Game,Spirit of the Game,0,2016,\N,98,Biography
10060402,tt4949290,movie,Cartels,Cartels,0,2016,\N,95,"Action,Crime,Thriller"
10060750,tt4950110,movie,I'm Not Ashamed,I'm Not Ashamed,0,2016,\N,112,"Biography,Drama"
10062719,tt4954522,movie,Raw,Grave,0,2016,\N,99,"Drama,Horror"
10065008,tt4959750,movie,1992,1992,0,2022,\N,97,"Action,Drama,Thriller"
10065407,tt4960748,movie,Till,Till,0,2022,\N,130,"Biography,Crime,Drama"
10067247,tt4964788,movie,Everybody Knows,Todos lo saben,0,2018,\N,133,"Crime,Drama,Mystery"
10068303,tt4967094,movie,Our Times,Wo de shao nü shi dai,0,2015,\N,134,"Comedy,Romance"
10068658,tt4967920,movie,Dabbe 6: The Return,Dabbe (Dab6e),0,2015,\N,160,Horror
10068991,tt4968738,movie,Sons of the Neon Night,Fung lam fo saan,0,2025,\N,125,"Crime,Drama,Thriller"
10070145,tt4971344,movie,The Sisters Brothers,The Sisters Brothers,0,2018,\N,122,"Drama,Western"
10070709,tt4972582,movie,Split,Split,0,2016,\N,117,"Horror,Thriller"
10072063,tt4975722,movie,Moonlight,Moonlight,0,2016,\N,111,Drama
10072153,tt4975920,movie,The Kid,The Kid,0,2019,\N,100,"Biography,Drama,Western"
10073247,tt4978420,movie,Borderlands,Borderlands,0,2024,\N,101,"Action,Adventure,Comedy"
10074652,tt4981636,movie,Middle School: The Worst Years of My Life,Middle School: The Worst Years of My Life,0,2016,\N,92,"Comedy,Family"
10074794,tt4981966,movie,24,24,0,2016,\N,164,"Action,Comedy,Drama"
10079068,tt4991384,movie,Visaaranai,Visaranai,0,2015,\N,117,"Crime,Drama,Thriller"
10079350,tt4992086,movie,Bhale Bhale Magadivoy,Bhale Bhale Magadivoy,0,2015,\N,137,"Comedy,Romance"
10081245,tt4996328,movie,Ordinary Angels,Ordinary Angels,0,2024,\N,118,"Biography,Drama"
10082286,tt4998632,movie,Ambulance,Ambulance,0,2022,\N,136,"Action,Crime,Drama"
10083699,tt5001718,movie,"Everything, Everything","Everything, Everything",0,2017,\N,96,"Drama,Romance"
10083716,tt5001754,movie,Braven,Braven,0,2018,\N,94,"Action,Thriller"
10088282,tt5011872,movie,Massive: The Amazing Rise and Fall,Massive: The Amazing Rise and Fall,0,2016,\N,\N,Documentary
10088803,tt5013056,movie,Dunkirk,Dunkirk,0,2017,\N,106,"Action,Drama,History"
10092025,tt5020376,short,Black Jeans Whoa,Black Jeans Whoa,0,2015,\N,7,"Comedy,Short"
10095333,tt5027774,movie,"Three Billboards Outside Ebbing, Missouri","Three Billboards Outside Ebbing, Missouri",0,2017,\N,115,"Comedy,Crime,Drama"
10095589,tt5028340,movie,Mary Poppins Returns,Mary Poppins Returns,0,2018,\N,130,"Adventure,Comedy,Family"
10098108,tt5033998,movie,Charlie's Angels,Charlie's Angels,0,2019,\N,118,"Action,Adventure,Comedy"
10098317,tt5034474,movie,The Assignment,The Assignment,0,2016,\N,95,"Action,Crime,Thriller"
10098481,tt5034838,movie,Godzilla vs. Kong,Godzilla vs. Kong,0,2021,\N,113,"Action,Sci-Fi,Thriller"
10100735,tt5040012,movie,Nosferatu,Nosferatu,0,2024,\N,132,"Fantasy,Horror,Mystery"
10103359,tt5046070,movie,Maikäfer flieg,Maikäfer flieg,0,2016,\N,100,Drama
10105909,tt5051948,short,"Head Full of Dreams, Heart Full of Promises","Head Full of Dreams, Heart Full of Promises",0,2015,\N,10,"Documentary,Short"
10106135,tt5052448,movie,Get Out,Get Out,0,2017,\N,104,"Horror,Mystery,Thriller"
10106143,tt5052474,movie,Sicario: Day of the Soldado,Sicario: Day of the Soldado,0,2018,\N,122,"Action,Crime,Drama"
10108373,tt5057300,movie,Doctor Proctor: Bubble in the Bathtub,Doktor Proktors tidsbadekar,0,2015,\N,95,"Comedy,Family,Fantasy"
10113599,tt5069022,movie,I'm Trying to Impress You,I'm Trying to Impress You,0,2016,\N,105,"Comedy,Drama,Romance"
10114903,tt5071886,movie,Kabali,Kabali,0,2016,\N,153,"Action,Crime,Drama"
10115649,tt5073642,movie,Color Out of Space,Color Out of Space,0,2019,\N,111,"Horror,Mystery,Sci-Fi"
10115945,tt5074352,movie,Dangal,Dangal,0,2016,\N,161,"Action,Biography,Drama"
10117310,tt5077538,movie,Père fils thérapie!,Père fils thérapie!,0,2016,\N,92,"Comedy,Crime"
10117874,tt5078852,movie,Lansky,Lansky,0,2021,\N,119,"Biography,Crime,Drama"
10118624,tt5080556,movie,2.0,2.0,0,2018,\N,148,"Action,Fantasy,Sci-Fi"
10119286,tt5082014,movie,Charlie,Charlie,0,2015,\N,130,"Adventure,Drama,Romance"
10120067,tt5083738,movie,The Favourite,The Favourite,0,2018,\N,119,"Biography,Comedy,Drama"
10123043,tt5090568,movie,Transformers: Rise of the Beasts,Transformers: Rise of the Beasts,0,2023,\N,127,"Action,Adventure,Sci-Fi"
10123260,tt5091108,movie,About Love,O lyubvi,0,2017,\N,97,"Drama,Romance,Thriller"
10123470,tt5091538,movie,Max & Leon,La folle histoire de Max et Léon,0,2016,\N,98,"Adventure,Comedy,War"
10123504,tt5091612,movie,A Bag of Marbles,Un sac de billes,0,2017,\N,110,"Biography,Drama,History"
10123830,tt5092380,movie,A Breath Away,Dans la brume,0,2018,\N,89,"Action,Drama,Mystery"
10124964,tt5095030,movie,Ant-Man and the Wasp,Ant-Man and the Wasp,0,2018,\N,118,"Action,Adventure,Comedy"
10125596,tt5096536,movie,Heal the Living,Réparer les vivants,0,2016,\N,103,Drama
10129233,tt5104604,movie,Isle of Dogs,Isle of Dogs,0,2018,\N,101,"Adventure,Animation,Comedy"
10130937,tt5108476,movie,Befikre,Befikre,0,2016,\N,130,"Comedy,Drama,Romance"
10131110,tt5108870,movie,Morbius,Morbius,0,2022,\N,104,"Action,Adventure,Horror"
10131284,tt5109280,movie,Raya and the Last Dragon,Raya and the Last Dragon,0,2021,\N,107,"Action,Adventure,Animation"
10131519,tt5109784,movie,Mother!,Mother!,0,2017,\N,121,"Drama,Horror,Mystery"
10132923,tt5112966,movie,No Borders,Bez granits,0,2015,\N,90,Comedy
10132953,tt5113040,movie,The Secret Life of Pets 2,The Secret Life of Pets 2,0,2019,\N,86,"Adventure,Animation,Comedy"
10132954,tt5113044,movie,Minions: The Rise of Gru,Minions: The Rise of Gru,0,2022,\N,87,"Adventure,Animation,Comedy"
10134994,tt5117670,movie,Peter Rabbit,Peter Rabbit,0,2018,\N,95,"Adventure,Animation,Comedy"
10135659,tt5119202,movie,Going Furthur,Going Furthur,0,2016,\N,96,"Documentary,History"
10136019,tt5120010,movie,Perfect Health,Perfect sãnãtos,0,2017,\N,109,"Drama,Thriller"
10136277,tt5120640,movie,Sarbjit,Sarbjit,0,2016,\N,131,"Biography,Drama"
10136833,tt5121816,movie,The Bar,El bar,0,2017,\N,102,Thriller
10137070,tt5122374,movie,Tini: The New Life of Violetta,Tini: El gran cambio de Violetta,0,2016,\N,99,"Adventure,Family,Music"
10137925,tt5124206,movie,Savage,Savage,0,2017,\N,100,"Comedy,Drama"
10138470,tt5125414,movie,Amazon Obhijaan,Amazon Obhijaan,0,2017,\N,140,"Action,Adventure"
10139326,tt5127406,movie,Søsken til evig tid: Amerikareisa,Søsken til evig tid: Amerikareisa,0,2015,\N,75,Documentary
10141407,tt5132186,short,Mr. Overton,Mr. Overton,0,2015,\N,14,"Documentary,Short"
10141923,tt5133392,movie,Zoology,Zoologiya,0,2016,\N,91,"Comedy,Drama,Fantasy"
10145157,tt5140878,movie,Annabelle: Creation,Annabelle: Creation,0,2017,\N,109,"Horror,Mystery,Thriller"
10145229,tt5141042,movie,Shudhu Tomari Jonyo,Shudhu Tomari Jonyo,0,2015,\N,149,"Drama,Romance"
10145581,tt5141848,movie,Rabidity,Rabidity,0,2016,\N,86,"Action,Crime,Drama"
10145747,tt5142216,movie,Auto Shop of Horrors,Auto Shop of Horrors,0,2016,\N,87,"Comedy,Horror"
10149849,tt5151622,movie,Ranbanka,Ranbanka,0,2015,\N,\N,Action
10150774,tt5153860,movie,Female Fight Squad,Female Fight Club,0,2016,\N,90,"Action,Crime,Drama"
10152026,tt5156746,movie,Force 2,Force 2,0,2016,\N,127,"Action,Thriller"
10152319,tt5157420,movie,Tayna Sukharevoy bashni. Charodey ravnovesiya,Tayna Sukharevoy bashni. Charodey ravnovesiya,0,2015,\N,76,"Animation,Fantasy,History"
10153938,tt5161058,movie,"Gulyay, Vasya!","Gulyay, Vasya!",0,2017,\N,96,Comedy
10154199,tt5161658,movie,Bling,Bling,0,2016,\N,82,"Action,Animation,Comedy"
10154643,tt5162658,movie,Gold,Oro,0,2017,\N,103,"Adventure,Drama,History"
10155339,tt5164214,movie,Ocean's Eight,Ocean's Eight,0,2018,\N,110,"Comedy,Crime,Thriller"
10155440,tt5164432,movie,"Love, Simon","Love, Simon",0,2018,\N,110,"Comedy,Drama,Romance"
10155661,tt5164926,short,Avoidant,Avoidant,0,2015,\N,20,"Short,Thriller"
10155860,tt5165344,movie,Rustom,Rustom,0,2016,\N,148,"Crime,Drama,Thriller"
10160702,tt5176252,movie,Holy Camp!,La Llamada,0,2017,\N,108,Musical
10161053,tt5177088,movie,The Girl in the Spider's Web,The Girl in the Spider's Web,0,2018,\N,115,"Action,Adventure,Crime"
10161065,tt5177114,movie,Young Woman and the Sea,Young Woman and the Sea,0,2024,\N,129,"Biography,Drama,Romance"
10161067,tt5177120,movie,The Ministry of Ungentlemanly Warfare,The Ministry of Ungentlemanly Warfare,0,2024,\N,122,"Action,Comedy,War"
10161560,tt5178278,movie,Vedalam,Vedalam,0,2015,\N,148,"Action,Drama"
10161991,tt5179252,movie,Night Shift,Shift-e Shab,0,2015,\N,98,Drama
10162735,tt5180952,short,Life Under the Horseshoe,Life Under the Horseshoe,0,2015,\N,26,"Biography,Documentary,Short"
10162867,tt5181260,movie,The Unbreakable Boy,The Unbreakable Boy,0,2025,\N,109,Drama
10165500,tt5187886,movie,Abracadabra,Abracadabra,0,2017,\N,96,"Comedy,Drama,Fantasy"
10166874,tt5190958,movie,Katyar Kaljat Ghusali,Katyar Kaljat Ghusali,0,2015,\N,162,"Drama,Musical"
10169738,tt5197544,movie,Baar Baar Dekho,Baar Baar Dekho,0,2016,\N,141,"Drama,Romance,Sci-Fi"
10169969,tt5198068,movie,Wolfwalkers,WolfWalkers,0,2020,\N,103,"Action,Adventure,Animation"
10170286,tt5198844,movie,Chempiony: Bystree. Vyshe. Silnee,Chempiony: Bystree. Vyshe. Silnee,0,2016,\N,100,"Biography,Drama,Sport"
10170308,tt5198890,movie,Eileen,Eileen,0,2023,\N,97,"Drama,Mystery,Romance"
10174456,tt5208216,movie,Wonderstruck,Wonderstruck,0,2017,\N,116,"Adventure,Drama,Mystery"
10174470,tt5208252,movie,Operation Finale,Operation Finale,0,2018,\N,122,"Biography,Drama,History"
10174777,tt5208950,movie,Kickboxer: Retaliation,Kickboxer: Retaliation,0,2018,\N,110,"Action,Drama"
10175058,tt5209546,short,Fang,Fang,0,2012,\N,15,"Short,Thriller"
10177861,tt5215952,movie,The Wailing,Gokseong,0,2016,\N,156,"Drama,Horror"
10179750,tt5220122,movie,Hotel Transylvania 3: Summer Vacation,Hotel Transylvania 3: Summer Vacation,0,2018,\N,97,"Adventure,Animation,Comedy"
10180420,tt5221584,movie,Aquarius,Aquarius,0,2016,\N,146,Drama
10182062,tt5225338,movie,The Eyes of My Mother,The Eyes of My Mother,0,2016,\N,76,"Drama,Horror,Thriller"
10182160,tt5225580,movie,Kabaddi Kabaddi,Kabaddi Kabaddi,0,2015,\N,135,"Comedy,Drama"
10182773,tt5226984,movie,Tom of Finland,Tom of Finland,0,2017,\N,117,"Biography,Drama"
10182788,tt5227024,movie,Mr Unbelievable,Mr Unbelievable,0,2015,\N,94,Comedy
10185209,tt5232522,movie,Dandelion,Chang Trai Nam Ay,0,2014,\N,119,"Comedy,Drama,Romance"
10187796,tt5238240,movie,The Stronghold,Storozhova zastava,0,2017,\N,111,"Adventure,Fantasy"
10191556,tt5247022,movie,Paterson,Paterson,0,2016,\N,118,"Comedy,Drama,Romance"
10194413,tt5253372,movie,Voyna polov,Voyna polov,0,2015,\N,86,Comedy
10194981,tt5254610,movie,Final Score,Final Score,0,2018,\N,104,"Action,Adventure,Drama"
10194992,tt5254640,movie,Spa Night,Spa Night,0,2016,\N,93,Drama
10196786,tt5258850,movie,See You Up There,Au revoir là-haut,0,2017,\N,117,"Comedy,Crime,Drama"
10197221,tt5259822,movie,Tesla,Tesla,0,2020,\N,102,"Biography,Drama"
10197277,tt5259966,movie,No Manches Frida,No manches Frida,0,2016,\N,114,"Comedy,Romance"
10199180,tt5264304,movie,Helden van de zee,Helden van de zee,0,2016,\N,88,"Comedy,Family"
10200041,tt5266218,movie,Bengal Tiger,Bengal Tiger,0,2015,\N,145,"Action,Comedy"
10201627,tt5269792,movie,Parole de King!,Parole de King!,0,2015,\N,96,Documentary
10202126,tt5270948,movie,Chappaquiddick,Chappaquiddick,0,2017,\N,106,"Biography,Drama,History"
10202342,tt5271442,movie,Maalik,Maalik,0,2016,\N,155,"Action,Crime,Drama"
10203303,tt5273624,movie,Journey to the West: The Demons Strike Back,Xi you fu yao pian,0,2017,\N,109,"Adventure,Comedy,Fantasy"
10203969,tt5275096,short,The Gatling Gun: Changing the World One Bullet at a Time,The Gatling Gun: Changing the World One Bullet at a Time,0,2011,\N,9,"Documentary,Short"
10205588,tt5278832,movie,The Lure,Córki dancingu,0,2015,\N,92,"Drama,Fantasy,Horror"
10206233,tt5280308,movie,Downup the Exit 796,Downup the Exit 796,0,2018,\N,102,Thriller
10206987,tt5282006,movie,The Duelist,Duelyant,0,2016,\N,109,"Action,Drama,Thriller"
10209023,tt5286444,movie,Neerja,Neerja,0,2016,\N,122,"Biography,Drama,Thriller"
10210826,tt5290524,movie,Quo vado?,Quo vado?,0,2016,\N,86,Comedy
10210982,tt5290882,movie,Detective Chinatown,Tang ren jie tan an,0,2015,\N,136,"Action,Comedy,Mystery"
10211132,tt5291232,movie,Long Long Time Ago,Long Long Time Ago,0,2016,\N,107,"Comedy,Drama"
10212620,tt5294550,movie,All the Money in the World,All the Money in the World,0,2017,\N,132,"Biography,Crime,Drama"
10213789,tt5297140,movie,Lahore Se Aagey,Lahore Se Aagey,0,2016,\N,131,"Comedy,Romance"
10213841,tt5297256,movie,Pulimurugan,Pulimurugan,0,2016,\N,161,Action
10213989,tt5297578,movie,Zindagi Kitni Haseen Hay,Zindagi Kitni Haseen Hay,0,2016,\N,150,"Adventure,Drama,Romance"
10214872,tt5299638,movie,Zelyonaya kareta,Zelyonaya kareta,0,2015,\N,93,Drama
10215361,tt5300754,movie,Fairytale of New York,New York Masali,0,2017,\N,99,"Comedy,Romance"
10215763,tt5301662,movie,Marshall,Marshall,0,2017,\N,118,"Biography,Crime,Drama"
10217003,tt5304464,movie,Happy End,Happy End,0,2017,\N,107,Drama
10218676,tt5308322,movie,Happy Death Day,Happy Death Day,0,2017,\N,96,"Comedy,Horror,Mystery"
10219495,tt5310090,movie,Irudhi Suttru,Irudhi Suttru,0,2016,\N,109,"Drama,Sport"
10220131,tt5311514,movie,Your Name.,Kimi no na wa.,0,2016,\N,106,"Animation,Drama,Fantasy"
10220145,tt5311542,movie,Never Look Away,Werk ohne Autor,0,2018,\N,189,"Biography,Drama,Romance"
10220432,tt5312232,movie,Sairat,Sairat,0,2016,\N,174,"Drama,Romance"
10220467,tt5312306,movie,Klassikokkutulek,Klassikokkutulek,0,2016,\N,90,Comedy
10221307,tt5314190,movie,Sgt. Stubby: An American Hero,Sgt. Stubby: An American Hero,0,2018,\N,84,"Adventure,Animation,Family"
10224178,tt5320514,movie,Action Hero Biju,Action Hero Biju,0,2016,\N,144,"Action,Comedy,Thriller"
10224848,tt5322012,movie,Wish Upon,Wish Upon,0,2017,\N,90,"Drama,Fantasy,Horror"
10226386,tt5325452,movie,Boo! A Madea Halloween,Boo! A Madea Halloween,0,2016,\N,103,"Comedy,Drama,Horror"
10226483,tt5325684,movie,Hate Story IV,Hate Story IV,0,2018,\N,131,"Crime,Drama,Thriller"
10226815,tt5326448,movie,Merci patron !,Merci patron !,0,2016,\N,84,Documentary
10227483,tt5328004,movie,Balach,Balach,0,2009,\N,\N,Biography
10229007,tt5331532,movie,F.C. De Kampioenen 3: Kampioenen Forever,F.C. De Kampioenen 3: Kampioenen Forever,0,2017,\N,105,Comedy
10229895,tt5333612,movie,Actor in Law,Actor in Law,0,2016,\N,116,"Comedy,Drama,Romance"
10232793,tt5340300,movie,Lean on Pete,Lean on Pete,0,2017,\N,121,"Adventure,Drama,Sport"
10232884,tt5340522,movie,Soggade Chinni Nayana,Soggade Chinni Nayana,0,2016,\N,145,"Comedy,Drama"
10236352,tt5348236,movie,The Midwife,Sage femme,0,2017,\N,117,Drama
10238881,tt5354160,movie,Mirror Game,Aynabaji,0,2016,\N,147,"Crime,Mystery,Thriller"
10240883,tt5358714,movie,Good Boy,Khoroshiy malchik,0,2016,\N,95,"Comedy,Drama,Family"
10241841,tt5360952,movie,The Hurricane Heist,The Hurricane Heist,0,2018,\N,103,"Action,Adventure,Crime"
10241862,tt5360996,movie,Mary Magdalene,Mary Magdalene,0,2018,\N,120,"Biography,Drama,History"
10242754,tt5362988,movie,Wind River,Wind River,0,2017,\N,107,"Crime,Drama,Mystery"
10248598,tt5376232,movie,Jacob's Kingdom of Heaven,Jacobinte Swargarajyam,0,2016,\N,145,"Biography,Drama,Family"
10255478,tt5390504,movie,Detroit,Detroit,0,2017,\N,143,"Crime,Drama,History"
10258642,tt5396900,movie,Sesh Sangbad: The Last News,Sesh Sangbad: The Last News,0,2016,\N,120,"Drama,Thriller"
10258771,tt5397194,movie,Anon,Anon,0,2018,\N,100,"Crime,Mystery,Sci-Fi"
10258897,tt5397464,movie,Today Match at 3,Hoy partido a las 3,0,2017,\N,96,Drama
10270355,tt5423310,movie,Ola Bola,Ola Bola,0,2016,\N,113,"Drama,History,Sport"
10273788,tt5431016,movie,Os Dez Mandamentos - O Filme,Os Dez Mandamentos: O Filme,0,2016,\N,120,"Adventure,Drama,Fantasy"
10274703,tt5433138,movie,F9: The Fast Saga,F9,0,2021,\N,143,"Action,Crime,Thriller"
10274704,tt5433140,movie,Fast X,Fast X,0,2023,\N,141,"Action,Adventure,Crime"
10275240,tt5434374,movie,Made in Italy: Ciao Brother,Made in Italy: Ciao Brother,0,2016,\N,98,Comedy
10276803,tt5437922,short,Aonar,Aonar,0,2017,\N,11,Short
10277694,tt5439796,movie,Logan Lucky,Logan Lucky,0,2017,\N,118,"Action,Comedy,Crime"
10277700,tt5439812,movie,Zola,Zola,0,2020,\N,86,"Comedy,Crime,Drama"
10277970,tt5440404,short,Prism,Prism,0,2016,\N,\N,"Drama,Romance,Short"
10278922,tt5442430,movie,Life,Life,0,2017,\N,104,"Horror,Sci-Fi,Thriller"
10281032,tt5447140,movie,Musudan,Musudan,0,2016,\N,87,"Action,Mystery,Thriller"
10285301,tt5456546,movie,Judwaa 2,Judwaa 2,0,2017,\N,145,"Action,Comedy,Romance"
10285821,tt5457722,movie,Brahmotsavam,Brahmotsavam,0,2016,\N,156,"Drama,Romance"
10285840,tt5457772,movie,Sarrainodu,Sarrainodu,0,2016,\N,126,"Action,Drama"
10286094,tt5458364,movie,Oru Murai Vanthu Paarthaya,Oru Murai Vanthu Paarthaya,0,2016,\N,151,"Comedy,Horror,Romance"
10287031,tt5460530,movie,Vengeance: A Love Story,Vengeance: A Love Story,0,2017,\N,99,"Action,Adventure,Crime"
10287659,tt5461944,movie,Hotel Mumbai,Hotel Mumbai,0,2018,\N,123,"Action,Drama,History"
10287851,tt5462400,movie,Kóblic,Kóblic,0,2016,\N,92,"Crime,Drama,Thriller"
10287937,tt5462602,movie,The Big Sick,The Big Sick,0,2017,\N,120,"Comedy,Drama,Romance"
10288196,tt5463162,movie,Deadpool 2,Deadpool 2,0,2018,\N,119,"Action,Adventure,Comedy"
10289245,tt5465472,movie,Common Gender,Common Gender,0,2012,\N,\N,Drama
10290183,tt5467644,short,Whistle,Whistle,0,2015,\N,4,"Horror,Short"
10290444,tt5468300,movie,Sound and Fury,Khashm va Hayahoo,0,2016,\N,96,"Drama,Mystery,Romance"
10292256,tt5472374,movie,Meri Pyaari Bindu,Meri Pyaari Bindu,0,2017,\N,117,"Comedy,Drama,Romance"
10292988,tt5474042,movie,Half Girlfriend,Half Girlfriend,0,2017,\N,135,"Drama,Romance"
10293737,tt5475734,movie,Squadron 303,Dywizjon 303,0,2018,\N,104,"Drama,War"
10293944,tt5476182,video,Hellraiser: Judgment,Hellraiser: Judgment,0,2018,\N,81,"Drama,Horror"
10294958,tt5478478,movie,Hostiles,Hostiles,0,2017,\N,134,"Drama,Western"
10296168,tt5481184,movie,League of Gods,Feng shen chuan qi,0,2016,\N,109,"Action,Fantasy"
10298074,tt5485420,movie,Ten,Ten,0,2017,\N,107,Drama
10299884,tt5489336,short,Blood Quantum,Blood Quantum,0,2016,\N,\N,"Documentary,Short"
10301335,tt5492684,movie,Tanz der Zuckerfee,Tanz der Zuckerfee,0,2016,\N,69,Drama
10304683,tt5500218,movie,Samaritan,Samaritan,0,2022,\N,102,"Action,Drama,Fantasy"
10306254,tt5503686,movie,Hustlers,Hustlers,0,2019,\N,110,"Comedy,Crime,Drama"
10314719,tt5523010,movie,The Nutcracker and the Four Realms,The Nutcracker and the Four Realms,0,2018,\N,99,"Adventure,Family,Fantasy"
10315863,tt5525650,movie,The Goat Life,The Goat Life,0,2024,\N,173,"Adventure,Drama"
10318427,tt5531536,movie,Santa Swap: Merry Christmas Mr. Andersen,Snekker Andersen og Julenissen,0,2016,\N,70,"Adventure,Comedy,Family"
10320073,tt5535276,movie,Maestro,Maestro,0,2023,\N,129,"Biography,Drama,History"
10320862,tt5537002,movie,Killers of the Flower Moon,Killers of the Flower Moon,0,2023,\N,206,"Crime,Drama,History"
10322268,tt5540188,movie,The Nile Hilton Incident,The Nile Hilton Incident,0,2017,\N,111,"Crime,Drama,Mystery"
10322634,tt5540992,movie,Shock and Awe,Shock and Awe,0,2017,\N,90,"Biography,Drama,History"
10325661,tt5548032,movie,Oppam,Oppam,0,2016,\N,143,"Action,Thriller"
10327424,tt5551590,movie,A Fistful of Grapes,Bianco di Babbudoiu,0,2016,\N,93,Comedy
10328001,tt5552744,short,Run,Run,0,2016,\N,12,"Horror,Short"
10331026,tt5559528,movie,Maanagaram,Maanagaram,0,2017,\N,137,"Action,Thriller"
10332499,tt5562804,movie,Not Scream,Le grida del silenzio,0,2018,\N,90,"Comedy,Thriller"
10332737,tt5563334,movie,The Good Liar,The Good Liar,0,2019,\N,109,"Crime,Drama,Mystery"
10333866,tt5565896,movie,Munafik,Munafik,0,2016,\N,98,"Horror,Mystery,Thriller"
10335008,tt5568402,tvMovie,Boonie Bears: Robo-Rumble,Boonie Bears: Robo-Rumble,0,2014,\N,55,"Adventure,Animation,Comedy"
10336452,tt5571734,movie,Pink,Pink,0,2016,\N,136,"Crime,Drama,Thriller"
10340026,tt5580036,movie,"I, Tonya","I, Tonya",0,2017,\N,119,"Biography,Comedy,Drama"
10340121,tt5580266,movie,The Hate U Give,The Hate U Give,0,2018,\N,133,"Crime,Drama"
10340176,tt5580390,movie,The Shape of Water,The Shape of Water,0,2017,\N,123,"Drama,Fantasy,Romance"
10345129,tt5591458,movie,The Legend of Chupacabras,La Leyenda del Chupacabras,0,2016,\N,81,"Action,Adventure,Animation"
10345485,tt5592248,movie,The Beguiled,The Beguiled,0,2017,\N,93,"Drama,History,Thriller"
10346738,tt5595240,movie,Kaptaan,Kaptaan,0,2016,\N,142,"Comedy,Drama,Family"
10347580,tt5597198,movie,Punjab Nahi Jaungi,Punjab Nahi Jaungi,0,2017,\N,159,"Comedy,Romance"
10349482,tt5601424,movie,Tattoo Girls,Tattoo Girls,0,2018,\N,104,Documentary
10351786,tt5606538,movie,Confidential Assignment,Gongjo,0,2017,\N,124,"Action,Comedy,Drama"
10351834,tt5606664,movie,Doctor Sleep,Doctor Sleep,0,2019,\N,152,"Drama,Fantasy,Horror"
10354748,tt5613484,movie,Mid90s,Mid90s,0,2018,\N,85,"Comedy,Drama"
10355240,tt5614612,movie,Black Snow,Nieve negra,0,2017,\N,90,"Crime,Drama,Mystery"
10357302,tt5619332,movie,Life of the Party,Life of the Party,0,2018,\N,105,Comedy
10364849,tt5636222,movie,Some Like It Veiled,Cherchez la femme,0,2017,\N,88,"Comedy,Romance"
10365886,tt5638642,movie,The Ritual,The Ritual,0,2017,\N,94,"Horror,Mystery,Thriller"
10369123,tt5646136,movie,Hillary's America: The Secret History of the Democratic Party,Hillary's America: The Secret History of the Democratic Party,0,2016,\N,106,"Biography,Documentary,History"
10370352,tt5649108,movie,Thoroughbreds,Thoroughbreds,0,2017,\N,92,"Comedy,Crime,Drama"
10370370,tt5649144,movie,The Florida Project,The Florida Project,0,2017,\N,111,Drama
10372182,tt5653294,movie,The Crew,Ekipazh,0,2016,\N,138,"Action,Adventure,Drama"
10373785,tt5656994,movie,Project 'Gemini',Zvyozdniy razum,0,2022,\N,98,"Adventure,Sci-Fi,Thriller"
10373798,tt5657028,movie,Alibi.com,Alibi.com,0,2016,\N,89,"Comedy,Romance"
10374148,tt5657846,movie,Daddy's Home 2,Daddy's Home 2,0,2017,\N,100,Comedy
10374153,tt5657856,movie,Brawl in Cell Block 99,Brawl in Cell Block 99,0,2017,\N,132,"Crime,Drama,Thriller"
10376203,tt5662550,movie,Dead Trigger,Dead Trigger,0,2017,\N,91,"Action,Horror,Sci-Fi"
10376283,tt5662762,short,Krisis,Krisis,0,2016,\N,33,"Comedy,Documentary,Short"
10376347,tt5662932,movie,Psycho Raman,Raman Raghav 2.0,0,2016,\N,133,"Crime,Drama,Thriller"
10377088,tt5664636,movie,Goosebumps 2: Haunted Halloween,Goosebumps 2: Haunted Halloween,0,2018,\N,90,"Adventure,Comedy,Fantasy"
10378828,tt5668770,movie,Mardaani 2,Mardaani 2,0,2019,\N,103,"Action,Crime,Drama"
10379362,tt5669936,movie,The Recall,The Recall,0,2017,\N,90,"Action,Horror,Mystery"
10379455,tt5670152,movie,Traffik,Traffik,0,2018,\N,96,"Action,Thriller"
10379931,tt5671248,movie,Hizli ve Tüplü,Hizli ve Tüplü,0,2017,\N,90,Comedy
10380353,tt5672290,movie,The First Omen,The First Omen,0,2024,\N,119,Horror
10381378,tt5674658,movie,Kensuke's Kingdom,Kensuke's Kingdom,0,2023,\N,85,"Adventure,Animation"
10381464,tt5674842,movie,A Stroke of Luck,Villaviciosa de al lado,0,2016,\N,90,Comedy
10385960,tt5684466,movie,A Aa,A Aa,0,2016,\N,152,"Comedy,Drama,Romance"
10386189,tt5685006,movie,Puppet Master: The Littlest Reich,Puppet Master: The Littlest Reich,0,2018,\N,90,Horror
10387201,tt5687334,movie,Godard Mon Amour,Le Redoutable,0,2017,\N,107,"Biography,Comedy,Drama"
10387890,tt5688932,movie,Sorry to Bother You,Sorry to Bother You,0,2018,\N,112,"Comedy,Drama,Fantasy"
10388503,tt5690360,movie,Slender Man,Slender Man,0,2018,\N,93,"Horror,Mystery,Thriller"
10388677,tt5690810,movie,Ophelia,Ophelia,0,2018,\N,106,"Drama,Romance,Thriller"
10388772,tt5691024,movie,Show Dogs,Show Dogs,0,2018,\N,92,"Adventure,Comedy,Crime"
10389042,tt5691670,movie,Under the Silver Lake,Under the Silver Lake,0,2018,\N,139,"Crime,Mystery,Thriller"
10391645,tt5697572,movie,Cats,Cats,0,2019,\N,110,"Comedy,Drama,Family"
10392382,tt5699154,movie,C'est la vie!,Le sens de la fête,0,2017,\N,117,"Comedy,Drama,Romance"
10393033,tt5700672,movie,Train to Busan,Busanhaeng,0,2016,\N,118,"Action,Horror,Thriller"
10393501,tt5701718,movie,Heartthrob,Heartthrob,0,2017,\N,86,"Drama,Romance,Thriller"
10397569,tt5711148,movie,Film Stars Don't Die in Liverpool,Film Stars Don't Die in Liverpool,0,2017,\N,105,"Biography,Drama,Romance"
10398439,tt5713152,short,Voids,Voids,0,2016,\N,30,"Mystery,Sci-Fi,Short"
10399410,tt5715410,movie,Son of Bigfoot,The Son of Bigfoot,0,2017,\N,92,"Adventure,Animation,Comedy"
10399611,tt5715874,movie,The Killing of a Sacred Deer,The Killing of a Sacred Deer,0,2017,\N,121,"Drama,Horror,Mystery"
10401208,tt5719700,movie,Home Again,Home Again,0,2017,\N,97,"Comedy,Drama,Romance"
10401230,tt5719748,movie,Cold Pursuit,Cold Pursuit,0,2019,\N,119,"Action,Comedy,Crime"
10401830,tt5721088,movie,Just Getting Started,Just Getting Started,0,2017,\N,91,"Comedy,Crime"
10402444,tt5722530,movie,Maligno,Maligno,0,2016,\N,87,"Horror,Mystery"
10404023,tt5726086,movie,Insidious: The Last Key,Insidious: The Last Key,0,2018,\N,103,"Horror,Mystery,Thriller"
10404219,tt5726616,movie,Call Me by Your Name,Call Me by Your Name,0,2017,\N,132,"Drama,Romance"
10404396,tt5727208,movie,Uncut Gems,Uncut Gems,0,2019,\N,135,"Crime,Drama,Thriller"
10404433,tt5727282,movie,Borg vs. McEnroe,Borg,0,2017,\N,107,"Biography,Drama,Sport"
10407695,tt5734576,movie,The Possession of Hannah Grace,The Possession of Hannah Grace,0,2018,\N,86,"Horror,Mystery,Thriller"
10407976,tt5735210,movie,Byomkesh Bakshi,Byomkesh Bakshi,0,2015,\N,110,"Mystery,Thriller"
10408634,tt5736696,movie,R.A.I.D. Special Unit,Raid dingue,0,2016,\N,105,"Action,Comedy,Crime"
10411006,tt5742306,movie,Parting,Raftan,0,2016,\N,74,"Drama,Romance"
10411036,tt5742374,movie,You Were Never Really Here,You Were Never Really Here,0,2017,\N,89,"Crime,Drama,Thriller"
10412552,tt5746054,movie,Spy Cat,Marnies Welt,0,2018,\N,92,"Adventure,Animation,Comedy"
10413293,tt5747714,movie,Unbound,Unbound,0,2020,\N,97,"Action,Crime,Drama"
10413597,tt5748448,movie,Copshop,Copshop,0,2021,\N,107,"Action,Thriller"
10417984,tt5758778,movie,Skyscraper,Skyscraper,0,2018,\N,102,"Action,Adventure,Thriller"
10419187,tt5761544,movie,Kandahar,Kandahar,0,2023,\N,119,"Action,Drama,Thriller"
10419354,tt5761968,movie,Tres Escapularios,Tres Escapularios,0,2015,\N,118,Drama
10420277,tt5764096,movie,Hindi Medium,Hindi Medium,0,2017,\N,132,"Comedy,Drama"
10424521,tt5774060,movie,Underwater,Underwater,0,2020,\N,95,"Action,Adventure,Horror"
10424701,tt5774450,movie,Summer of 84,Summer of 84,0,2018,\N,105,"Crime,Drama,Horror"
10425734,tt5776858,movie,Phantom Thread,Phantom Thread,0,2017,\N,130,"Drama,Romance"
10425941,tt5777312,movie,The Latin Dream,The Latin Dream,0,2016,\N,\N,"Drama,Music,Romance"
10426381,tt5778384,movie,Blockbuster,Blokbaster,0,2017,\N,100,"Comedy,Crime"
10426751,tt5779228,movie,The Garfield Movie,The Garfield Movie,0,2024,\N,101,"Adventure,Animation,Comedy"
10427120,tt5780034,movie,Tiyaan,Tiyaan,0,2017,\N,168,"Action,Drama,Thriller"
10429366,tt5785170,movie,Toilet: A Love Story,Toilet - Ek Prem Katha,0,2017,\N,155,"Comedy,Drama,Romance"
10429379,tt5785200,movie,Machine,Machine,0,2017,\N,148,"Action,Mystery,Romance"
10433781,tt5795282,movie,This Changes Everything,This Changes Everything,0,2018,\N,96,Documentary
10437649,tt5804038,movie,I Am Not Your Negro,I Am Not Your Negro,0,2016,\N,93,"Documentary,History"
10437768,tt5804314,movie,Let There Be Light,Let There Be Light,0,2017,\N,100,Drama
10441858,tt5813916,movie,The Mountain II,Dag II,0,2016,\N,135,"Action,Drama,War"
10441921,tt5814060,movie,The Nun,The Nun,0,2018,\N,96,"Horror,Mystery,Thriller"
10442115,tt5814534,movie,Spies in Disguise,Spies in Disguise,0,2019,\N,102,"Action,Adventure,Animation"
10442908,tt5816374,movie,Band Aid,Band Aid,0,2017,\N,91,"Comedy,Drama,Music"
10443042,tt5816682,movie,Victoria & Abdul,Victoria & Abdul,0,2017,\N,111,"Biography,Comedy,Drama"
10445453,tt5822132,movie,Super Furball,Supermarsu,0,2018,\N,86,"Adventure,Family,Fantasy"
10445618,tt5822536,movie,Paddington in Peru,Paddington in Peru,0,2024,\N,106,"Adventure,Comedy,Family"
10445630,tt5822564,movie,The Kitchen,The Kitchen,0,2019,\N,102,"Action,Crime,Drama"
10445750,tt5822848,movie,The Inventor,The Inventor,0,2023,\N,100,"Adventure,Animation,Comedy"
10446627,tt5824826,movie,Pelli Choopulu,Pelli Choopulu,0,2016,\N,125,"Comedy,Drama,Romance"
10446881,tt5825380,movie,Wonder Wheel,Wonder Wheel,0,2017,\N,101,"Drama,Romance"
10447996,tt5827916,movie,A Hidden Life,A Hidden Life,0,2019,\N,174,"Biography,Drama,Romance"
10450014,tt5832544,movie,Gautamiputra Satakarni,Gautamiputra Satakarni,0,2017,\N,131,"Action,Drama,History"
10450752,tt5834262,movie,Hotel Artemis,Hotel Artemis,0,2018,\N,94,"Action,Crime,Drama"
10450824,tt5834426,movie,Moonfall,Moonfall,0,2022,\N,130,"Action,Adventure,Sci-Fi"
10452058,tt5837242,movie,How Viktor 'The Garlic' Took Alexey 'The Stud' to the Nursing Home,Kak Vitka Chesnok vyoz Lyokhu Shtyrya v dom invalidov,0,2017,\N,90,"Crime,Drama"
10454411,tt5842616,movie,Veere Di Wedding,Veere Di Wedding,0,2018,\N,135,Comedy
10456925,tt5848272,movie,Ralph Breaks the Internet,Ralph Breaks the Internet,0,2018,\N,112,"Adventure,Animation,Comedy"
10458423,tt5851696,movie,"My Sailor, My Love",Rakkaani merikapteeni,0,2022,\N,103,Drama
10458519,tt5851904,movie,The Big Bad Fox and Other Tales,Le grand méchant renard et autres contes...,0,2017,\N,83,"Adventure,Animation,Comedy"
10458684,tt5852314,movie,Zombie Bro,Zombie Bro,0,2019,\N,83,"Comedy,Family,Fantasy"
10460113,tt5855378,movie,Billy Yeager the Ineffable Enigma,Billy Yeager the Ineffable Enigma,0,2016,\N,102,Documentary
10461511,tt5858514,movie,The Children of Genghis,Chingisiin huuhduud,0,2017,\N,101,"Adventure,Family"
10465323,tt5867314,movie,The Empty Man,The Empty Man,0,2020,\N,137,"Drama,Horror,Mystery"
10466960,tt5871080,movie,The Whiskey Bandit,A Viszkis,0,2017,\N,126,"Action,Biography,Crime"
10472515,tt5883570,movie,Bodied,Bodied,0,2017,\N,120,"Comedy,Drama,Music"
10472722,tt5884052,movie,Pokémon: Detective Pikachu,Pokémon: Detective Pikachu,0,2019,\N,104,"Adventure,Comedy,Family"
10473056,tt5884796,movie,Plane,Plane,0,2023,\N,107,"Action,Adventure,Thriller"
10473616,tt5886046,movie,Escape Room,Escape Room,0,2019,\N,99,"Action,Adventure,Horror"
10473796,tt5886440,movie,Marrowbone,Marrowbone,0,2017,\N,110,"Drama,Horror,Mystery"
10476542,tt5892746,movie,Ezra,Ezra,0,2017,\N,147,"Horror,Mystery,Thriller"
10476886,tt5893524,movie,Lulu the Movie,Lulu the Movie,0,2016,\N,90,Comedy
10484331,tt5910280,movie,Tunnel,Teo-neol,0,2016,\N,126,"Drama,Thriller"
10484362,tt5910350,movie,Çalgi Çengi: Ikimiz,Çalgi Çengi: Ikimiz,0,2017,\N,116,Comedy
10485320,tt5912470,movie,Doraemon: Great Adventure in the Antarctic Kachi Kochi,Eiga Doraemon Nobita no Nankyoku Kachikochi Dai Bôken,0,2017,\N,101,"Adventure,Animation,Comedy"
10488183,tt5918982,movie,Possessor,Possessor,0,2020,\N,103,"Horror,Mystery,Sci-Fi"
10491215,tt5925772,movie,CIA: Comrade in America,CIA: Comrade in America,0,2017,\N,134,"Action,Adventure,Romance"
10494294,tt5932728,movie,The Professor and the Madman,The Professor and the Madman,0,2019,\N,124,"Biography,Drama,History"
10495656,tt5935704,movie,Padmaavat,Padmaavat,0,2018,\N,163,"Drama,History,War"
10496749,tt5938084,movie,BuyBust,BuyBust,0,2018,\N,127,"Action,Crime,Thriller"
10497304,tt5939404,movie,The Wife's Letter,The Wife's Letter,0,2020,\N,143,Drama
10498302,tt5941692,movie,Miss Bala,Miss Bala,0,2019,\N,104,"Action,Crime,Drama"
10500094,tt5945888,movie,"Lapis, Ballpen at Diploma, a True to Life Journey","Lapis, Ballpen at Diploma, a True to Life Journey",0,2014,\N,76,Drama
10500202,tt5946128,movie,Dear Zindagi,Dear Zindagi,0,2016,\N,151,"Drama,Romance"
10500518,tt5946852,movie,Janatha Garage,Janatha Garage,0,2016,\N,162,"Action,Drama"
10501925,tt5950044,movie,Superman,Superman,0,2025,\N,129,"Action,Adventure,Sci-Fi"
10502439,tt5951188,movie,The Balkan Line,Balkanskiy rubezh,0,2019,\N,130,"Action,War"
10503499,tt5953594,movie,Babu Bangaram,Babu Bangaram,0,2016,\N,150,"Action,Comedy"
10504564,tt5956100,movie,Tiger Zinda Hai,Tiger Zinda Hai,0,2017,\N,161,"Action,Adventure,Thriller"
10506399,tt5960374,movie,Vox Lux,Vox Lux,0,2018,\N,114,"Drama,Music"
10506439,tt5960464,movie,Janaan,Janaan,0,2016,\N,133,"Drama,Musical,Romance"
10509954,tt5968394,movie,Captive State,Captive State,0,2019,\N,109,"Sci-Fi,Thriller"
10510509,tt5969696,movie,The Battleship Island,Gunhamdo,0,2017,\N,132,"Action,Drama,History"
10511008,tt5970844,movie,Thugs of Hindostan,Thugs of Hindostan,0,2018,\N,164,"Action,Adventure"
10511290,tt5971474,movie,The Little Mermaid,The Little Mermaid,0,2023,\N,135,"Adventure,Family,Fantasy"
10511404,tt5971724,movie,Seed: The Untold Story,Seed: The Untold Story,0,2016,\N,94,Documentary
10512403,tt5974030,movie,The Jesus Rolls,The Jesus Rolls,0,2019,\N,85,"Comedy,Crime,Drama"
10516372,tt5982852,movie,Jolly LLB 2,Jolly LLB 2,0,2017,\N,137,"Comedy,Crime,Drama"
10517949,tt5986440,movie,The Glassworker,The Glassworker,0,2024,\N,98,"Animation,Drama,Romance"
10519122,tt5989218,movie,Life Itself,Life Itself,0,2018,\N,117,"Drama,Romance"
10519681,tt5990474,movie,Columbus,Columbus,0,2017,\N,100,Drama
10520099,tt5991410,movie,"Lord, Give Me Patience","Señor, dame paciencia",0,2017,\N,91,"Comedy,Fantasy"
10521556,tt5994874,movie,Blurry,MAAT,0,2016,\N,90,Drama
10522438,tt5996836,movie,The Great Father,The Great Father,0,2017,\N,151,"Action,Crime,Drama"
10522817,tt5997666,movie,Jab Harry Met Sejal,Jab Harry Met Sejal,0,2017,\N,143,"Comedy,Drama,Romance"
10523011,tt5998104,movie,Aanandam,Aanandam,0,2016,\N,120,"Adventure,Comedy,Drama"
10524120,tt6000478,movie,"Roman J. Israel, Esq.","Roman J. Israel, Esq.",0,2017,\N,122,"Crime,Drama,Thriller"
10525427,tt6003368,movie,Diary of a Wimpy Kid: The Long Haul,Diary of a Wimpy Kid: The Long Haul,0,2017,\N,91,"Adventure,Comedy,Family"
10530812,tt6015328,movie,Chasing the Dragon,Chui lung,0,2017,\N,128,"Action,Biography,Crime"
10530980,tt6015706,movie,China Salesman,China Salesman,0,2017,\N,110,"Action,Adventure,Thriller"
10531982,tt6017942,movie,Kin,Kin,0,2018,\N,102,"Action,Drama,Sci-Fi"
10532145,tt6018306,movie,Last Flag Flying,Last Flag Flying,0,2017,\N,125,"Comedy,Drama,War"
10532564,tt6019206,movie,Kill Bill: The Whole Bloody Affair,Kill Bill: The Whole Bloody Affair,0,2006,\N,275,"Action,Crime,Thriller"
10533054,tt6020428,movie,The Pagan King: The Battle of Death,Nameja gredzens,0,2018,\N,114,"Action,Drama,History"
10533221,tt6020800,movie,Gold,Gold,0,2022,\N,97,"Action,Adventure,Drama"
10534127,tt6022812,short,Jockstrap Slaughterhouse,Jockstrap Slaughterhouse,0,2016,\N,42,"Horror,Short"
10534568,tt6023800,movie,Gangster,Gangster,0,2016,\N,141,Romance
10538631,tt6032704,movie,Apparition,Apparition,0,2019,\N,83,Horror
10544037,tt6044910,movie,Operation Mekong,Mei Gong he xing dong,0,2016,\N,123,"Action,Adventure,Crime"
10545047,tt6047298,movie,The Summit,La Cordillera,0,2017,\N,114,"Drama,Mystery,Thriller"
10547766,tt6053438,movie,First Reformed,First Reformed,0,2017,\N,113,"Drama,Mystery,Thriller"
10548352,tt6054758,movie,Kirik Party,Kirik Party,0,2016,\N,159,"Comedy,Drama,Romance"
10548399,tt6054874,movie,Furious,Legenda o Kolovrate,0,2017,\N,107,"Action,Drama,History"
10548490,tt6055082,movie,My Pet Dinosaur,My Pet Dinosaur,0,2017,\N,98,"Action,Adventure,Family"
10550285,tt6059074,movie,Jomon's Gospels,Jomonte Suvisheshangal,0,2017,\N,156,"Comedy,Drama"
10551933,tt6062774,movie,Monos,Monos,0,2019,\N,102,"Adventure,Drama,Thriller"
10552062,tt6063050,movie,Acrimony,Acrimony,0,2018,\N,120,"Drama,Horror,Romance"
10556790,tt6073576,movie,Path to the Dream,Path to the Dream,0,2018,\N,88,Action
10559339,tt6079360,movie,Todo sobre el asado,Todo sobre el asado,0,2016,\N,85,Documentary
10562745,tt6087226,movie,Coma,Koma,0,2019,\N,111,"Action,Adventure,Mystery"
10566097,tt6095090,movie,The Bride,Nevesta,0,2017,\N,95,"Drama,Horror,Mystery"
10566279,tt6095472,movie,The Angry Birds Movie 2,The Angry Birds Movie 2,0,2019,\N,97,"Action,Adventure,Animation"
10566824,tt6096852,movie,Follow the Crows,Follow the Crows,0,2018,\N,93,Thriller
10567229,tt6097918,movie,Munthirivallikal Thalirkkumbol,Munthirivallikal Thalirkkumbol,0,2017,\N,154,"Comedy,Romance"
10567425,tt6098370,short,Merry Gentlemen,Merry Gentlemen,0,2016,\N,10,"Comedy,Short"
10570315,tt6105098,movie,The Lion King,The Lion King,0,2019,\N,118,"Adventure,Animation,Drama"
10570949,tt6106526,movie,The Fixies: Top Secret,Fiksiki: Bolshoy sekret,0,2017,\N,80,"Adventure,Animation,Comedy"
10571406,tt6107548,movie,Late Night,Late Night,0,2019,\N,102,"Comedy,Drama"
10571657,tt6108090,movie,Secret Superstar,Secret Superstar,0,2017,\N,150,"Drama,Music"
10571699,tt6108178,movie,Disobedience,Disobedience,0,2017,\N,114,Drama
10574057,tt6113488,movie,The Case for Christ,The Case for Christ,0,2017,\N,112,"Biography,Drama"
10576507,tt6118820,movie,1976: O Ano da Invasão Corinthiana,1976: O Ano da Invasão Corinthiana,0,2016,\N,94,Documentary
10582996,tt6133130,movie,Professor Marston & the Wonder Women,Professor Marston and the Wonder Women,0,2017,\N,108,"Biography,Drama,History"
10583113,tt6133444,movie,The Fire Inside,The Fire Inside,0,2024,\N,109,"Biography,Drama,Sport"
10583122,tt6133466,movie,The First Purge,The First Purge,0,2018,\N,97,"Action,Horror,Sci-Fi"
10584001,tt6135348,movie,120 BPM,120 battements par minute,0,2017,\N,143,Drama
10585978,tt6139732,movie,Aladdin,Aladdin,0,2019,\N,128,"Adventure,Comedy,Family"
10586637,tt6141246,movie,The Aeronauts,The Aeronauts,0,2019,\N,100,"Action,Adventure,Drama"
10587669,tt6143568,movie,The Humanity Bureau,The Humanity Bureau,0,2017,\N,95,"Action,Sci-Fi,Thriller"
10588978,tt6146586,movie,John Wick: Chapter 3 - Parabellum,John Wick: Chapter 3 - Parabellum,0,2019,\N,130,"Action,Crime,Drama"
10592759,tt6155172,movie,Roma,Roma,0,2018,\N,135,Drama
10592849,tt6155374,movie,Redbad,Redbad,0,2018,\N,160,"Action,Drama,History"
10592966,tt6155648,short,Morning Transitions,Morning Transitions,0,2016,\N,4,Short
10593082,tt6155922,movie,Adrift,Perdidos,0,2017,\N,95,"Adventure,Drama,Thriller"
10594944,tt6160448,movie,White Noise,White Noise,0,2022,\N,136,"Comedy,Drama,Horror"
10594966,tt6160504,movie,Fukri,Fukri,0,2017,\N,155,"Comedy,Drama,Family"
10596809,tt6164502,movie,November,November,0,2017,\N,115,"Drama,Fantasy,Horror"
10597654,tt6166392,movie,Wonka,Wonka,0,2023,\N,116,"Adventure,Comedy,Family"
10598298,tt6167894,movie,Angamaly Diaries,Angamaly Diaries,0,2017,\N,132,"Action,Comedy,Thriller"
10598341,tt6168002,movie,Sakhavu,Sakhavu,0,2017,\N,164,"Comedy,Drama"
10601659,tt6175394,movie,The Last Warrior,Posledniy bogatyr,0,2017,\N,114,"Adventure,Comedy,Family"
10605066,tt6182908,movie,Smallfoot,Smallfoot,0,2018,\N,96,"Adventure,Animation,Comedy"
10606680,tt6186430,movie,Die Beautiful,Die Beautiful,0,2016,\N,120,"Comedy,Drama"
10607622,tt6188518,movie,Georgettan's Pooram,Georgettan's Pooram,0,2017,\N,155,Comedy
10607851,tt6189022,movie,Angel Has Fallen,Angel Has Fallen,0,2019,\N,121,"Action,Thriller"
10610291,tt6194530,movie,Ava,Ava,0,2017,\N,105,"Drama,Romance"
10610295,tt6194538,movie,Little Spirou,Le petit Spirou,0,2017,\N,86,"Comedy,Family"
10612601,tt6199572,movie,Capone,Capone,0,2020,\N,103,"Biography,Crime,Drama"
10614455,tt6203702,movie,Baaghi 4,Baaghi 4,0,2025,\N,157,"Action,Drama,Thriller"
10615440,tt6205872,movie,Assassination Nation,Assassination Nation,0,2018,\N,108,"Comedy,Horror,Thriller"
10616269,tt6207956,movie,Blockage,Sade ma'bar,0,2017,\N,82,Drama
10616333,tt6208148,movie,Snow White,Snow White,0,2025,\N,109,"Adventure,Family,Fantasy"
10616788,tt6209534,movie,Azar,Azar,0,2017,\N,83,Drama
10617623,tt6211418,movie,7 Months Pregnant,Haft mahegi,0,2016,\N,77,Drama
10617649,tt6211480,movie,Under the Smoky Roof,Zire saghfe doodi,0,2017,\N,111,Drama
10617658,tt6211506,movie,A Special Day,Yek rouz bekhosos,0,2017,\N,93,Drama
10618085,tt6212478,movie,American Animals,American Animals,0,2018,\N,116,"Biography,Crime,Drama"
10618672,tt6213802,movie,Take Off,Jadeh Komaki,0,2017,\N,83,"Crime,Drama"
10618696,tt6213850,movie,Searing Summer,Tabestan-e Dagh,0,2017,\N,80,Drama
10619167,tt6214928,movie,1922,1922,0,2017,\N,102,"Crime,Drama,Horror"
10620343,tt6217564,movie,5 in the Afternoon,Saat Panj é asr,0,2017,\N,90,"Comedy,Drama"
10620390,tt6217672,movie,21 Days Later,21 Rooz Baed,0,2017,\N,91,"Drama,Family,Fantasy"
10620411,tt6217724,movie,Axing,Darkoob,0,2018,\N,91,Drama
10620447,tt6217804,movie,Boo 2! A Madea Halloween,Tyler Perry's Boo 2! A Madea Halloween,0,2017,\N,101,"Comedy,Drama,Horror"
10620497,tt6217926,movie,Annette,Annette,0,2021,\N,141,"Drama,Musical,Romance"
10620529,tt6218010,movie,Iron Mask,Tayna pechati drakona,0,2019,\N,120,"Action,Adventure,Fantasy"
10621827,tt6221000,movie,Godha,Godha,0,2017,\N,120,"Comedy,Drama,Sport"
10623412,tt6224580,movie,The Human Comedy,Comedy Ensani,0,2017,\N,90,"Drama,History,Romance"
10623598,tt6225012,tvMovie,Goodnight Moon,Goodnight Moon,0,2016,\N,27,"Crime,Mystery"
10623824,tt6225520,movie,The Man Who Invented Christmas,The Man Who Invented Christmas,0,2017,\N,104,"Biography,Comedy,Drama"
10624559,tt6227164,movie,Privacy,Harime Shakhsi,0,2017,\N,76,Drama
10625234,tt6228672,movie,Immortality,Javdanegi,0,2016,\N,145,"Drama,Family"
10626667,tt6231840,movie,Ayaal Sassi,Ayaal Sassi,0,2017,\N,122,"Comedy,Drama"
10629184,tt6237548,movie,Luck Unnodu,Luck Unnodu,0,2017,\N,118,Comedy
10629191,tt6237562,movie,Rabbit,Khargioush,0,2018,\N,88,"Comedy,Drama,Fantasy"
10632438,tt6244876,movie,Honey Bee 2: Celebrations,Honey Bee 2: Celebrations,0,2017,\N,128,Comedy
10633004,tt6246170,movie,Chaar Sahibzaade 2: Rise of Banda Singh Bahadur,Chaar Sahibzaade 2: Rise of Banda Singh Bahadur,0,2016,\N,134,"Animation,History"
10633067,tt6246322,movie,Don't Breathe 2,Don't Breathe 2,0,2021,\N,98,"Action,Crime,Horror"
10633682,tt6247708,movie,Achayans,Achayans,0,2017,\N,140,"Action,Comedy,Mystery"
10633912,tt6248178,movie,Adam Misin!,Adam Misin!,0,2016,\N,91,Comedy
10635165,tt6251024,movie,Office Uprising,Office Uprising,0,2018,\N,92,"Action,Comedy,Fantasy"
10637337,tt6255828,movie,Nice Sister-In-Law,Chak-Han Cheo-Je,0,2015,\N,98,"Drama,Romance"
10637635,tt6256468,movie,Sarvann,Sarvann,0,2017,\N,116,Thriller
10637942,tt6257174,movie,The Miseducation of Cameron Post,The Miseducation of Cameron Post,0,2018,\N,91,"Comedy,Drama"
10638078,tt6257486,movie,Blanco o Negro,Blanco o Negro,0,2016,\N,135,"Action,Crime,Drama"
10638914,tt6259380,movie,Code 8,Code 8,0,2019,\N,98,"Action,Crime,Drama"
10639713,tt6261146,movie,My murderer,My murderer,0,2016,\N,105,"Crime,Mystery"
10640877,tt6263850,movie,Deadpool & Wolverine,Deadpool & Wolverine,0,2024,\N,128,"Action,Adventure,Comedy"
10641199,tt6264558,movie,Mi Mamá Lora,Mi Mamá Lora,0,2016,\N,80,"Drama,Family,Fantasy"
10641242,tt6264654,movie,Free Guy,Free Guy,0,2021,\N,115,"Action,Adventure,Comedy"
10641765,tt6265828,movie,A Ghost Story,A Ghost Story,0,2017,\N,92,"Drama,Fantasy,Mystery"
10642076,tt6266538,movie,Vice,Vice,0,2018,\N,132,"Biography,Comedy,Drama"
10643509,tt6269810,tvMovie,Bad Ben,Bad Ben,0,2016,\N,86,"Comedy,Horror"
10646328,tt6276102,movie,More,Encore,0,2014,\N,99,Documentary
10647171,tt6278008,movie,Bolshoy,Bolshoy,0,2017,\N,132,Drama
10651058,tt6286666,movie,Saithan,Saithan,0,2016,\N,123,"Action,Mystery,Thriller"
10651091,tt6286738,short,The Captain's Daughter,The Captain's Daughter,0,2016,\N,9,"Horror,Short"
10651120,tt6286796,movie,A Horrible Woman,En frygtelig kvinde,0,2017,\N,86,"Drama,Romance"
10651691,tt6288124,movie,"Don't Worry, He Won't Get Far on Foot","Don't Worry, He Won't Get Far on Foot",0,2018,\N,114,"Biography,Comedy,Drama"
10651945,tt6288694,movie,Acts of Vengeance,Acts of Vengeance,0,2017,\N,87,"Action,Drama,Thriller"
10654604,tt6294822,movie,The Post,The Post,0,2017,\N,116,"Biography,Drama,History"
10656580,tt6299040,movie,The Ghazi Attack,The Ghazi Attack,0,2017,\N,116,"Action,Drama,Thriller"
10657997,tt6302160,movie,Pandora,Pan-dola,0,2016,\N,136,"Action,Drama,Thriller"
10658862,tt6304046,movie,Thelma,Thelma,0,2017,\N,116,"Drama,Fantasy,Horror"
10659764,tt6306064,movie,Adrift,Adrift,0,2018,\N,96,"Action,Adventure,Biography"
10663876,tt6314690,movie,The Jungle Bunch,Les as de la jungle,0,2017,\N,97,"Adventure,Animation,Comedy"
10664243,tt6315524,movie,Take Off,Take Off,0,2017,\N,139,"Action,Drama,Thriller"
10664486,tt6316138,movie,Ayla: The Daughter of War,Ayla,0,2017,\N,125,"Biography,Drama,History"
10665560,tt6318608,movie,Nightwatch: Demons Are Forever,Nattevagten - Dæmoner går i arv,0,2023,\N,118,"Horror,Mystery,Thriller"
10666446,tt6320628,movie,Spider-Man: Far from Home,Spider-Man: Far from Home,0,2019,\N,129,"Action,Adventure,Comedy"
10667469,tt6322922,movie,An Inconvenient Sequel: Truth to Power,An Inconvenient Sequel: Truth to Power,0,2017,\N,98,Documentary
10668077,tt6324278,movie,Abominable,Abominable,0,2019,\N,97,"Adventure,Animation,Comedy"
10669507,tt6327400,movie,"52Hz, I Love You","52Hz, I Love You",0,2017,\N,109,"Comedy,Musical,Romance"
10670531,tt6329716,movie,The Invincible Dragon,Jiu long bu bai,0,2019,\N,85,"Action,Adventure,Crime"
10672606,tt6334354,movie,The Suicide Squad,The Suicide Squad,0,2021,\N,132,"Action,Adventure,Comedy"
10674127,tt6337816,movie,Monica,Monica,0,2022,\N,106,Drama
10676554,tt6343314,movie,Creed II,Creed II,0,2018,\N,130,"Action,Drama,Sport"
10677051,tt6344678,short,Salad Days,Salad Days,0,2017,\N,\N,"Comedy,Short"
10678560,tt6348138,movie,Missing Link,Missing Link,0,2019,\N,93,"Adventure,Animation,Comedy"
10679566,tt6350444,short,Exactly Midnight,Exactly Midnight,0,2016,\N,18,"Drama,Short"
10680519,tt6352548,movie,Poster Boys,Poster Boys,0,2017,\N,128,Comedy
10681747,tt6355328,movie,The Elephant King,The Elephant King,0,2017,\N,77,"Adventure,Animation,Comedy"
10683738,tt6359956,movie,A Bad Moms Christmas,A Bad Moms Christmas,0,2017,\N,104,Comedy
10685307,tt6363436,movie,1971: Beyond Borders,1971: Beyond Borders,0,2017,\N,135,"Action,War"
10687169,tt6367558,movie,Double Lover,L'amant double,0,2017,\N,107,"Drama,Romance,Thriller"
10698616,tt6392808,short,Alles für Liebe,Alles für Liebe,0,2013,\N,30,"Drama,Short"
10699286,tt6394270,movie,Bombshell,Bombshell,0,2019,\N,109,"Biography,Drama"
10700723,tt6397530,movie,Malapata,Malapata,0,2017,\N,83,"Comedy,Mystery"
10700993,tt6398184,movie,Downton Abbey,Downton Abbey,0,2019,\N,122,"Drama,Romance"
10709221,tt6416676,movie,Jailbait,Em chua 18,0,2017,\N,95,"Comedy,Drama,Romance"
10709460,tt6417204,movie,Shatamanam Bhavati,Shatamanam Bhavati,0,2017,\N,129,Drama
10710909,tt6421110,movie,Proud Mary,Proud Mary,0,2018,\N,89,"Action,Crime,Drama"
10711918,tt6423362,movie,The Sun Is Also a Star,The Sun Is Also a Star,0,2019,\N,100,"Drama,Music,Romance"
10712093,tt6423766,short,Happy New Year,Happy New Year,0,2017,\N,16,"Horror,Short"
10712096,tt6423776,movie,Let the Sunshine In,Un beau soleil intérieur,0,2017,\N,94,"Comedy,Drama,Romance"
10713414,tt6426832,movie,Puthan Panam,Puthan Panam,0,2017,\N,147,"Action,Crime,Thriller"
10714234,tt6428676,movie,Wonder Park,Wonder Park,0,2019,\N,85,"Adventure,Animation,Comedy"
10718740,tt6439020,movie,The Personal History of David Copperfield,The Personal History of David Copperfield,0,2019,\N,119,"Comedy,Drama"
10719648,tt6441310,movie,Take 2,Take 2,0,2017,\N,107,Comedy
10720540,tt6443294,movie,Blaze,Blaze,0,2018,\N,129,"Biography,Drama,Music"
10720563,tt6443346,movie,Black Adam,Black Adam,0,2022,\N,125,"Action,Adventure,Fantasy"
10722376,tt6447444,movie,Sayyad el-Yamam,Sayyad el-Yamam,0,2009,\N,\N,Drama
10722601,tt6447998,movie,Gloria Del Pacifico,Gloria Del Pacifico,0,2014,\N,150,\N
10723180,tt6449336,movie,"Belle and Sebastian, Friends for Life","Belle et Sébastien 3, le dernier chapitre",0,2017,\N,91,"Adventure,Family"
10723182,tt6449342,movie,Thiruvannamalai,Thiruvannamalai,0,2008,\N,152,"Action,Drama"
10723285,tt6449580,movie,Ot,Ot,0,2016,\N,\N,Drama
10723542,tt6450186,movie,I Can Only Imagine,I Can Only Imagine,0,2018,\N,110,"Biography,Drama,Family"
10723798,tt6450804,movie,Terminator: Dark Fate,Terminator: Dark Fate,0,2019,\N,128,"Action,Adventure,Sci-Fi"
10724589,tt6452574,movie,Sanju,Sanju,0,2018,\N,155,"Biography,Comedy,Drama"
10725746,tt6455162,movie,Bhool Bhulaiyaa 2,Bhool Bhulaiyaa 2,0,2022,\N,143,"Comedy,Horror"
10727108,tt6458228,movie,Sin,Il peccato,0,2019,\N,134,"Biography,Drama,History"
10727343,tt6458726,movie,Mify,Mify,0,2017,\N,89,Comedy
10727655,tt6459494,movie,To Crack Bloggers,Vzlomat blogerov,0,2016,\N,67,"Animation,Comedy,Family"
10730817,tt6466464,movie,The Monkey King 3,Xi you ji zhi Nü er guo,0,2018,\N,114,"Action,Adventure,Family"
10731080,tt6467044,movie,Indestructible: Afterlife,Indestructible: Afterlife,0,2018,\N,113,Horror
10731172,tt6467266,movie,Sing 2,Sing 2,0,2021,\N,110,"Adventure,Animation,Comedy"
10732222,tt6469548,movie,The Head Hunter,The Head Hunter,0,2018,\N,72,"Fantasy,Horror"
10733062,tt6471410,movie,The Runaway Bride,Arose Farari,0,2005,\N,90,"Comedy,Drama,Romance"
10733782,tt6472976,movie,Five Feet Apart,Five Feet Apart,0,2019,\N,116,"Drama,Romance"
10735050,tt6475714,movie,Monster Hunter,Monster Hunter,0,2020,\N,103,"Action,Adventure,Fantasy"
10735223,tt6476140,movie,Serenity,Serenity,0,2019,\N,106,"Drama,Mystery,Thriller"
10740430,tt6487540,movie,Sarigama,Sarigama,0,2016,\N,\N,"Drama,Family,Music"
10742066,tt6491178,movie,Dragged Across Concrete,Dragged Across Concrete,0,2018,\N,159,"Action,Crime,Drama"
10743031,tt6493286,movie,1987: When the Day Comes,1987,0,2017,\N,129,"Drama,History,Thriller"
10743521,tt6494418,movie,Siberia,Siberia,0,2018,\N,104,"Crime,Drama,Romance"
10743809,tt6495056,movie,Migration,Migration,0,2023,\N,83,"Adventure,Animation,Comedy"
10743828,tt6495094,movie,Little Women,Little Women,0,2018,\N,112,"Drama,Family"
10744124,tt6495770,movie,Action Point,Action Point,0,2018,\N,85,Comedy
10745944,tt6499752,movie,Upgrade,Upgrade,0,2018,\N,100,"Action,Sci-Fi,Thriller"
10751500,tt6511932,movie,The Beach Bum,The Beach Bum,0,2019,\N,95,"Comedy,Drama"
10751854,tt6512784,movie,Haseena,Haseena Parker,0,2017,\N,135,"Biography,Crime,Drama"
10751986,tt6513084,movie,Putani Safari,Putani Safari,0,2017,\N,134,"Adventure,Family"
10752004,tt6513120,movie,Fighting with My Family,Fighting with My Family,0,2019,\N,108,"Biography,Comedy,Drama"
10752227,tt6513656,movie,Escape Plan 2: Hades,Escape Plan 2: Hades,0,2018,\N,93,"Action,Crime,Mystery"
10753318,tt6516228,movie,Death Is But a Dream,Death Is But a Dream,0,2021,\N,\N,Documentary
10754009,tt6517874,movie,Ramante Edenthottam,Ramante Edenthottam,0,2017,\N,122,"Comedy,Drama,Romance"
10755806,tt6521876,movie,Jay and Silent Bob Reboot,Jay and Silent Bob Reboot,0,2019,\N,105,"Action,Adventure,Comedy"
10758585,tt6528290,movie,Knights of the Zodiac,Knights of the Zodiac,0,2023,\N,112,"Action,Adventure,Drama"
10760419,tt6532192,movie,My Beloved Enemy,Un nemico che ti vuole bene,0,2018,\N,97,"Comedy,Crime"
10762081,tt6535880,movie,Haunt,Haunt,0,2019,\N,92,"Horror,Thriller"
10762675,tt6537238,movie,Salyut-7: The True Story of the Soviet 'Apollo 13',Salyut-7,0,2017,\N,111,"Adventure,Drama,History"
10765585,tt6543652,movie,Cold War,Zimna wojna,0,2018,\N,89,"Drama,Music,Romance"
10766286,tt6545212,movie,Leera the Soulmate,Leera the Soulmate,0,2018,\N,104,\N
10767281,tt6547398,short,180 Seconds,180 Seconds,0,2017,\N,4,"Drama,Short"
10771575,tt6556670,movie,Serial (Bad) Weddings 2,Qu'est-ce qu'on a encore fait au bon Dieu?,0,2019,\N,99,Comedy
10771682,tt6556890,movie,Batman and Harley Quinn,Batman and Harley Quinn,0,2017,\N,74,"Action,Adventure,Animation"
10772841,tt6559390,movie,The Apparition,L'apparition,0,2018,\N,144,"Drama,Mystery"
10775792,tt6565702,movie,X-Men: Dark Phoenix,X-Men: Dark Phoenix,0,2019,\N,113,"Action,Adventure,Sci-Fi"
10775994,tt6566142,tvMovie,Helal Süt,Helal Süt,0,2013,\N,88,Drama
10777842,tt6570098,movie,Ainbo,AINBO: Spirit of the Amazon,0,2021,\N,84,"Adventure,Animation,Comedy"
10779677,tt6574272,movie,Phoenix Forgotten,Phoenix Forgotten,0,2017,\N,87,"Horror,Mystery,Sci-Fi"
10780599,tt6576288,movie,Rakshadhikari Baiju Oppu,Rakshadhikari Baiju Oppu,0,2017,\N,162,"Comedy,Drama"
10785601,tt6587046,movie,The Boy and the Heron,Kimi-tachi wa dô ikiru ka,0,2023,\N,124,"Adventure,Animation,Drama"
10785870,tt6587640,movie,Trolls World Tour,Trolls World Tour,0,2020,\N,91,"Adventure,Animation,Comedy"
10786482,tt6588966,movie,Hichki,Hichki,0,2018,\N,116,"Comedy,Drama"
10790255,tt6597454,movie,Selfie,Selfie,0,2017,\N,85,Comedy
10793286,tt6604188,movie,Tron: Ares,Tron: Ares,0,2025,\N,119,"Action,Adventure,Sci-Fi"
10800683,tt6620266,movie,Lakshyam,Lakshyam,0,2017,\N,120,"Action,Adventure,Thriller"
10804423,tt6628322,movie,Shanghai Fortress,Shang hai bao lei,0,2019,\N,107,Sci-Fi
10804453,tt6628394,movie,Bad Times at the El Royale,Bad Times at the El Royale,0,2018,\N,141,"Crime,Drama,Mystery"
10811579,tt6643972,movie,Triple Threat,Triple Threat,0,2019,\N,96,"Action,Thriller"
10811678,tt6644200,movie,A Quiet Place,A Quiet Place,0,2018,\N,90,"Drama,Horror,Sci-Fi"
10811715,tt6644280,movie,Marriage in the Extra Time,Ezdevaj Dar Vaghte Ezafe,0,2010,\N,87,"Comedy,Romance"
10814204,tt6649794,movie,Sunday Holiday,Sunday Holiday,0,2017,\N,135,"Comedy,Drama"
10815542,tt6652708,movie,God's Not Dead: A Light in Darkness,God's Not Dead: A Light in Darkness,0,2018,\N,105,Drama
10818580,tt6659294,movie,Active Shooter,Active Shooter,0,2017,\N,\N,Documentary
10818859,tt6659936,movie,Every Time I Die,Every Time I Die,0,2019,\N,98,Thriller
10820479,tt6663582,movie,The Spy Who Dumped Me,The Spy Who Dumped Me,0,2018,\N,117,"Action,Adventure,Comedy"
10824911,tt6673612,movie,Dolittle,Dolittle,0,2020,\N,101,"Adventure,Comedy,Family"
10825015,tt6673840,movie,Spacewalker,Vremya pervykh,0,2017,\N,137,"Drama,History"
10828186,tt6680752,movie,Oru Cinemakkaran,Oru Cinemakkaran,0,2017,\N,125,"Crime,Drama,Mystery"
10829761,tt6684270,short,"Run, Hide, Fight","Run, Hide, Fight",0,2017,\N,\N,Short
10830303,tt6685538,movie,Mavka: The Forest Song,Mavka. Lisova pisnia,0,2023,\N,99,"Adventure,Animation,Comedy"
10831318,tt6687734,movie,Shororipu,Shororipu,0,2016,\N,106,"Crime,Thriller"
10833383,tt6692354,movie,Ittefaq,Ittefaq,0,2017,\N,105,"Mystery,Thriller"
10834071,tt6693930,movie,Mask,Neghab,0,2005,\N,90,"Drama,Mystery"
10835699,tt6697582,movie,Arif V 216,Arif V 216,0,2018,\N,125,"Comedy,Sci-Fi"
10838881,tt6704346,movie,Rhino Horn,Rhino Horn,0,2018,\N,86,"Action,Crime,Thriller"
10839430,tt6705612,movie,Manje Bistre,Manje Bistre,0,2017,\N,137,"Comedy,Drama"
10841651,tt6710474,movie,Everything Everywhere All at Once,Everything Everywhere All at Once,0,2022,\N,139,"Action,Adventure,Comedy"
10842161,tt6711660,movie,Babumoshai Bandookbaaz,Babumoshai Bandookbaaz,0,2017,\N,122,"Action,Comedy,Crime"
10842329,tt6712014,movie,Fukrey Returns,Fukrey Returns,0,2017,\N,141,Comedy
10844991,tt6718170,movie,The Super Mario Bros. Movie,The Super Mario Bros. Movie,0,2023,\N,92,"Adventure,Animation,Comedy"
10846305,tt6721132,movie,Coffee for All,Caffè Sospeso,0,2017,\N,69,Documentary
10846716,tt6722030,movie,The Intruder,The Intruder,0,2019,\N,102,"Horror,Thriller"
10847069,tt6722802,movie,Marlowe,Marlowe,0,2022,\N,109,"Crime,Drama,Mystery"
10847418,tt6723592,movie,Tenet,Tenet,0,2020,\N,150,"Action,Sci-Fi,Thriller"
10853838,tt6738136,movie,Revenge,Revenge,0,2017,\N,108,"Action,Drama,Horror"
10857810,tt6747224,movie,Captain,Captain,0,2018,\N,145,"Biography,Sport"
10858249,tt6748466,movie,Loro 1,Loro 1,0,2018,\N,104,"Biography,Drama"
10858537,tt6749318,movie,Speed Kills,Speed Kills,0,2018,\N,102,"Action,Crime,Drama"
10859565,tt6751668,movie,Parasite,Gisaengchung,0,2019,\N,132,"Drama,Thriller"
10863005,tt6760876,movie,Wasp Network,Wasp Network,0,2019,\N,127,"Crime,Drama,Thriller"
10866779,tt6770082,movie,I Am Israel,I Am Israel,0,2017,\N,\N,Documentary
10867879,tt6772804,movie,Escape Plan: The Extractors,Escape Plan: The Extractors,0,2019,\N,87,"Action,Crime,Thriller"
10867927,tt6772950,movie,Truth or Dare,Truth or Dare,0,2018,\N,100,"Horror,Mystery,Thriller"
10868496,tt6774196,movie,Rightways Down,Rightways Down,0,2017,\N,216,"Crime,Drama,Thriller"
10868502,tt6774212,movie,Aiyaary,Aiyaary,0,2018,\N,157,"Crime,Drama,Thriller"
10868599,tt6774420,movie,Queen,Queen,0,2018,\N,157,"Comedy,Crime,Mystery"
10868773,tt6774786,movie,Occupation,Occupation,0,2018,\N,119,"Action,Drama,Sci-Fi"
10869801,tt6777338,movie,The Villainess,Aknyeo,0,2017,\N,124,"Action,Thriller"
10871700,tt6781982,movie,Night School,Night School,0,2018,\N,111,Comedy
10874516,tt6788942,movie,Bad Genius,Chalard games goeng,0,2017,\N,130,"Comedy,Crime,Drama"
10874742,tt6789462,movie,Jeet Lengey Jahaan,Jeet Lengey Jahaan,0,2012,\N,108,Drama
10875338,tt6791096,movie,I Feel Pretty,I Feel Pretty,0,2018,\N,110,"Comedy,Romance"
10875448,tt6791350,movie,Guardians of the Galaxy Vol. 3,Guardians of the Galaxy Vol. 3,0,2023,\N,150,"Action,Adventure,Comedy"
10876419,tt6793580,movie,Champions,Campeones,0,2018,\N,124,"Comedy,Drama,Family"
10878025,tt6797190,movie,Lucky Boy,Lucky Boy,0,2017,\N,110,Comedy
10880267,tt6802308,movie,The 15:17 to Paris,The 15:17 to Paris,0,2018,\N,94,"Biography,Drama,Thriller"
10880676,tt6803212,movie,Don't Let Go,Don't Let Go,0,2019,\N,103,"Drama,Horror,Mystery"
10881886,tt6805938,movie,The Ledge,The Ledge,0,2022,\N,86,"Action,Adventure,Thriller"
10882116,tt6806448,movie,Fast & Furious Presents: Hobbs & Shaw,Fast & Furious Presents: Hobbs & Shaw,0,2019,\N,137,"Action,Adventure,Thriller"
10884125,tt6811018,movie,The Kid Who Would Be King,The Kid Who Would Be King,0,2019,\N,120,"Action,Adventure,Family"
10885254,tt6813504,video,Linklater: On Cinema & Time,Linklater: On Cinema & Time,0,2016,\N,8,"Documentary,Short"
10887196,tt6817944,movie,About Endlessness,Om det oändliga,0,2019,\N,78,"Comedy,Drama,Fantasy"
10887285,tt6818140,movie,"Help, I Shrunk My Parents","Hilfe, ich hab meine Eltern geschrumpft",0,2018,\N,93,"Action,Adventure,Comedy"
10888244,tt6820256,movie,Arctic,Arctic,0,2018,\N,98,"Adventure,Drama"
10889507,tt6823148,movie,Benedetta,Benedetta,0,2021,\N,131,"Biography,Drama,Romance"
10889608,tt6823368,movie,Glass,Glass,0,2019,\N,129,"Drama,Fantasy,Horror"
10889763,tt6823698,movie,Naughty Grandma,Babushka lyogkogo povedeniya,0,2017,\N,86,Comedy
10894764,tt6834916,movie,Legacy of Lies,Legacy of Lies,0,2020,\N,101,"Action,Thriller"
10895720,tt6836936,movie,Saaho,Saaho,0,2019,\N,170,"Action,Thriller"
10901585,tt6850102,short,Afternoon Tea,Afternoon Tea,0,2017,\N,\N,"Comedy,Short"
10901904,tt6850820,movie,Peppermint,Peppermint,0,2018,\N,101,"Action,Thriller"
10904363,tt6856242,movie,The King's Man,The King's Man,0,2021,\N,131,"Action,Adventure,Thriller"
10904698,tt6857112,movie,Us,Us,0,2019,\N,116,"Horror,Mystery,Thriller"
10904719,tt6857166,movie,Book Club,Book Club,0,2018,\N,104,"Comedy,Drama,Romance"
10904785,tt6857332,movie,Turning Mecards W: Resurrection of the Black Mirror,Turning Mecards W: Resurrection of the Black Mirror,0,2017,\N,73,"Adventure,Animation,Fantasy"
10907758,tt6864046,movie,Shadow,Ying,0,2018,\N,116,"Action,Adventure,Fantasy"
10913930,tt6878038,movie,A Taxi Driver,Taeksi woonjunsa,0,2017,\N,137,"Action,Drama,History"
10914043,tt6878306,movie,News of the World,News of the World,0,2020,\N,118,"Action,Adventure,Drama"
10914074,tt6878378,movie,Vivegam,Vivegam,0,2017,\N,149,"Action,Thriller"
10914290,tt6878882,movie,Operation Red Sea,Hong hai xing dong,0,2018,\N,142,"Action,Drama,Thriller"
10915399,tt6881490,movie,Sound of Hope: The Story of Possum Trot,Sound of Hope: The Story of Possum Trot,0,2024,\N,130,Drama
10922855,tt6897974,short,North Korea; Off-Piste,North Korea; Off-Piste,0,2017,\N,13,"Adventure,Documentary,Short"
10924821,tt6902332,movie,The Marksman,The Marksman,0,2021,\N,108,"Action,Drama,Thriller"
10924959,tt6902676,movie,Guns Akimbo,Guns Akimbo,0,2019,\N,98,"Action,Comedy,Crime"
10926572,tt6906292,movie,Retribution,Retribution,0,2023,\N,91,"Action,Mystery,Thriller"
10928378,tt6910282,movie,Bergman Island,Bergman Island,0,2021,\N,112,"Comedy,Drama,Romance"
10928515,tt6910612,movie,Saranno famosi?,Saranno famosi?,0,2018,\N,90,Comedy
10928969,tt6911608,movie,Mamma Mia! Here We Go Again,Mamma Mia! Here We Go Again,0,2018,\N,114,"Comedy,Musical,Romance"
10931105,tt6916362,movie,Journal 64,Journal 64,0,2018,\N,119,"Crime,Mystery,Thriller"
10931949,tt6918220,movie,The Shiny Shrimps,Les crevettes pailletées,0,2019,\N,103,"Comedy,Drama,Sport"
10932826,tt6920084,movie,Resident Evil: Welcome to Raccoon City,Resident Evil: Welcome to Raccoon City,0,2021,\N,107,"Action,Horror,Sci-Fi"
10933671,tt6921996,movie,Johnny English Strikes Again,Johnny English Strikes Again,0,2018,\N,89,"Action,Adventure,Comedy"
10934682,tt6924204,movie,The Dog Walker,The Dog Walker,0,2019,\N,75,Thriller
10934707,tt6924262,movie,Yi jian zhong qing,Yi jian zhong qing,0,2002,\N,100,Romance
10934873,tt6924650,movie,Midway,Midway,0,2019,\N,138,"Action,Drama,History"
10937200,tt6929642,movie,Kaala,Kaala,0,2018,\N,162,"Action,Crime,Drama"
10938024,tt6931414,movie,The Great Battle,Ansisung,0,2018,\N,136,"Action,Drama,History"
10938142,tt6931658,movie,Hunt,Heon-teu,0,2022,\N,131,"Action,Drama,Mystery"
10938684,tt6932818,movie,The Conductor,De dirigent,0,2018,\N,137,"Biography,Drama,History"
10938707,tt6932874,movie,The Boss Baby: Family Business,The Boss Baby: Family Business,0,2021,\N,107,"Adventure,Animation,Comedy"
10945580,tt6947630,movie,The Blacksmith,Ang panday,0,2017,\N,128,"Action,Adventure,Fantasy"
10947523,tt6951892,movie,Samson,Samson,0,2018,\N,110,"Action,Drama"
10953221,tt6964554,movie,Buy Me,Kupi menya,0,2018,\N,107,Drama
10954212,tt6966692,movie,Green Book,Green Book,0,2018,\N,130,"Biography,Comedy,Drama"
10954787,tt6967980,movie,Seeking True Love,Bareilly Ki Barfi,0,2017,\N,116,"Comedy,Romance"
10956447,tt6971752,movie,Shubh Mangal Savdhan,Shubh Mangal Saavdhan,0,2017,\N,119,"Comedy,Romance"
10958928,tt6977338,movie,Good Boys,Good Boys,0,2019,\N,90,"Adventure,Comedy"
10960054,tt6979756,movie,Creation of the Gods I: Kingdom of Storms,Feng Shen 1: Zhaoge Feng Yun,0,2023,\N,148,"Action,Adventure,Drama"
10960399,tt6980546,movie,Bharath Ane Nenu,Bharat Ane Nenu,0,2018,\N,173,"Action,Drama,Thriller"
10960926,tt6981702,movie,Empowered,Sin rodeos,0,2018,\N,87,Comedy
10963251,tt6986718,short,Hale,Hale,0,2017,\N,23,"Biography,Documentary,Short"
10963731,tt6987770,movie,Destination Wedding,Destination Wedding,0,2018,\N,87,"Comedy,Drama,Romance"
10964880,tt6990206,movie,Crimea,Krym,0,2017,\N,99,"Action,Drama"
10968051,tt6997426,movie,Sad Hill Unearthed,Desenterrando Sad Hill,0,2017,\N,86,Documentary
10968457,tt6998518,movie,Mandy,Mandy,0,2018,\N,121,"Action,Fantasy,Horror"
10973026,tt7008872,movie,Boy Erased,Boy Erased,0,2018,\N,115,"Biography,Drama"
10975277,tt7014006,movie,Eighth Grade,Eighth Grade,0,2018,\N,93,"Comedy,Drama"
10975443,tt7014378,movie,The Summit of the Gods,Le sommet des dieux,0,2021,\N,95,"Adventure,Animation,Drama"
10976266,tt7016254,movie,Synonyms,Synonymes,0,2019,\N,123,"Comedy,Drama"
10978286,tt7020762,short,Thanatophobia,Thanatophobia,0,2017,\N,10,"Horror,Short,Thriller"
10979502,tt7023634,short,Bequest,Bequest,0,2018,\N,26,"Drama,Short"
10980304,tt7025388,movie,Abigail,Abigail,0,2019,\N,110,"Action,Adventure,Family"
10980891,tt7026672,movie,Every Day,Every Day,0,2018,\N,97,"Drama,Fantasy,Romance"
10985841,tt7037566,movie,Our President,Our President,0,2017,\N,119,Documentary
10987262,tt7040874,movie,A Simple Favor,A Simple Favor,0,2018,\N,117,"Comedy,Crime,Mystery"
10990802,tt7048622,movie,The Insult,L'insulte,0,2017,\N,113,"Crime,Drama,Thriller"
10993523,tt7054636,movie,A Madea Family Funeral,A Madea Family Funeral,0,2019,\N,109,"Comedy,Drama"
10995696,tt7059626,movie,EKS,EKS,0,2020,\N,94,"Action,Adventure,History"
10997315,tt7063130,movie,Mehrunisa V Lub U,Mehrunisa V Lub U,0,2017,\N,133,"Comedy,Romance"
10997968,tt7064498,movie,Return of the Hero,Le retour du héros,0,2018,\N,90,"Comedy,History"
10998827,tt7066382,movie,The Magic Tuche,Les Tuche 3,0,2018,\N,95,Comedy
10999986,tt7068946,movie,The Accountant 2,The Accountant 2,0,2025,\N,132,"Action,Crime,Drama"
11000101,tt7069210,movie,The Conjuring: The Devil Made Me Do It,The Conjuring: The Devil Made Me Do It,0,2021,\N,112,"Horror,Mystery,Thriller"
11002708,tt7074886,movie,The Front Runner,The Front Runner,0,2018,\N,113,"Biography,Drama,History"
11003574,tt7076834,movie,Satan's Slaves,Pengabdi Setan,0,2017,\N,107,"Drama,Horror,Mystery"
11005187,tt7080422,movie,Dragon Rider,Dragon Rider,0,2020,\N,91,"Adventure,Animation,Comedy"
11006617,tt7083526,movie,Breakthrough,Breakthrough,0,2019,\N,116,"Biography,Drama"
11007290,tt7085164,movie,Thawed Carp,Karp otmorozhennyy,0,2017,\N,101,"Comedy,Drama"
11008721,tt7088508,movie,Piano to Zanskar,Piano to Zanskar,0,2018,\N,86,Documentary
11011175,tt7093904,movie,Dragonkeeper,Dragonkeeper,0,2024,\N,98,"Adventure,Animation,Fantasy"
11011787,tt7095482,movie,The Candidate,El reino,0,2018,\N,132,"Drama,Mystery,Thriller"
11012915,tt7097896,movie,Venom: Let There Be Carnage,Venom: Let There Be Carnage,0,2021,\N,97,"Action,Adventure,Crime"
11013241,tt7098658,movie,Raazi,Raazi,0,2018,\N,138,"Action,Drama,Thriller"
11019048,tt7111402,movie,Oxidan,Oksidan,0,2017,\N,93,"Comedy,Drama,Romance"
11025695,tt7125860,movie,If Beale Street Could Talk,If Beale Street Could Talk,0,2018,\N,119,"Drama,Romance"
11026146,tt7126948,movie,Wonder Woman 1984,Wonder Woman 1984,0,2020,\N,151,"Action,Adventure,Fantasy"
11027898,tt7130916,movie,Dicks: The Musical,Dicks: The Musical,0,2023,\N,86,"Comedy,Musical"
11028204,tt7131622,movie,Once Upon a Time... in Hollywood,Once Upon a Time in... Hollywood,0,2019,\N,161,"Comedy,Drama"
11028299,tt7131870,movie,Wolf Warrior 2,Zhan lang II,0,2017,\N,123,"Action,Adventure,Drama"
11028905,tt7133202,movie,When the Trees Fall,Koly padayut dereva,0,2018,\N,88,Drama
11029306,tt7134096,movie,The Rhythm Section,The Rhythm Section,0,2020,\N,109,"Action,Drama,Mystery"
11030544,tt7136896,movie,Aladdin 2,Alad'2,0,2018,\N,98,"Comedy,Fantasy"
11030769,tt7137380,movie,Destroyer,Destroyer,0,2018,\N,121,"Action,Crime,Drama"
11030978,tt7137846,movie,Breaking In,Breaking In,0,2018,\N,88,"Action,Thriller"
11031605,tt7139246,movie,Leo Da Vinci: Mission Mona Lisa,Leo Da Vinci: Mission Mona Lisa,0,2018,\N,85,"Adventure,Animation,Family"
11031918,tt7139936,movie,A Rainy Day in New York,A Rainy Day in New York,0,2019,\N,92,"Comedy,Romance"
11034022,tt7144666,movie,The Black Phone,The Black Phone,0,2021,\N,103,"Horror,Mystery,Thriller"
11035015,tt7146812,movie,Onward,Onward,0,2020,\N,102,"Adventure,Animation,Comedy"
11038138,tt7153766,movie,Unsane,Unsane,0,2018,\N,98,"Drama,Horror,Mystery"
11040257,tt7158430,movie,Hearts Beat Loud,Hearts Beat Loud,0,2018,\N,97,"Comedy,Drama,Music"
11040705,tt7159382,movie,Fidaa,Fidaa,0,2017,\N,144,"Comedy,Drama,Romance"
11041036,tt7160070,movie,Along With the Gods: The Two Worlds,Singwa hamkke: Jwiwa beol,0,2017,\N,139,"Action,Adventure,Drama"
11041178,tt7160372,movie,The Zone of Interest,The Zone of Interest,0,2023,\N,105,"Drama,History,War"
11044458,tt7167630,video,Batman: Gotham by Gaslight,Batman: Gotham by Gaslight,0,2018,\N,78,"Action,Adventure,Animation"
11050650,tt7181546,movie,Ballerina,Ballerina,0,2025,\N,124,"Action,Thriller"
11053515,tt7187860,movie,Il vegetale,Il vegetale,0,2018,\N,90,"Comedy,Family"
11053955,tt7188858,tvSeries,For Love,Zhi women zhong jiang daolai de aiqing,0,2016,\N,94,Romance
11055466,tt7192164,movie,Coyotaje,Coyotaje,0,2018,\N,84,"Action,Drama,Thriller"
11056587,tt7194618,movie,The Girl from Yesterday,Cô gái den tu hôm qua,0,2017,\N,120,"Comedy,Romance"
11059475,tt7200946,movie,"Oh, Ramona!","Oh, Ramona!",0,2019,\N,109,"Comedy,Romance"
11061044,tt7204348,movie,El Angel,El ángel,0,2018,\N,118,"Biography,Crime,Drama"
11067628,tt7218518,movie,Pad Man,Pad Man,0,2018,\N,140,"Comedy,Drama"
11076485,tt7238392,movie,Taxi 5,Taxi 5,0,2018,\N,102,"Action,Comedy,Crime"
11077278,tt7240130,movie,PGS: Intuition Is Your Personal Guidance System,PGS: Intuition Is Your Personal Guidance System,0,2017,\N,83,Documentary
11080257,tt7246542,movie,Fortuna Lake,Fortuna Lake,0,2019,\N,\N,Horror
11091433,tt7270808,movie,Freaks Out,Freaks Out,0,2021,\N,141,"Adventure,Drama,Fantasy"
11092708,tt7273648,movie,About Love. For Adults Only,Pro lyubov. Tolko dlya vzroslykh,0,2017,\N,109,Comedy
11095075,tt7278824,movie,The First King,Il primo re,0,2019,\N,123,"Action,Adventure,Drama"
11096767,tt7282468,movie,Burning,Beoning,0,2018,\N,148,"Drama,Mystery,Thriller"
11098521,tt7286250,movie,Restricted Area: Baron Palace,Restricted Area: Baron Palace,0,2016,\N,85,"Horror,Mystery,Thriller"
11098617,tt7286456,movie,Joker,Joker,0,2019,\N,122,"Crime,Drama,Thriller"
11098817,tt7286966,movie,Money Plane,Money Plane,0,2020,\N,82,"Action,Comedy,Crime"
11102156,tt7294150,movie,The Eight Hundred,Ba bai,0,2020,\N,149,"Action,Drama,History"
11102269,tt7294400,movie,Mirreyes contra Godínez,Mirreyes contra Godínez,0,2019,\N,109,Comedy
11102328,tt7294534,movie,Arjun Reddy,Arjun Reddy,0,2017,\N,182,"Drama,Romance"
11102472,tt7294844,movie,Sasha Was Here,Sasha Was Here,0,2018,\N,95,Drama
11114754,tt7322224,movie,Triangle of Sadness,Triangle of Sadness,0,2022,\N,147,"Comedy,Drama"
11118081,tt7329656,movie,47 Meters Down: Uncaged,47 Meters Down: Uncaged,0,2019,\N,90,"Adventure,Drama,Horror"
11118168,tt7329858,movie,Pari,Pari,0,2018,\N,136,"Fantasy,Horror,Mystery"
11120334,tt7334528,movie,Uncle Drew,Uncle Drew,0,2018,\N,103,"Comedy,Drama,Sport"
11122400,tt7339248,movie,The Art of Self-Defense,The Art of Self-Defense,0,2019,\N,104,"Action,Comedy,Crime"
11122628,tt7339792,movie,Unbroken: Path to Redemption,Unbroken: Path to Redemption,0,2018,\N,98,"Biography,Drama,History"
11127184,tt7349662,movie,BlacKkKlansman,BlacKkKlansman,0,2018,\N,135,"Biography,Comedy,Crime"
11127295,tt7349950,movie,It: Chapter Two,It: Chapter Two,0,2019,\N,169,"Drama,Fantasy,Horror"
11133270,tt7363076,movie,Raid,Raid,0,2018,\N,122,"Crime,Drama,Thriller"
11134426,tt7365604,movie,Dog Days,Dog Days,0,2018,\N,113,"Comedy,Drama,Romance"
11134582,tt7365948,movie,La Caravana de Gardel,La Caravana de Gardel,0,2015,\N,\N,Drama
11144988,tt7388562,movie,"Paul, Apostle of Christ","Paul, Apostle of Christ",0,2018,\N,108,"Adventure,Biography,Drama"
11145927,tt7390646,movie,Black and Blue,Black and Blue,0,2019,\N,108,"Action,Thriller"
11147882,tt7394816,movie,Primal,Primal,0,2019,\N,97,"Action,Thriller"
11151020,tt7401588,movie,Instant Family,Instant Family,0,2018,\N,118,"Comedy,Drama"
11152841,tt7405458,movie,A Man Called Otto,A Man Called Otto,0,2022,\N,126,"Comedy,Drama"
11161486,tt7424200,movie,Teen Titans GO! To the Movies,Teen Titans Go! To the Movies,0,2018,\N,84,"Action,Adventure,Animation"
11163341,tt7428166,movie,Keloglan: Yeni Masal,Keloglan: Yeni Masal,0,2018,\N,85,"Adventure,Animation,Comedy"
11164540,tt7430722,movie,War,War,0,2019,\N,151,"Action,Adventure,Thriller"
11165096,tt7431980,movie,Après coup,Après coup,0,2017,\N,94,Drama
11167665,tt7437508,short,Juna,Juna,0,2017,\N,12,"Drama,Short"
11168385,tt7439064,movie,The Rising Hawk,The Rising Hawk,0,2019,\N,125,"Action,Drama,History"
11170992,tt7444626,movie,Child of Nature,Child of Nature,0,2019,\N,90,Documentary
11171265,tt7445206,movie,Jericho,Jericho,0,2017,\N,74,Action
11172587,tt7448180,movie,The Debt Collector,The Debt Collector,0,2018,\N,95,"Action,Comedy"
11176220,tt7456310,movie,Anna,Anna,0,2019,\N,118,"Action,Thriller"
11177303,tt7458762,movie,The Wolf's Call,Le chant du loup,0,2019,\N,115,"Action,Thriller"
11180707,tt7465992,movie,Mahanati,Mahanati,0,2018,\N,177,"Biography,Drama"
11180885,tt7466442,movie,The Bob's Burgers Movie,The Bob's Burgers Movie,0,2022,\N,102,"Adventure,Animation,Comedy"
11181631,tt7468056,movie,The Outlaws,Beomjoidosi,0,2017,\N,121,"Action,Crime,Thriller"
11181897,tt7468616,movie,The Boat,The Boat,0,2018,\N,88,"Mystery,Thriller"
11193606,tt7494122,movie,Düzensiz Düzenbazlar,Düzensiz Düzenbazlar,0,2017,\N,\N,Comedy
11195354,tt7497890,movie,The Next Guardian,The Next Guardian,0,2017,\N,75,Documentary
11196044,tt7499368,movie,Fragments of Truth,Fragments of Truth,0,2018,\N,75,Documentary
11198578,tt7504726,movie,The Call of the Wild,The Call of the Wild,0,2020,\N,100,"Adventure,Drama,Family"
11201185,tt7510222,movie,Despicable Me 4,Despicable Me 4,0,2024,\N,94,"Adventure,Animation,Comedy"
11201239,tt7510346,movie,The Turning,The Turning,0,2020,\N,94,"Drama,Horror,Mystery"
11203593,tt7515456,movie,Mission of Honor,Hurricane,0,2018,\N,107,"Action,Drama,War"
11205099,tt7518786,movie,'83,83,0,2021,\N,162,"Biography,Drama,History"
11205715,tt7520068,movie,Kolej Havasi,Kolej Havasi,0,2019,\N,105,Documentary
11205914,tt7520532,movie,The Perfect Ones,Bez menya,0,2018,\N,97,"Drama,Mystery,Thriller"
11207663,tt7524414,movie,Beats,Beats,0,2019,\N,101,"Comedy,Crime,Drama"
11209054,tt7527682,movie,Out of Darkness,Out of Darkness,0,2022,\N,88,"Horror,Mystery,Thriller"
11209799,tt7529298,movie,Attack,Attack,0,2022,\N,121,"Action,Sci-Fi,Thriller"
11210640,tt7531096,movie,StarDog and TurboCat,StarDog and TurboCat,0,2019,\N,90,"Action,Adventure,Animation"
11213534,tt7537738,movie,Mamangam: History of the Brave,Mamangam: History of the Brave,0,2019,\N,157,"Action,Drama,History"
11215256,tt7541720,movie,Music,Music,0,2021,\N,107,"Drama,Musical,Thriller"
11216890,tt7545266,movie,Like a Boss,Like a Boss,0,2020,\N,83,Comedy
11217012,tt7545524,movie,Ben Is Back,Ben Is Back,0,2018,\N,103,Drama
11217839,tt7547410,movie,Dora and the Lost City of Gold,Dora and the Lost City of Gold,0,2019,\N,102,"Action,Adventure,Comedy"
11217998,tt7547768,movie,Si Juki the Movie: Panitia Hari Akhir,Si Juki the Movie: Panitia Hari Akhir,0,2017,\N,97,"Adventure,Animation,Comedy"
11218994,tt7549996,movie,Judy,Judy,0,2019,\N,118,"Biography,Drama,Music"
11225359,tt7563890,movie,The Record Is Equal To The Document,The Record Is Equal To The Document,0,2017,\N,97,"Adventure,Comedy,Drama"
11233342,tt7581124,movie,Parole,Azadi-ye mashroot,0,2015,\N,82,"Drama,Family"
11236274,tt7587604,movie,Dynasty Warriors,Zhen · San guo wu shuang,0,2021,\N,119,"Action,Adventure,Fantasy"
11241427,tt7599146,movie,Sound of Freedom,Sound of Freedom,0,2023,\N,131,"Biography,Crime,Drama"
11242467,tt7601480,movie,Major Grom: Plague Doctor,Mayor Grom. Chumnoy Doktor,0,2021,\N,136,"Action,Comedy,Crime"
11249376,tt7616584,movie,Il grande salto,Il grande salto,0,2019,\N,94,"Comedy,Crime"
11249434,tt7616710,movie,Freaks & Errors: A Rare Collection,Freaks & Errors: A Rare Collection,0,2017,\N,95,Documentary
11249478,tt7616798,movie,A Dog's Way Home,A Dog's Way Home,0,2019,\N,96,"Adventure,Drama,Family"
11250109,tt7618184,movie,Mulk,Mulk,0,2018,\N,140,Drama
11250293,tt7618564,movie,Challenges,Challenges,0,2011,\N,131,Romance
11257767,tt7634968,movie,What Men Want,What Men Want,0,2019,\N,117,"Comedy,Fantasy,Romance"
11259328,tt7638344,movie,Dhadak,Dhadak,0,2018,\N,138,"Drama,Romance"
11259330,tt7638348,movie,Boss Level,Boss Level,0,2020,\N,100,"Action,Adventure,Comedy"
11264978,tt7650604,short,BuzziN',BuzziN',0,2017,\N,5,"Animation,Comedy,Short"
11266231,tt7653254,movie,Marriage Story,Marriage Story,0,2019,\N,137,"Drama,Romance"
11268195,tt7657566,movie,Death on the Nile,Death on the Nile,0,2022,\N,127,"Crime,Drama,Mystery"
11270242,tt7662118,movie,Short Circuit,Short Circuit,0,2019,\N,126,"Comedy,Drama,Sci-Fi"
11273270,tt7668870,movie,Searching,Searching,0,2018,\N,102,"Drama,Mystery,Thriller"
11283163,tt7690670,movie,SuperFly,Superfly,0,2018,\N,116,"Action,Crime,Thriller"
11284370,tt7693316,movie,Devotion,Devotion,0,2022,\N,139,"Action,Biography,Drama"
11293469,tt7713068,movie,Birds of Prey and the Fantabulous Emancipation of One Harley Quinn,Birds of Prey (and the Fantabulous Emancipation of One Harley Quinn),0,2020,\N,109,"Action,Comedy,Crime"
11294854,tt7715988,movie,Cake,Cake,0,2018,\N,125,"Drama,Mystery,Romance"
11295818,tt7718114,movie,FOMO: Fear of Missing Out,FOMO,0,2019,\N,93,Drama
11297126,tt7720922,movie,Batti Gul Meter Chalu,Batti Gul Meter Chalu,0,2018,\N,161,Drama
11297592,tt7721946,movie,Housefull 4,Housefull 4,0,2019,\N,145,"Action,Comedy,Drama"
11299260,tt7725596,movie,Badhaai Ho,Badhaai ho,0,2018,\N,124,"Comedy,Drama"
11301904,tt7731512,movie,Code Blue: The Movie,Code Blue: The Movie,0,2018,\N,127,Drama
11303174,tt7734218,movie,Stuber,Stuber,0,2019,\N,93,"Action,Comedy,Crime"
11304111,tt7736212,movie,Hutsul Girl Ksenia,Hutsulka Ksenya,0,2019,\N,90,Musical
11304804,tt7737786,movie,Greenland,Greenland,0,2020,\N,119,"Action,Adventure,Thriller"
11305073,tt7738450,movie,Thunder Road,Thunder Road,0,2018,\N,92,"Comedy,Drama"
11306039,tt7740496,movie,Nightmare Alley,Nightmare Alley,0,2021,\N,150,"Crime,Drama,Thriller"
11306046,tt7740510,movie,Antlers,Antlers,0,2021,\N,99,"Drama,Horror,Mystery"
11308146,tt7745068,movie,My Hero Academia: Two Heroes,Boku no Hîrô Akademia za Mûbî Futari no Hîrô,0,2018,\N,96,"Action,Adventure,Animation"
11311470,tt7752126,movie,Brightburn,Brightburn,0,2019,\N,90,"Drama,Fantasy,Horror"
11311625,tt7752454,movie,Detective Chinatown 2,Tang ren jie tan an 2,0,2018,\N,121,"Action,Comedy,Crime"
11316230,tt7762454,movie,Present,Shabash,0,2017,\N,93,"Comedy,Drama"
11326368,tt7784604,movie,Hereditary,Hereditary,0,2018,\N,127,"Drama,Horror,Mystery"
11329253,tt7791106,movie,Shob Bhooturey,Shob Bhooturey,0,2017,\N,115,Horror
11331271,tt7795376,movie,Swingers,Svinhery,0,2018,\N,90,Comedy
11332810,tt7798634,movie,Ready or Not,Ready or Not,0,2019,\N,95,"Action,Comedy,Horror"
11332816,tt7798646,movie,The Photograph,The Photograph,0,2020,\N,106,"Drama,Romance"
11341114,tt7816386,movie,Jawani Phir Nahi Ani 2,Jawani Phir Nahi Ani 2,0,2018,\N,165,Comedy
11342121,tt7818580,movie,While at War,Mientras dure la guerra,0,2019,\N,107,"Drama,History,War"
11348252,tt7832124,movie,Müslüm,Müslüm,0,2018,\N,136,"Biography,Drama,Music"
11349470,tt7834828,short,Cigarbox Blues,Cigarbox Blues,0,2017,\N,24,"Comedy,Short"
11353707,tt7843946,movie,Dilan 1990,Dilan 1990,0,2018,\N,110,"Drama,Romance"
11353808,tt7844166,movie,The Scythian,Skif,0,2018,\N,105,"Action,Drama,Fantasy"
11360471,tt7858472,movie,Sisters in Arms,Soeurs d'armes,0,2019,\N,112,"Action,Drama,War"
11360483,tt7858496,movie,The Japon,Los Japón,0,2019,\N,91,Comedy
11365333,tt7869070,movie,The Fanatic,The Fanatic,0,2019,\N,88,"Crime,Drama,Mystery"
11368654,tt7876510,movie,My Thoughts Are Silent,Moyi dumky tykhi,0,2019,\N,104,"Comedy,Drama"
11369608,tt7878846,movie,The Awakener,O Doutrinador,0,2018,\N,108,"Action,Crime,Drama"
11370730,tt7881284,movie,Drought and Lie,Khoshksali Va Doroogh,0,2016,\N,91,"Comedy,Drama"
11370765,tt7881364,movie,Cousins,Dokhtar Amoo Va Pesar Amoo,0,2017,\N,86,"Comedy,Romance"
11374180,tt7888964,movie,Nobody,Nobody,0,2021,\N,92,"Action,Crime,Drama"
11377992,tt7897348,movie,Lottery,Latari,0,2018,\N,107,"Drama,Romance,Thriller"
11378030,tt7897432,movie,Istanbul Junction,4 Rah Istanbul,0,2018,\N,99,"Action,Drama,Thriller"
11379878,tt7901384,movie,Don't Be Embarassed,Khejalat Nakesh,0,2018,\N,90,"Comedy,Drama"
11379890,tt7901408,movie,Confiscation,Mosadereh,0,2018,\N,97,"Comedy,Drama"
11380885,tt7903530,movie,We Die Young,We Die Young,0,2019,\N,92,"Action,Crime,Drama"
11383462,tt7909204,movie,Reign of Chaos,Reign of Chaos,0,2022,\N,77,"Action,Sci-Fi"
11385837,tt7914416,movie,One Cut of the Dead,Kamera o tomeru na!,0,2017,\N,96,"Comedy,Drama,Horror"
11388184,tt7919680,movie,Karwaan,Karwaan,0,2018,\N,114,"Adventure,Comedy,Drama"
11388895,tt7921182,movie,Dead Man's Line,Dead Man's Line,0,2018,\N,98,"Crime,Documentary"
11396845,tt7938472,movie,Serial Rabbit V: The Epic Hunt,Serial Rabbit V: The Epic Hunt,0,2017,\N,113,"Comedy,Horror"
11398321,tt7941612,movie,Martians vs. Mexicans,Marcianos Contra Mexicanos,0,2018,\N,90,"Adventure,Animation,Comedy"
11400420,tt7946422,movie,Prospect,Prospect,0,2018,\N,100,"Adventure,Drama,Sci-Fi"
11400606,tt7946836,movie,Animal World,Dong wu shi jie,0,2018,\N,132,"Action,Fantasy,Sci-Fi"
11405989,tt7958736,movie,Ma,Ma,0,2019,\N,99,"Horror,Mystery,Thriller"
11406125,tt7959026,movie,The Mule,The Mule,0,2018,\N,116,"Crime,Drama,Thriller"
11406201,tt7959216,movie,Utoya: July 22,Utøya 22. juli,0,2018,\N,93,"Drama,Thriller"
11406972,tt7960962,movie,Las llaves de la memoria,Las llaves de la memoria,0,2016,\N,94,Documentary
11407020,tt7961060,movie,Dragon Ball Super: Broly,Doragon Bôru Sûpâ Burorî,0,2018,\N,100,"Action,Adventure,Animation"
11408276,tt7963848,movie,All I Want for Christmas,Julemandens datter,0,2018,\N,92,"Adventure,Drama,Family"
11409897,tt7967302,movie,The King of Kings,The King of Kings,0,2025,\N,103,"Animation,Biography,Family"
11409944,tt7967412,movie,Eye for an Eye,Quien a hierro mata,0,2019,\N,107,"Crime,Drama,Thriller"
11410181,tt7967954,movie,Rise of the Legend,Rise of the Legend,0,2018,\N,133,"Biography,Drama,Sport"
11411372,tt7970690,short,Reglur Leiksins,Reglur Leiksins,0,2018,\N,\N,"Adventure,Mystery,Short"
11411927,tt7972012,movie,OSS 117: From Africa with Love,OSS 117: Alerte rouge en Afrique noire,0,2021,\N,117,"Action,Comedy"
11413425,tt7975244,movie,Jumanji: The Next Level,Jumanji: The Next Level,0,2019,\N,123,"Action,Adventure,Comedy"
11414005,tt7976502,movie,Pari,Pari,0,2018,\N,150,Horror
11417818,tt7984734,movie,The Lighthouse,The Lighthouse,0,2019,\N,109,"Drama,Fantasy,Horror"
11418252,tt7985704,movie,Operation Fortune: Ruse de Guerre,Operation Fortune: Ruse de Guerre,0,2023,\N,114,"Action,Adventure,Comedy"
11421031,tt7991608,movie,Red Notice,Red Notice,0,2021,\N,118,"Action,Comedy,Thriller"
11421563,tt7992722,short,The Quiet Shore,The Quiet Shore,0,2019,\N,\N,"Drama,Short"
11422247,tt7994188,movie,Aschhe Abar Shabor,Aschhe Abar Shabor,0,2018,\N,128,"Crime,Thriller"
11425630,tt8001346,movie,Asterix: The Secret of the Magic Potion,Astérix : Le Secret de la potion magique,0,2018,\N,87,"Adventure,Animation,Comedy"
11427202,tt8004664,movie,Come Play,Come Play,0,2020,\N,96,"Drama,Horror,Mystery"
11429133,tt8008948,movie,Den of Thieves: Pantera,Den of Thieves: Pantera,0,2025,\N,144,"Action,Crime,Drama"
11429663,tt8010064,movie,Bunker,Bunker,0,2022,\N,108,"Horror,Mystery,Thriller"
11442098,tt8037610,movie,Gulabjaam,Gulabjaam,0,2018,\N,120,"Comedy,Drama"
11442119,tt8037658,movie,Forbidden,Gheyre Mojaz,0,2017,\N,98,Drama
11442121,tt8037662,movie,Mohey,Mohey,0,2016,\N,93,"Drama,Mystery,Thriller"
11443801,tt8041270,movie,Jurassic World: Dominion,Jurassic World: Dominion,0,2022,\N,147,"Action,Adventure,Sci-Fi"
11444751,tt8043306,movie,Teefa In Trouble,Teefa in Trouble,0,2018,\N,155,"Action,Comedy,Crime"
11446001,tt8045906,movie,Words on Bathroom Walls,Words on Bathroom Walls,0,2020,\N,110,"Drama,Romance"
11446916,tt8047962,short,Coutinho Repórter,Coutinho Repórter,0,2011,\N,\N,"Biography,Short"
11447115,tt8048384,movie,Captain Sabertooth and the Magic Diamond,Kaptein Sabeltann og den magiske diamant,0,2019,\N,81,"Animation,Family"
11447879,tt8049994,movie,Little Eggs: An African Rescue,Un rescate de huevitos,0,2021,\N,88,"Adventure,Animation,Comedy"
11452477,tt8059926,movie,Gajaman,Gajaman,0,2023,\N,99,"Animation,Comedy,Romance"
11452536,tt8060054,tvSpecial,Rahul Subramanian: Kal Main Udega,Rahul Subramanian: Kal Main Udega,0,2018,\N,63,Comedy
11452662,tt8060328,movie,Attraction 2: Invasion,Vtorzhenie,0,2020,\N,134,"Action,Sci-Fi"
11457851,tt8071360,movie,Monster,Monster,0,2019,\N,81,"Crime,Drama"
11458306,tt8072400,movie,Hello Guru Prema Kosame,Hello Guru Prema Kosame,0,2018,\N,140,"Comedy,Romance"
11460652,tt8077374,short,The European Dream,The European Dream,0,2018,\N,4,"Drama,Romance,Short"
11461556,tt8079248,movie,Yesterday,Yesterday,0,2019,\N,116,"Comedy,Fantasy,Music"
11461976,tt8080196,movie,Happy Birthday,Fête de famille,0,2019,\N,101,"Comedy,Drama,Family"
11461980,tt8080204,movie,Hypnotic,Hypnotic,0,2023,\N,93,"Action,Drama,Mystery"
11464529,tt8085790,movie,Little,Little,0,2019,\N,109,"Comedy,Fantasy,Romance"
11466463,tt8089832,movie,Frozen Run,Frozen Run,0,2024,\N,91,"Mystery,Thriller"
11468282,tt8093700,movie,The Woman King,The Woman King,0,2022,\N,135,"Action,Drama,History"
11469720,tt8096832,movie,Lady and the Tramp,Lady and the Tramp,0,2019,\N,111,"Adventure,Comedy,Family"
11469924,tt8097306,movie,Nobody's Fool,Nobody's Fool,0,2018,\N,110,"Comedy,Drama,Romance"
11474265,tt8106708,movie,Katyusha,Katyusha,0,2018,\N,100,"Comedy,Drama"
11474928,tt8108198,movie,Andhadhun,Andhadhun,0,2018,\N,139,"Crime,Mystery,Thriller"
11474930,tt8108202,movie,Stree,Stree,0,2018,\N,128,"Comedy,Horror"
11474964,tt8108274,movie,Tanhaji: The Unsung Warrior,Tanhaji: The Unsung Warrior,0,2020,\N,135,"Action,Biography,Drama"
11475708,tt8109800,movie,Palau the Movie,Palau the Movie,0,2019,\N,120,"Biography,Drama,History"
11475911,tt8110232,movie,The Many Saints of Newark,The Many Saints of Newark,0,2021,\N,120,"Crime,Drama"
11475934,tt8110290,movie,Priyapettavar,Priyapettavar,0,2018,\N,125,Drama
11476092,tt8110652,movie,Bodies Bodies Bodies,Bodies Bodies Bodies,0,2022,\N,94,"Comedy,Horror,Mystery"
11478063,tt8114980,movie,Willy's Wonderland,Willy's Wonderland,0,2021,\N,88,"Action,Comedy,Horror"
11478477,tt8115900,movie,The Bad Guys,The Bad Guys,0,2022,\N,100,"Adventure,Animation,Comedy"
11478708,tt8116428,movie,Along With the Gods: The Last 49 Days,Sin-gwa ham-kke: In-gwa yeon,0,2018,\N,142,"Action,Adventure,Drama"
11480201,tt8119680,movie,Dark Figure of Crime,Amsusarin,0,2018,\N,110,"Crime,Drama,Thriller"
11486962,tt8134670,movie,Chuzha molytva,Chuzha molytva,0,2017,\N,100,Biography
11486996,tt8134742,movie,3 from Hell,3 from Hell,0,2019,\N,115,"Action,Horror"
11494549,tt8151874,movie,Honey Boy,Honey Boy,0,2019,\N,94,Drama
11496039,tt8155288,movie,Happy Death Day 2U,Happy Death Day 2U,0,2019,\N,100,"Comedy,Horror,Mystery"
11501032,tt8166164,movie,Vespiary,Bee Nest,0,2018,\N,89,Comedy
11502626,tt8169552,movie,Monica and Friends: Bonds,Turma da Mônica: Laços,0,2019,\N,97,"Adventure,Family"
11506750,tt8178634,movie,RRR,RRR (Rise Roar Revolt),0,2022,\N,187,"Action,Adventure,Drama"
11509037,tt8183544,movie,De Buurtpolitie: De Tunnel,De Buurtpolitie: De Tunnel,0,2018,\N,100,"Action,Crime"
11509738,tt8185182,movie,Long Day's Journey Into Night,Diqiu zuihou de yewan,0,2018,\N,138,"Drama,Mystery,Romance"
11510258,tt8186318,movie,Overcomer,Overcomer,0,2019,\N,119,"Drama,Family,Sport"
11512250,tt8190662,short,Four Twenty,Four Twenty,0,2015,\N,10,"Comedy,Short"
11519503,tt8206398,movie,The Magic Flute,The Magic Flute,0,2022,\N,125,"Adventure,Fantasy,Musical"
11525829,tt8220154,short,Yo Dividido,Yo Dividido,0,2015,\N,\N,"Short,Thriller"
11529507,tt8228288,movie,The Platform,El hoyo,0,2019,\N,94,"Horror,Mystery,Sci-Fi"
11532865,tt8235660,tvMovie,Megalodon,Megalodon,0,2018,\N,88,"Action,Adventure,Horror"
11533167,tt8236336,movie,The Report,The Report,0,2019,\N,119,"Biography,Crime,Drama"
11533555,tt8237172,movie,Gundala,Gundala,0,2019,\N,123,"Action,Adventure,Drama"
11535774,tt8242084,movie,My Spy,My Spy,0,2020,\N,99,"Action,Comedy"
11537026,tt8244784,movie,The Hunt,The Hunt,0,2020,\N,90,"Action,Horror,Thriller"
11541940,tt8255452,movie,The Snow Queen 4: Mirrorlands,Snezhnaya koroleva. Zazerkalje,0,2018,\N,84,"Adventure,Animation,Comedy"
11543794,tt8259442,movie,Arrival,Arrival,0,\N,\N,\N,Adventure
11547006,tt8266310,movie,Blinded by the Light,Blinded by the Light,0,2019,\N,118,"Comedy,Drama,Music"
11547581,tt8267604,movie,Capernaum,Capharnaüm,0,2018,\N,126,Drama
11552036,tt8277246,movie,His Only Son,His Only Son,0,2023,\N,106,"Drama,History"
11556486,tt8286772,movie,La jaula,La jaula,0,2018,\N,\N,Thriller
11558274,tt8290698,movie,The Spy Gone North,Gongjak,0,2018,\N,137,"Drama,Thriller"
11558791,tt8291806,movie,Pain and Glory,Dolor y gloria,0,2019,\N,113,Drama
11565237,tt8305806,movie,The Wretched,The Wretched,0,2019,\N,95,"Drama,Horror,Mystery"
11565256,tt8305852,movie,All My Life,All My Life,0,2020,\N,91,"Drama,Romance"
11567251,tt8310486,movie,Miller's Girl,Miller's Girl,0,2024,\N,93,"Comedy,Drama,Thriller"
11570839,tt8318616,short,Beatrice,Beatrice,0,2019,\N,\N,"Comedy,Short"
11575573,tt8329148,movie,Terra Willy,Terra Willy: Planète inconnue,0,2019,\N,89,"Adventure,Animation,Comedy"
11577362,tt8332922,movie,A Quiet Place Part II,A Quiet Place Part II,0,2020,\N,97,"Drama,Horror,Sci-Fi"
11577490,tt8333222,movie,Reina sin Corona,Reina sin Corona,0,2017,\N,88,Drama
11577737,tt8333746,movie,Pinocchio,Pinocchio,0,2019,\N,125,"Drama,Family,Fantasy"
11577838,tt8333978,movie,Maharshi,Maharshi,0,2019,\N,176,"Action,Drama"
11578724,tt8335880,movie,Loro 2,Loro 2,0,2018,\N,100,Biography
11579386,tt8337290,movie,Absolution,Absolution,0,2024,\N,112,"Action,Crime,Drama"
11585464,tt8350360,movie,Annabelle Comes Home,Annabelle Comes Home,0,2019,\N,106,"Horror,Mystery,Thriller"
11588450,tt8356942,movie,The 355,The 355,0,2022,\N,122,"Action,Thriller"
11589783,tt8359848,movie,Climax,Climax,0,2018,\N,97,"Drama,Horror,Music"
11591587,tt8363914,movie,No Safe Spaces,No Safe Spaces,0,2019,\N,100,"Documentary,News,War"
11591769,tt8364368,movie,Crawl,Crawl,0,2019,\N,87,"Action,Horror,Thriller"
11592794,tt8366590,movie,Baaghi 3,Baaghi 3,0,2020,\N,143,"Action,Thriller"
11593345,tt8367814,movie,The Gentlemen,The Gentlemen,0,2019,\N,113,"Action,Comedy,Crime"
11593593,tt8368368,movie,The Apprentice,The Apprentice,0,2024,\N,122,"Biography,Drama,History"
11593610,tt8368406,movie,Vivarium,Vivarium,0,2019,\N,97,"Horror,Mystery,Sci-Fi"
11593611,tt8368408,movie,Gunpowder Milkshake,Gunpowder Milkshake,0,2021,\N,114,"Action,Crime,Thriller"
11595843,tt8373206,movie,About My Father,About My Father,0,2023,\N,90,Comedy
11597268,tt8376234,movie,Peter Rabbit 2: The Runaway,Peter Rabbit 2: The Runaway,0,2021,\N,93,"Adventure,Animation,Comedy"
11597958,tt8377736,movie,Texas,Texas,0,2018,\N,88,"Action,Adventure,Comedy"
11601432,tt8385148,movie,Hitman's Wife's Bodyguard,Hitman's Wife's Bodyguard,0,2021,\N,100,"Action,Comedy,Crime"
11601581,tt8385474,movie,A Dog's Journey,A Dog's Journey,0,2019,\N,109,"Adventure,Comedy,Drama"
11605463,tt8393764,movie,Chhakka Panja 3,Chhakka Panja 3,0,2018,\N,145,Comedy
11606301,tt8395602,short,Timecrowave,Timecrowave,0,2018,\N,13,"Comedy,Short"
11606576,tt8396188,movie,Tanks for Stalin,Tanki,0,2018,\N,95,"Action,Comedy,History"
11607795,tt8398768,movie,Dany,Mon ket,0,2018,\N,89,"Comedy,Drama"
11610343,tt8404256,movie,Snake Eyes,Snake Eyes: G.I. Joe Origins,0,2021,\N,121,"Action,Adventure,Crime"
11611440,tt8406660,movie,Inmate Zero,Patients of a Saint,0,2020,\N,106,Horror
11611477,tt8406750,movie,Dogman's Rabies,Rabbia furiosa,0,2018,\N,120,"Crime,Horror,Thriller"
11612175,tt8408288,short,The Reality of Van Life,The Reality of #VanLife,0,2018,\N,41,"Comedy,Documentary,Short"
11622289,tt8430054,movie,Flee,Flugt,0,2021,\N,89,"Animation,Biography,Documentary"
11626109,tt8438328,short,Mysterious Ways,Mysterious Ways,0,2018,\N,10,"Comedy,Horror,Short"
11626344,tt8438910,movie,F.C. De Kampioenen 4: Viva Boma!,F.C. De Kampioenen 4: Viva Boma!,0,2019,\N,107,Comedy
11636748,tt8461224,movie,The Tax Collector,The Tax Collector,0,2020,\N,95,"Action,Crime,Drama"
11645727,tt8480678,movie,Pinocchio: A True Story,Pinokkio. Pravdivaya istoriya,0,2021,\N,94,"Animation,Family,Fantasy"
11646926,tt8483272,movie,Strike,Strike,0,2018,\N,100,"Adventure,Animation,Comedy"
11656080,tt8503618,movie,Hamilton,Hamilton,0,2020,\N,160,"Biography,Drama,History"
11656132,tt8503732,tvSeries,Zhyvchyk ta yoho druzi,Zhyvchyk ta yoho druzi,0,2006,2007,3,"Action,Animation,Comedy"
11660440,tt8513070,movie,Shapito-shou: Uvazhenie i sotrudnichestvo,Shapito-shou: Uvazhenie i sotrudnichestvo,0,2011,\N,111,"Comedy,Musical"
11664441,tt8521778,movie,Bob Marley: One Love,Bob Marley: One Love,0,2024,\N,107,"Biography,Drama,Music"
11669210,tt8532152,movie,Cebiche de tiburón,Cebiche de tiburón,0,2017,\N,105,Comedy
11674927,tt8544498,movie,The Way Back,The Way Back,0,2020,\N,108,"Drama,Sport"
11677517,tt8550054,movie,Pleasure,Pleasure,0,2021,\N,109,Drama
11679486,tt8554460,video,The Hymns of Muscovy,Anthems of Moscovia,0,2018,\N,14,Short
11682861,tt8561690,movie,4x4,4x4,0,2019,\N,90,"Crime,Thriller"
11684345,tt8564902,movie,Death of a Nation,Death of a Nation,0,2018,\N,108,"Documentary,History"
11687400,tt8571866,movie,Ne Var?,Ne Var?,0,2018,\N,90,Comedy
11688495,tt8574252,movie,The Witch: Part 1 - The Subversion,Manyeo,0,2018,\N,125,"Action,Mystery,Sci-Fi"
11690975,tt8579674,movie,1917,1917,0,2019,\N,119,"Action,Drama,War"
11695243,tt8589358,movie,Woman's Enemy,Doshman-e zan,0,2018,\N,92,"Comedy,Romance"
11695405,tt8589698,movie,Teenage Mutant Ninja Turtles: Mutant Mayhem,Teenage Mutant Ninja Turtles: Mutant Mayhem,0,2023,\N,99,"Action,Adventure,Animation"
11696254,tt8591526,movie,Fremont,Fremont,0,2023,\N,91,Drama
11697478,tt8594376,movie,Into the Labyrinth,L'uomo del labirinto,0,2019,\N,130,"Crime,Drama,Horror"
11700984,tt8602654,movie,"Sarkari. Hi. Pra. Shale Kasaragodu, Koduge: Ramanna Rai","Sarkari. Hi. Pra. Shale Kasaragodu, Koduge: Ramanna Rai",0,2018,\N,147,Drama
11705629,tt8613070,movie,Portrait of a Lady on Fire,Portrait de la jeune fille en feu,0,2019,\N,122,"Drama,Romance"
11706806,tt8615732,movie,Leaving Afghanistan,Bratstvo,0,2019,\N,113,"Action,Drama,War"
11706837,tt8615822,movie,Occupation: Rainfall,Occupation: Rainfall,0,2020,\N,128,"Action,Sci-Fi"
11710385,tt8623904,movie,Last Christmas,Last Christmas,0,2019,\N,103,"Comedy,Drama,Fantasy"
11714783,tt8633462,movie,"Quo Vadis, Aida?","Quo Vadis, Aida?",0,2020,\N,101,"Drama,History,War"
11714790,tt8633478,movie,Run,Run,0,2020,\N,90,"Drama,Horror,Mystery"
11716513,tt8637428,movie,The Farewell,The Farewell,0,2019,\N,100,"Comedy,Drama"
11717328,tt8639326,movie,Roe v. Wade,Roe v. Wade,0,2019,\N,112,"Drama,History"
11718066,tt8641076,short,Solsticio,Solsticio,0,2017,\N,6,"Drama,Short"
11719149,tt8643368,short,Lost,Lost,0,2015,\N,\N,"Romance,Short"
11721775,tt8649186,movie,Corpus Christi,Boze Cialo,0,2019,\N,115,Drama
11721806,tt8649252,movie,Scrapper,Scrapper,0,2023,\N,84,"Comedy,Drama"
11723284,tt8652728,movie,Waves,Waves,0,2019,\N,135,"Drama,Romance,Sport"
11727423,tt8662114,movie,December tale or S.Mykolay's Adventures,December tale or S.Mykolay's Adventures,0,2018,\N,90,Comedy
11728037,tt8663516,movie,Child's Play,Child's Play,0,2019,\N,90,"Drama,Horror,Sci-Fi"
11736308,tt8682096,movie,Tri bogatyrya i Naslednitsa prestola,Tri bogatyrya i Naslednitsa prestola,0,2018,\N,81,"Adventure,Animation,Family"
11738119,tt8686136,video,Bad Ben - The Mandela Effect,Bad Ben: The Mandela Effect,0,2018,\N,67,"Comedy,Horror"
11739243,tt8688634,movie,21 Bridges,21 Bridges,0,2019,\N,99,"Action,Adventure,Crime"
11740503,tt8691532,movie,Boyzhetken. Vsyo iz-za neyo,Boyzhetken. Vsyo iz-za neyo,0,2018,\N,94,Comedy
11741814,tt8694428,movie,Nelson,Nelson,0,2019,\N,75,Drama
11742095,tt8695030,movie,The Dead Don't Die,The Dead Don't Die,0,2019,\N,104,"Action,Comedy,Crime"
11754350,tt8722346,movie,Queen & Slim,Queen & Slim,0,2019,\N,132,"Crime,Drama,Romance"
11767918,tt8753438,movie,The Ash Lad: In Search of the Golden Castle,Askeladden i Soria Moria slott,0,2019,\N,99,"Adventure,Family,Fantasy"
11771227,tt8760708,movie,M3GAN,M3GAN,0,2022,\N,102,"Horror,Sci-Fi,Thriller"
11774977,tt8769226,movie,Kung Food,Mei shi Da mao xian,0,2018,\N,99,"Action,Adventure,Animation"
11776363,tt8772262,movie,Midsommar,Midsommar,0,2019,\N,148,"Drama,Horror,Mystery"
11780593,tt8781414,movie,Freaks,Freaks,0,2018,\N,105,"Drama,Fantasy,Mystery"
11782249,tt8785134,movie,Natasaarvabhowma,Natasaarvabhowma,0,2019,\N,157,Action
11784303,tt8789562,short,Memorándum,Memorándum,0,2017,\N,15,"Documentary,Short"
11784531,tt8790086,movie,Kraven the Hunter,Kraven the Hunter,0,2024,\N,127,"Action,Adventure,Thriller"
11785829,tt8792898,movie,In the Move for Love,L'amour flou,0,2018,\N,97,Comedy
11788846,tt8799390,movie,Fight Like Eagles,Aquile randagie,0,2019,\N,100,History
11792224,tt8806768,movie,I Can Quit Whenever I Want,Lo dejo cuando quiera,0,2019,\N,98,Comedy
11798660,tt8820590,movie,T-34,T-34,0,2018,\N,139,"Action,War"
11799506,tt8822390,movie,Çift'lik Bank: Tosun Firarda,Çift'lik Bank: Tosun Firarda,0,2018,\N,95,Comedy
11803669,tt8831284,movie,Shu Thayu,Shu Thayu,0,2018,\N,135,"Comedy,Drama"
11806341,tt8836988,movie,Avengement,Avengement,0,2019,\N,87,"Action,Crime,Thriller"
11807989,tt8840490,short,EU & USA,EU & USA,0,2018,\N,5,"Animation,Short"
11811265,tt8847712,movie,The French Dispatch,"The French Dispatch of the Liberty, Kansas Evening Sun",0,2021,\N,107,"Comedy,Drama,Romance"
11812450,tt8850222,movie,Peninsula,Bando,0,2020,\N,116,"Action,Drama,Horror"
11818943,tt8864596,movie,Transformers One,Transformers One,0,2024,\N,104,"Action,Adventure,Animation"
11819753,tt8866456,movie,The Legend of Ochi,The Legend of Ochi,0,2025,\N,95,"Adventure,Family,Fantasy"
11821206,tt8869624,short,Abuela's Luck,Abuela's Luck,0,2018,\N,9,"Comedy,Drama,Short"
11823952,tt8876008,movie,Keep Safe Distance,Keep Safe Distance,0,2019,\N,128,"Action,Thriller"
11826393,tt8881326,movie,Jatrai Jatra,Jatrai Jatra,0,2019,\N,137,Comedy
11827418,tt8883486,movie,Medieval,Medieval,0,2022,\N,125,"Action,Drama,History"
11828134,tt8885088,short,Lurk,Lurk,0,2017,\N,7,"Action,Short"
11840967,tt8912936,movie,DC League of Super-Pets,DC League of Super-Pets,0,2022,\N,105,"Action,Adventure,Animation"
11846685,tt8925540,movie,Racetime,Racetime,0,2018,\N,89,"Adventure,Animation,Family"
11852172,tt8937542,short,Ekusher Chetonaa,Ekusher Chetonaa,0,2017,\N,\N,"Documentary,Short"
11856253,tt8946378,movie,Knives Out,Knives Out,0,2019,\N,130,"Comedy,Crime,Drama"
11857020,tt8948208,movie,Foxtrot Six,Foxtrot Six,0,2019,\N,114,"Action,Drama,Sci-Fi"
11860888,tt8956464,movie,Crazy Wedding,Skazhene vesillya,0,2018,\N,90,Comedy
11861072,tt8956872,movie,Valhalla: The Legend of Thor,Valhalla,0,2019,\N,105,"Adventure,Fantasy,Thriller"
11862388,tt8959680,movie,One Second,Yi miao zhong,0,2020,\N,104,"Comedy,Drama,History"
11862592,tt8960138,movie,Shortcut,Shortcut,0,2020,\N,80,"Adventure,Fantasy,Horror"
11866157,tt8967900,movie,Soheila No. 17,Shomareh 17 Soheila,0,2017,\N,78,"Drama,Romance"
11868145,tt8972256,movie,Greed,Greed,0,2019,\N,104,"Comedy,Drama"
11869170,tt8974368,movie,Promise of Pisa,De belofte van Pisa,0,2019,\N,105,"Drama,Music,Romance"
11873232,tt8983202,movie,Kabir Singh,Kabir Singh,0,2019,\N,173,"Drama,Romance"
11880890,tt8999762,movie,The Brutalist,The Brutalist,0,2024,\N,216,Drama
11884035,tt9006564,movie,2018,2018,0,2023,\N,150,"Action,Drama,Thriller"
11887198,tt9013340,movie,Fool's Paradise,Fool's Paradise,0,2023,\N,98,Comedy
11888240,tt9015746,movie,Kölcsönlakás,Kölcsönlakás,0,2019,\N,95,"Comedy,Romance"
11889962,tt9019352,movie,No Manches Frida 2,No manches Frida 2,0,2019,\N,102,Comedy
11890466,tt9020536,movie,Ejen Ali: The Movie,Ejen Ali the Movie,0,2019,\N,97,"Action,Adventure,Animation"
11892120,tt9024106,movie,Unplanned,Unplanned,0,2019,\N,109,"Biography,Drama"
11895947,tt9032400,movie,Eternals,Eternals,0,2021,\N,156,"Action,Adventure,Fantasy"
11896769,tt9034290,movie,Turkish Ice-Cream,Türk Isi Dondurma,0,2019,\N,123,"Drama,History,War"
11898082,tt9037222,movie,Me. You. He. She.,"Ya, Ty, On, Ona",0,2018,\N,96,Comedy
11900831,tt9044418,movie,MR-9: Do or Die,MR-9: Do or Die,0,2023,\N,106,"Action,Drama,Thriller"
11904073,tt9051908,movie,Living,Living,0,2022,\N,102,Drama
11904514,tt9052870,movie,Chhichhore,Chhichhore,0,2019,\N,143,"Comedy,Drama,Romance"
11906148,tt9056646,movie,Bearer,Dar Vajhe Hamel,0,2018,\N,80,Drama
11909007,tt9063106,movie,Paskal,Paskal: The Movie,0,2018,\N,115,"Action,Adventure,Drama"
11909272,tt9063684,movie,"Pup-o, ma!","Pup-o, ma!",0,2018,\N,93,"Comedy,Fantasy,Horror"
11909378,tt9063902,movie,"Live Twice, Love Once",Vivir dos veces,0,2019,\N,101,"Comedy,Drama"
11912739,tt9071322,movie,Dark Waters,Dark Waters,0,2019,\N,126,"Biography,Drama,History"
11913175,tt9072352,movie,Relic,Relic,0,2020,\N,89,"Drama,Horror,Mystery"
11913800,tt9073702,movie,August,Mordad,0,2017,\N,72,Drama
11919428,tt9086228,movie,Gretel & Hansel,Gretel & Hansel,0,2020,\N,87,"Fantasy,Horror,Mystery"
11925907,tt9100018,movie,Cobweb,Cobweb,0,2023,\N,88,"Horror,Mystery,Thriller"
11925922,tt9100054,movie,The Lost Daughter,The Lost Daughter,0,2021,\N,121,Drama
11928082,tt9104736,movie,Housefull 5,Housefull 5,0,2025,\N,163,"Comedy,Mystery,Thriller"
11930962,tt9110904,movie,Three Floors,Tre piani,0,2021,\N,119,Drama
11932580,tt9114286,movie,Black Panther: Wakanda Forever,Black Panther: Wakanda Forever,0,2022,\N,161,"Action,Adventure,Drama"
11933244,tt9115752,movie,Open Season,Chasse gardée,0,2023,\N,101,Comedy
11941544,tt9133370,movie,Golden Men,Gli uomini d'oro,0,2019,\N,110,"Crime,Drama"
11941930,tt9134216,movie,Playing with Fire,Playing with Fire,0,2019,\N,96,"Comedy,Family"
11949310,tt9150192,movie,A Working Man,A Working Man,0,2025,\N,116,"Action,Thriller"
11951731,tt9155512,movie,The Visitor from the Future,Le visiteur du futur,0,2022,\N,105,"Action,Adventure,Comedy"
11956504,tt9165806,movie,Ittymaani: Made in China,Ittymaani: Made in China,0,2019,\N,158,"Comedy,Drama"
11959546,tt9172422,movie,La belle époque,La belle époque,0,2019,\N,115,"Comedy,Drama,Fantasy"
11959816,tt9173002,movie,The Goya Murders,El asesino de los caprichos,0,2019,\N,95,"Action,Adventure,Crime"
11960008,tt9173418,movie,Brahms: The Boy II,Brahms: The Boy II,0,2020,\N,86,"Drama,Horror,Mystery"
11962641,tt9179430,movie,Vikram,Vikram,0,2022,\N,175,"Action,Crime,Thriller"
11965335,tt9185206,movie,"Are You There God? It's Me, Margaret.","Are You There God? It's Me, Margaret.",0,2023,\N,106,"Comedy,Drama,Family"
11969197,tt9193690,movie,Seize the Night,Carpe Noctem,0,2022,\N,87,"Drama,Thriller"
11971390,tt9198364,movie,Three Thousand Years of Longing,Three Thousand Years of Longing,0,2022,\N,108,"Drama,Fantasy,Romance"
11971872,tt9199374,movie,Uriyadi,Uriyadi,0,2020,\N,136,"Comedy,Mystery"
11972750,tt9201172,movie,Accidental Texan,Accidental Texan,0,2023,\N,104,"Comedy,Drama"
11974120,tt9204164,movie,Bigfoot Family,Bigfoot Family,0,2020,\N,89,"Adventure,Animation,Family"
11975773,tt9207700,movie,Made in Italy,Made in Italy,0,2020,\N,94,"Comedy,Drama,Romance"
11976063,tt9208444,movie,Impractical Jokers: The Movie,Impractical Jokers: The Movie,0,2020,\N,92,Comedy
11978996,tt9214772,movie,Monkey Man,Monkey Man,0,2024,\N,121,"Action,Crime,Thriller"
11979024,tt9214832,movie,Emma.,Emma.,0,2020,\N,124,"Comedy,Drama,Romance"
11980596,tt9218128,movie,Gladiator II,Gladiator II,0,2024,\N,148,"Action,Adventure,Drama"
11983025,tt9223370,short,Hostility,Hostility,0,2015,\N,1,"Action,Comedy,Short"
11983339,tt9224104,movie,Meg 2: The Trench,Meg 2: The Trench,0,2023,\N,116,"Action,Adventure,Horror"
11983425,tt9224288,movie,Mainstream,Mainstream,0,2020,\N,94,"Comedy,Drama"
11984298,tt9226154,movie,The Crimean Bridge. Made with Love!,Krymskiy most. Sdelano s lyubovyu!,0,2018,\N,102,Romance
11986579,tt9231040,movie,First Cow,First Cow,0,2019,\N,122,"Drama,Western"
11992551,tt9243804,movie,The Green Knight,The Green Knight,0,2021,\N,130,"Adventure,Drama,Fantasy"
11994861,tt9248972,movie,Mission Mangal,Mission Mangal,0,2019,\N,130,"Drama,History"
11996518,tt9252488,movie,The Secrets We Keep,The Secrets We Keep,0,2020,\N,97,"Drama,Thriller"
11997671,tt9254940,movie,Sneaks,Sneaks,0,2025,\N,93,"Adventure,Animation,Comedy"
12000264,tt9260446,movie,Don't Stop Me Now,Ma cosa ci dice il cervello,0,2019,\N,100,"Action,Comedy"
12001696,tt9263550,movie,Rocketry: The Nambi Effect,Rocketry: The Nambi Effect,0,2022,\N,157,"Biography,Drama"
12002078,tt9264336,movie,Driving Licence,Driving Licence,0,2019,\N,135,"Action,Comedy,Drama"
12011420,tt9284430,movie,The Best Is Yet to Come,Le meilleur reste à venir,0,2019,\N,117,"Comedy,Drama"
12012128,tt9285882,movie,Blue Story,Blue Story,0,2019,\N,91,"Crime,Drama,Musical"
12013410,tt9288692,movie,Werewolves Within,Werewolves Within,0,2021,\N,97,"Comedy,Horror,Mystery"
12013426,tt9288726,movie,Mama Weed,La daronne,0,2020,\N,104,"Comedy,Crime,Drama"
12013447,tt9288776,movie,White Snake,Bai She: Yuan qi,0,2019,\N,99,"Action,Adventure,Animation"
12020485,tt9303772,movie,Divorce Club,Divorce Club,0,2020,\N,108,Comedy
12034881,tt9334814,movie,Il Regno,Il Regno,0,2020,\N,99,Comedy
12037700,tt9340860,movie,Let Him Go,Let Him Go,0,2020,\N,113,"Crime,Drama,Thriller"
12040885,tt9347730,movie,Candyman,Candyman,0,2021,\N,91,"Horror,Thriller"
12044222,tt9354944,movie,Jexi,Jexi,0,2019,\N,84,"Comedy,Romance,Sci-Fi"
12045224,tt9357050,movie,Dear Evan Hansen,Dear Evan Hansen,0,2021,\N,137,"Drama,Musical"
12047701,tt9362492,movie,Restore Point,Bod obnovy,0,2023,\N,115,"Crime,Drama,Sci-Fi"
12047804,tt9362722,movie,Spider-Man: Across the Spider-Verse,Spider-Man: Across the Spider-Verse,0,2023,\N,140,"Action,Adventure,Animation"
12047900,tt9362930,movie,Blue Beetle,Blue Beetle,0,2023,\N,127,"Action,Adventure,Sci-Fi"
12050525,tt9368628,movie,The New King of Comedy,Xin xi ju zhi wang,0,2019,\N,90,"Comedy,Drama"
12054261,tt9376612,movie,Shang-Chi and the Legend of the Ten Rings,Shang-Chi and the Legend of the Ten Rings,0,2021,\N,132,"Action,Adventure,Fantasy"
12056611,tt9381682,movie,Diabolik,Diabolik,0,2021,\N,134,"Action,Crime,Mystery"
12059134,tt9387250,movie,Skylines,Skylines,0,2020,\N,113,"Action,Adventure,Sci-Fi"
12059178,tt9387352,movie,How I Became Russian,Kak ya stal russkim,0,2019,\N,94,Comedy
12060321,tt9389998,movie,Pushpa: The Rise - Part 1,Pushpa: The Rise - Part 1,0,2021,\N,179,"Action,Crime,Drama"
12070463,tt9411972,movie,Where the Crawdads Sing,Where the Crawdads Sing,0,2022,\N,125,"Drama,Mystery,Romance"
12070606,tt9412268,movie,Furie,Hai Phuong,0,2019,\N,98,"Action,Drama,Thriller"
12073734,tt9419056,movie,The Unholy,The Unholy,0,2021,\N,99,"Drama,Horror,Mystery"
12074110,tt9419884,movie,Doctor Strange in the Multiverse of Madness,Doctor Strange in the Multiverse of Madness,0,2022,\N,126,"Action,Adventure,Fantasy"
12074464,tt9420648,movie,Bala,Bala,0,2019,\N,133,Comedy
12077050,tt9426210,movie,Weathering with You,Tenki no ko,0,2019,\N,112,"Animation,Drama,Fantasy"
12077485,tt9427166,movie,Father There Is Only One,Padre no hay más que uno,0,2019,\N,98,"Comedy,Family"
12087652,tt9448656,movie,Çinar,Çinar,0,2018,\N,99,Drama
12089577,tt9452824,movie,Faces of the Dead,Faces of the Dead,0,2020,\N,110,"Action,Drama,Fantasy"
12093164,tt9460462,short,Corre,Corre,0,2018,\N,10,"Sci-Fi,Short"
12094316,tt9462944,movie,Treasure,Treasure,0,2024,\N,111,"Comedy,Drama"
12096999,tt9468730,movie,The Twins,Seung sang yee,0,2004,\N,92,"Mystery,Thriller"
12104556,tt9484998,movie,Palm Springs,Palm Springs,0,2020,\N,90,"Comedy,Fantasy,Mystery"
12119525,tt9517302,movie,Jahnabi,Jahnabi,0,2018,\N,69,Drama
12126044,tt9531772,movie,Sooryavanshi,Sooryavanshi,0,2021,\N,145,"Action,Crime,Drama"
12127501,tt9534948,movie,Fate/Grand Order the Movie: Divine Realm of the Round Table: Camelot,Fate/Grand Order: Shinsei Entaku Ryouiki Camelot 1 - Wandering; Agateram,0,2020,\N,90,"Action,Animation,Drama"
12128059,tt9536384,movie,Mai Mai Ti's 2008,Mai Mai Ti's 2008,0,2008,\N,\N,Drama
12128473,tt9537292,movie,Ala Vaikunthapurramuloo,Ala Vaikunthapurramuloo,0,2020,\N,163,"Action,Comedy,Drama"
12128500,tt9537346,movie,Ardaas Karaan,Ardaas Karaan,0,2019,\N,140,Drama
12128702,tt9537888,movie,Ella Bella Bingo,Elleville Elfrid,0,2020,\N,75,"Animation,Family,Musical"
12130296,tt9541602,movie,Extreme Job,Geukhanjikeob,0,2019,\N,111,"Action,Comedy,Crime"
12137786,tt9558468,movie,iSmart Shankar,iSmart Shankar,0,2019,\N,140,"Action,Sci-Fi"
12140440,tt9564774,movie,Venky Mama,Venky Mama,0,2019,\N,149,Drama
12155881,tt9597838,movie,Shock Wave 2,Chak dan juen ga 2,0,2020,\N,120,"Action,Crime,Thriller"
12158360,tt9603208,movie,Mission: Impossible - The Final Reckoning,Mission: Impossible - The Final Reckoning,0,2025,\N,169,"Action,Adventure,Thriller"
12158362,tt9603212,movie,Mission: Impossible - Dead Reckoning Part One,Mission: Impossible - Dead Reckoning Part One,0,2023,\N,163,"Action,Adventure,Thriller"
12163422,tt9614314,short,Brothers,Brothers,0,2019,\N,\N,"Drama,Short"
12163462,tt9614416,movie,Blackia,Blackia,0,2019,\N,141,"Crime,Drama"
12165966,tt9619824,movie,Final Destination: Bloodlines,Final Destination Bloodlines,0,2025,\N,110,"Horror,Thriller"
12166191,tt9620288,movie,King Richard,King Richard,0,2021,\N,144,"Biography,Drama,Sport"
12166193,tt9620292,movie,Promising Young Woman,Promising Young Woman,0,2020,\N,113,"Crime,Drama,Mystery"
12168340,tt9624766,movie,Jiu Jitsu,Jiu Jitsu,0,2020,\N,102,"Action,Sci-Fi,Thriller"
12172671,tt9634036,movie,Aalto: Architect of Emotions,Aalto,0,2020,\N,103,"Biography,Documentary,History"
12175233,tt9639470,movie,Last Night in Soho,Last Night in Soho,0,2021,\N,116,"Drama,Horror,Mystery"
12179602,tt9648672,movie,Street Dancer 3D,Street Dancer 3D,0,2020,\N,146,"Drama,Music"
12179730,tt9648942,movie,Dilan 1991,Dilan 1991,0,2019,\N,121,"Drama,Romance"
12186673,tt9663764,movie,Aquaman and the Lost Kingdom,Aquaman and the Lost Kingdom,0,2023,\N,124,"Action,Adventure,Fantasy"
12186832,tt9664108,movie,Voyagers,Voyagers,0,2021,\N,108,"Adventure,Mystery,Sci-Fi"
12195071,tt9681728,movie,A Russian Youth,Malchik russkiy,0,2019,\N,72,"Drama,War"
12195403,tt9682428,movie,Night Swim,Night Swim,0,2024,\N,98,"Horror,Mystery,Thriller"
12196109,tt9684016,movie,Alive,Zhyva,0,2016,\N,95,"Adventure,Biography,Drama"
12197272,tt9686708,movie,The King of Staten Island,The King of Staten Island,0,2020,\N,136,"Comedy,Drama"
12200807,tt9694312,movie,Stardust,Stardust,0,2020,\N,109,"Biography,Drama,Music"
12213065,tt9720440,movie,The Rise of Kibwetere,The Rise of Kibwetere,0,2019,\N,\N,Thriller
12218289,tt9731598,movie,Bros,Bros,0,2022,\N,115,"Comedy,Romance"
12220079,tt9735328,video,WWR Tournament For Tomorrow,WWR Tournament For Tomorrow,0,2018,\N,172,"Action,Drama,Game-Show"
12220129,tt9735462,movie,Aline,Aline,0,2020,\N,126,"Biography,Comedy,Drama"
12223522,tt9742794,movie,The Vault,Way Down,0,2021,\N,118,"Action,Thriller"
12233536,tt9764362,movie,The Menu,The Menu,0,2022,\N,107,"Comedy,Horror,Thriller"
12233675,tt9764654,movie,Race to Freedom: Um Bok Dong,Jajeon chawang: Eom Bogdong,0,2019,\N,118,"Biography,Drama,History"
12234575,tt9766610,movie,The Diary of Fireflies,Cho Em Gan Anh Them Chut Nua,0,2016,\N,96,Romance
12236271,tt9770150,movie,Nomadland,Nomadland,0,2020,\N,107,Drama
12239752,tt9777666,movie,The Tomorrow War,The Tomorrow War,0,2021,\N,138,"Action,Adventure,Drama"
12240609,tt9779516,movie,I Still Believe,I Still Believe,0,2020,\N,116,"Biography,Drama,Music"
12242278,tt9783060,short,Los Hijos del Silencio,Los Hijos del Silencio,0,2018,\N,12,"Biography,Drama,Short"
12242327,tt9783202,short,"Mérida, Tiempo y Naufragio.","Mérida, Tiempo y Naufragio.",0,2018,\N,22,"Drama,Short"
12243056,tt9784798,movie,Judas and the Black Messiah,Judas and the Black Messiah,0,2021,\N,126,"Biography,Crime,Drama"
12252803,tt9805820,movie,Caisa,Caisa,0,2018,\N,84,Documentary
12255916,tt9812474,movie,Lamb,Dýrið,0,2021,\N,106,"Drama,Fantasy,Horror"
12260775,tt9822864,movie,Saat Zaman,Saat Zaman,0,2019,\N,98,"Action,Adventure,Drama"
12268301,tt9839038,movie,Jim Button and the Wild 13,Jim Knopf und die Wilde 13,0,2020,\N,110,"Adventure,Family,Fantasy"
12270778,tt9844322,movie,Kaamelott: First Installment,Kaamelott - Premier volet,0,2021,\N,120,"Adventure,Comedy,Fantasy"
12270870,tt9844522,movie,Escape Room: Tournament of Champions,Escape Room: Tournament of Champions,0,2021,\N,88,"Action,Adventure,Horror"
12272795,tt9848626,movie,Hotel Transylvania 4: Transformania,Hotel Transylvania: Transformania,0,2022,\N,87,"Adventure,Animation,Comedy"
12285331,tt9876312,video,Bar Wrestling 21: Breastlemania,Bar Wrestling 21: Breastlemania,0,2018,\N,86,"Action,Drama,Game-Show"
12285491,tt9876680,short,EinTagsFliege(n),EinTagsFliege(n),0,2019,\N,21,"Drama,Short"
12285715,tt9877170,movie,Malang,Malang - Unleash the Madness,0,2020,\N,135,"Action,Crime,Drama"
12285793,tt9877340,movie,Nalpathiyonnu,Nalpathiyonnu,0,2019,\N,134,"Drama,Romance"
12288821,tt9883996,movie,Dream Horse,Dream Horse,0,2020,\N,113,"Biography,Comedy,Drama"
12293625,tt9894470,movie,VFW,VFW,0,2019,\N,92,"Action,Crime,Horror"
