imdb_id,budget,revenue,year
tt0120755,125000000,546388108,2000
tt0172495,103000000,465516248,2000
tt0162222,90000000,429632142,2000
tt0207201,70000000,374100000,2000
tt0130623,127500000,354248063,2000
tt0170016,123000000,345800000,2000
tt0212338,55000000,330444045,2000
tt0177971,130000000,328718434,2000
tt0120903,75000000,296339527,2000
tt0161081,100000000,291420351,2000
tt0175142,19000000,278023280,2000
tt0160127,92000000,264105545,2000
tt0195685,52000000,256271286,2000
tt0217869,75000000,248118121,2000
tt0187078,90000000,237200000,2000
tt0120630,45000000,224834564,2000
tt0190865,75000000,215663859,2000
tt0187393,110000000,215294342,2000
tt0190332,17000000,213978518,2000
tt0212346,45000000,212000000,2000
tt0181865,48000000,207500000,2000
tt0164052,95000000,190213455,2000
tt0211181,85000000,183611771,2000
tt0208003,30000000,173959438,2000
tt0120917,100000000,169327687,2000
tt0134084,40000000,161838076,2000
tt0241303,25000000,152700626,2000
tt0183505,51000000,149270999,2000
tt0163978,40000000,144056873,2000
tt0210945,30000000,136700000,2000
tt0186566,65000000,128900000,2000
tt0141926,62000000,127700000,2000
tt0218967,60000000,124700000,2000
tt0144528,84000000,123307945,2000
tt0215129,16000000,119754278,2000
tt0200550,45000000,113900000,2000
tt0195714,23000000,112880294,2000
tt0183523,90000000,110983407,2000
tt0219854,65000000,110317580,2000
tt0249462,5000000,109280263,2000
tt0162650,46000000,107626125,2000
tt0190138,41300000,106371651,2000
tt0209958,33000000,104155843,2000
tt0213203,30000000,103291131,2000
tt0184894,55000000,99274467,2000
tt0216216,82000000,96085477,2000
tt0165929,25000000,91036760,2000
tt0174480,65000000,90726668,2000
tt0204946,28000000,90449929,2000
tt0230030,48000000,90383208,2000
tt0208092,100000000,83557872,2000
tt0203019,32000000,82300000,2000
tt0181536,43000000,80100000,2000
tt0138749,95000000,76400000,2000
tt0242423,13000000,73180723,2000
tt0190590,26000000,71877090,2000
tt0160797,60000000,71000000,2000
tt0235679,16000000,68452128,2000
tt0186151,31000000,68106245,2000
tt0183869,10500000,64433844,2000
tt0228750,65000000,62761005,2000
tt0184907,13000000,62464731,2000
tt0191754,43000000,62198945,2000
tt0120910,80000000,60655420,2000
tt0171433,30000000,59945183,2000
tt0195945,11000000,59827328,2000
tt0158622,83000000,59468275,2000
tt0185431,85000000,58292295,2000
tt0223897,40000000,55707411,2000
tt0134847,23000000,53187659,2000
tt0162983,60000000,51880044,2000
tt0192614,15000000,50802120,2000
tt0191397,50000000,50054511,2000
tt0229260,15000000,47737094,2000
tt0181875,60000000,47386287,2000
tt0146882,30000000,47100000,2000
tt0219653,28000000,47053625,2000
tt0220099,30000000,45554533,2000
tt0163983,40000000,40443010,2000
tt0168629,12500000,40061153,2000
tt0209144,9000000,40060108,2000
tt0146984,80000000,39459427,2000
tt0192731,14000000,38574362,2000
tt0236388,13000000,38251106,2000
tt0186894,35000000,36779296,2000
tt0120913,75000000,36754634,2000
tt0122459,24000000,36600000,2000
tt0156812,6000000,35547761,2000
tt0131704,76000000,35100000,2000
tt0146309,80000000,34566746,2000
tt0144084,7000000,34269748,2000
tt0198021,15000000,33800000,2000
tt0199753,80000000,33463969,2000
tt0185014,35000000,33426588,2000
tt0184858,42000000,32168970,2000
tt0160484,50000000,31355910,2000
tt0266308,4500000,30600000,2000
tt0160009,40000000,30199105,2000
tt0196216,25000000,29934477,2000
tt0185183,44000000,29725663,2000
tt0171580,24000000,29364989,2000
tt0181984,7000000,28780255,2000
tt0192255,35000000,27965865,2000
tt0199725,20000000,27728118,2000
tt0210616,29000000,26400000,2000
tt0195234,10000000,26330482,2000
tt0156841,25000000,24362772,2000
tt0205271,23000000,22844291,2000
tt0208874,20000000,22428990,2000
tt0245712,2000000,20908467,2000
tt0204175,16000000,20627372,2000
tt0213890,4000000,20000000,2000
tt0205461,19000000,19748009,2000
tt0208988,63600000,19412993,2000
tt0202677,8500000,19125401,2000
tt0149624,57000000,18133495,2000
tt0180073,13500000,17989227,2000
tt0120662,15000000,17589705,2000
tt34279959,3300000,17000000,2000
tt0259974,5500000,16600000,2000
tt0243862,1000000,16350876,2000
tt0118694,3000000,15867968,2000
tt0144964,25000000,15843608,2000
tt0211938,35000000,15500000,2000
tt0186045,6000000,15427192,2000
tt0222851,12000000,15250000,2000
tt0190374,35000000,15185241,2000
tt0151150,6900000,15000000,2000
tt0134983,90000000,14828081,2000
tt0167203,34000000,14400327,2000
tt0181151,60000000,14100000,2000
tt0213790,24000000,13700000,2000
tt0247586,1300000,12413888,2000
tt0217756,24000000,12372410,2000
tt0219699,10000000,12008642,2000
tt0235712,6000000,11918069,2000
tt0255198,8300000,11068800,2000
tt0183659,6000000,10994533,2000
tt0195778,15000000,10873148,2000
tt0159097,6000000,10409377,2000
tt0206420,8000000,10194274,2000
tt0251756,2300000,10000000,2000
tt0202402,15000000,9902115,2000
tt0199290,6000000,9000000,2000
tt0189998,8000000,8279017,2000
tt3180664,200000,8000000,2000
tt0180093,4500000,7390108,2000
tt0156323,10000000,7201701,2000
tt0242256,2000000,6000000,2000
tt0200669,15000000,5753678,2000
tt0168856,18000000,5600000,2000
tt0163676,15000000,5280035,2000
tt0200720,10000000,5164404,2000
tt0176783,14000000,5108820,2000
tt0206750,2000000,5000000,2000
tt0222012,3900000,4900000,2000
tt0242519,1666000,4755000,2000
tt0273870,460000,4660000,2000
tt0190524,17400000,4224065,2000
tt34754157,1200000,3400000,2000
tt33887027,2300000,3400000,2000
tt34524450,1000000,3300000,2000
tt0210567,14000000,3200000,2000
tt0141399,36000000,3003296,2000
tt0238247,300000,2637726,2000
tt0179116,1200000,2600000,2000
tt0215545,10000000,2463650,2000
tt0173716,10000000,1961544,2000
tt0206917,20170000,1800000,2000
tt0222850,1000000,1744858,2000
tt0210075,1000000,1700000,2000
tt0171356,10000000,1600000,2000
tt0171359,2000000,1568749,2000
tt0220100,4000000,1431406,2000
tt0164212,25000000,1308242,2000
tt0186253,2500000,1300000,2000
tt0200530,250000,1182065,2000
tt0217107,200000,1160268,2000
tt0267664,1000000,1135422,2000
tt0238883,1500000,1080000,2000
tt0229340,2000000,1075504,2000
tt0138946,24000000,889352,2000
tt0223067,200000,800000,2000
tt0194218,1000000,779137,2000
tt0160644,12000000,769272,2000
tt0255094,10000,756035,2000
tt0212826,5500000,706876,2000
tt0218378,20000000,669258,2000
tt0248012,1000000,623791,2000
tt0244504,1900000,560943,2000
tt0242572,500000,500000,2000
tt0984240,500000,500000,2000
tt0160498,1000000,428535,2000
tt0206200,4000000,400000,2000
tt0235198,250000,359853,2000
tt0127349,8500000,327418,2000
tt0308599,300996,300996,2000
tt0182295,13000000,300000,2000
tt0157262,26000000,270813,2000
tt0206226,1500000,268117,2000
tt0262432,42000,241816,2000
tt0303243,1900000,240093,2000
tt0258854,77575,190441,2000
tt0243415,600000,173599,2000
tt0170691,10000000,148701,2000
tt0177650,16000000,146193,2000
tt0266408,13500000,145969,2000
tt0158583,800000,145071,2000
tt0244659,385000,140000,2000
tt0249161,563645,113774,2000
tt0120753,8000000,105983,2000
tt13352238,97464,97464,2000
tt0113026,10000000,49666,2000
tt0204137,3600000,43805,2000
tt14353332,10,35000,2000
tt0255589,50000,24963,2000
tt0875616,21515,21515,2000
tt0181836,1000000,13276,2000
tt0168612,10000,10000,2000
tt0120695,5000000,9617,2000
tt0172109,3500000,4775,2000
tt0244173,21000000,3203,2000
tt0304672,2883,2883,2000
tt0204350,1200000,1404,2000
tt0220673,10000,1000,2000
tt0460411,100,100,2000
tt0211792,9,37,2000
tt0269604,25,24,2000
tt0241527,125000000,976475550,2001
tt0120737,93000000,871368364,2001
tt0198781,115000000,579700000,2001
tt0126029,60000000,488628188,2001
tt0240772,85000000,450717150,2001
tt0213149,140000000,449220945,2001
tt0209163,98000000,443280904,2001
tt0163025,93000000,368780809,2001
tt0133152,100000000,362211740,2001
tt0212985,87000000,351692268,2001
tt0266915,90000000,347325802,2001
tt0268978,58000000,316791257,2001
tt0252866,30000000,287553595,2001
tt0243155,25000000,281929795,2001
tt0245429,19000000,274925095,2001
tt0146316,115000000,274703340,2001
tt0212720,100000000,235926552,2001
tt0230600,17000000,210002906,2001
tt0232500,38000000,207283925,2001
tt0259711,68000000,203388341,2001
tt0239395,60000000,200687492,2001
tt0230011,120000000,186053725,2001
tt0203009,52500000,179213434,2001
tt0240462,70000000,176100000,2001
tt0211915,10000000,173921954,2001
tt0265086,92000000,172989651,2001
tt0247638,37000000,165335153,2001
tt0227538,35000000,147934180,2001
tt0236493,57000000,147845033,2001
tt0244244,102000000,147080413,2001
tt0266987,115000000,143049560,2001
tt0250494,18000000,141778365,2001
tt0257106,45000000,141220678,2001
tt0256380,40000000,141069860,2001
tt0265029,64400000,138191428,2001
tt0206275,13000000,131706809,2001
tt0445841,12500000,123021750,2001
tt0183790,65000000,117487473,2001
tt0227445,68000000,113579918,2001
tt0164334,60000000,105200000,2001
tt0139654,45000000,104900000,2001
tt0260866,50000000,100020092,2001
tt0251075,80000000,98376292,2001
tt0215750,68000000,96976270,2001
tt0209475,35000000,94700000,2001
tt0277027,22000000,92542418,2001
tt0159273,40000000,91753202,2001
tt0248667,107000000,87812729,2001
tt0280707,19800000,87754044,2001
tt0250687,48000000,85498534,2001
tt0173840,137000000,85131830,2001
tt0255798,22000000,84772742,2001
tt0221027,53000000,83300000,2001
tt0268397,25000000,80936232,2001
tt0242445,33000000,79958599,2001
tt0240890,28000000,77516304,2001
tt0035423,48000000,76019048,2001
tt0120681,35000000,74558115,2001
tt0267804,49000000,72689126,2001
tt0265666,21000000,71441250,2001
tt0231775,30000000,71186502,2001
tt0237534,29000000,70800000,2001
tt0245674,42000000,68467960,2001
tt0219965,75000000,67631903,2001
tt0277371,16000000,66468332,2001
tt0230838,40000000,65754228,2001
tt0271027,25000000,64437847,2001
tt0238112,57000000,62112895,2001
tt0196229,28000000,60780981,2001
tt0263488,10000000,59217789,2001
tt0125022,35000000,57800000,2001
tt0179626,60000000,56359980,2001
tt0132245,94000000,54744738,2001
tt0249478,75000000,54300000,2001
tt0272152,48000000,50315140,2001
tt0285742,4000000,44900000,2001
tt0247425,1700000,44800000,2001
tt0265632,10000000,44460850,2001
tt0286112,10000005,42776760,2001
tt0214289,12560000,42700000,2001
tt0180734,32000000,40222729,2001
tt0231402,21150000,39438674,2001
tt0244970,23000000,38689940,2001
tt0161083,60000000,38400000,2001
tt0268995,72000000,37317673,2001
tt0206314,23000000,36642838,2001
tt0200027,48000000,35700000,2001
tt0218922,42000000,35402320,2001
tt0261392,22000000,33788161,2001
tt0245574,5000000,33600000,2001
tt0265087,50000000,33422806,2001
tt0238948,24000000,31600000,2001
tt0278488,12000000,31200000,2001
tt0245686,17700000,30987695,2001
tt0265343,1200000,30787356,2001
tt0225071,53000000,29700000,2001
tt0237572,35000000,29419291,2001
tt0255819,16000000,29381649,2001
tt0252503,35000000,28500000,2001
tt0236784,21000000,28000000,2001
tt0250274,6000000,27900000,2001
tt0272020,72000000,27642707,2001
tt0246544,40000000,27053815,2001
tt0120824,38000000,24690441,2001
tt0279889,38000000,24500000,2001
tt0252501,31000000,24185781,2001
tt0250310,11000000,23978402,2001
tt0264796,18000000,23903791,2001
tt0221218,30000000,23619609,2001
tt0246989,11000000,23400000,2001
tt0247745,3000000,23182223,2001
tt0269341,13000000,22391450,2001
tt0257231,4000000,21000000,2001
tt0166924,15000000,20289986,2001
tt0301727,35866397,20217080,2001
tt0279112,9400000,20000000,2001
tt0192071,22000000,19900366,2001
tt0234829,34000000,19693891,2001
tt0239948,22000000,19351569,2001
tt0202470,57000000,19334145,2001
tt0249371,17000000,19000000,2001
tt0243133,20000000,18918721,2001
tt0256524,33000000,18914307,2001
tt0233142,62000000,18720175,2001
tt0273799,25000000,18634654,2001
tt0218817,30000000,18200000,2001
tt0211443,11000000,17077882,2001
tt0250224,13000000,16929123,2001
tt0242998,10000000,16300000,2001
tt0189192,35000000,16200000,2001
tt0188453,13000000,16171098,2001
tt0280778,5500000,16153953,2001
tt0236348,22000000,14866444,2001
tt0253798,24000000,14782676,2001
tt0240515,14000000,14343028,2001
tt0228333,28000000,14010832,2001
tt0290879,11000000,14000000,2001
tt0244000,35000000,13678913,2001
tt0181739,75000000,13596911,2001
tt0203755,18000000,13500000,2001
tt0186589,11000000,13276953,2001
tt0192111,14000000,13127022,2001
tt0227984,27000000,12881605,2001
tt0211465,15000000,12806614,2001
tt0239949,25000000,12320393,2001
tt0248126,7500000,11336308,2001
tt0194704,2500000,11000000,2001
tt0141907,90000000,10372291,2001
tt0281364,15300000,10366360,2001
tt0290332,7000000,10229331,2001
tt0250323,3000000,10031529,2001
tt0267287,8000000,8826094,2001
tt0162346,7000000,8800000,2001
tt0245120,15000000,8704851,2001
tt0160399,40000000,8694320,2001
tt0169102,5200000,8100000,2001
tt0242527,4158370,7819851,2001
tt0246578,4500000,7500000,2001
tt0166110,10000000,7316658,2001
tt0291341,2750000,7310206,2001
tt0297721,1250000,6776921,2001
tt0254686,6200000,6766708,2001
tt0256009,4500000,6582065,2001
tt34305712,4500000,6500000,2001
tt0263728,22000000,6047691,2001
tt0227194,5200000,5900000,2001
tt0227005,5000000,5476060,2001
tt0166276,75000000,5409517,2001
tt0118589,22000000,5271666,2001
tt0242150,100000,5000000,2001
tt0271945,13200000,4870830,2001
tt0283509,1012153,4858869,2001
tt0270891,2498210,4810190,2001
tt0250371,7000000,4720371,2001
tt0287537,2500000,4500000,2001
tt0279286,16000000,4500000,2001
tt0218619,17000000,4299141,2001
tt0292490,2079000,4099000,2001
tt0293416,15000000,4035384,2001
tt0248845,6000000,3660081,2001
tt0266391,7000000,3646994,2001
tt0186895,5500000,3557100,2001
tt34525360,2900000,3400000,2001
tt0258038,7000000,3300000,2001
tt0243017,2000000,3176880,2001
tt0317962,418500,3140000,2001
tt0268711,3000000,3098924,2001
tt0239986,1000000,2402459,2001
tt0221809,300000,2074000,2001
tt0234354,6000000,2025238,2001
tt0265307,6500000,2006391,2001
tt0268219,29000000,1802142,2001
tt0242587,700000,1667192,2001
tt0261983,1500000,1612259,2001
tt0219822,6000000,1600000,2001
tt0247199,1500000,1309316,2001
tt0267129,15000000,1297401,2001
tt0242252,30000000,1198113,2001
tt0281680,600000,1023156,2001
tt0244709,5000000,1000000,2001
tt0309291,500000,1000000,2001
tt0275083,8000000,996179,2001
tt0238552,17000000,894844,2001
tt0268200,1000000,852206,2001
tt0182000,13500000,794481,2001
tt0271946,25697387,790144,2001
tt0193560,38000000,763740,2001
tt0252480,5000000,621592,2001
tt0206963,5250000,595005,2001
tt0247303,15000000,535658,2001
tt0298943,190000,500000,2001
tt0290759,200000,500000,2001
tt0807944,500000,500000,2001
tt1039952,500000,500000,2001
tt0254199,7000000,499891,2001
tt0275719,100000,490475,2001
tt0242193,2100000,480811,2001
tt0196158,7000000,379739,2001
tt0294289,344,342855,2001
tt0214265,17000000,329092,2001
tt0286751,25000000,318451,2001
tt0243655,5000000,295206,2001
tt0246500,9000000,253000,2001
tt0924258,77376,154751,2001
tt0307109,40000,143312,2001
tt0278554,735000,124165,2001
tt0210382,16000000,109130,2001
tt1118627,10000,100000,2001
tt0350907,90000,100000,2001
tt0221838,100000,87400,2001
tt0273719,2300000,84168,2001
tt0296042,1400010,80631,2001
tt0261755,400000,43719,2001
tt2457382,39175,32124,2001
tt0252223,15000000,23000,2001
tt3840036,23700,20540,2001
tt3848476,23505,18412,2001
tt14285644,7027,7027,2001
tt0166158,4000000,6718,2001
tt0306810,5032,5032,2001
tt0322500,5000,5000,2001
tt0228277,500000,2823,2001
tt0254703,6100000,714,2001
tt0171928,1,410,2001
tt0275876,1,246,2001
tt0276977,50,60,2001
tt0167261,79000000,926287400,2002
tt0295297,100000000,876688482,2002
tt0145487,139000000,821708551,2002
tt0121765,120000000,649398328,2002
tt0120912,140000000,445135288,2002
tt0246460,142000000,431971116,2002
tt0286106,72000000,408200000,2002
tt0268380,59000000,383257136,2002
tt0259446,5000000,368744044,2002
tt0181689,102000000,358372926,2002
tt0264464,52000000,352114312,2002
tt0299658,45000000,306776732,2002
tt0295178,63000000,296938801,2002
tt0295701,70000000,277448382,2002
tt0267913,84000000,275650703,2002
tt0275847,80000000,273144151,2002
tt0298130,48000000,249348933,2002
tt0298203,41000000,242875078,2002
tt0258463,60000000,214034224,2002
tt0289765,78000000,209196298,2002
tt0313737,60000000,199043242,2002
tt0258000,48000000,197100000,2002
tt0164184,68000000,193921372,2002
tt0217505,100000000,193772504,2002
tt0257044,80000000,181001478,2002
tt0256415,30000000,180622424,2002
tt0299977,31000000,177394432,2002
tt0304669,65000000,172842355,2002
tt0280590,50000000,171269565,2002
tt0243585,120000000,169956806,2002
tt0277296,60000000,165333180,2002
tt0187738,54000000,155010032,2002
tt0252076,55000000,154906693,2002
tt0250223,58500000,131116046,2002
tt0276751,27000000,129000000,2002
tt0268695,80000000,123700000,2002
tt0166813,80000000,122563539,2002
tt0253474,35000000,120098945,2002
tt0287717,38000000,119723358,2002
tt0250797,50000000,119137784,2002
tt0277434,75000000,114660784,2002
tt0278504,46000000,113714830,2002
tt0280030,20000000,109862682,2002
tt0133240,140000000,109578115,2002
tt0274558,25000000,108846217,2002
tt0257360,30000000,105834556,2002
tt0290095,60000000,104400000,2002
tt0120804,33000000,102984862,2002
tt0251160,36000000,102244770,2002
tt0345412,1000000,100000000,2002
tt0243736,17000000,95146283,2002
tt0264472,45000000,94935764,2002
tt0289043,8000000,82784517,2002
tt0253556,60000000,82150183,2002
tt0281373,35000000,81000000,2002
tt0233469,85000000,78382433,2002
tt0284490,85000000,77885672,2002
tt0245562,115000000,77600000,2002
tt0303714,12000000,77063924,2002
tt0286499,3500000,76585951,2002
tt0265662,20000000,75597042,2002
tt0245844,35000000,75395048,2002
tt0279778,27000000,73839240,2002
tt0288477,35000000,71142361,2002
tt0253867,43000000,68696770,2002
tt0253754,60000000,67336470,2002
tt0280486,70000000,65977295,2002
tt0267626,100000000,65700000,2002
tt0287467,6500000,64826117,2002
tt0322802,5000000,64282312,2002
tt0257756,42000000,63781810,2002
tt0308506,30000000,62300000,2002
tt0275022,12000000,61141030,2002
tt0303933,20000000,57600000,2002
tt0264935,50000000,56714147,2002
tt0120679,12000000,56298474,2002
tt0265349,32000000,55305279,2002
tt0289848,60000000,55003135,2002
tt0302640,34000000,54639553,2002
tt0265298,15000000,52970014,2002
tt0259288,60000000,52322400,2002
tt0265459,12000000,52223306,2002
tt0300532,25000000,51842679,2002
tt0278435,38000000,51800000,2002
tt0297181,70000000,51386477,2002
tt0281358,11800000,47494916,2002
tt0271367,30000000,45900000,2002
tt0238546,35000000,45479110,2002
tt0293662,21000000,43900000,2002
tt0295427,16000000,43400000,2002
tt0273923,18000000,43300000,2002
tt0283832,8000000,42400000,2002
tt0279493,25000000,41604473,2002
tt0255477,40000000,41323171,2002
tt0283111,6000000,39241323,2002
tt0157472,26000000,38793283,2002
tt0280460,10000000,38068353,2002
tt0220506,13000000,37664958,2002
tt0310793,4000000,35564473,2002
tt0283026,8500000,34411240,2002
tt0273517,10600000,33988736,2002
tt0293815,20000000,33526835,2002
tt0305396,12000000,33082548,2002
tt0270288,30000000,33013805,2002
tt0268126,19000000,32800000,2002
tt0251114,70000000,32287044,2002
tt0309377,50000000,31794718,2002
tt0241760,13000000,31200000,2002
tt0317248,3300000,30641770,2002
tt0307479,47000000,30002758,2002
tt0240510,35000000,29882645,2002
tt0297884,13500000,29027914,2002
tt0258068,30000000,27674124,2002
tt0297037,8000000,27362712,2002
tt0246894,70000000,25852764,2002
tt0298388,14000000,25615231,2002
tt0278295,14000000,25482931,2002
tt0272338,25000000,24665649,2002
tt0307901,5000000,23932055,2002
tt0271263,3400000,23833131,2002
tt0168786,12500000,23400000,2002
tt0284837,7000000,23280529,2002
tt0269095,40000000,22433915,2002
tt0283139,16000000,21657770,2002
tt0318411,5000000,21107578,2002
tt0308208,70000000,19924033,2002
tt0258153,10000000,19576023,2002
tt0297162,25000000,19233280,2002
tt0327036,3000000,19184015,2002
tt0283084,15000000,19158074,2002
tt0295254,40000000,18902015,2002
tt0262396,4000000,18591272,2002
tt0276033,35000000,18012097,2002
tt0264616,11000000,17400000,2002
tt0278500,15000000,17300000,2002
tt0240468,10000000,17000000,2002
tt0261289,29000000,16930185,2002
tt0279113,8000000,16900000,2002
tt0282687,40000000,16872671,2002
tt0280665,35000000,16800000,2002
tt0289408,11000000,16426471,2002
tt0252444,6000000,16200000,2002
tt0314111,8500000,16000000,2002
tt0314166,3000000,15249308,2002
tt0281322,20000000,14946150,2002
tt0278823,16000000,14569236,2002
tt0265808,25000000,14277032,2002
tt0222024,4800000,14000000,2002
tt0280380,30000000,13414416,2002
tt0238936,6663555,13311117,2002
tt0247911,1600000,13000000,2002
tt0283632,17000000,12840842,2002
tt0272207,6500000,12633747,2002
tt0279781,12000000,12517488,2002
tt0279331,15000000,12150301,2002
tt0294252,7000000,12049825,2002
tt0292644,4000000,11832822,2002
tt0283160,40000000,10959475,2002
tt0267248,25000000,10719357,2002
tt0256276,25000000,10113733,2002
tt0264761,1000000,10013424,2002
tt0179098,21000000,10011050,2002
tt0307920,295000,10000000,2002
tt0280898,1000000,10000000,2002
tt0274812,4000000,9300000,2002
tt0338564,6400000,8836958,2002
tt0285462,20000000,8586376,2002
tt0246464,40000000,8493890,2002
tt0266452,55000000,8400000,2002
tt0248216,5800000,8000000,2002
tt0250468,25000000,7775138,2002
tt0296166,3000000,7700000,2002
tt0351817,5000000,7372769,2002
tt0180052,100000000,7103973,2002
tt0160184,55000000,6632383,2002
tt0319557,1200000,6600000,2002
tt34305989,4500000,6500000,2002
tt0291832,2600000,6500000,2002
tt0290673,3500000,6500000,2002
tt0240900,14000000,6413915,2002
tt0231448,10000000,6282446,2002
tt0265651,30000000,6200000,2002
tt0319736,3000000,6000000,2002
tt0296574,1500000,6000000,2002
tt0278731,10000000,5809240,2002
tt0274711,20000000,5484302,2002
tt0238380,20000000,5400000,2002
tt0280760,9000000,4777465,2002
tt0271259,7000000,4402922,2002
tt0246677,11000000,4251037,2002
tt0263734,7500000,4245870,2002
tt0258273,250000,4186931,2002
tt1112110,834449,4000000,2002
tt0283900,5300000,3897799,2002
tt0280477,250000,3800000,2002
tt0285441,1934000,3786801,2002
tt0364385,3500000,3657876,2002
tt0309912,10000000,3651462,2002
tt0280609,2000000,3537283,2002
tt0330843,900000,3500000,2002
tt0290212,2000000,3438804,2002
tt0302280,2500000,3025260,2002
tt0271219,150000,2891288,2002
tt0286261,9000000,2847049,2002
tt0316188,800000,2816116,2002
tt0307681,710000,2700000,2002
tt0276816,40000000,2622015,2002
tt0252299,15000000,2300805,2002
tt0298744,7000000,2062066,2002
tt0238924,12000000,2036599,2002
tt1621767,400000,2000000,2002
tt0310775,4000000,1954937,2002
tt0292886,4380750,1947000,2002
tt0298504,8000000,1868949,2002
tt0325655,10706075,1766761,2002
tt0308379,4000000,1686839,2002
tt0311592,4000000,1500000,2002
tt0292610,12000000,1440653,2002
tt0303353,40000,1434436,2002
tt0271582,9000000,1347988,2002
tt0164003,17500000,1277187,2002
tt0281686,1000000,1239541,2002
tt6924262,220000,1200000,2002
tt0235737,18000000,1073198,2002
tt0303021,2500000,1044665,2002
tt0295238,125000,1025302,2002
tt0328132,1800000,1011700,2002
tt0300140,2700000,1007747,2002
tt0337971,220000000,992178,2002
tt0304417,984936,984936,2002
tt0284978,7500000,898365,2002
tt0285869,800000,833779,2002
tt0326450,1300000,809000,2002
tt0430377,12000000,641473,2002
tt0291502,10000000,598645,2002
tt0280870,11000000,595214,2002
tt0273982,4000000,563711,2002
tt0264429,6000000,529322,2002
tt0352757,500000,500000,2002
tt0303267,2500000,481199,2002
tt0451089,170000,400000,2002
tt0330193,5200000,355974,2002
tt0325005,5000000,340312,2002
tt0298296,11000000,297835,2002
tt0331282,200000,286000,2002
tt0302674,3500000,255000,2002
tt0284034,7900000,231800,2002
tt0282698,1000000,223426,2002
tt0212797,7000000,211848,2002
tt0286162,1800000,163348,2002
tt0332605,2500000,157613,2002
tt0314871,210000,156021,2002
tt0319769,4000000,146402,2002
tt0285728,250000,144008,2002
tt0327067,1500000,139622,2002
tt0305973,4000000,132221,2002
tt0260695,2000000,112000,2002
tt0262050,1200000,93059,2002
tt0284929,1200000,68716,2002
tt0248190,5000000,62703,2002
tt0286152,5000000,54028,2002
tt0378437,15000,50000,2002
tt0372370,215000,44126,2002
tt0337961,2000000,31046,2002
tt0277909,200000,29687,2002
tt0120467,120000,14904,2002
tt0145937,3000000,13000,2002
tt0321781,4000000,11047,2002
tt0342062,10000,10000,2002
tt0757920,10000,10000,2002
tt0333089,5000,4381,2002
tt10328502,400,700,2002
tt1919131,1000,130,2002
tt0288144,88608,80,2002
tt0387294,50,60,2002
tt0317519,90000,10,2002
tt0293086,3,3,2002
tt0167260,94000000,1118888979,2003
tt0266543,94000000,940335536,2003
tt0234215,150000000,738599701,2003
tt0325980,140000000,655011224,2003
tt0315327,80000000,484592874,2003
tt0325710,140000000,456800000,2003
tt0181852,200000000,435000000,2003
tt0242653,150000000,424988211,2003
tt0290334,110000000,407711549,2003
tt0172156,130000000,273339556,2003
tt0337741,80000000,270000000,2003
tt0305357,120000000,259175788,2003
tt0314331,40000000,250779876,2003
tt0328880,128000000,250397798,2003
tt0286716,137000000,245360480,2003
tt0322259,76000000,236350661,2003
tt0328828,55000000,231449203,2003
tt0319343,32000000,228500000,2003
tt0306047,45000000,220673217,2003
tt0311113,150000000,211623421,2003
tt0257076,80000000,207700000,2003
tt0338459,38000000,197101678,2003
tt0305224,75000000,195745823,2003
tt0349205,40000000,190212113,2003
tt0338094,90000000,182290266,2003
tt0266697,30000000,180906076,2003
tt0311429,78000000,179265204,2003
tt0287978,78000000,179179718,2003
tt0251127,50000000,177500000,2003
tt0317740,60000000,176070171,2003
tt0159365,79000000,173013509,2003
tt0317303,60000000,164433867,2003
tt0322330,26000000,160846332,2003
tt0274166,40000000,160466000,2003
tt0325703,95000000,160099222,2003
tt0327056,25000000,156800000,2003
tt0329575,87000000,148300000,2003
tt0348836,40000000,141591324,2003
tt0304415,72300000,141337989,2003
tt0337851,5500000,136000000,2003
tt0283426,20000000,135700000,2003
tt0312528,109000000,133800000,2003
tt0305669,20000000,132700000,2003
tt0332379,35000000,131100000,2003
tt0333780,45000000,124914842,2003
tt0319061,70000000,123200000,2003
tt0316396,100000000,121975011,2003
tt0138524,60000000,119940815,2003
tt0335266,4000000,119723856,2003
tt0338337,60000000,117248958,2003
tt0329101,30000000,116643421,2003
tt0324216,9500000,107385515,2003
tt0305711,18000000,101564935,2003
tt0292506,46000000,101200000,2003
tt0285823,29000000,98769390,2003
tt0183649,13000000,97837138,2003
tt0337909,10000000,96542059,2003
tt0320691,22000000,95708457,2003
tt0309593,26000000,90941129,2003
tt0309698,28000000,90259536,2003
tt0257568,60000000,88900000,2003
tt0300471,50000000,88323487,2003
tt0302886,24000000,87100000,2003
tt0314353,75000000,86500000,2003
tt0285531,68000000,81240206,2003
tt0327850,85000000,80900000,2003
tt0165982,60000000,80767884,2003
tt0313542,60000000,80154140,2003
tt0301357,4800000,79384880,2003
tt0307987,23000000,76500000,2003
tt0298814,60000000,74208267,2003
tt0311289,20000000,71406573,2003
tt0367913,20000000,70700000,2003
tt0318155,80000000,68500000,2003
tt0316356,22000000,68296293,2003
tt0328832,5000000,68000000,2003
tt0338466,55000000,65784503,2003
tt0325805,62000000,65565672,2003
tt0295721,14500000,64497208,2003
tt0301470,17000000,63102666,2003
tt0323642,46000000,62870546,2003
tt0322589,18000000,62646763,2003
tt0315733,20000000,60427839,2003
tt0328589,18000000,58878723,2003
tt0313911,28000000,58795814,2003
tt0340855,8000000,58469210,2003
tt0306685,25000000,56500000,2003
tt0306841,17000000,55534455,2003
tt0313443,50000000,55495563,2003
tt0337711,25000000,55443032,2003
tt0316465,35000000,53293628,2003
tt0329717,75000000,51142659,2003
tt0286788,20000000,50700000,2003
tt0263757,20000000,44617342,2003
tt0266465,36000000,44350926,2003
tt0300556,80000000,43935763,2003
tt0264395,50000000,42792561,2003
tt0298228,8000000,41400000,2003
tt0329028,19000000,39267515,2003
tt0289992,50000000,38955598,2003
tt0338188,60000000,38364277,2003
tt0325537,35200000,37788228,2003
tt0245803,52000000,37713879,2003
tt0338135,8000000,34883010,2003
tt0288045,38000000,34300000,2003
tt0269347,55000000,34234008,2003
tt0363226,2500000,34196922,2003
tt0328099,15000000,34000000,2003
tt0335119,10500000,33030115,2003
tt0303816,1500000,30600000,2003
tt0191133,15000000,30238577,2003
tt0309820,30000000,29400000,2003
tt0331468,45000000,29119434,2003
tt0295700,12600000,28650575,2003
tt0310203,27440000,27729359,2003
tt0314786,40000000,26800000,2003
tt0353969,2800000,26000000,2003
tt0308383,30000000,24900000,2003
tt0325258,17000000,23769505,2003
tt0199626,12000000,23726793,2003
tt0326769,24000000,23510601,2003
tt0310910,15000000,23014206,2003
tt0324133,7800000,22441323,2003
tt0309530,35000000,20298207,2003
tt0368909,1100000,20112926,2003
tt0330896,400000,19674902,2003
tt0264150,30000000,19526014,2003
tt0266489,40000000,19322135,2003
tt0365109,5000000,19292500,2003
tt0310281,6000000,18750246,2003
tt0346723,4600000,18000000,2003
tt0251736,7000000,17949758,2003
tt0366292,1700000,17605379,2003
tt0364569,3000000,17500000,2003
tt0295289,20000000,17400000,2003
tt0297144,13000000,17040871,2003
tt0315983,16500000,16942795,2003
tt0276919,10000000,16690617,2003
tt0318283,30000000,15368897,2003
tt0309987,15000000,15100000,2003
tt0375986,7000000,15000000,2003
tt0338763,9080000,14902587,2003
tt0286244,9500000,14776760,2003
tt0317676,12000000,13818181,2003
tt0313792,18000000,13585075,2003
tt0279111,56000000,12900000,2003
tt0338309,3000000,12469000,2003
tt0314412,2500000,12300000,2003
tt0304711,35000000,11600000,2003
tt0293007,3684600,10782155,2003
tt0318374,4000000,10400000,2003
tt0328538,2000000,10128960,2003
tt0325055,7000000,10000000,2003
tt0254481,3750000,10000000,2003
tt0363589,3000000,10000000,2003
tt0341266,2700000,9600000,2003
tt0312549,17000000,9439660,2003
tt0271337,12440560,8785730,2003
tt0340377,500000,8701337,2003
tt0310357,22000000,8564586,2003
tt0340110,400000,7888102,2003
tt0343121,300000,7808524,2003
tt0299930,75600000,7266209,2003
tt0357991,3558303,6890947,2003
tt0368667,4000000,6664789,2003
tt0300015,8000000,6586341,2003
tt0338095,2500000,6291958,2003
tt0374330,10000000,6106178,2003
tt0305206,2000000,6003587,2003
tt0375066,1800000,5700000,2003
tt0348843,501717,5481471,2003
tt0360916,7500000,5345083,2003
tt0338077,6000000,5141166,2003
tt0339034,12000000,4922166,2003
tt0332658,5000000,4856298,2003
tt0374339,250000,4468597,2003
tt0377992,10000000,4100000,2003
tt0304229,5740000,4098613,2003
tt0315000,5600000,4032296,2003
tt0364621,1900000,3400000,2003
tt34527846,200000,3300000,2003
tt0369060,125000,3208262,2003
tt0330602,4361898,3031801,2003
tt0323944,6000000,2944752,2003
tt0289635,6400000,2500000,2003
tt0359692,4000000,2487338,2003
tt0335563,5000000,2466444,2003
tt0335013,15000000,2281585,2003
tt0373733,2223967,2028752,2003
tt0380732,3200000,2014071,2003
tt0421139,1000000,2000000,2003
tt0348258,420000,1850000,2003
tt0368226,6000000,1752988,2003
tt0266747,20000000,1675706,2003
tt0349159,2000000,1672730,2003
tt0381936,700000,1600000,2003
tt0322659,1900000,1600000,2003
tt0295725,855000,1500711,2003
tt0460394,179400,1500000,2003
tt0301730,7750000,1372469,2003
tt0373283,780000,1310470,2003
tt0373981,500000,1277800,2003
tt0285861,10000000,1271244,2003
tt0338706,2000000,1224975,2003
tt0379322,500000,1190000,2003
tt0390538,218,1162014,2003
tt0356176,6200000,1156728,2003
tt0365376,15100000,1100000,2003
tt0323298,2500000,1062253,2003
tt0383995,3500000,1033000,2003
tt0308152,900000,898994,2003
tt1279462,378378,773838,2003
tt0349115,986250,750000,2003
tt0320244,5000000,742898,2003
tt0304328,7500000,723000,2003
tt0299458,2500000,548712,2003
tt0323531,14000000,547333,2003
tt1097560,50000,500000,2003
tt0366874,500000,500000,2003
tt4507090,500000,500000,2003
tt2386342,500000,500000,2003
tt0324197,9966600,499149,2003
tt0310790,3747230,482902,2003
tt0290145,1000000,464000,2003
tt0356614,8256269,460978,2003
tt0209077,1300000,447741,2003
tt0314676,8000000,435625,2003
tt0309832,1500000,398016,2003
tt0366920,350000,377271,2003
tt0330099,100000,365734,2003
tt0362204,578861,361618,2003
tt0342316,2500000,321000,2003
tt0289889,15000000,308641,2003
tt0339135,17000000,293671,2003
tt0303361,500000,264349,2003
tt0357474,14300000,254988,2003
tt0326806,500000,243347,2003
tt0381637,700000,200219,2003
tt0339840,645000,187847,2003
tt0337631,8000000,151869,2003
tt0378912,1200000,151200,2003
tt0386438,100000,130392,2003
tt0317640,2000000,94615,2003
tt0307596,10000000,90071,2003
tt4001950,47010,83051,2003
tt0290249,1000000,71159,2003
tt0339419,800000,62852,2003
tt0345853,3000000,59466,2003
tt0339638,3000000,59000,2003
tt0242888,12000000,57524,2003
tt9468730,50000,50000,2003
tt0339827,350000,47370,2003
tt0425027,20000,37000,2003
tt0367859,514059,24391,2003
tt0321997,5000000,16324,2003
tt0329162,5000000,15027,2003
tt0365960,20000,8466,2003
tt0300902,8000000,7016,2003
tt0322700,1650000,3264,2003
tt0387057,2000000,895,2003
tt0393407,130,706,2003
tt0342295,100,105,2003
tt0448658,100,100,2003
tt2627434,100,100,2003
tt0360033,42,19,2003
tt0368833,1,15,2003
tt0298148,150000000,935454538,2004
tt0304141,130000000,789804554,2004
tt0316654,200000000,788976453,2004
tt0317705,92000000,631442092,2004
tt0335345,30000000,610063468,2004
tt0319262,125000000,552639571,2004
tt0290002,80000000,516642939,2004
tt0332452,175000000,497409852,2004
tt0307453,75000000,367300000,2004
tt0349903,110000000,362744280,2004
tt0368891,100000000,347500000,2004
tt0343818,120000000,347234916,2004
tt0338348,165000000,318432432,2004
tt0338526,160000000,300257475,2004
tt0372183,75000000,288500217,2004
tt0317198,40000000,265126918,2004
tt0368447,60000000,256700000,2004
tt0347149,24000000,236049757,2004
tt0361596,6000000,222400000,2004
tt0369339,65000000,220239925,2004
tt0362227,60000000,219417255,2004
tt0405159,30000000,216763646,2004
tt0338751,110000000,213719942,2004
tt0339291,140000000,209073645,2004
tt0349683,120000000,203567857,2004
tt0356634,50000000,200800000,2004
tt0343660,75000000,196482882,2004
tt0391198,10000000,183474602,2004
tt0331632,80000000,181466833,2004
tt0343135,42000000,178300000,2004
tt0370263,70000000,177427090,2004
tt0335438,60000000,170300000,2004
tt0358135,50000000,170128460,2004
tt0364725,20000000,168423227,2004
tt0346491,155000000,167298192,2004
tt0293508,70000000,154674241,2004
tt0378194,30000000,152159461,2004
tt0299172,110000000,145358062,2004
tt0345950,30000000,141067890,2004
tt0368933,40000000,134734481,2004
tt0328107,70000000,130300000,2004
tt0377092,17000000,130195052,2004
tt0318627,45000000,129342769,2004
tt0359013,65000000,128905366,2004
tt0350258,40000000,124700000,2004
tt0356618,42000000,117592831,2004
tt0308644,25000000,116766556,2004
tt0296572,105000000,115772733,2004
tt0332280,29000000,115600000,2004
tt0376541,27000000,115505027,2004
tt0381707,37000000,113100000,2004
tt0375063,16000000,109502303,2004
tt0317648,100000000,108103450,2004
tt0387564,1200000,104045735,2004
tt0363547,26000000,102278712,2004
tt0373074,20000000,102034104,2004
tt0327162,90000000,102000000,2004
tt0349710,60000000,100572044,2004
tt0167190,66000000,99318987,2004
tt0289879,13000000,96800000,2004
tt0337563,37000000,96458118,2004
tt0368008,80000000,96105964,2004
tt0363988,40000000,92900000,2004
tt0385004,15000000,92863945,2004
tt0363163,16000000,92181574,2004
tt0357413,26000000,90574188,2004
tt0372824,5300000,83600000,2004
tt0327554,100000000,82102379,2004
tt0204313,80000000,78000586,2004
tt0335245,35000000,76700000,2004
tt0349047,9000000,76341401,2004
tt0338013,20000000,72258126,2004
tt0327437,110000000,72178895,2004
tt0316732,25000000,71255003,2004
tt0366174,20000000,70992898,2004
tt0356470,19000000,70067909,2004
tt0364751,19000000,69600000,2004
tt0364045,45000000,65470529,2004
tt0337579,18000000,65070412,2004
tt0349825,28000000,64400000,2004
tt0338512,74500000,62172050,2004
tt0367479,60000000,61300000,2004
tt0390022,30000000,61255921,2004
tt0346156,70000000,57958696,2004
tt0337921,25000000,57678321,2004
tt0351977,46000000,57223888,2004
tt0371246,80000000,55470154,2004
tt0330793,33000000,54700105,2004
tt0374102,120000,54683487,2004
tt0372588,32000000,50826898,2004
tt0365957,8000000,50576805,2004
tt0403358,10000000,50336279,2004
tt0350028,50000000,49700000,2004
tt0396592,45000000,48600000,2004
tt0329691,40000000,46546197,2004
tt0374900,400000,46118097,2004
tt0369702,12806000,43731621,2004
tt0360201,31000000,41512007,2004
tt0315297,50000000,40954603,2004
tt0275491,5000000,40266982,2004
tt0365748,6000000,39396175,2004
tt34328086,12600000,38000000,2004
tt0395169,17500000,38000000,2004
tt0300051,35000000,35492921,2004
tt0375173,60000000,35060882,2004
tt0362270,50000000,34808403,2004
tt0265208,21000000,31635150,2004
tt0359517,12000000,31179516,2004
tt0335121,25000000,30120671,2004
tt0353168,5000000,30000000,2004
tt0323033,28000000,30000000,2004
tt0420332,7000000,29385320,2004
tt0361467,15000000,29331068,2004
tt0403703,20000000,29266490,2004
tt0358349,26000000,28818995,2004
tt0390521,65000,28575078,2004
tt0167456,57000000,28283637,2004
tt0314524,2224000,28000000,2004
tt0338096,25000000,27685016,2004
tt0327679,31000000,27400000,2004
tt0333766,2500000,26781723,2004
tt0327247,40000000,26155781,2004
tt0318974,107000000,25819961,2004
tt0387575,12000000,24829644,2004
tt0361411,7000000,24700000,2004
tt0366551,9000000,23936908,2004
tt0337876,20000000,23900000,2004
tt0356150,25000000,22605153,2004
tt0361841,35000000,22035509,2004
tt0339412,30000000,21800000,2004
tt0379889,30000000,21600000,2004
tt0363282,30000000,21289826,2004
tt0297284,27000000,21100000,2004
tt0377062,45000000,21009180,2004
tt0212712,12000000,20205757,2004
tt0356721,22000000,20094909,2004
tt0378947,16000000,20085825,2004
tt0348121,26000000,18900000,2004
tt0332712,12000000,18490423,2004
tt0352277,15000000,18400000,2004
tt0362789,2800000,17159458,2004
tt0362269,11000000,17050017,2004
tt0335559,17000000,16980098,2004
tt0337917,18000000,16951702,2004
tt0338325,20000000,16800000,2004
tt0241025,23000000,16123851,2004
tt0381681,2700000,15992615,2004
tt0361696,15000000,14867514,2004
tt0367085,16000000,14800000,2004
tt0252028,45000000,14793624,2004
tt0326856,40000000,14494036,2004
tt0357111,17820000,14054361,2004
tt0361925,30000000,14000000,2004
tt0383694,11000000,13300000,2004
tt0324554,30000000,13000000,2004
tt0324127,27000000,13000000,2004
tt0349169,10000000,12500000,2004
tt0390221,3000000,12450821,2004
tt0405821,6000000,12353768,2004
tt0360139,23000000,12195626,2004
tt0380277,16000000,12009070,2004
tt0422091,1500000,12000000,2004
tt0399102,19500000,12000000,2004
tt0375912,6500000,11900000,2004
tt0345074,20000000,11341016,2004
tt0414852,12000000,11169386,2004
tt0385351,4800000,11000000,2004
tt0375920,11000000,10900000,2004
tt0361620,30000000,10592180,2004
tt0363532,4293360,10485817,2004
tt0410639,4277280,10467048,2004
tt0368975,10000000,10143022,2004
tt0332375,5000000,10100000,2004
tt0377744,1500000,10057021,2004
tt0423470,3000000,10000000,2004
tt0418460,3500000,9250000,2004
tt0395125,6000000,9040667,2004
tt0386005,20000000,8712057,2004
tt0363473,25000000,8400000,2004
tt0361862,5000000,8203235,2004
tt0360009,19250000,8112712,2004
tt0381270,10900000,7725902,2004
tt0380798,8311205,7095755,2004
tt0315824,50000000,6808550,2004
tt0399901,3000000,6804016,2004
tt0367000,320000,6782283,2004
tt0348593,7500000,6715067,2004
tt0382383,4600000,6700000,2004
tt0347332,3344039,6546059,2004
tt0350194,10000000,6491969,2004
tt0312329,39000000,6432551,2004
tt0354766,3000000,5923000,2004
tt0381487,23000000,5290177,2004
tt0366450,16000000,5072125,2004
tt0331953,8500000,5001655,2004
tt0367110,2900000,4800000,2004
tt0361127,4000000,4700000,2004
tt0323013,4500000,4600000,2004
tt0415940,7000000,4385278,2004
tt1391851,100000,4274679,2004
tt0368913,46000,3910519,2004
tt0384369,4500000,3764219,2004
tt0382912,2668740,3530650,2004
tt0388789,350000,3529201,2004
tt0330691,2600000,3368452,2004
tt0410454,7500000,3347647,2004
tt0398872,5000000,3255965,2004
tt0390320,235540,3226688,2004
tt0378284,1500000,3187700,2004
tt0389326,2600000,3166000,2004
tt0332136,532673,3000000,2004
tt0415003,1300000,2900000,2004
tt0374018,2400000,2600000,2004
tt0433578,500000,2303489,2004
tt0378417,4410000,2107861,2004
tt0420206,2700000,2085166,2004
tt0386038,3648751,2043067,2004
tt0361309,3000000,2037545,2004
tt0416292,3300000,2011837,2004
tt0803049,117289,1987955,2004
tt0365125,15000000,1914166,2004
tt0313300,12500000,1775619,2004
tt0415481,4000000,1732414,2004
tt0368259,2295691,1593126,2004
tt0411705,1000000,1574623,2004
tt0359423,6500000,1548955,2004
tt0384533,8000000,1500000,2004
tt0349260,12000000,1491434,2004
tt0401233,10000000,1461989,2004
tt0384504,2500000,1230000,2004
tt0377038,400000,1163450,2004
tt0400234,700000,1100000,2004
tt0349889,20000000,1039526,2004
tt0978341,10000,1000000,2004
tt3305248,9000,1000000,2004
tt0416730,200000,928391,2004
tt0379818,1185140,887613,2004
tt0381442,823258,823258,2004
tt0345551,850000,819939,2004
tt0377091,500000,603943,2004
tt0326828,13000000,574672,2004
tt0390384,7000,545436,2004
tt0367478,14000000,521918,2004
tt0420251,77532,516930,2004
tt11474750,100000,500000,2004
tt0158607,100000,500000,2004
tt1758666,500000,500000,2004
tt1861356,500000,500000,2004
tt0433605,2000000,490000,2004
tt0374180,4500000,432671,2004
tt0498521,5000000,430625,2004
tt0357894,15000000,429328,2004
tt0400400,2500000,408000,2004
tt0372334,6000000,389866,2004
tt0382205,2600000,386355,2004
tt0388230,200000,346085,2004
tt0397619,1000000,328161,2004
tt0396190,7800000,326563,2004
tt0277895,6000000,293793,2004
tt0355954,5000000,264505,2004
tt0417949,2000000,240000,2004
tt0368774,74050,176153,2004
tt0339727,16000000,174318,2004
tt0391104,500000,173306,2004
tt0377057,11500000,152547,2004
tt0388139,2000000,120620,2004
tt0427380,500000,110577,2004
tt0424885,1000000,93000,2004
tt0349416,6500000,89781,2004
tt0410459,162338,85252,2004
tt0364457,4000000,73788,2004
tt0325596,8800000,72962,2004
tt0418746,600000,72500,2004
tt0419449,500000,64910,2004
tt0316824,5400000,64236,2004
tt0374639,1400000,37493,2004
tt0377701,2000000,33700,2004
tt0408281,10000000,24250,2004
tt4319844,23700,21330,2004
tt0305632,5000000,16670,2004
tt0259567,700000,16201,2004
tt0416773,1000000,11522,2004
tt4877554,100,9000,2004
tt0431091,50000,3917,2004
tt0489075,100,500,2004
tt0352994,1400000,444,2004
tt11502848,78,78,2004
tt0330373,150000000,895921036,2005
tt0121766,113000000,850000000,2005
tt0363771,180000000,745013115,2005
tt0407304,132000000,603873119,2005
tt0360717,207000000,562363449,2005
tt0351283,75000000,542064525,2005
tt0356910,110000000,487287646,2005
tt0367594,150000000,475000000,2005
tt0372784,150000000,374218673,2005
tt0386588,70000000,371600000,2005
tt0120667,100000000,333535934,2005
tt0371606,150000000,314400000,2005
tt0396269,40000000,288500000,2005
tt0358082,75000000,262511490,2005
tt0360486,100000000,230900000,2005
tt0408790,55000000,223387299,2005
tt0320661,130000000,218366336,2005
tt0369441,100000000,202026112,2005
tt0395699,56000000,198636868,2005
tt0312004,30000000,192610372,2005
tt0398165,90000000,191466556,2005
tt0358273,28000000,186800000,2005
tt0388795,14000000,178043761,2005
tt0405422,26000000,177400000,2005
tt0399201,126000000,162949164,2005
tt0373926,80000000,162944923,2005
tt0397535,85000000,162242962,2005
tt0377109,50000000,161451538,2005
tt0401792,40000000,158733820,2005
tt0369735,43000000,154749918,2005
tt0432348,4000000,152925093,2005
tt0404032,19000000,145166804,2005
tt0400497,50000000,144100000,2005
tt0386140,75000000,142400065,2005
tt0374536,85000000,131426169,2005
tt0408306,70000000,130982129,2005
tt0452598,60000000,129181830,2005
tt0428803,8000000,127392693,2005
tt0382077,30000000,127369981,2005
tt0414387,28000000,124604345,2005
tt0396752,25000000,123276807,2005
tt0318649,130000000,119269486,2005
tt0121164,40000000,118133252,2005
tt0377818,50000000,110803676,2005
tt0443536,8000000,110000000,2005
tt0352248,88000000,108539911,2005
tt0384806,19000000,107516369,2005
tt0355295,88000000,105300000,2005
tt0371724,50000000,104500000,2005
tt0372237,35000000,103100000,2005
tt0425123,58000000,102900000,2005
tt0375679,6500000,98400000,2005
tt0368578,32000000,97918663,2005
tt0418763,72000000,97076152,2005
tt0377471,53000000,95200000,2005
tt0397101,43000000,93983911,2005
tt0365737,50000000,93974620,2005
tt0356680,19000000,92884429,2005
tt0430105,45000000,92374674,2005
tt0375210,10000000,91196419,2005
tt0376105,30000000,90754475,2005
tt0388482,32000000,89100000,2005
tt0398375,70000000,88900000,2005
tt0405325,35000000,86369815,2005
tt0416320,15000000,85638656,2005
tt0387131,25000000,82468097,2005
tt0340163,52000000,77944725,2005
tt0382992,135000000,76932943,2005
tt0393162,30000000,76669554,2005
tt0399295,50000000,72600000,2005
tt0443295,45000000,72028752,2005
tt0424774,50000000,72000000,2005
tt0329774,60000000,71410636,2005
tt0397065,40000000,68766121,2005
tt0382628,30000000,68357079,2005
tt0387514,22000000,67900000,2005
tt0357507,20000000,67192859,2005
tt0406375,65000000,65079104,2005
tt0361089,35000000,61746888,2005
tt0399146,32000000,61477797,2005
tt0362165,84000000,59918422,2005
tt0417001,30000000,58405313,2005
tt0419706,60000000,58100000,2005
tt0421239,26000000,57891803,2005
tt0398017,22000000,57479076,2005
tt0435625,3500000,57130027,2005
tt0357277,43000000,56681566,2005
tt0384642,45000000,56070433,2005
tt0433383,7000000,54600000,2005
tt0402022,62000000,53321673,2005
tt0407121,20000000,52900000,2005
tt0368709,57000000,52164016,2005
tt0342258,45000000,50871113,2005
tt0422093,5500000,50652203,2005
tt0332047,30000000,50500000,2005
tt0379725,7000000,49327405,2005
tt0372532,15000000,47175038,2005
tt0418819,15000000,47074133,2005
tt0412019,10000000,46720491,2005
tt0430308,40000000,46442528,2005
tt0432291,18000000,46201432,2005
tt0378109,50000000,46117696,2005
tt0367652,22000000,45109561,2005
tt0391304,30000000,42886719,2005
tt0380599,50000000,42580321,2005
tt0403508,25000000,39053061,2005
tt0379786,39000000,38869464,2005
tt0395251,45000000,38058335,2005
tt0402894,20000000,37700000,2005
tt0388500,25000000,36351350,2005
tt0398712,30000000,35294470,2005
tt0408524,30000000,34252847,2005
tt0475783,8000000,33579813,2005
tt0402901,30000000,33296457,2005
tt0412535,4289601,33026616,2005
tt0317132,14000000,32645546,2005
tt0294870,40000000,31670620,2005
tt0416315,1000000,30894796,2005
tt0417217,35000000,30526509,2005
tt0402399,30000000,30500000,2005
tt0429573,14000000,29612137,2005
tt0365885,12000000,28237488,2005
tt0413015,20000000,27876417,2005
tt0396652,25000000,27645491,2005
tt0380389,10000000,27610873,2005
tt0427954,6000000,27165581,2005
tt0395972,35000000,25224242,2005
tt0427944,6500000,24793509,2005
tt0417397,9500000,24000000,2005
tt0419198,35000000,24000000,2005
tt0409184,13000000,23727301,2005
tt0410097,8000000,23563727,2005
tt0421054,50000000,22900000,2005
tt0436889,7000000,22632255,2005
tt0444505,5500000,21779366,2005
tt0366627,29000000,21733230,2005
tt0331933,40000000,21577624,2005
tt0395584,7000000,20901859,2005
tt0406941,9500000,19806585,2005
tt0257516,35000000,19300000,2005
tt0339334,20000000,19273524,2005
tt0348333,3000000,18637690,2005
tt0350261,30000000,18618284,2005
tt0444653,169000,18564702,2005
tt0374298,4000000,18520000,2005
tt0412080,25000000,18300000,2005
tt0424205,22000000,17709155,2005
tt0365485,10000000,17300000,2005
tt0376108,45000000,16809014,2005
tt0387898,8500000,16197824,2005
tt0451069,4000000,15800000,2005
tt0425661,12148397,15787492,2005
tt0373469,15000000,15785148,2005
tt0388980,26000000,15431177,2005
tt0451833,3500000,14000000,2005
tt0399327,33000000,13485145,2005
tt0355702,25000000,13411957,2005
tt0407265,1000000,13350369,2005
tt0373908,25000000,13200000,2005
tt0369226,20000000,12693645,2005
tt0384680,20000000,12482775,2005
tt0385890,3000000,12155249,2005
tt0399862,10000000,12128105,2005
tt0419294,15000000,12036149,2005
tt0402158,24000000,11875866,2005
tt0366777,7500000,11782282,2005
tt0425598,3000000,11718595,2005
tt0318081,80000000,11700000,2005
tt0338427,10284523,11588205,2005
tt0367089,1500000,11100000,2005
tt0451850,4900000,11000000,2005
tt0421974,19610000,10720864,2005
tt0326905,80000000,10166502,2005
tt0400525,16000000,10156958,2005
tt0384286,1000000,10047674,2005
tt0473753,15000000,9995168,2005
tt0434124,10000000,9950133,2005
tt0468565,3000000,9891303,2005
tt0438205,500000,9400000,2005
tt0429052,11500000,9400000,2005
tt0411270,6400000,9293785,2005
tt0371257,50000000,8342132,2005
tt0415678,3500000,8262833,2005
tt0375611,2652377,8029469,2005
tt0377107,20000000,7535331,2005
tt0346457,70000000,7250000,2005
tt34329283,3600000,7200000,2005
tt0365686,27000000,7164778,2005
tt0476527,1823152,7133082,2005
tt0439630,1549000,7096000,2005
tt0402910,30000000,7000000,2005
tt0424136,950000,7000000,2005
tt0387059,14000000,6856989,2005
tt0422272,7000000,6680926,2005
tt0365847,15000000,6669097,2005
tt34532484,4500000,6600000,2005
tt0431213,20000000,6442854,2005
tt0433387,2000000,6000000,2005
tt0432047,1900000,5900000,2005
tt0421238,2000000,5048693,2005
tt0422015,5400000,4900000,2005
tt0418110,818418,4851244,2005
tt0377800,11000000,4663501,2005
tt0343996,9600000,4386236,2005
tt0475645,2721088,4308390,2005
tt0437230,4250000,4280982,2005
tt0389957,25000000,4165675,2005
tt0388183,15000000,4139856,2005
tt0384686,16000000,4092682,2005
tt0451038,750000,4000000,2005
tt0437447,7500000,3752325,2005
tt0388505,5650000,3691534,2005
tt0383222,25000000,3650275,2005
tt0404030,7000000,3601974,2005
tt0373450,25000000,3487678,2005
tt0445620,2000000,3395627,2005
tt0403016,16000000,3344431,2005
tt0409527,2500000,3100000,2005
tt0453047,2600000,2985837,2005
tt0407230,7000000,2866324,2005
tt0343221,3131855,2851888,2005
tt0382960,2187279,2733118,2005
tt0417658,1000000,2708087,2005
tt0367082,250000,2512009,2005
tt0435687,5600000,2424174,2005
tt0453365,2196531,2411594,2005
tt0451919,1500000,2400000,2005
tt0370986,3000000,2148548,2005
tt0456470,950000,2032404,2005
tt0457530,6500000,2025032,2005
tt0460505,8000000,2019009,2005
tt0318761,3000000,1919197,2005
tt0403217,5000000,1900000,2005
tt0463622,680000,1800000,2005
tt0436613,300000,1750211,2005
tt0421229,750000,1720953,2005
tt0470591,660000,1660000,2005
tt0376196,15500000,1237615,2005
tt0496595,2500000,1228700,2005
tt0455078,7638914,1144090,2005
tt0290747,5000000,1123136,2005
tt0412922,385373,1117920,2005
tt0403933,2000000,1102000,2005
tt0434424,9000000,1046166,2005
tt1303218,10000,1000000,2005
tt0361715,12000000,995000,2005
tt0366780,4000000,973613,2005
tt0469849,2000000,903391,2005
tt0337573,1900000,891133,2005
tt0429153,12000000,875898,2005
tt0398027,8000000,852872,2005
tt0389828,2000000,744000,2005
tt0487887,1920972,713099,2005
tt0357110,1500000,712294,2005
tt0443769,500000,700000,2005
tt0464665,2000000,696681,2005
tt0470850,341436,680000,2005
tt0342735,14200000,674918,2005
tt0393423,2705388,667160,2005
tt0426459,3200000,658573,2005
tt0418753,2000000,653621,2005
tt0410764,12000000,566611,2005
tt0402850,14000000,541840,2005
tt0206113,13500000,517262,2005
tt0443704,1500000,500000,2005
tt13731258,500000,500000,2005
tt0460836,500000,500000,2005
tt0414951,900000,381420,2005
tt0285175,9000000,371000,2005
tt0459440,94,370000,2005
tt0406650,6800000,351401,2005
tt0475965,496571,320582,2005
tt0446719,4000000,278056,2005
tt0387055,1601792,253527,2005
tt0449086,30000000,251495,2005
tt0439182,250000,245000,2005
tt0403848,225000,225000,2005
tt0456149,390000,216000,2005
tt0401815,4750000,206871,2005
tt0430252,3000000,194325,2005
tt0356159,85,183066,2005
tt0358294,15000000,175563,2005
tt0417736,300000,166000,2005
tt6693930,10000,100000,2005
tt0367631,3500000,97446,2005
tt0371739,1000000,86872,2005
tt0392465,12000000,84967,2005
tt0898935,500000,65000,2005
tt6471410,11870,51000,2005
tt0484904,1000000,50000,2005
tt0460887,13000,40000,2005
tt0376181,10000000,35443,2005
tt0433902,10000,30000,2005
tt4276532,31340,27814,2005
tt0419160,4500000,25245,2005
tt0466103,3000,24000,2005
tt0363504,750000,20149,2005
tt0434246,340000,17696,2005
tt0442973,1258552,16016,2005
tt0360016,1700000,12762,2005
tt0379561,10000000,12000,2005
tt0446683,10000,10000,2005
tt0425600,200000,7129,2005
tt0338294,250000,3105,2005
tt0861366,40000,290,2005
tt0856070,100,100,2005
tt0428303,7,70,2005
tt0445507,50,60,2005
tt0361322,500,41,2005
tt4705092,100,10,2005
tt1988546,200,10,2005
tt1773542,10,9,2005
tt0383574,200000000,1066179747,2006
tt0382625,125000000,760006945,2006
tt0438097,80000000,660998756,2006
tt0381061,150000000,599045960,2006
tt0477347,110000000,574480841,2006
tt0317219,120000000,461983149,2006
tt0376994,210000000,459359555,2006
tt0317919,150000000,398479497,2006
tt0348150,223000000,391081192,2006
tt0366548,100000000,384335608,2006
tt0327084,80000000,343397247,2006
tt0458352,35000000,326706115,2006
tt0454921,55000000,307077295,2006
tt0407887,90000000,291465000,2006
tt0443453,18000000,262552893,2006
tt0449010,100000000,250425512,2006
tt0389860,82500000,240685326,2006
tt0452594,52000000,205700000,2006
tt0457939,85000000,205233866,2006
tt0400717,85000000,197300000,2006
tt0454848,45000000,186003591,2006
tt0409182,160000000,181700000,2006
tt0453467,75000000,180557550,2006
tt0362120,40000000,178710620,2006
tt0918662,45000000,178262620,2006
tt0424095,149000000,178120010,2006
tt0450259,100000000,171700000,2006
tt0489270,10000000,164874275,2006
tt0430357,135000000,163800000,2006
tt0469641,65000000,163200000,2006
tt0415306,72500000,163000000,2006
tt0463985,85000000,158964610,2006
tt0383216,65000000,158851357,2006
tt0479143,24000000,155929020,2006
tt0443489,70000000,154937680,2006
tt0413895,85000000,148964660,2006
tt0455499,60000000,141700000,2006
tt0421729,40000000,141522961,2006
tt0385880,75000000,140175006,2006
tt0449467,25000000,135330835,2006
tt0396171,63700000,135039924,2006
tt0434409,54000000,134686457,2006
tt0463034,54000000,130628903,2006
tt0427229,50000000,130224158,2006
tt0436697,15000000,123384128,2006
tt0472043,40000000,120654337,2006
tt0397313,40000000,120453565,2006
tt0466909,25000000,119975084,2006
tt0414982,25000000,118890272,2006
tt0414853,51000000,116755080,2006
tt0410297,40000000,114830111,2006
tt0462590,12000000,114197742,2006
tt0401855,50000000,111476513,2006
tt0482571,40000000,109676311,2006
tt0344854,86000000,108605609,2006
tt0430304,64000000,104003322,2006
tt0405469,80000000,102338515,2006
tt0384537,50000000,100605135,2006
tt0449059,8000000,100523351,2006
tt0343737,85000000,100266865,2006
tt0457510,35000000,99255460,2006
tt0406816,10000000,94973540,2006
tt0468492,11000000,88489643,2006
tt0443543,16500000,87892388,2006
tt0449089,50000000,87528173,2006
tt0393735,50000000,87134280,2006
tt0466342,20000000,85749034,2006
tt0441909,9400000,85605851,2006
tt0452681,12000000,84500122,2006
tt0445800,35056049,83897719,2006
tt0457430,19000000,83258226,2006
tt0408345,45000000,82800000,2006
tt0450278,4800000,81979826,2006
tt0443632,60000000,78810595,2006
tt0473444,45000000,78568977,2006
tt0405094,2000000,77672685,2006
tt0475276,15000000,76300000,2006
tt0452637,70000000,72785169,2006
tt0493430,11000000,72778712,2006
tt0443676,8000000,71000000,2006
tt0206634,76000000,70595464,2006
tt0381971,50000000,69834815,2006
tt0454841,15000000,69623713,2006
tt0455967,18000000,68844775,2006
tt0498380,19000000,68673228,2006
tt0495596,22000000,68625104,2006
tt0455857,15000000,67062123,2006
tt0418689,90000000,65900249,2006
tt0446046,30000000,65742992,2006
tt0450232,55000000,65664721,2006
tt0846789,3500000,65600000,2006
tt0437863,33000000,65000000,2006
tt0455612,6000000,63368939,2006
tt0417148,33000000,62022014,2006
tt0422720,40000000,60917189,2006
tt0445990,30000000,57800000,2006
tt0454945,20000000,57194667,2006
tt0475394,17000000,57103895,2006
tt0425210,27000000,56300000,2006
tt0429589,50000000,55200000,2006
tt0420223,30000000,53653224,2006
tt0420294,16000000,50517763,2006
tt0465551,15000000,49814392,2006
tt0387877,50000000,49332692,2006
tt0455590,6000000,48600000,2006
tt0810827,17000000,47919757,2006
tt0790604,51000000,47231070,2006
tt0762121,35000000,46400000,2006
tt0441048,11000000,46396427,2006
tt0497116,1000000,46243000,2006
tt0758794,65000000,43500000,2006
tt0409904,4200000,42918532,2006
tt0479884,12000000,42900000,2006
tt0483726,20000000,42500000,2006
tt0401445,35000000,42064105,2006
tt0421206,30000000,41500000,2006
tt0457513,4000000,39220946,2006
tt0433386,20000000,39143839,2006
tt0450345,40000000,38805380,2006
tt0430912,70000000,38629478,2006
tt0424993,12000000,38528984,2006
tt0384793,23000000,38505009,2006
tt0408985,45000000,38399961,2006
tt0397078,28000000,38159905,2006
tt0475944,20000000,37597471,2006
tt0482546,30000000,35078241,2006
tt0426883,9500000,32400000,2006
tt0456144,1800000,31517561,2006
tt0370032,30000000,31070211,2006
tt0454919,38000000,29907685,2006
tt0758742,20000000,29667169,2006
tt0482088,10000000,28041861,2006
tt0375154,31000000,28000000,2006
tt0763304,20000000,27450189,2006
tt0441796,9000000,27105095,2006
tt0446755,19400000,26910847,2006
tt0424345,5000000,26888376,2006
tt0389557,21000000,26768563,2006
tt0420087,10000000,25978375,2006
tt0457495,40000000,23900000,2006
tt0395119,24000000,23321954,2006
tt0464913,15200000,23055884,2006
tt0429591,12000000,23006849,2006
tt0444182,14500000,22963701,2006
tt0460989,6500000,22900000,2006
tt0439662,5300000,22175908,2006
tt0419946,20000000,22165608,2006
tt0488658,26000000,21949234,2006
tt0416316,20000000,21573338,2006
tt0454082,9000000,21510851,2006
tt0466856,20000000,21170563,2006
tt0434215,15000000,21000000,2006
tt0433416,12000000,20354321,2006
tt0486551,17500000,19179969,2006
tt0437800,8000000,18948425,2006
tt0437179,8000000,18700000,2006
tt0416496,35000000,18381890,2006
tt0454824,60000000,17858059,2006
tt0462519,20000000,17800000,2006
tt0417433,26000000,17496992,2006
tt0401711,13000000,17489601,2006
tt0449999,7400000,17000000,2006
tt0465142,17000000,16700000,2006
tt0430779,35000000,16627188,2006
tt0395495,25000000,16162580,2006
tt0432637,5000000,16000000,2006
tt0434139,20000000,15851622,2006
tt0419058,4000000,15360000,2006
tt0414993,35000000,15304890,2006
tt0805184,7111000,15071000,2006
tt0461936,5000000,15000000,2006
tt0404203,26000000,14821658,2006
tt0349467,37665000,14655628,2006
tt0454970,10000000,14652825,2006
tt0430431,20000000,13728450,2006
tt0365830,22000000,13405595,2006
tt0464049,4000000,13401952,2006
tt0436331,6500000,13400000,2006
tt0462346,26000000,13022756,2006
tt0402874,5000000,13000000,2006
tt0439815,15000000,12834936,2006
tt0479647,8000000,12671300,2006
tt0383060,75600000,12506188,2006
tt0482463,3300000,12100000,2006
tt0433442,15000000,11992014,2006
tt0764283,4494427,11935024,2006
tt0462338,25000000,11772461,2006
tt0405508,2200000,11502151,2006
tt0433412,15000000,11449638,2006
tt1045898,700000,11000000,2006
tt0462200,15000000,10900000,2006
tt0478566,7508646,10890811,2006
tt0448075,4000000,10639686,2006
tt0821442,4700000,10371998,2006
tt0805526,100000,10307987,2006
tt0902306,1000000,10000000,2006
tt0354899,6000000,9524340,2006
tt0404390,17000000,9500000,2006
tt0405676,55000000,9450897,2006
tt0455957,50000000,9448082,2006
tt1808153,6000000,8873950,2006
tt0453494,15000000,8200000,2006
tt0986329,330000,7800000,2006
tt0405296,8700000,7659918,2006
tt0398913,21000000,7600000,2006
tt0482527,15500000,7385434,2006
tt0490196,3000000,7301115,2006
tt0824696,800000,7144638,2006
tt0473024,5800000,7000000,2006
tt0494271,8000000,6881566,2006
tt0470055,1200000,6816129,2006
tt0439289,12000000,6754898,2006
tt0456554,5000000,6538177,2006
tt0452643,9000000,6400000,2006
tt0424908,11000000,6191746,2006
tt0486084,10107727,6073724,2006
tt0452624,32000000,5914908,2006
tt0491775,2200000,5800000,2006
tt0437232,14000000,5700000,2006
tt0367027,2000000,5557564,2006
tt0445946,25000000,5549200,2006
tt0470765,12000000,5542025,2006
tt0457024,5000000,5399340,2006
tt0430674,2000000,5141916,2006
tt0476805,839886,5123310,2006
tt0459516,3400000,5000000,2006
tt0321858,500000,5000000,2006
tt0468489,700000,4911725,2006
tt0495034,1800000,4900000,2006
tt0454987,4000000,4630045,2006
tt0475937,3000000,4529892,2006
tt0460829,15000000,4304157,2006
tt0460791,30000000,3984390,2006
tt0477337,5000000,3919731,2006
tt0393109,475000,3900000,2006
tt0425601,5000000,3833507,2006
tt1034402,1000000,3700000,2006
tt0442207,6515167,3666789,2006
tt0465967,4500000,3620000,2006
tt0432402,7000000,3572632,2006
tt0770203,590000,3500000,2006
tt0433883,3500000,3500000,2006
tt0450340,3700000,3419456,2006
tt0479728,1100000,3291555,2006
tt0469754,3000000,3111395,2006
tt0485510,3500000,3004541,2006
tt0464184,2000000,2993332,2006
tt0475179,1070000,2970000,2006
tt2325589,440000,2800000,2006
tt0443448,24000000,2700000,2006
tt0420609,13000000,2689799,2006
tt0419749,13000000,2636637,2006
tt0441774,18000000,2520000,2006
tt0421994,1000000,2500000,2006
tt0496350,9000000,2429573,2006
tt0422295,16800000,2312717,2006
tt0369994,3500000,2254124,2006
tt0867145,235000,2108000,2006
tt0876294,9300,2000000,2006
tt0386741,18000000,1831348,2006
tt0769508,1750000,1810452,2006
tt0490076,750000,1757270,2006
tt0489037,1000000,1678874,2006
tt0489244,3000000,1657729,2006
tt0458242,1380000,1615018,2006
tt0887259,1490641,1499149,2006
tt0404802,90,1410778,2006
tt0448124,12000000,1381665,2006
tt0933361,800000,1328612,2006
tt0460611,6500000,1325092,2006
tt3726526,1700000,1320000,2006
tt0435517,4245228,1220500,2006
tt0476643,1500000,1029926,2006
tt0775090,10000000,1029807,2006
tt0842001,500000,1000000,2006
tt0882759,280000,1000000,2006
tt0435623,450000,982814,2006
tt1528282,290000,970000,2006
tt0800164,800000,966214,2006
tt0851578,2600000,946590,2006
tt1515894,458968,917936,2006
tt0865496,2576871,749981,2006
tt0443431,500000,745327,2006
tt0422861,5000000,648183,2006
tt0423169,2000000,622806,2006
tt0398842,10000000,615752,2006
tt0438296,1100000,590000,2006
tt0816605,500000,500000,2006
tt0876291,500000,500000,2006
tt0442781,500000,500000,2006
tt0763840,12000000,499620,2006
tt0387808,30000000,495303,2006
tt0951297,200000,485126,2006
tt0453453,2800000,472000,2006
tt0782037,187000,469000,2006
tt0457303,1000000,464991,2006
tt0429068,1200000,463542,2006
tt0830199,2000000,462107,2006
tt0457572,8000000,426224,2006
tt0409034,2500000,410602,2006
tt0427461,2870000,362742,2006
tt0493292,100000,349952,2006
tt0417385,400000,314017,2006
tt0810822,1000000,300000,2006
tt2612156,50000,300000,2006
tt0466399,2000000,300000,2006
tt0863041,2137345,273318,2006
tt0454792,1600000,261966,2006
tt0492619,79000,245000,2006
tt0964003,1500000,230000,2006
tt0460975,600000,224099,2006
tt0433350,500000,220151,2006
tt0415778,5000000,208101,2006
tt0887789,42000,195385,2006
tt0799954,25000,179780,2006
tt0259822,5000000,171339,2006
tt0853096,2000000,167000,2006
tt0419815,3000000,166620,2006
tt0435680,994000,165000,2006
tt0457308,6000000,161578,2006
tt0425253,6000000,156318,2006
tt0422401,1500000,155873,2006
tt0758781,10000000,155362,2006
tt0410403,3300000,150000,2006
tt0360323,8000000,143451,2006
tt0420835,5000000,140666,2006
tt0392883,6000000,130742,2006
tt0425055,1000000,129201,2006
tt0380817,3500000,113783,2006
tt0814666,2000000,111000,2006
tt0410730,2400000,82567,2006
tt0757931,10000,80000,2006
tt0465643,100000,75000,2006
tt0817928,20000,71896,2006
tt0443450,8000000,63709,2006
tt0488164,10000000,62500,2006
tt0475298,5000000,25900,2006
tt0419663,2000000,16344,2006
tt0462485,500000,13804,2006
tt0407814,2000000,13716,2006
tt1029314,195750,12528,2006
tt0446345,500000,12207,2006
tt0431461,1000000,11455,2006
tt0472259,1000000,10018,2006
tt2795122,10000,10000,2006
tt0488059,85,9984,2006
tt0404364,25000000,8972,2006
tt0479162,1000000,7202,2006
tt0401385,650000,5361,2006
tt0475293,4200000,3746,2006
tt0484175,45000,2186,2006
tt0861701,10847,2025,2006
tt0889061,300,300,2006
tt0495116,50,80,2006
tt1645746,50,50,2006
tt0459272,7500000,33,2006
tt0951332,25,33,2006
tt0429277,2000000,30,2006
tt1344607,1000,6,2006
tt1123372,492,1,2006
tt0499603,400,1,2006
tt0449088,300000000,961691209,2007
tt0373889,150000000,938212738,2007
tt0413300,258000000,894983373,2007
tt0413267,160000000,813367380,2007
tt0418279,150000000,709709780,2007
tt0382932,150000000,623726000,2007
tt0480249,150000000,585410052,2007
tt0462538,75000000,527068851,2007
tt0465234,130000000,459200000,2007
tt0416449,65000000,456082343,2007
tt0440963,70000000,442824138,2007
tt0337978,110000000,383531464,2007
tt0385752,180000000,372234864,2007
tt0952640,60000000,361366633,2007
tt0461770,85000000,340487652,2007
tt0496806,85000000,311312624,2007
tt0486576,130000000,301913131,2007
tt0389790,150000000,287594577,2007
tt0765429,100000000,269755430,2007
tt0293564,140000000,258097122,2007
tt0486946,60000000,253625427,2007
tt0467406,7500000,232372681,2007
tt0453451,25000000,232225908,2007
tt0259324,110000000,228738393,2007
tt0478311,30000000,219900000,2007
tt0442933,70000000,195735876,2007
tt1179904,15000,193355800,2007
tt0762107,85000000,187134117,2007
tt0825232,45000000,175400000,2007
tt0413099,175000000,174440724,2007
tt0477348,25000000,171627166,2007
tt0829482,20000000,170800000,2007
tt0396555,150000000,169332978,2007
tt0477051,10000000,159814490,2007
tt0431308,30000000,156835339,2007
tt0408236,50000000,153384272,2007
tt0423294,85000000,149000000,2007
tt0492956,22000000,147880543,2007
tt0432021,45000000,147717833,2007
tt0758766,40000000,145896422,2007
tt0890870,10000000,139352653,2007
tt0398808,60000000,137587063,2007
tt0486655,70000000,137500000,2007
tt0450385,25000000,133000000,2007
tt0783233,30000000,131016624,2007
tt0758730,40000000,130290885,2007
tt0408839,60000000,128453183,2007
tt0472062,75000000,119483446,2007
tt0445934,53000000,118200000,2007
tt0486822,20000000,117760134,2007
tt0393597,15000000,109000000,2007
tt0760329,40000000,103967384,2007
tt0465494,24000000,101276318,2007
tt0486583,100000000,97800000,2007
tt0822854,61000000,95700000,2007
tt0453556,34000000,95608995,2007
tt0465538,25000000,92991835,2007
tt0481141,28000000,92601050,2007
tt0488120,10000000,91354215,2007
tt0427327,75000000,90450008,2007
tt0799949,20000000,87238158,2007
tt0431197,70000000,86658558,2007
tt0450188,25000000,86274793,2007
tt0443706,65000000,84785914,2007
tt0477071,20000000,84297309,2007
tt0367959,75000000,82169884,2007
tt0425112,12000000,80600000,2007
tt0373883,15000000,80460948,2007
tt0389722,30000000,80276156,2007
tt0464141,3400000,78638987,2007
tt0481369,30000000,77677553,2007
tt0469494,25000000,77208711,2007
tt0435705,70000000,76066841,2007
tt0775539,13000000,75511123,2007
tt0372873,32000000,75108998,2007
tt0414055,55000000,74237563,2007
tt0419887,20000000,73276047,2007
tt0457433,60795000,73090611,2007
tt0463854,15000000,72304846,2007
tt0381849,55000000,70000000,2007
tt0476964,70000000,69766619,2007
tt0457419,65000000,69500000,2007
tt0762114,35000000,69307224,2007
tt0480242,25000000,68474305,2007
tt0808357,15000000,67100000,2007
tt0426931,25000000,66122026,2007
tt0467110,25000000,65270477,2007
tt0804540,17500000,65114802,2007
tt0891527,35000000,64811540,2007
tt0444682,40000000,62771059,2007
tt0452625,25000000,59768495,2007
tt0884328,18000000,57470220,2007
tt0758758,15000000,56255142,2007
tt0765443,51500000,56106607,2007
tt0906108,15000000,55862886,2007
tt0987918,5000000,55635037,2007
tt0425430,16000000,55060212,2007
tt0498399,21000000,55033767,2007
tt0780571,20000000,48443734,2007
tt0489237,20000000,47817020,2007
tt0795368,9000000,46789413,2007
tt0891520,34600000,45900000,2007
tt0463998,21000000,43095175,2007
tt0401997,23000000,41000000,2007
tt0499556,25000000,40452643,2007
tt0427392,80000000,40170558,2007
tt0871510,6300000,40000000,2007
tt0416508,16500000,39380831,2007
tt0308353,47000000,38100000,2007
tt1024943,9100000,37707444,2007
tt0800069,15000000,37697773,2007
tt0498353,10200000,35728183,2007
tt0452702,19000000,35300645,2007
tt0448134,50000000,34800000,2007
tt0881200,16000000,34786960,2007
tt0758053,12500000,34750000,2007
tt0452623,19000000,34600000,2007
tt0419984,22000000,33700000,2007
tt0425413,10000000,33478921,2007
tt0411061,30000000,32593385,2007
tt1038988,1500000,32511655,2007
tt0484562,45000000,31852619,2007
tt0778661,10000000,31600000,2007
tt1028528,25000000,31126421,2007
tt0499375,4700000,31000000,2007
tt0446013,45000000,30800000,2007
tt0479500,20000000,30715465,2007
tt0427309,15000000,30226144,2007
tt0445922,45000000,29625761,2007
tt0756648,13000000,29610210,2007
tt0478134,23000000,29541790,2007
tt0964587,14000000,29066483,2007
tt0986264,2600000,28430000,2007
tt0780503,18900000,27308865,2007
tt34335520,18000000,27000000,2007
tt0435670,30000000,26810113,2007
tt0465602,39000000,26800000,2007
tt0416044,18000000,26527510,2007
tt0804452,20000000,26000000,2007
tt0455960,10000000,25400000,2007
tt0462396,67000000,25303038,2007
tt0292963,18000000,25005257,2007
tt0791304,20000000,25000167,2007
tt0804522,27500000,24748670,2007
tt0386032,9000000,24538513,2007
tt0838221,16000000,24377151,2007
tt0315431,7200000,23006533,2007
tt0795493,15000000,22687639,2007
tt0455760,20000000,22382047,2007
tt0473308,1500000,22240529,2007
tt0490204,20000000,22222308,2007
tt0765120,10000000,21800000,2007
tt0472160,15000000,21156270,2007
tt0907657,160000,20710513,2007
tt0499554,10000000,20342161,2007
tt0813547,6250000,20200000,2007
tt0923811,7000000,20121073,2007
tt0401383,14000020,19777647,2007
tt0479751,12000000,19000000,2007
tt0829459,16000000,18928871,2007
tt0811159,5833536,18873863,2007
tt0974959,10000000,18610260,2007
tt0841046,35000000,18317151,2007
tt0462244,6000000,18197398,2007
tt0880502,3800000,17804565,2007
tt0419843,10000000,17562071,2007
tt0804461,20000000,16974459,2007
tt0833553,6000000,15242548,2007
tt0879843,5600000,14768451,2007
tt0861739,4000000,14759148,2007
tt0443680,30000000,14711793,2007
tt0464907,2100000,14487294,2007
tt0211933,86000000,14373825,2007
tt0787475,25000000,14353654,2007
tt0815244,16500000,13620075,2007
tt0790804,15000000,13500000,2007
tt0770772,11000000,13196245,2007
tt0460780,60000000,13097915,2007
tt0485272,5100000,12552605,2007
tt0875113,13442285,12500000,2007
tt0811066,11000000,12000000,2007
tt0476695,6600000,11900000,2007
tt0817225,2900000,11581469,2007
tt1077258,23000000,11446172,2007
tt0805564,12000000,11293663,2007
tt0890885,5500000,11203911,2007
tt0459759,6000000,11171900,2007
tt0469263,13000000,11130889,2007
tt0374563,17000000,10921200,2007
tt0845046,4913400,10871449,2007
tt0762110,4500000,10610835,2007
tt0462229,20000000,10337477,2007
tt1093370,2300000,10065630,2007
tt0924317,4550000,10000000,2007
tt0995031,3800000,9900000,2007
tt0897361,12000000,9620399,2007
tt0466839,24000000,9576495,2007
tt0415965,27000000,9400000,2007
tt0491747,3000000,9194283,2007
tt0490086,7500000,8742330,2007
tt0443473,20000000,8600000,2007
tt0338216,55000000,8461686,2007
tt0455805,3000000,8443998,2007
tt0472071,20000000,8380329,2007
tt0445935,21000000,8329799,2007
tt0421082,5000000,8200000,2007
tt0480025,2380000,8176544,2007
tt0470705,4000000,8095658,2007
tt0817940,20000000,7900000,2007
tt0473360,10000000,7864905,2007
tt0476603,11000000,7800000,2007
tt0804516,3500000,7766240,2007
tt2355791,1600000,7600000,2007
tt0455782,15000000,7600000,2007
tt0488478,4000000,7537453,2007
tt0419704,18000000,7365250,2007
tt0865951,1100000,7325461,2007
tt0462504,10000000,7177143,2007
tt0866437,6000000,7163566,2007
tt0473356,35000000,7155358,2007
tt0475355,20000000,7094650,2007
tt0961043,2500000,7086000,2007
tt0780516,20000000,6819587,2007
tt0488565,5621000,6699197,2007
tt0846040,5000000,6463286,2007
tt0397044,15000000,6300000,2007
tt0992911,8000000,6177725,2007
tt0858486,4000000,6101046,2007
tt0896798,25000000,5796630,2007
tt0785077,7000000,5700000,2007
tt0848557,2000000,5540941,2007
tt0455326,750000,5500000,2007
tt0437954,38000000,5410749,2007
tt0427470,16000000,5367030,2007
tt0435528,12000000,5285197,2007
tt0770829,2460000,4927268,2007
tt1092011,2000000,4866495,2007
tt0907119,2500000,4684165,2007
tt0846017,5000000,4641637,2007
tt0484740,45000000,4607608,2007
tt0479528,20000000,4600000,2007
tt0842929,3000000,4545747,2007
tt0920464,4000000,4500000,2007
tt0489486,3900000,4400000,2007
tt0954914,2875000,4211819,2007
tt0368794,20000000,4001121,2007
tt1003009,975000,4000000,2007
tt1496380,470000,3800000,2007
tt0796375,4000000,3748295,2007
tt0482629,9000000,3438735,2007
tt0819953,6400000,3416328,2007
tt0804507,3500000,3119957,2007
tt22853514,1000000,3000000,2007
tt0441007,9000000,2955039,2007
tt0757361,10000000,2900219,2007
tt0800956,1100000,2900000,2007
tt0469623,16000000,2849142,2007
tt1097014,10000000,2754691,2007
tt0906665,3800000,2725258,2007
tt1214961,440141,2640850,2007
tt0481797,1000000,2624759,2007
tt0808306,1400000,2500000,2007
tt1183658,3500000,2490500,2007
tt1002567,4000000,2206625,2007
tt0806088,9400000,2200000,2007
tt0871896,813499,2186657,2007
tt0466816,8000000,2149799,2007
tt3227034,280000,2000000,2007
tt0437526,6000000,1831577,2007
tt0900357,4500000,1798418,2007
tt0417056,8300000,1751460,2007
tt0826570,3296709,1637181,2007
tt1043835,1300000,1610085,2007
tt0379976,4600000,1432799,2007
tt0995747,1700000,1431983,2007
tt0912593,2000000,1431623,2007
tt1043568,120000,1420586,2007
tt1110037,5000000,1413000,2007
tt0857376,200000,1395610,2007
tt0479537,18000000,1220058,2007
tt0465436,4000000,1200000,2007
tt1032846,852510,1185783,2007
tt0955411,10000000,1100000,2007
tt0388182,10000000,1045786,2007
tt0807721,1800000,938881,2007
tt1619890,1200000,910000,2007
tt0850253,8000000,908847,2007
tt0914379,20000,900000,2007
tt0482961,618000,867000,2007
tt1046198,1000000,814790,2007
tt0856288,3000000,792184,2007
tt0811106,5250000,785528,2007
tt0937237,5000000,782102,2007
tt0887745,9000000,706000,2007
tt0817544,3500000,689473,2007
tt0857295,2600000,677548,2007
tt0857177,2850000,640956,2007
tt0433398,1300000,639000,2007
tt0900381,3000000,626032,2007
tt2317744,5900000,618400,2007
tt0783608,10000000,590416,2007
tt0452644,2600000,568864,2007
tt1287349,130000,560000,2007
tt0969733,1100000,560000,2007
tt0480669,2600000,553198,2007
tt0888507,2100000,553065,2007
tt0483756,4000000,550782,2007
tt0983213,5000000,548192,2007
tt0484111,15000000,508084,2007
tt1821536,500000,500000,2007
tt1810522,500000,500000,2007
tt1999910,500000,500000,2007
tt0283503,8000000,458232,2007
tt0477139,1000000,454026,2007
tt0818170,1700000,450000,2007
tt0944114,1400000,435000,2007
tt0473188,22000000,413454,2007
tt0491211,2800000,406362,2007
tt0810928,2200000,388390,2007
tt0405336,17000000,374743,2007
tt2605454,120000,360000,2007
tt0790623,5000000,346592,2007
tt0465440,1500000,312642,2007
tt0486051,6000000,285060,2007
tt0473709,2000000,265198,2007
tt0780607,50000,249905,2007
tt0491720,7000000,249610,2007
tt0454559,722727,233984,2007
tt0812243,3000000,231156,2007
tt0299981,13000000,213205,2007
tt0444628,2000000,193607,2007
tt0489235,1500000,173066,2007
tt0952682,250000,168237,2007
tt0896036,10000000,167445,2007
tt0421156,5000000,160487,2007
tt0758786,5000000,151449,2007
tt0848596,686165,148564,2007
tt0486640,15000000,146741,2007
tt1087455,1200000,145000,2007
tt0942384,500000,142666,2007
tt4771774,47000,120000,2007
tt1049405,14000000,115592,2007
tt0454065,1500000,114649,2007
tt1215860,20000,100000,2007
tt2418328,10000,100000,2007
tt1388418,10000,100000,2007
tt1192862,1300000,95000,2007
tt0497316,4000000,90272,2007
tt0462579,900000,82701,2007
tt0835034,125000,72348,2007
tt0465407,2500000,72310,2007
tt0843850,500000,52868,2007
tt4773160,40515,50000,2007
tt0426114,1000000,45964,2007
tt0790741,5000000,37948,2007
tt0801526,700000,31576,2007
tt1107828,6000000,31000,2007
tt30244112,20000,30000,2007
tt0862856,12000000,27909,2007
tt0493395,10000000,25309,2007
tt0469686,500000,21504,2007
tt1102159,10000,20000,2007
tt1297844,110000,19580,2007
tt0496328,1000000,18479,2007
tt0768183,2000000,16659,2007
tt0914382,2500,15425,2007
tt0479140,12000000,14059,2007
tt21027726,2400,12500,2007
tt8503732,1000,10000,2007
tt1870555,10000,10000,2007
tt0918628,14000000,9216,2007
tt0438486,750000,6404,2007
tt0914809,6000,6000,2007
tt0988108,145625,4117,2007
tt0492869,500000,3550,2007
tt0455537,130000,1677,2007
tt1215978,844,844,2007
tt1048146,750000,500,2007
tt1283472,200,210,2007
tt11496478,100,100,2007
tt0852976,50,60,2007
tt0981298,50,60,2007
tt1108850,50,60,2007
tt1252004,50,60,2007
tt0953318,1500000,27,2007
tt0932547,7,8,2007
tt0814100,6,7,2007
tt0859760,4002313,6,2007
tt0468569,185000000,1004558444,2008
tt0367882,185000000,786636033,2008
tt0441773,130000000,632091832,2008
tt0448157,150000000,629400000,2008
tt0795421,52000000,609841637,2008
tt0479952,150000000,603900354,2008
tt0830515,200000000,589593688,2008
tt0371746,140000000,585174222,2008
tt0910970,180000000,521311860,2008
tt0499448,225000000,419665568,2008
tt1000774,65000000,418800000,2008
tt0859163,145000000,403449830,2008
tt1099212,37000000,393616788,2008
tt1010048,15000000,378400000,2008
tt0493464,75000000,342463063,2008
tt0421715,150000000,335802786,2008
tt0397892,150000000,309979994,2008
tt0451079,85000000,298572799,2008
tt1205489,33000000,270000000,2008
tt0443649,105000000,269784201,2008
tt0800080,150000000,264770996,2008
tt0822832,60000000,255700000,2008
tt0962726,11000000,252909177,2008
tt0425637,80341000,250100000,2008
tt1064932,11000000,245144417,2008
tt0970416,80000000,233093859,2008
tt0425061,80000000,230685453,2008
tt0936501,25000000,226830568,2008
tt1068680,70000000,223200000,2008
tt0489099,85000000,222231186,2008
tt1033643,35000000,219400000,2008
tt0960731,80000000,212874864,2008
tt0455824,130000000,211787511,2008
tt0960144,90000000,204313400,2008
tt0876563,34000000,202404009,2008
tt0985699,75000000,200276000,2008
tt0942385,92000000,195702811,2008
tt1059786,80000000,178800000,2008
tt1060277,25000000,170764026,2008
tt0814314,55000000,168167691,2008
tt0416236,90000000,164200000,2008
tt0369436,80000000,164112721,2008
tt0887883,37000000,163700000,2008
tt0949731,60000000,163403799,2008
tt0411477,85000000,160388063,2008
tt0988595,30000000,160300000,2008
tt0478087,35000000,159808370,2008
tt0443274,40000000,152039882,2008
tt1023481,23000000,150988382,2008
tt1014775,20000000,149281606,2008
tt0463872,97250400,131856927,2008
tt0838283,65000000,128100000,2008
tt0865556,55000000,127906624,2008
tt1132626,10800000,118209778,2008
tt0824747,55000000,113400000,2008
tt0758774,70000000,113280098,2008
tt0462499,50000000,113200000,2008
tt0770752,70000000,111231041,2008
tt1129442,30000000,109000000,2008
tt0976051,32000000,108902486,2008
tt0866439,40000000,106407672,2008
tt0800039,30000000,105173115,2008
tt0373051,45000000,101702060,2008
tt0910936,27000000,101624843,2008
tt0410377,37000000,100104565,2008
tt0497465,15000000,96409830,2008
tt0811080,120000000,93900000,2008
tt0430922,28000000,92380927,2008
tt0420238,60000000,87000000,2008
tt1073498,30000000,85897593,2008
tt0467197,35000000,85416905,2008
tt0956038,30000000,84375061,2008
tt0482606,9000000,83051676,2008
tt1034331,60000000,79498846,2008
tt0467200,35000000,78269970,2008
tt1166100,9100000,76000000,2008
tt0452608,45000000,76000000,2008
tt0959337,35000000,76000000,2008
tt0790686,35000000,72400000,2008
tt0364970,70000000,72109200,2008
tt0426592,35000000,71571300,2008
tt1127884,7000000,70642966,2008
tt0852713,25000000,70442940,2008
tt0443701,30000000,69363381,2008
tt1185834,8500000,68282844,2008
tt0421073,20000000,66476363,2008
tt0200465,20000000,64828421,2008
tt0482603,37000000,64762724,2008
tt0871426,30000000,64400000,2008
tt0494238,60000000,62803180,2008
tt0406759,12000000,58010320,2008
tt1013753,20000000,54600000,2008
tt0880578,35000000,52659594,2008
tt0997047,25000000,51549674,2008
tt1034303,32000000,51155219,2008
tt0918927,20000000,50907234,2008
tt1079448,4000000,50802372,2008
tt0765476,60000000,50650079,2008
tt0430770,16000000,50007546,2008
tt0887912,15000000,49259766,2008
tt0940709,20000000,47301471,2008
tt0486321,25000000,46651414,2008
tt0479968,20000000,45847751,2008
tt1125849,6000000,44734660,2008
tt1018785,27000000,44352417,2008
tt0494652,35000000,43650785,2008
tt0481536,12000000,43493123,2008
tt0864761,17759769,43306325,2008
tt0814022,45000000,42487390,2008
tt1007028,24000000,42105111,2008
tt1047494,20000000,41975388,2008
tt1023111,20000000,41627431,2008
tt1046163,20000000,41624687,2008
tt0379865,58000000,41299492,2008
tt1082868,12000000,40855419,2008
tt0811138,62000000,40854735,2008
tt0416212,11000000,39952437,2008
tt0831887,60000000,39164441,2008
tt0486578,20000000,38800000,2008
tt1101026,2000000,38135878,2008
tt1142798,15000000,37100000,2008
tt1213644,25000000,34816824,2008
tt0780536,15000000,34533783,2008
tt0981227,9000000,33600000,2008
tt0839980,55000000,33500000,2008
tt1129423,500000,33473297,2008
tt0817538,40000000,32900000,2008
tt1046947,5000000,32600000,2008
tt1063669,7500000,32350637,2008
tt1155705,20000000,31244858,2008
tt0482572,30000000,31200557,2008
tt0465502,25000000,30700000,2008
tt0799934,20000000,30600000,2008
tt1175491,25100000,29506464,2008
tt0449994,5800000,28700000,2008
tt1193516,500000,28548025,2008
tt0947802,20000000,27640028,2008
tt0870111,25000000,27426335,2008
tt0995039,20000000,27100000,2008
tt0765432,19700000,26937355,2008
tt1032755,18000000,25740863,2008
tt1753921,100000,25000000,2008
tt1146325,14000000,25000000,2008
tt0869994,19000000,23550000,2008
tt0988047,22000000,23530831,2008
tt0848538,10000000,22896728,2008
tt0963794,8000000,22818256,2008
tt0892375,15000000,22730842,2008
tt0483607,30000000,22472631,2008
tt1220719,11700000,22100000,2008
tt1024255,20000000,22000000,2008
tt0885415,6100000,21897141,2008
tt0914798,12500000,20416563,2008
tt0800308,20000000,20211394,2008
tt1185420,10000000,20000000,2008
tt0861689,25000000,19844979,2008
tt1286126,8500000,19736977,2008
tt1155053,10000000,18980744,2008
tt1135985,19000000,18755936,2008
tt1045670,4100000,18696602,2008
tt0857191,4000000,18197518,2008
tt0800240,25000000,18024545,2008
tt0970411,55000000,17869048,2008
tt1414840,3000000,17850711,2008
tt0846308,10000000,17700000,2008
tt1027862,21000000,17600000,2008
tt0455538,28000000,17286299,2008
tt1239426,15000000,17101695,2008
tt0808339,25400000,17100000,2008
tt1084950,12000000,16937968,2008
tt1187047,67000000,16680689,2008
tt1103275,9800000,16303643,2008
tt0862846,5000000,16174377,2008
tt0893382,1000000,15773307,2008
tt0411272,25000000,15000000,2008
tt1259014,25000000,15000000,2008
tt0974554,13000000,14894347,2008
tt0926129,20000000,14800000,2008
tt1180583,3000000,14000000,2008
tt0475998,15000000,13247725,2008
tt0412536,20000000,13204291,2008
tt0926759,5900000,13200000,2008
tt1111948,40000000,12300000,2008
tt0944834,12000000,12235843,2008
tt1091751,23000000,11767866,2008
tt1023490,7275000,11260366,2008
tt0489281,25000000,11207130,2008
tt1185616,1500000,11179372,2008
tt0473367,2300000,11100000,2008
tt1105733,4180000,11000000,2008
tt1139797,4000000,10785801,2008
tt0858479,7000000,10569964,2008
tt0450314,20500000,10089373,2008
tt0920458,6500000,10040589,2008
tt0808399,14700000,9961023,2008
tt0469903,40000000,9793496,2008
tt1124396,3000000,9713500,2008
tt1182972,2400000,9600000,2008
tt1092005,4200000,9600000,2008
tt1277728,500000,9524517,2008
tt1046997,45000000,9323833,2008
tt0823671,48000000,9208064,2008
tt0926762,3200000,9168516,2008
tt1301264,800000,9000000,2008
tt0785035,8500000,8936663,2008
tt0942903,7000000,8900000,2008
tt1042877,12000000,8880045,2008
tt1031969,15000000,8762890,2008
tt1034449,10000000,8750000,2008
tt0374569,58000000,8638163,2008
tt1148770,5000000,8623057,2008
tt0490210,820000,8130000,2008
tt0808279,15000000,7938872,2008
tt0780534,25000000,7926601,2008
tt0889588,40000000,7785317,2008
tt1091617,3500000,7700000,2008
tt0996382,6000000,7518876,2008
tt1234560,2500000,7465423,2008
tt0929860,8500000,7200000,2008
tt0462465,50000000,7033683,2008
tt0469640,17610801,7005528,2008
tt0489282,20000000,7000000,2008
tt1190617,20000000,7000000,2008
tt0961108,8000000,6692182,2008
tt0486674,25000000,6673422,2008
tt0844671,7000000,6265483,2008
tt1031282,5000000,6011000,2008
tt0800241,15000000,5926410,2008
tt1075114,6150000,5788176,2008
tt1068641,20000000,5642478,2008
tt0844286,20000000,5530764,2008
tt0978759,1000000,5457664,2008
tt0423977,12000000,5254986,2008
tt0902272,3500000,5231128,2008
tt1202532,2500000,5129300,2008
tt0865297,5000000,5000000,2008
tt1104733,9000000,4886216,2008
tt1305907,1060000,4740000,2008
tt1286537,1000000,4606199,2008
tt0383028,20000000,4383538,2008
tt0914797,5000000,4040588,2008
tt1020530,12850990,3984669,2008
tt1024715,3000000,3982459,2008
tt0896815,8000000,3906270,2008
tt1373243,3200000,3877492,2008
tt1119199,4250000,3848034,2008
tt0805570,15000000,3533227,2008
tt1280558,1400000,3500000,2008
tt34341832,1900000,3400000,2008
tt1060249,15000000,3250000,2008
tt1082886,6000000,3175469,2008
tt1265971,799634,3036326,2008
tt0804505,12000000,2888315,2008
tt1114715,16300000,2800000,2008
tt0365675,18000000,2783332,2008
tt1267500,750000,2760000,2008
tt1094241,6400000,2556911,2008
tt1130988,6000000,2342211,2008
tt0780622,2000000,2340110,2008
tt1175506,25000000,2336172,2008
tt1263795,1500000,2200000,2008
tt0463352,5105644,2180120,2008
tt0996962,5269000,2159162,2008
tt0490181,8000000,2131057,2008
tt1182924,30000000,2030916,2008
tt1340108,1000000,2025017,2008
tt0449487,25000000,2000000,2008
tt1290389,2500000,1948414,2008
tt1186025,1936708,1840042,2008
tt1059793,10000000,1726453,2008
tt1292703,1400000,1700000,2008
tt1280567,4700002,1672292,2008
tt0948530,560000,1500000,2008
tt0899128,10000000,1415804,2008
tt0951333,6500000,1400000,2008
tt0903627,6000000,1300000,2008
tt0884224,5000000,1296184,2008
tt0816436,700000,1271556,2008
tt1319695,2500000,1253971,2008
tt1286808,5000000,1215851,2008
tt1234918,3500000,1209841,2008
tt1189032,50000,1200000,2008
tt1152850,200000,1192655,2008
tt1070858,1000000,1169828,2008
tt0974613,15000000,1143856,2008
tt0409345,3500000,1138322,2008
tt1000775,160000,1100000,2008
tt1050739,7000000,1100000,2008
tt1029234,6500000,1100000,2008
tt1329469,2000000,1000000,2008
tt0907678,10000000,1000000,2008
tt1273218,9900000,1000000,2008
tt1166110,5600000,965171,2008
tt1224449,336029,927277,2008
tt0361500,40000000,915840,2008
tt0393329,4000000,907456,2008
tt1201560,4,777830,2008
tt1104083,2500000,767567,2008
tt1186366,3600000,766075,2008
tt1052342,2100000,682968,2008
tt1134828,900000,676111,2008
tt2088840,196000,629000,2008
tt1130980,5750000,607324,2008
tt0464041,9750000,558000,2008
tt0795441,4000000,530048,2008
tt1311638,500000,500000,2008
tt6449342,500000,500000,2008
tt0887971,6000000,498088,2008
tt1073241,11500000,409832,2008
tt0928124,6000000,408793,2008
tt0475984,9500000,407674,2008
tt0865554,18000000,382174,2008
tt1042499,3500000,354628,2008
tt1018789,5730000,295000,2008
tt0449570,25000,275000,2008
tt0854678,1000000,274661,2008
tt1227165,2000000,273137,2008
tt1227189,1500000,270934,2008
tt2381275,2000000,249104,2008
tt0830924,1332600,238776,2008
tt1390821,138000,236000,2008
tt1039969,1500000,202000,2008
tt0963194,8500000,198883,2008
tt1029285,160000,195184,2008
tt1045893,561000,187000,2008
tt0806165,3200000,179590,2008
tt0476958,6000000,170255,2008
tt0985101,7000000,162256,2008
tt1204883,3000000,156941,2008
tt0897347,5000000,124048,2008
tt1216640,50000,123000,2008
tt0830861,5000000,112794,2008
tt0804529,2500000,107559,2008
tt0818165,2000000,106596,2008
tt1034320,30000000,103971,2008
tt1221141,2700000,100177,2008
tt1356698,415596,93613,2008
tt1364478,1460910,89932,2008
tt1475099,2000000,82827,2008
tt1153690,700000,81864,2008
tt1270836,600000,77794,2008
tt1018818,11500000,69564,2008
tt0976247,6000000,69000,2008
tt0806147,1200000,54822,2008
tt0472050,2000000,53760,2008
tt0472126,3250000,32788,2008
tt1381263,731000,32000,2008
tt1361306,250000,23652,2008
tt9536384,414147,20707,2008
tt1299360,250,20604,2008
tt0411323,3000000,20000,2008
tt0789783,490000,11622,2008
tt1291643,10000,10000,2008
tt0810823,10000,10000,2008
tt1018830,5000000,8286,2008
tt0902290,750000,8050,2008
tt0814005,400000,5255,2008
tt1377541,5000,5000,2008
tt2615814,4000,4000,2008
tt1103262,5800,2950,2008
tt6467044,1500,1500,2008
tt0400426,30000000,743,2008
tt4698404,50,500,2008
tt3229520,1,500,2008
tt1090634,150,250,2008
tt1669799,100,100,2008
tt1288466,80000,80,2008
tt0852982,50,60,2008
tt0903943,1000000,57,2008
tt0977214,6,10,2008
tt2161906,40,5,2008
tt2321658,4,4,2008
tt0499549,237000000,2923706026,2009
tt0417741,250000000,933959197,2009
tt1080016,90000000,886686817,2009
tt1055369,200000000,836303693,2009
tt1190080,200000000,791217826,2009
tt1049413,175000000,735103954,2009
tt1259571,50000000,709827462,2009
tt0988045,90000000,524028679,2009
tt0808151,150000000,485930816,2009
tt1119646,35000000,469310836,2009
tt1231580,75000000,443140005,2009
tt1078912,150000000,413106170,2009
tt0796366,150000000,386839614,2009
tt0892782,175000000,381509870,2009
tt0458525,150000000,373062864,2009
tt0438488,200000000,371353001,2009
tt1013752,85000000,363164265,2009
tt1067106,200000000,325286646,2009
tt1142988,38000000,321700000,2009
tt0361748,70000000,321457747,2009
tt1041829,40000000,317400000,2009
tt0878804,29000000,309231694,2009
tt1046173,175000000,302500000,2009
tt0436339,150000000,292817841,2009
tt0780521,105000000,270997378,2009
tt1477715,60000000,261200000,2009
tt0844471,100000000,242988466,2009
tt1230414,85000000,219103655,2009
tt1152836,100000000,214104620,2009
tt1136608,30000000,210888950,2009
tt1144884,40000000,187384627,2009
tt0327597,60000000,185860104,2009
tt0409459,130000000,185258983,2009
tt1114740,26000000,183293131,2009
tt1001508,40000000,178866158,2009
tt1078940,70000000,171844840,2009
tt1193138,25000000,166842739,2009
tt1114677,35000000,155545279,2009
tt0448011,50000000,155446362,2009
tt1111422,100000000,150166126,2009
tt0889583,42000000,138805831,2009
tt0974661,20000000,136300000,2009
tt1135503,40000000,129500000,2009
tt1197624,53000000,127900000,2009
tt0986263,80000000,122444772,2009
tt1057500,60000000,122400000,2009
tt1326972,80000000,121059225,2009
tt0785006,35000000,117000198,2009
tt0901476,30000000,115375850,2009
tt0844479,3400000,114000000,2009
tt1132620,13000000,109421911,2009
tt1093908,40000000,108394089,2009
tt1075417,50000000,106387141,2009
tt0762125,70000000,104945765,2009
tt1179891,15000000,102836002,2009
tt1156398,23600000,102391540,2009
tt0821640,37500000,102366815,2009
tt0452694,39000000,101344412,2009
tt0386117,100000000,100140916,2009
tt0976238,35000000,96753696,2009
tt1078588,30000000,95714875,2009
tt0380510,65000000,93600000,2009
tt0834001,35000000,92158961,2009
tt1155056,41000000,92000000,2009
tt0758746,19000000,91509154,2009
tt1127180,30000000,91388487,2009
tt1142800,17500000,90508336,2009
tt0473705,60000000,87800000,2009
tt1314228,58000000,85280250,2009
tt1135487,60000000,78176181,2009
tt1148204,20000000,77912251,2009
tt0492044,10000000,77578320,2009
tt1016075,18000000,77211836,2009
tt1139668,16000000,76514050,2009
tt0838232,70000000,75871032,2009
tt1198138,20000000,73830340,2009
tt1153040,16000000,71641901,2009
tt1201167,75000000,71600000,2009
tt1187043,9000000,70000000,2009
tt1233227,11000000,69752402,2009
tt1234548,24000000,68729358,2009
tt0457400,100000000,68688831,2009
tt1216487,4400000,67126795,2009
tt1054606,30000000,64352607,2009
tt1264904,22700000,62794894,2009
tt1045778,60000000,62357900,2009
tt1186367,40000000,61601280,2009
tt1022603,7500000,60781545,2009
tt0963178,50000000,60161391,2009
tt1098327,30000000,58228460,2009
tt0775552,45000000,57881056,2009
tt0875034,80000000,53825515,2009
tt0940657,87000000,52377611,2009
tt1385912,19000000,51733921,2009
tt0465580,38000000,49678401,2009
tt0472033,30000000,48428063,2009
tt1220198,10000000,47709193,2009
tt0929632,10000000,47536959,2009
tt1263670,7000000,47405566,2009
tt1028532,16000000,46800000,2009
tt0432283,40000000,46471023,2009
tt0860906,10000000,44339362,2009
tt0765010,26000000,43500000,2009
tt1343097,4000000,43498108,2009
tt1130080,22000000,41771168,2009
tt1034032,50000000,40800000,2009
tt0881891,15000000,40105542,2009
tt1186830,70000000,39457342,2009
tt1311067,10000000,39421467,2009
tt1053859,5000000,38610009,2009
tt0821642,60000000,38332994,2009
tt1131729,50000000,36348784,2009
tt0899106,18000000,36100000,2009
tt1182921,10000000,36100000,2009
tt1178663,15000000,36020534,2009
tt1121931,20000000,34600000,2009
tt1305806,2000000,33965843,2009
tt0362478,30000000,33333531,2009
tt0844708,15000000,32721635,2009
tt1058017,18500000,32400000,2009
tt1167599,11000000,32000000,2009
tt1131734,16000000,31556061,2009
tt1194616,10900000,31451622,2009
tt1153706,25000000,31439140,2009
tt1019452,7000000,31400000,2009
tt0814335,20000000,31198531,2009
tt0913425,18000000,30991660,2009
tt0962736,35000000,29196409,2009
tt1095174,8000000,29010817,2009
tt0795351,27000000,29000000,2009
tt1100119,40000000,29000000,2009
tt0450405,40000000,28169671,2009
tt0898367,32000000,27635305,2009
tt1232783,12500000,27206120,2009
tt1174732,7500000,26100000,2009
tt1315981,7000000,25000000,2009
tt1197628,18000000,24007324,2009
tt1071812,25000000,23914731,2009
tt0780567,55000000,23000000,2009
tt0913354,20000000,22942221,2009
tt0971209,14000000,22852638,2009
tt1167660,26800000,21924245,2009
tt0972558,36500000,21834845,2009
tt1569364,8000000,20984902,2009
tt1275863,12500000,20794985,2009
tt1188729,33000000,20648328,2009
tt0865559,17000000,20455276,2009
tt0970452,45000000,19700000,2009
tt0403702,18000000,19651093,2009
tt1129445,40000000,19643086,2009
tt0375568,10000000,19551067,2009
tt1242422,5700000,19300483,2009
tt1083456,20000000,18599102,2009
tt1245112,5600000,18469680,2009
tt1244668,4000000,18164139,2009
tt1274295,9000000,18130000,2009
tt1355546,3230939,18000000,2009
tt0365929,40000000,17976667,2009
tt1235166,13000000,17874044,2009
tt1235536,27000000,17854472,2009
tt1438463,5000000,17566040,2009
tt1232207,20000000,17436509,2009
tt1160368,22000000,17280326,2009
tt1091722,9800000,17200000,2009
tt1216496,5000000,17112713,2009
tt1091229,12000000,17000000,2009
tt1242457,25000000,16815892,2009
tt1172233,15000000,16633035,2009
tt0780511,21000000,16443609,2009
tt1081935,30000000,16017513,2009
tt1054122,9000000,16000000,2009
tt1176740,17000000,15779455,2009
tt1092633,10000000,15300000,2009
tt1032815,18000000,15300000,2009
tt1447500,4583500,15278500,2009
tt1193088,12000000,15016366,2009
tt1314237,3500000,14751272,2009
tt0810784,10000000,14374652,2009
tt1247640,15000000,14103752,2009
tt1361809,2915739,14000000,2009
tt1149361,33000000,14000000,2009
tt1567448,2000000,13565059,2009
tt1171701,2000000,13500000,2009
tt1308138,12000000,13380561,2009
tt0762073,5000000,13085023,2009
tt1347521,5000000,12812281,2009
tt0891592,50000000,12764201,2009
tt0976222,20000000,12225023,2009
tt1149362,21555450,11652157,2009
tt1210106,9000000,11198830,2009
tt1324059,3000000,11000000,2009
tt1225822,8000000,10848783,2009
tt1293793,8000000,10814122,2009
tt0795438,5000000,10726909,2009
tt1124052,12000000,10652498,2009
tt1300851,8000000,10629321,2009
tt1095217,25000000,10589102,2009
tt1289406,7300000,10329747,2009
tt1097013,3000000,10172519,2009
tt1230448,5750000,10000000,2009
tt1127896,30000000,9975737,2009
tt1182345,5000000,9760104,2009
tt1179258,23000000,9400000,2009
tt1366687,3500000,9112193,2009
tt1255951,8000000,9000000,2009
tt1403983,1900000,8583678,2009
tt1340838,6250000,8000000,2009
tt1174730,6000000,7875862,2009
tt1327035,1700000,7600000,2009
tt0870984,11000000,7413863,2009
tt0396707,32000000,7162618,2009
tt1073105,6000200,7048886,2009
tt1467391,33000000,6982465,2009
tt1505343,1919382,6909775,2009
tt1579540,3800000,6900000,2009
tt1148165,7000000,6812530,2009
tt34527187,5500000,6800000,2009
tt1403130,23000000,6604537,2009
tt1185442,7700000,6600000,2009
tt1370429,3000000,6600000,2009
tt1194242,8616269,6593565,2009
tt1266029,1500000,6577779,2009
tt1142433,15000000,6414729,2009
tt1226774,1100000,6200000,2009
tt1232776,3000000,5900000,2009
tt0806027,30000000,5874530,2009
tt1156173,13000000,5701481,2009
tt0887769,2998545,5619075,2009
tt1075419,15000000,5461200,2009
tt1407050,8000000,5021219,2009
tt1294213,15000000,5000000,2009
tt0803100,4980190,4628777,2009
tt1151922,6000000,4591629,2009
tt1438462,2500000,4565690,2009
tt1183251,25000000,4388563,2009
tt1379222,3906840,4300000,2009
tt0762105,3000000,4243957,2009
tt1477014,3000000,4133544,2009
tt1231277,4000000,4100000,2009
tt1121977,7000000,4000000,2009
tt0473102,12500000,3878993,2009
tt1270286,500000,3824868,2009
tt1532382,3500000,3704408,2009
tt0838247,4500000,3606395,2009
tt1174041,2200000,3600000,2009
tt1565058,125000,3470000,2009
tt34341936,1900000,3400000,2009
tt1332676,660000,3300000,2009
tt1372747,5000000,3084844,2009
tt1351672,3000000,3034481,2009
tt1523486,2000000,3004329,2009
tt0886539,2300000,3000000,2009
tt0964185,15000000,2852915,2009
tt1075113,13000000,2651917,2009
tt2250134,438000,2648133,2009
tt1370439,7000000,2540000,2009
tt1185431,10000000,2500000,2009
tt1488177,782640,2499412,2009
tt0485947,47000000,2331721,2009
tt1172570,230000,2300000,2009
tt1548624,2000000,2238101,2009
tt1278340,800000,2166797,2009
tt1289449,2000000,2149113,2009
tt1532261,2500000,2141028,2009
tt1334104,1200000,2100000,2009
tt1038043,10000000,2033946,2009
tt1400365,2000000,2000000,2009
tt1038685,12000000,2000000,2009
tt1261047,490000,2000000,2009
tt1537772,2000000,1988431,2009
tt1231287,10000000,1895782,2009
tt1208713,1771260,1880719,2009
tt1245736,7000000,1877122,2009
tt1054112,3700000,1811984,2009
tt0485601,8000000,1803412,2009
tt0978762,8240000,1740429,2009
tt1068678,9000000,1709178,2009
tt1505886,4500000,1630907,2009
tt0790712,6500000,1595417,2009
tt1187064,12000000,1594955,2009
tt2388212,1209006,1500000,2009
tt1347007,2215773,1489526,2009
tt1220628,7000000,1429299,2009
tt1185266,365000,1400000,2009
tt1077262,1000000,1331651,2009
tt1331064,1000000,1296971,2009
tt1278180,5729000,1220709,2009
tt1500516,700000,1179676,2009
tt0924129,25000000,1037335,2009
tt1172060,10000000,1035267,2009
tt1151359,9000000,1034214,2009
tt0892767,20000000,1017401,2009
tt1103982,1700000,1007962,2009
tt1309566,200,1000000,2009
tt1226232,6000000,987053,2009
tt0489049,3900000,948753,2009
tt1172230,6850000,878153,2009
tt1379177,800000,867714,2009
tt1272011,4800000,785422,2009
tt0496634,8500000,784522,2009
tt1037163,6500000,753808,2009
tt1220220,5000000,726936,2009
tt1288571,25000,713697,2009
tt1124388,1100000,659483,2009
tt1496014,1500000,625902,2009
tt1485072,1652551,555670,2009
tt1314241,2800000,510605,2009
tt1180300,230000,415555,2009
tt0353765,1885956,403547,2009
tt1242782,6000000,400000,2009
tt0893532,6000000,397941,2009
tt1258197,600000,394717,2009
tt1074929,4700000,375555,2009
tt0981042,2500000,352810,2009
tt1194624,30000000,329945,2009
tt0954990,15000000,317000,2009
tt1247692,5100000,303431,2009
tt1190536,2900000,296557,2009
tt1262981,10000000,295750,2009
tt1485063,100000,295117,2009
tt1172522,5000000,282884,2009
tt1150947,5000000,282687,2009
tt1467304,2000000,252207,2009
tt1228953,250000,232732,2009
tt1275891,100000,208867,2009
tt1542960,300000,200000,2009
tt1239444,50000,200000,2009
tt1304591,5000000,180173,2009
tt1603480,30000,179376,2009
tt6447444,78000,170000,2009
tt1309000,3500000,169466,2009
tt1161418,10000000,118492,2009
tt1379182,275000,110248,2009
tt1247662,10000000,100688,2009
tt1431240,10000,100000,2009
tt1107860,20000000,96008,2009
tt1237838,1000000,89442,2009
tt0962764,3700000,69948,2009
tt1009017,1000000,65379,2009
tt1268809,10000000,64040,2009
tt1170391,1500000,56000,2009
tt1303828,3500000,44462,2009
tt1119123,6000000,36857,2009
tt1012729,8000000,34820,2009
tt1226681,1500000,32000,2009
tt0862467,5650000,31000,2009
tt1276434,6000000,20543,2009
tt1170398,70000,20000,2009
tt1247704,3000000,18097,2009
tt1147682,700000,17977,2009
tt1368047,400000,16170,2009
tt1441937,150000,14471,2009
tt1362118,85000,14205,2009
tt1514825,420,12884,2009
tt1377278,1000000,11410,2009
tt1144551,500000,11276,2009
tt1431347,10000,10000,2009
tt12171216,10000,10000,2009
tt1210071,10000000,9069,2009
tt4762796,50,9000,2009
tt1461277,2000000,8544,2009
tt0499487,10000000,7641,2009
tt1139282,2000000,7306,2009
tt1185242,1500000,6783,2009
tt1527679,15000,5300,2009
tt1257562,4600000,5006,2009
tt2615742,4000,4000,2009
tt0346631,3700000,3492,2009
tt1132588,6500000,3234,2009
tt2202375,2500,3000,2009
tt5328004,1000,1300,2009
tt12833012,1000,1000,2009
tt1337057,120,428,2009
tt1542414,1000,200,2009
tt2030323,220,66,2009
tt0486619,365000,40,2009
tt1483488,10,11,2009
tt1631355,1,1,2009
tt1815731,4,1,2009
tt0435761,200000000,1067316101,2010
tt1014759,200000000,1025467110,2010
tt0926084,250000000,954305868,2010
tt1375666,160000000,839030630,2010
tt0892791,165000000,752600867,2010
tt1325004,68000000,698491347,2010
tt1228705,200000000,623933331,2010
tt0398286,260000000,592461732,2010
tt1323594,69000000,543284256,2010
tt0892769,165000000,495141736,2010
tt0800320,125000000,493214993,2010
tt0980970,155000000,415686217,2010
tt1504320,15000000,414211549,2010
tt1104001,170000000,409912892,2010
tt1155076,40000000,359126022,2010
tt0473075,200000000,336365676,2010
tt0947798,13000000,329398046,2010
tt1001526,130000000,321885765,2010
tt0955308,200000000,321669741,2010
tt0938283,150000000,319713881,2010
tt0970866,100000000,310650585,2010
tt1220634,60000000,300228084,2010
tt1130884,80000000,294804195,2010
tt0944835,110000000,293329073,2010
tt1261945,100000000,290700000,2010
tt1243957,100000000,278731369,2010
tt1320253,80000000,274470394,2010
tt1375670,80000000,271457606,2010
tt1013743,117000000,261989769,2010
tt1403865,38000000,252300000,2010
tt1320261,112000000,237382724,2010
tt0814255,95000000,226497209,2010
tt1285016,40000000,224920315,2010
tt0817230,52000000,216528528,2010
tt0963966,150000000,215300000,2010
tt1231583,65000000,211800000,2010
tt0879870,60000000,204594016,2010
tt1302067,80000000,203509374,2010
tt1245526,58000000,199006387,2010
tt1536044,3000000,177512032,2010
tt0429493,110000000,177238796,2010
tt1386588,100000000,170432927,2010
tt0477080,100000000,167805466,2010
tt1193631,30000000,159291809,2010
tt1037705,80000000,157107755,2010
tt0840361,37000000,154026136,2010
tt1288403,14000000,153977852,2010
tt1279935,55000000,152300000,2010
tt1568921,23000000,149660003,2010
tt0780653,150000000,140700000,2010
tt1219342,80000000,140073390,2010
tt1038919,40000000,136300000,2010
tt1477076,17000000,136151680,2010
tt1027718,70000000,134748021,2010
tt0964517,25000000,129190869,2010
tt1424381,40000000,127233108,2010
tt1116184,20000000,117224271,2010
tt1179056,35000000,115665418,2010
tt0989757,25000000,114977104,2010
tt1287468,85000000,112483764,2010
tt0808510,48000000,112462508,2010
tt1212419,50000000,107000000,2010
tt1055292,38000000,105734416,2010
tt0758752,30000000,102800000,2010
tt1393746,25000000,100297064,2010
tt1103153,75000000,98159963,2010
tt1250777,28000000,96188903,2010
tt0947810,100000000,94882889,2010
tt1528313,28000000,93800000,2010
tt1415283,35000000,93251121,2010
tt1226229,40000000,90029656,2010
tt1126591,55000000,89500000,2010
tt1294226,20000000,89137047,2010
tt0427152,69000000,86387857,2010
tt1392197,50000000,83761844,2010
tt0464154,24000000,83188165,2010
tt0892318,30000000,82148538,2010
tt1226273,80000000,81126522,2010
tt1666186,20000000,80547866,2010
tt1135084,32000000,80205382,2010
tt1212436,35000000,77477008,2010
tt1156466,3000000,76500000,2010
tt1196141,15000000,76196538,2010
tt1282140,8000000,75026327,2010
tt1320244,1800000,69400000,2010
tt1038686,26000000,67918658,2010
tt1440728,20000000,67900000,2010
tt1458175,30000000,67448651,2010
tt1564585,10500000,66984887,2010
tt1273678,28000000,66166000,2010
tt1529235,4000000,65584679,2010
tt1231587,36000000,64780213,2010
tt1305797,26400000,62000000,2010
tt1391137,20000000,60673972,2010
tt1028576,35000000,60300000,2010
tt1139328,45000000,60300000,2010
tt1126618,40000000,60040976,2010
tt1403981,16000000,56000000,2010
tt1385867,30000000,55600000,2010
tt0455407,20000000,54956140,2010
tt1179034,52000000,52800000,2010
tt0446029,73000000,51825248,2010
tt1123373,13000000,51723285,2010
tt0433362,20000000,51417188,2010
tt1213012,20000000,50507267,2010
tt0889573,19000000,49830607,2010
tt1477109,12000000,49827298,2010
tt0815236,20000000,49800000,2010
tt1321509,21000000,49050886,2010
tt1341188,120000000,48668907,2010
tt1440232,25000000,48531470,2010
tt1438254,44000000,48200000,2010
tt1465487,8700000,47355187,2010
tt1210042,17000000,45700000,2010
tt1226753,20000000,45636368,2010
tt0985694,10500000,45491656,2010
tt1527788,1255000,43059790,2010
tt1185416,55000000,43042835,2010
tt1188996,12000000,42345360,2010
tt1322312,32000000,42045846,2010
tt1588337,4000000,41424067,2010
tt1405500,21000000,38000000,2010
tt1270761,25000000,36993168,2010
tt0492389,35000000,36236710,2010
tt1182350,22000000,36015260,2010
tt1386932,12900000,36000000,2010
tt1542344,18000000,35700000,2010
tt0842926,3500000,34705850,2010
tt1179025,25000000,34604339,2010
tt34348048,17000000,34000000,2010
tt0940656,70200000,33885979,2010
tt1314655,10000000,33583175,2010
tt1629284,5500000,33020000,2010
tt1216492,19000000,32686500,2010
tt1414382,20000000,32054369,2010
tt0493949,15000000,27293743,2010
tt0977855,22000000,25806953,2010
tt1382725,20000000,25346148,2010
tt1782568,5800000,25030264,2010
tt0979434,17000000,24719879,2010
tt1023114,30000000,24172201,2010
tt1228987,20000000,24145613,2010
tt0480255,25000000,23580000,2010
tt1433108,24000000,23081726,2010
tt1569465,2000000,22212223,2010
tt0872230,25000000,21500813,2010
tt1305583,14000000,21409028,2010
tt1587729,10400000,20967660,2010
tt1045772,13000000,20768906,2010
tt1555064,15000000,20601987,2010
tt1796657,3000000,20157447,2010
tt1512888,7500000,20000000,2010
tt1562859,4800000,20000000,2010
tt1462758,1987650,19152480,2010
tt1053424,32000000,18409891,2010
tt1447972,5773100,18144030,2010
tt1431181,8000000,18124262,2010
tt1436045,6000000,17555141,2010
tt1668200,10000000,17511906,2010
tt1041804,90000000,17177993,2010
tt1584131,13400000,16700000,2010
tt1456941,27000000,16533595,2010
tt1120985,1000000,15440333,2010
tt1092634,50000000,15302850,2010
tt1272018,7000000,15172408,2010
tt1244659,31000000,15134293,2010
tt1573072,3500000,15000000,2010
tt1421051,8000000,14788642,2010
tt1691832,17000000,13851432,2010
tt1399683,2000000,13831503,2010
tt1352824,14000000,13657649,2010
tt1340107,15000000,13004198,2010
tt1588170,6000000,12966357,2010
tt1371155,7200000,12629471,2010
tt1226236,3600000,12014663,2010
tt1595366,1950000,12005838,2010
tt1667838,4400000,12000000,2010
tt1609168,3000000,12000000,2010
tt1244754,12500000,11826980,2010
tt1032751,42000000,11100000,2010
tt1075747,47000000,10539000,2010
tt1194263,700000,10522511,2010
tt1503179,3300000,10000000,2010
tt1100051,2000000,10000000,2010
tt4316192,3000000,10000000,2010
tt1813225,3000000,10000000,2010
tt1455811,7500000,10000000,2010
tt1334260,15000000,9918093,2010
tt1336617,7000000,9900000,2010
tt1655607,2200000,9700000,2010
tt1664806,5200000,9700000,2010
tt1545759,16000000,9487445,2010
tt1423995,22000000,9479718,2010
tt1470023,10000000,9322895,2010
tt1649431,3000000,9000000,2010
tt1473357,17289533,8929413,2010
tt1648112,1500000,8786756,2010
tt1746246,3000000,8628997,2010
tt1272051,25000000,8553835,2010
tt1423894,30000000,8454301,2010
tt1213648,25000000,8307227,2010
tt1395054,19000000,8300000,2010
tt1405810,7000000,8220215,2010
tt1645089,2000000,7871522,2010
tt1020773,7000000,7736632,2010
tt1572781,2000000,7701498,2010
tt1294688,7000000,7644937,2010
tt1610452,3300000,7400000,2010
tt1473074,3000000,7100000,2010
tt1285309,10000000,7022728,2010
tt1447508,2270000,6900000,2010
tt1020558,12000000,6890432,2010
tt1425257,20000000,6820000,2010
tt1255953,6800000,6788659,2010
tt1599975,14734000,6775121,2010
tt0804497,8000000,6491240,2010
tt1234654,25000000,6344112,2010
tt1341167,3900000,6200000,2010
tt0775489,18000000,6007194,2010
tt1223082,2,6000007,2010
tt1499201,6400000,5900000,2010
tt1675197,2745000,5850000,2010
tt1470827,500000,5639730,2010
tt1578116,2100000,5400000,2010
tt1706414,11000000,5380142,2010
tt1369706,10000000,5343820,2010
tt1465522,5000000,5224938,2010
tt0935075,5000000,5144717,2010
tt1602476,1900000,5100000,2010
tt1757772,1046207,5021794,2010
tt1396208,10000000,5000000,2010
tt1606267,4500000,5000000,2010
tt1172991,15000000,4882577,2010
tt1437366,3000000,4800080,2010
tt1320239,10000000,4791599,2010
tt1667852,1260000,4700000,2010
tt1343703,8500000,4404729,2010
tt0817177,14000000,4324817,2010
tt0878835,3000000,4313829,2010
tt1672091,800000,4214668,2010
tt1728179,1350000,4160000,2010
tt1740707,3500000,4159678,2010
tt1582637,4600000,4100000,2010
tt1529567,5000000,4074023,2010
tt0954947,13000000,4052191,2010
tt1167675,4000000,4000000,2010
tt1334470,4200000,4000000,2010
tt1373156,2800000,3900000,2010
tt1183917,1000000,3900000,2010
tt1680306,700000,3890000,2010
tt1441956,3837625,3867000,2010
tt1442576,9500000,3785593,2010
tt1454523,6000000,3770657,2010
tt0798817,20000000,3701600,2010
tt1572491,7000000,3604598,2010
tt1235189,8000000,3494154,2010
tt1229381,30000000,3470487,2010
tt1551620,4500000,3077143,2010
tt1773015,1312000,3061870,2010
tt1584016,30000,3045943,2010
tt1017451,10000000,2995811,2010
tt1183276,3100000,2943372,2010
tt1442556,3500000,2900000,2010
tt1602585,1700000,2800000,2010
tt1918887,510000,2700000,2010
tt1182884,5600000,2700000,2010
tt0464162,4200000,2600000,2010
tt1105748,3000000,2500000,2010
tt1059969,4000000,2415999,2010
tt1740017,3000000,2400000,2010
tt1620549,3500000,2294357,2010
tt1220888,12000000,2200000,2010
tt1627927,2705510,2124685,2010
tt1365490,7000000,2124145,2010
tt1820526,520000,2100000,2010
tt3403142,15000,2000000,2010
tt1437367,500000,2000000,2010
tt1720047,600000,2000000,2010
tt1451797,7500000,2000000,2010
tt1376709,3846807,1980411,2010
tt2653882,250000,1950000,2010
tt1127702,1400000,1891264,2010
tt0937353,5000000,1865696,2010
tt1753640,2500000,1800000,2010
tt1235796,12000000,1790061,2010
tt0411951,30000000,1697207,2010
tt1511329,1200000,1675160,2010
tt1452628,10000000,1671196,2010
tt1588358,12000,1609112,2010
tt1636842,580000,1600000,2010
tt4318010,2400000,1600000,2010
tt1735932,300000,1500000,2010
tt1620464,2500000,1477030,2010
tt1032825,30000000,1451343,2010
tt1595842,4000000,1309580,2010
tt1718881,2000000,1268793,2010
tt1719474,822000,1200000,2010
tt1512235,2500000,1185012,2010
tt1049402,5000000,1183258,2010
tt1514041,4600000,1163967,2010
tt1439229,50000,1149000,2010
tt1695800,385320,1120000,2010
tt1815775,330000,1100000,2010
tt1194417,12500000,1083683,2010
tt1810618,283096,1029455,2010
tt1708491,340000,1000000,2010
tt1313092,5000000,1000000,2010
tt1172998,143000,1000000,2010
tt1737156,691000,910000,2010
tt1321865,18000000,871279,2010
tt1434435,11000000,863000,2010
tt1179069,22000000,851517,2010
tt1185344,9000000,771499,2010
tt1191111,13000000,754249,2010
tt1671474,225000,750000,2010
tt1084717,50000,750000,2010
tt0808526,4500000,744816,2010
tt1465493,1900000,680000,2010
tt1735221,2300000,660000,2010
tt1695994,2000000,636706,2010
tt1588875,2500000,622644,2010
tt1722450,100000,621262,2010
tt1242432,2000000,572809,2010
tt2321513,380000,520000,2010
tt1639426,800000,520000,2010
tt1328913,7000000,515065,2010
tt1757806,3000000,512315,2010
tt1737237,50000000,500000,2010
tt1259570,4364700,486756,2010
tt1334553,500000,453708,2010
tt1361313,7000000,453079,2010
tt1403177,7000000,449702,2010
tt1578261,2600000,427628,2010
tt1570989,65000,416498,2010
tt1130964,6000000,399611,2010
tt1134854,4000000,386078,2010
tt1316536,4000000,358399,2010
tt1274300,20000000,346594,2010
tt1193507,1600000,300849,2010
tt1130967,96000,300000,2010
tt1129437,500000,288512,2010
tt1266037,18000000,231820,2010
tt1247667,10000000,221590,2010
tt1322384,130000,213015,2010
tt1339161,3900000,208475,2010
tt1268204,1500000,187716,2010
tt1719496,900000,159465,2010
tt1270835,2500000,156190,2010
tt1107319,4000000,143485,2010
tt1148200,5000000,143000,2010
tt1181795,25000000,129706,2010
tt1403988,4500000,123820,2010
tt1529572,9500000,120000,2010
tt2580520,300000,118550,2010
tt1276105,3800000,111731,2010
tt1739196,400000,106569,2010
tt1152822,3000000,103735,2010
tt1835948,4000000,103432,2010
tt1629248,10000,100000,2010
tt0324770,10000,100000,2010
tt1612774,500000,98017,2010
tt1831744,300000,83322,2010
tt1210039,10000000,82739,2010
tt1640402,552000,78000,2010
tt1600524,464229,62985,2010
tt1196340,10000000,55089,2010
tt3502802,25000,54474,2010
tt1535430,6000000,54034,2010
tt1107816,14000000,50113,2010
tt1134664,6000000,48411,2010
tt1337051,1089360,48298,2010
tt1106860,7000000,46488,2010
tt0826823,10464,37122,2010
tt1337193,60000,35556,2010
tt1464580,650000,33245,2010
tt1291549,5000000,33042,2010
tt1504319,5000000,27046,2010
tt1510907,250000,23859,2010
tt0915463,6000000,20776,2010
tt1706675,260553,20735,2010
tt0861747,4168500,20600,2010
tt1220214,5000000,20435,2010
tt2349630,10000,20000,2010
tt1813519,2000000,13376,2010
tt1483010,135000,10474,2010
tt1655603,2000,10454,2010
tt14242710,1000,10000,2010
tt1849814,10000,10000,2010
tt1921078,10000,10000,2010
tt1911661,150000,10000,2010
tt1489167,31192,10000,2010
tt1773643,100,8000,2010
tt1562904,1500,4549,2010
tt1664714,3000,3000,2010
tt1270296,400000,2339,2010
tt6644280,2000,2000,2010
tt1814903,5000,2000,2010
tt1280016,1500000,1493,2010
tt1579396,4000,1000,2010
tt1611174,5000,1000,2010
tt1578802,15000,500,2010
tt1494828,50,250,2010
tt4762740,10,100,2010
tt1808239,262,29,2010
tt1201607,125000000,1341511219,2011
tt1399103,195000000,1123794079,2011
tt1298650,379000000,1046721266,2011
tt1324999,110000000,712171856,2011
tt1229238,145000000,694713380,2011
tt1302011,150000000,665692281,2011
tt1596343,125000000,626100000,2011
tt1411697,80000000,586764305,2011
tt0472181,110000000,563749323,2011
tt1216475,200000000,559852396,2011
tt0448694,130000000,554987477,2011
tt1436562,90000000,483866772,2011
tt1318514,93000000,481800873,2011
tt0800369,150000000,449326618,2011
tt1675434,13000000,426590315,2011
tt0983193,130000000,373993951,2011
tt0458339,140000000,370569774,2011
tt1270798,160000000,353624124,2011
tt1615918,75000000,342695435,2011
tt1515091,125000000,334615000,2011
tt0433035,110000000,299300000,2011
tt1478338,32500000,288383523,2011
tt1650062,50000000,260100000,2011
tt1192628,135000000,245700000,2011
tt1568346,90000000,232617430,2011
tt0990407,120000000,227817248,2011
tt1253864,75000000,226904017,2011
tt1133985,200000000,219851172,2011
tt1454029,25000000,216600000,2011
tt1284575,20000000,216197492,2011
tt1564367,80000000,214945591,2011
tt1217613,70000000,211800000,2011
tt1499658,35000000,209838559,2011
tt1778304,5000000,207039844,2011
tt0377981,36000000,189712432,2011
tt1396218,55000000,187361754,2011
tt0970179,170000000,185770160,2011
tt1411704,63000000,183953723,2011
tt1568911,66000000,177584879,2011
tt1033575,20000000,177200000,2011
tt0409847,163000000,174822325,2011
tt1637688,40000000,173900000,2011
tt1222817,80000000,169900000,2011
tt1204342,45000000,165184237,2011
tt1219289,27000000,161900000,2011
tt1634122,45000000,160078586,2011
tt1562872,7700000,160000000,2011
tt1622979,40000000,157887643,2011
tt0471042,75000000,152930623,2011
tt1430607,10000000,151300000,2011
tt1605783,17000000,151119219,2011
tt1402488,130000000,150406466,2011
tt1464540,50000000,149900000,2011
tt0810913,79000000,149700000,2011
tt1632708,35000000,149500000,2011
tt1411238,25000000,149200000,2011
tt0945513,32000000,147332697,2011
tt1570728,50000000,145079584,2011
tt1598822,56000000,142044638,2011
tt1436568,8000000,137600230,2011
tt1598778,60000000,137551594,2011
tt1655442,15000000,133432856,2011
tt1071875,57000000,132563930,2011
tt1509767,75000000,132274484,2011
tt1401152,30000000,130786397,2011
tt1385826,50200000,127900000,2011
tt1389137,50000000,120081841,2011
tt1067583,38000000,117094902,2011
tt1007029,13000000,115890792,2011
tt1210166,50000000,110206216,2011
tt0881320,30000000,108609310,2011
tt1591095,1500000,100106454,2011
tt1702443,13000000,99036827,2011
tt1092026,40000000,98000000,2011
tt1262416,40000000,97231420,2011
tt1161864,37000000,96047633,2011
tt1564349,37000000,95404397,2011
tt1410063,94000000,95311434,2011
tt0479997,40000000,91627228,2011
tt0978764,82000000,89792502,2011
tt1486185,42000000,89162162,2011
tt1716772,4500000,88823111,2011
tt1517489,27000000,85564310,2011
tt1189340,40000000,85412898,2011
tt1616195,35000000,84606030,2011
tt0822847,60000000,84154026,2011
tt0480687,36000000,83200000,2011
tt1464174,32000000,82686066,2011
tt1600195,35000000,82087155,2011
tt1340800,30000000,81515369,2011
tt0780504,15000000,78100000,2011
tt1124035,12500000,76338111,2011
tt1488555,52000000,75500000,2011
tt1583420,30000000,75055070,2011
tt1650043,21000000,72526996,2011
tt1657507,40000000,71508440,2011
tt1578275,70000000,67112664,2011
tt0491152,35000000,65090821,2011
tt1093357,30000000,64626786,2011
tt0993842,30000000,63782078,2011
tt1068242,24000000,63543328,2011
tt0816462,90000000,63523283,2011
tt1798188,22000000,61037844,2011
tt1563738,15000000,59400000,2011
tt1448755,66000000,57777106,2011
tt0477302,40000000,55200000,2011
tt0478304,32000000,54700000,2011
tt1787759,25000000,54161287,2011
tt2557868,8263717,52587293,2011
tt1265990,16000000,52545707,2011
tt0472399,40000000,51070807,2011
tt1449283,30000000,49871429,2011
tt2025526,8000000,49000000,2011
tt1334512,40000000,48147945,2011
tt1937339,3550000,48000000,2011
tt1596346,18000000,47088990,2011
tt1808015,6000000,43500000,2011
tt1152398,17000000,43200000,2011
tt1700258,5650000,43000000,2011
tt1438176,30000000,41002607,2011
tt1502404,50000000,40909909,2011
tt1622547,28000000,40500000,2011
tt1462041,50000000,39984400,2011
tt1067774,20000000,39800000,2011
tt1306980,8000000,39187783,2011
tt1890493,3500000,39000000,2011
tt1305591,150000000,39000000,2011
tt1640484,6600000,37700000,2011
tt1268799,19000000,36192775,2011
tt1562871,24000000,35911689,2011
tt1630036,1000000,35690739,2011
tt1655420,6400000,35100000,2011
tt1366344,25000000,34942188,2011
tt1229822,13000000,34710627,2011
tt2088012,4160000,34000000,2011
tt1189073,13000000,33750478,2011
tt1533749,29000000,33662874,2011
tt1506999,23000000,33372606,2011
tt0905372,35000000,31505287,2011
tt2070649,2200000,31500000,2011
tt1742650,24000000,31410151,2011
tt1223236,5000000,30857747,2011
tt1692486,25000000,30722632,2011
tt0770703,20000000,30426096,2011
tt1948150,4800000,30000000,2011
tt1417108,7500000,29737384,2011
tt4164468,25000000,29000000,2011
tt2007993,25000000,29000000,2011
tt1240982,49900000,28013733,2011
tt1705772,6100000,28000000,2011
tt1571222,15000000,27462041,2011
tt1034389,25000000,27122040,2011
tt1708532,5800000,27000000,2011
tt0961097,25000000,26611650,2011
tt1772240,5000000,25562924,2011
tt1422136,4000000,25345000,2011
tt1637706,5000000,24816118,2011
tt1832382,5000000,24426169,2011
tt0376136,45000000,24000000,2011
tt1291584,25000000,23300000,2011
tt1625346,12000000,22939027,2011
tt1772424,6700000,21000000,2011
tt1821478,8400000,20000000,2011
tt1839596,10920000,19660000,2011
tt1540133,6000000,19560274,2011
tt1615147,3500000,19504039,2011
tt1922612,9000000,18663238,2011
tt1740710,5510000,18050000,2011
tt1934231,4090000,18035000,2011
tt1700423,3500000,18000000,2011
tt1456472,11000000,17877523,2011
tt1954206,2600000,17000000,2011
tt1606384,25500000,16653488,2011
tt1821680,6000000,16611575,2011
tt1527186,7400000,15946321,2011
tt1297919,15774948,15800000,2011
tt2007387,10000000,15786086,2011
tt0968264,25000000,15478800,2011
tt1521197,30000000,15395087,2011
tt1440266,4317946,14624826,2011
tt1322333,21200000,14400000,2011
tt1532503,3200000,14311701,2011
tt1547230,20000000,14166853,2011
tt1214962,17000000,14089528,2011
tt32141059,2000000,14000000,2011
tt1757912,15000000,13970489,2011
tt2097245,5000000,13645556,2011
tt0844993,30000000,13500000,2011
tt1767382,2000000,13101672,2011
tt2076251,11000000,12935800,2011
tt1764600,5000000,11840661,2011
tt1440345,25000000,11790979,2011
tt1242460,7000000,10800000,2011
tt1606392,10831173,10654385,2011
tt0999913,25000000,10324441,2011
tt1365048,3500000,10306807,2011
tt1604171,8000000,10130000,2011
tt1633356,28000000,10126458,2011
tt1890377,12000000,9927260,2011
tt1796603,6500000,9816332,2011
tt1674784,36000000,9612469,2011
tt1437358,5000000,8791590,2011
tt1618430,4800000,8400000,2011
tt1053810,41000000,8200000,2011
tt1820462,2000000,8000000,2011
tt1196170,5000000,8000000,2011
tt1848771,6100000,7900000,2011
tt1802197,23000000,7832142,2011
tt1988573,1483515,7586448,2011
tt1926313,1400000,7200000,2011
tt1830786,6500000,7100000,2011
tt0810922,19000000,6900000,2011
tt1687901,4798235,6879667,2011
tt2051941,1130710,6638849,2011
tt1836912,1700000,6100000,2011
tt1821317,4000000,6000000,2011
tt6019206,55000000,5806312,2011
tt1270262,19100000,5728213,2011
tt1727496,2600000,5700000,2011
tt1602098,8000000,5634828,2011
tt1487118,8000000,5468650,2011
tt1701210,40000000,5446000,2011
tt1621994,3800000,5400000,2011
tt1720182,1000000,5396618,2011
tt1233301,25000000,5151023,2011
tt1699491,950000,5012245,2011
tt1808454,1400000,4878284,2011
tt1542482,6200000,4820000,2011
tt1646980,17000000,4729855,2011
tt1013860,20000000,4634062,2011
tt0480239,20000000,4627375,2011
tt1508675,3850000,4230854,2011
tt1720254,13100000,4100000,2011
tt1535467,3000000,4100000,2011
tt1852904,8000000,4040142,2011
tt1478964,14350531,3964682,2011
tt1723811,6500000,3909002,2011
tt1772230,30000000,3807134,2011
tt1675192,5000000,3741098,2011
tt1710627,8538460,3716598,2011
tt1876517,19000000,3699225,2011
tt1753476,3500000,3687123,2011
tt1758692,250000,3542353,2011
tt1441326,1000000,3500000,2011
tt1682181,1100000,3483795,2011
tt1656192,10000000,3424648,2011
tt1656168,15000000,3333050,2011
tt1663321,12000000,3265941,2011
tt1742336,125000,3242802,2011
tt1541160,5000000,3142154,2011
tt1634121,13000000,3012210,2011
tt1722484,8500000,2963639,2011
tt1821682,567000,2930000,2011
tt1629376,2200000,2900000,2011
tt1285241,11000000,2900000,2011
tt1969959,5000000,2777000,2011
tt0770802,4000000,2639616,2011
tt1531663,5000000,2614773,2011
tt1586752,30000000,2527904,2011
tt1411664,10000000,2500000,2011
tt1498569,8000000,2500000,2011
tt1877589,1200000,2400000,2011
tt2158649,2700000,2372984,2011
tt1544600,200000,2295733,2011
tt1648099,1761562,2221278,2011
tt1748197,20000000,2128186,2011
tt1536048,15000000,2042203,2011
tt2145803,730000,2010000,2011
tt2258583,1000000,2000000,2011
tt1932660,446245,1983587,2011
tt1820555,3000000,1957000,2011
tt1313139,7000000,1941667,2011
tt1549572,100000,1938783,2011
tt1708473,6000000,1937328,2011
tt1034324,7000000,1891936,2011
tt1605769,11000000,1809527,2011
tt1554091,10000000,1800000,2011
tt1820524,6000000,1756511,2011
tt1650407,3100000,1743743,2011
tt1181614,5692172,1742215,2011
tt1664664,8000000,1670477,2011
tt1815799,9980000,1662013,2011
tt1686768,6700000,1373312,2011
tt1680114,2000000,1349387,2011
tt1541995,134005,1332231,2011
tt1680058,3347850,1248748,2011
tt2100376,600000,1208479,2011
tt1932688,680000,1200000,2011
tt1725795,1880000,1160000,2011
tt1988689,577450,1154901,2011
tt1754029,2500000,1116184,2011
tt0873886,4000000,1104682,2011
tt1372686,7700000,1072602,2011
tt1496729,780000,1040344,2011
tt2112999,250000,1000000,2011
tt1640548,12000000,972512,2011
tt1321860,21000000,970816,2011
tt1549589,4000000,911466,2011
tt1440292,1500000,864659,2011
tt1562568,2000000,841733,2011
tt1233334,500000,769552,2011
tt1891942,8500000,755146,2011
tt1640459,3000000,748453,2011
tt1810861,22361,721651,2011
tt1668189,2000000,676045,2011
tt1756851,7000000,647839,2011
tt2106575,6000000,628832,2011
tt1535612,15000000,618425,2011
tt1535970,10000000,610986,2011
tt2006109,2850000,580000,2011
tt1920959,370000,545328,2011
tt1686018,3000000,533235,2011
tt2020110,3500000,517069,2011
tt7618564,150000,500000,2011
tt1714210,120000,484592,2011
tt1788391,500000,450275,2011
tt1698566,200000,442481,2011
tt1588398,10000000,408680,2011
tt1855417,400,403557,2011
tt1793224,1490000,378187,2011
tt1719071,4000000,355688,2011
tt1954381,4200000,350000,2011
tt1838571,3000000,324834,2011
tt1714209,10000000,303877,2011
tt1579944,4100000,280408,2011
tt1613062,4000000,253899,2011
tt1694542,400000,252000,2011
tt1687247,45202,225861,2011
tt1860152,4141459,201607,2011
tt1562847,1200000,183597,2011
tt1566637,180000,175742,2011
tt1645048,3000000,162288,2011
tt1316540,1000000,162088,2011
tt2006781,2300000,159846,2011
tt2043962,20000,154098,2011
tt1206483,73476,134906,2011
tt1686784,35000000,127709,2011
tt2086830,130000,124068,2011
tt1634136,8000000,108139,2011
tt1242599,17000,101236,2011
tt3131744,10000,100000,2011
tt1251743,5500000,89182,2011
tt1486193,20000000,87793,2011
tt1594562,750000,78396,2011
tt1446147,25000000,65708,2011
tt1436559,13000000,51917,2011
tt1830459,1000000,50431,2011
tt4698472,50,50000,2011
tt1870538,50000,50000,2011
tt1732563,6000,50000,2011
tt1727491,1300000,46782,2011
tt0466893,14000000,46495,2011
tt1815849,50000,37997,2011
tt1706679,100000,34007,2011
tt1863160,436500,33144,2011
tt1726589,930000,30905,2011
tt1353810,200000,30000,2011
tt1396221,8000000,25603,2011
tt1801113,1100,25206,2011
tt2038251,50000,25000,2011
tt2035599,900000,25000,2011
tt1572154,400000,21097,2011
tt1707392,1000000,18463,2011
tt1817711,1200000,15468,2011
tt1859446,97000,15292,2011
tt1814746,743416,15031,2011
tt2127326,5000,10000,2011
tt2072164,8000000,8557,2011
tt1610996,70000,8555,2011
tt2960486,5000,6000,2011
tt1582271,6000000,5206,2011
tt2358092,5000,5000,2011
tt1880418,9000,5000,2011
tt1235841,11000000,2140,2011
tt1479665,200000,2038,2011
tt3524254,1500,1600,2011
tt12233564,7000,1000,2011
tt4108736,10,675,2011
tt1709654,5000000,625,2011
tt1627898,3000,600,2011
tt8047962,10000,500,2011
tt5275096,10,100,2011
tt1832334,1370,24,2011
tt1831829,20,15,2011
tt0803061,5,13,2011
tt1476411,42,13,2011
tt2082513,2,9,2011
tt2408790,6,6,2011
tt3435632,7,6,2011
tt2318717,30000000,5,2011
tt0848228,220000000,1518815515,2012
tt1074638,200000000,1108594176,2012
tt1345836,250000000,1081041287,2012
tt0903624,250000000,1021103568,2012
tt1667889,95000000,877244782,2012
tt1673434,120000000,829747654,2012
tt0948470,215000000,757930663,2012
tt1277953,145000000,746921274,2012
tt1392170,75000000,694000000,2012
tt1409024,225000000,654213485,2012
tt0454876,120000000,609016565,2012
tt1637725,50000000,549368315,2012
tt1217209,185000000,538983207,2012
tt1772341,165000000,471222889,2012
tt1707386,61000000,442636309,2012
tt1853728,100000000,425368238,2012
tt1446714,130000000,403354469,2012
tt1735898,170000000,396600000,2012
tt1397280,45000000,376100000,2012
tt0837562,85000000,358375603,2012
tt1397514,79000000,355692760,2012
tt1482459,70000000,349305397,2012
tt1764651,100000000,314975955,2012
tt1446192,145000000,306941670,2012
tt1440129,209000000,303025485,2012
tt1646987,150000000,301970083,2012
tt0401729,250000000,284100000,2012
tt1194173,130000000,276600000,2012
tt0443272,65000000,275300000,2012
tt1077368,150000000,245527149,2012
tt1855325,65000000,240159255,2012
tt1045658,21000000,236412453,2012
tt1605630,50000000,234989584,2012
tt1024648,44500000,232300000,2012
tt0790724,60000000,218300000,2012
tt1599348,85000000,208076205,2012
tt2459022,2200000,208000000,2012
tt1232829,42000000,201585328,2012
tt1386703,125000000,198800000,2012
tt1649419,45000000,198100000,2012
tt1606389,30000000,196114570,2012
tt1667353,85000000,183018522,2012
tt1645170,65000000,179379533,2012
tt1424310,26000000,171339013,2012
tt1915581,7000000,167200000,2012
tt1907668,31000000,161772575,2012
tt1496025,70000000,160112671,2012
tt1596350,65000000,156974557,2012
tt1412386,10000000,150501815,2012
tt1706593,15000000,145000000,2012
tt2109184,5000000,142802657,2012
tt1800741,33000000,140470746,2012
tt1790885,40000000,132800000,2012
tt1371111,102000000,130482868,2012
tt1596365,32000000,129000000,2012
tt1430626,60000000,123054041,2012
tt1047540,25000000,119772232,2012
tt1611224,69000000,116500000,2012
tt1981677,17000000,115647426,2012
tt1535438,30000000,114281051,2012
tt1659343,11500000,113706000,2012
tt1623288,60000000,107307220,2012
tt1790886,95000000,104907746,2012
tt1636826,12000000,102731865,2012
tt1560985,1000000,101800000,2012
tt3718222,100000,100000000,2012
tt1327194,25000000,99400000,2012
tt1524137,25000000,96262212,2012
tt1621045,12000000,96070507,2012
tt1758830,35000000,88200000,2012
tt0431021,14000000,85446075,2012
tt1615065,45000000,82966152,2012
tt1922777,3000000,82515113,2012
tt1591479,12000000,82499399,2012
tt1142977,39000000,81493846,2012
tt1601913,25000000,79781695,2012
tt1586265,40000000,79700000,2012
tt2023453,22000000,76196538,2012
tt1859650,17000000,73258078,2012
tt1648179,42000000,73100000,2012
tt1259521,30000000,71038838,2012
tt1781769,40600000,68929150,2012
tt1298649,68000000,68267862,2012
tt1748122,16000000,68263166,2012
tt0860907,13000000,67282623,2012
tt2215285,20000000,66899242,2012
tt2016894,14040000,62690000,2012
tt1597522,61000000,61319383,2012
tt1441951,11000000,59520298,2012
tt1336608,75000000,59400000,2012
tt1232200,70000000,57719093,2012
tt1462769,25000000,56012642,2012
tt0938330,20000000,55975672,2012
tt1212450,26000000,55404207,2012
tt1855199,7000000,55078146,2012
tt0383010,30000000,54819301,2012
tt1195478,30000000,54169363,2012
tt0485985,58000000,50365377,2012
tt1723642,50000000,50100000,2012
tt2083383,60000000,49000000,2012
tt1276104,30000000,47042000,2012
tt1568338,42000000,46221189,2012
tt1234719,65000000,44806783,2012
tt1582507,6900000,44287131,2012
tt1694020,40000000,41863726,2012
tt1343727,50000000,41037742,2012
tt1794850,25496629,40924982,2012
tt1656190,30000000,40300000,2012
tt1991245,1000000,38390020,2012
tt1764234,15000000,37930465,2012
tt1598828,40000000,36893721,2012
tt1885265,14000000,35579177,2012
tt1764183,12000000,35500000,2012
tt1783232,16000000,35000000,2012
tt1756415,6000000,35000000,2012
tt1222815,5000000,34823764,2012
tt1441952,14400000,34564651,2012
tt2247692,2500000,33449086,2012
tt1659337,13000000,33384127,2012
tt1931533,15000000,33035736,2012
tt1592525,20000000,32948113,2012
tt2215719,12000000,32726956,2012
tt1438173,33492566,32500000,2012
tt1710396,25000000,31158113,2012
tt1547234,35000000,31100000,2012
tt2077833,6700000,31000000,2012
tt1540128,35000000,30962335,2012
tt1712170,45000000,30353232,2012
tt1602620,8900000,29800000,2012
tt1486192,26000000,29657751,2012
tt2076176,27563396,29193330,2012
tt1560747,32000000,28258060,2012
tt1849718,8700000,28000000,2012
tt2176013,6087315,27942181,2012
tt0975645,15700000,27039669,2012
tt2053425,15400000,25762027,2012
tt1430615,40000000,24719215,2012
tt1876451,14000000,24637469,2012
tt1655460,35000000,24200000,2012
tt2187153,11000000,23000000,2012
tt1764625,10500000,23000000,2012
tt1374992,60000000,22187813,2012
tt0763831,40000000,22044277,2012
tt1980986,7100000,22000000,2012
tt2125435,1800000,21107746,2012
tt1728986,6300000,21000000,2012
tt1258972,15000000,20546518,2012
tt1673697,9000000,20400000,2012
tt1381404,2000000,20014680,2012
tt2258337,5990000,19450000,2012
tt2283748,2500000,19000000,2012
tt2106476,3800000,18300000,2012
tt2168910,5100000,18000000,2012
tt1366365,20000000,16863583,2012
tt1854236,5500000,16722143,2012
tt2304655,7000000,16000000,2012
tt1821480,1200000,16000000,2012
tt1640711,14400000,15521362,2012
tt1276419,8000000,14800000,2012
tt2089750,4095000,14433981,2012
tt2097307,2000000,14400000,2012
tt2140315,3600000,14000000,2012
tt2172071,8391922,13749809,2012
tt2243621,7000000,13567781,2012
tt1748179,14000000,13551174,2012
tt1840417,6000000,13231461,2012
tt1826660,2800000,13218980,2012
tt1716777,16000000,12434778,2012
tt2077908,10750000,12197574,2012
tt1920849,3000000,11947954,2012
tt2592500,2000000,11666088,2012
tt2181931,2840000,11620000,2012
tt1663143,14000000,11417362,2012
tt1649444,6400000,11019975,2012
tt2550838,6843500,10703234,2012
tt1592873,11000000,10500000,2012
tt1728245,8000000,10365684,2012
tt1566501,12000000,10173682,2012
tt1034314,7500000,10109659,2012
tt1946347,40000000,10079201,2012
tt2414166,1000000,10000000,2012
tt2288121,4000000,9938268,2012
tt1307068,10000000,9636289,2012
tt1433822,17000000,9627492,2012
tt1308729,55000000,9489829,2012
tt1839492,8000000,9368803,2012
tt1846985,10495000,9303603,2012
tt1704573,5000000,9206470,2012
tt1899353,1100000,9148519,2012
tt1866249,1000000,9138338,2012
tt2100411,8000000,9000000,2012
tt2993556,300000,8995240,2012
tt2456720,5579750,8927600,2012
tt1567609,35000000,8826837,2012
tt0337692,25000000,8784318,2012
tt1714203,5000000,8493728,2012
tt1440732,9000000,8303261,2012
tt1856014,6629445,8249053,2012
tt1816518,12500000,8170333,2012
tt2091473,15000000,8100000,2012
tt1658837,18200000,7462847,2012
tt2034761,5000000,7419431,2012
tt2371486,3500000,7339398,2012
tt2318405,11000000,7200000,2012
tt2226666,2006871,7040609,2012
tt1456635,12000000,6985158,2012
tt1765729,6500000,6969292,2012
tt2299842,103000,6616296,2012
tt2616620,4000000,6500000,2012
tt0857190,3730500,6294161,2012
tt2525596,3000000,6180000,2012
tt1480656,20500000,6063556,2012
tt2389344,22361,5876918,2012
tt3881384,430000,5800000,2012
tt2137992,8456800,5750000,2012
tt2094898,5900000,5189055,2012
tt1389096,15000000,5100000,2012
tt2186731,3200000,4800000,2012
tt1817676,5000000,4709246,2012
tt1726669,10000000,4633668,2012
tt2321517,6000000,4588176,2012
tt1862079,750000,4424699,2012
tt1654829,12700000,4408087,2012
tt1588334,10000000,4400000,2012
tt2398143,4615385,4346138,2012
tt1954470,1400000,4100000,2012
tt1706317,7500000,3800000,2012
tt2125608,1000000,3696196,2012
tt1172587,15000000,3495597,2012
tt1562873,2000000,3423685,2012
tt1540767,5000000,3377891,2012
tt1985017,10000000,3336053,2012
tt1990314,2500000,3325038,2012
tt1893195,5000000,3300000,2012
tt2355765,453500,3260000,2012
tt1817191,6500000,3216359,2012
tt2331066,12000000,2943372,2012
tt2332563,3500000,2900000,2012
tt2082197,4437508,2804874,2012
tt2585562,240000,2800000,2012
tt1693039,8000000,2787008,2012
tt1695765,1,2755584,2012
tt1954701,300000,2750275,2012
tt1937264,4500000,2700000,2012
tt2103217,6000000,2631275,2012
tt5465472,236203,2598235,2012
tt1925431,20000000,2500277,2012
tt2255934,1200000,2500000,2012
tt1766094,15000000,2500000,2012
tt3129632,1200000,2400000,2012
tt2062575,4620000,2395000,2012
tt1211890,2000000,2368060,2012
tt2309987,1300000,2300000,2012
tt2178508,4300000,2200000,2012
tt1656186,35000000,2106557,2012
tt2239866,1791280,2035311,2012
tt2229208,1950000,2000000,2012
tt1491044,20000000,1969193,2012
tt1667310,12000000,1900000,2012
tt1414404,6731770,1850000,2012
tt1954352,13000000,1832541,2012
tt2391817,610000,1800000,2012
tt1934234,6453637,1800000,2012
tt1770734,6300000,1777709,2012
tt2471640,95000,1671445,2012
tt1602472,8000000,1653792,2012
tt1753722,2000000,1620436,2012
tt2186933,460000,1600000,2012
tt1713476,2000000,1581252,2012
tt1132449,26350000,1576687,2012
tt2407826,500000,1550000,2012
tt2157186,1300000,1530000,2012
tt2106741,12000000,1528580,2012
tt1998244,15000,1500000,2012
tt2630526,2723311,1424291,2012
tt2483516,200000,1386692,2012
tt1496422,12500000,1353868,2012
tt1846472,6800000,1305473,2012
tt1996264,850000,1243961,2012
tt2081266,7217957,1217451,2012
tt1726888,1009653,1212354,2012
tt1891788,2100000,1073326,2012
tt1520498,20000000,1065907,2012
tt1758610,2000000,1034448,2012
tt1857842,500000,1000000,2012
tt1996310,4000000,970000,2012
tt2243275,2300000,946300,2012
tt1603257,3000000,921752,2012
tt2406636,750000,890000,2012
tt2564144,120000,885000,2012
tt2321541,3000000,849776,2012
tt1976608,500000,845188,2012
tt2119579,2950000,758000,2012
tt2375605,1000000,722714,2012
tt2076220,4000000,641100,2012
tt1230215,20000000,610792,2012
tt1971352,270000,592116,2012
tt2041488,587211,587211,2012
tt2231505,1250000,582094,2012
tt1843287,4800000,562878,2012
tt1703125,8000000,532777,2012
tt2106749,500000,500000,2012
tt2363047,400000,500000,2012
tt2304517,500000,500000,2012
tt1766044,200000,486937,2012
tt1733105,2176270,479226,2012
tt1507563,25000000,432274,2012
tt2063781,500000,377000,2012
tt2386321,1091429,310294,2012
tt2167873,300000,290000,2012
tt6789462,153700,203700,2012
tt1855401,3000000,201436,2012
tt1797348,3800000,197911,2012
tt8513070,1000000,196908,2012
tt1651118,1000000,196908,2012
tt1927035,2000000,174000,2012
tt2344824,310000,160000,2012
tt1535616,3000000,156362,2012
tt2347497,5000000,130781,2012
tt2345561,120000,130000,2012
tt1934269,500000,116207,2012
tt1781784,225000,111300,2012
tt2105044,242000,100345,2012
tt2548096,10000,100000,2012
tt1027820,500000,98201,2012
tt2006040,1500000,96948,2012
tt2126362,100000,95000,2012
tt1545106,16000000,92748,2012
tt1763303,2000000,92654,2012
tt2520926,300000,83077,2012
tt0249516,65000000,73706,2012
tt2509428,58303,67205,2012
tt2567370,190000,62000,2012
tt1331294,7648160,59810,2012
tt1780762,2000000,58510,2012
tt0995845,15500000,58387,2012
tt2519078,3633924,55906,2012
tt2131698,8000000,42330,2012
tt1286766,1685336,41197,2012
tt13554070,17642,39204,2012
tt2179115,100000,38447,2012
tt1836944,4000000,37470,2012
tt2244376,11178,34659,2012
tt2119439,1000000,31323,2012
tt2526660,22361,31307,2012
tt1935074,30000,31000,2012
tt2444514,30000,30000,2012
tt1699745,11180,24591,2012
tt1403214,3600000,24267,2012
tt1781775,7300000,23998,2012
tt1395065,1300000,23881,2012
tt1772422,7500000,21276,2012
tt1396226,13000000,18295,2012
tt1734586,500000,15919,2012
tt0851471,15000000,15838,2012
tt1734548,19000,12400,2012
tt2182019,200000,11575,2012
tt5209546,4700,11000,2012
tt2008508,2000,10000,2012
tt2146128,2000,10000,2012
tt1945062,2500000,8315,2012
tt1663631,10000000,6106,2012
tt2194914,4500,6000,2012
tt1847713,15000000,5290,2012
tt2466864,1000,5000,2012
tt2386377,542000,4912,2012
tt2283916,3000,3000,2012
tt1867093,12000000,2521,2012
tt2309220,320000,2333,2012
tt4690834,50,2000,2012
tt11257754,2000,2000,2012
tt1885300,1500000,1938,2012
tt3839462,500,1000,2012
tt2032568,500,600,2012
tt2170576,150,500,2012
tt3460400,100,100,2012
tt1808274,50,100,2012
tt1831602,93,87,2012
tt2243629,212,69,2012
tt1918796,50000,30,2012
tt1564915,20,20,2012
tt2354571,15,15,2012
tt4440640,666,5,2012
tt2294629,150000000,1274219009,2013
tt1300854,200000000,1215577205,2013
tt1690953,76000000,970766005,2013
tt1170358,250000000,958400000,2013
tt1951264,130000000,865011746,2013
tt1905041,160000000,788700000,2013
tt1453405,200000000,743559465,2013
tt1454468,105000000,723192705,2013
tt0770828,225000000,668045518,2013
tt1981115,170000000,644783140,2013
tt0481499,135000000,587204668,2013
tt0816711,200000000,531865000,2013
tt1623205,200000000,491868548,2013
tt1408101,190000000,467381584,2013
tt1430132,120000000,415440673,2013
tt1663662,180000000,411000000,2013
tt0993846,100000000,407038432,2013
tt1583421,130000000,371900000,2013
tt1951261,103000000,362000072,2013
tt1670345,75000000,351723989,2013
tt1343092,105000000,351040419,2013
tt2017020,105000000,347434178,2013
tt1457767,13000000,321293998,2013
tt1606378,92000000,304654182,2013
tt1483013,120000000,286168572,2013
tt1535108,115000000,286140700,2013
tt1860353,135000000,282570682,2013
tt1723121,37000000,270000000,2013
tt0848537,100000000,268426634,2013
tt1210819,215000000,260500000,2013
tt1800241,40000000,251171807,2013
tt1985966,78000000,248384621,2013
tt2191701,80000000,247022278,2013
tt1815862,130000000,243843127,2013
tt2404463,43000000,229930771,2013
tt1428538,50000000,226349749,2013
tt1691917,50000000,219788712,2013
tt1535109,55000000,218791811,2013
tt2334879,150000000,205366737,2013
tt1854564,90000000,199850315,2013
tt1351685,195000000,197700000,2013
tt0359950,90000000,188133322,2013
tt2024544,20000000,187000000,2013
tt1327773,25000000,177313795,2013
tt2024432,35000000,173965010,2013
tt1229340,50000000,173700000,2013
tt2302755,70000000,170270201,2013
tt2226417,5000000,161921515,2013
tt3063516,15000000,151831537,2013
tt1335975,175000000,151783839,2013
tt1091191,40000000,149295601,2013
tt1821694,84000000,148075565,2013
tt2023587,15000000,146428180,2013
tt1211956,50000000,137328301,2013
tt1204975,28000000,134400000,2013
tt1272878,61000000,131940411,2013
tt1762399,80000000,126500000,2013
tt1245492,32000000,126041322,2013
tt1731141,110000000,125537191,2013
tt1392214,46000000,122126687,2013
tt2013293,30000000,117932401,2013
tt1588173,35000000,117000000,2013
tt2140373,35000000,112544580,2013
tt1621039,55000000,110000000,2013
tt1321870,60000000,105200000,2013
tt2431286,12000000,100100000,2013
tt2334873,18000000,99104804,2013
tt2378281,5500000,99067206,2013
tt1288558,17000000,99010045,2013
tt1411250,38000000,98337295,2013
tt1702439,28000000,97600000,2013
tt1538403,60000000,95396573,2013
tt0453562,40000000,95020213,2013
tt2599716,35000000,94249025,2013
tt2234155,58000000,93500000,2013
tt2184339,3000000,91266581,2013
tt1833673,19500000,91000000,2013
tt1979320,38000000,90200000,2013
tt1980209,25000000,87305549,2013
tt2194499,12000000,87100449,2013
tt1706620,39200000,86758912,2013
tt1939659,30000000,84790678,2013
tt1029231,20000000,84000000,2013
tt2169322,4881000,81350000,2013
tt0795461,20000000,78613981,2013
tt0816442,19000000,76586316,2013
tt0765446,40000000,74597643,2013
tt1322269,25000000,74188937,2013
tt2083355,17000000,71625195,2013
tt2193215,25000000,71009334,2013
tt1911644,13000000,68572378,2013
tt2515086,10000000,68500000,2013
tt1966566,30000000,68129518,2013
tt3148834,34000000,64197205,2013
tt1462900,38600000,64076736,2013
tt2053463,30000000,63414135,2013
tt1517260,44000000,63300000,2013
tt2364841,30000000,62600000,2013
tt2112124,18000000,62000000,2013
tt0790736,130000000,61600000,2013
tt1650554,28000000,60795985,2013
tt2243537,2500000,60141683,2013
tt1559547,60000000,60052138,2013
tt2101473,36000000,57284237,2013
tt0790636,5000000,55736588,2013
tt2609758,25000000,53396635,2013
tt2070862,37000000,53143144,2013
tt3066270,8000000,51936318,2013
tt2312718,22000000,51695362,2013
tt2113681,9250000,51167572,2013
tt2387559,26000000,51164106,2013
tt2199711,17000000,51000000,2013
tt2357377,9000000,48965210,2013
tt1711425,13000000,48065672,2013
tt1798709,23000000,47351251,2013
tt1572315,20000000,47340586,2013
tt1817273,15000000,47135966,2013
tt1904996,35000000,46216641,2013
tt1213663,20000000,46100000,2013
tt2178470,7700000,46000000,2013
tt34371053,23000000,45000000,2013
tt1661382,40000000,44907260,2013
tt0882977,35000000,42930462,2013
tt2357129,12000000,42100000,2013
tt1456660,2320000,41807000,2013
tt2404311,30000000,36894225,2013
tt3146360,11300000,35825575,2013
tt3155654,1900000,35461505,2013
tt1235522,56000000,34737199,2013
tt2776344,1800000,33000000,2013
tt2042568,11000000,32935319,2013
tt2276778,12000000,32867967,2013
tt1634003,21000000,32768940,2013
tt1935179,10000000,32613173,2013
tt1333125,6000000,32443111,2013
tt2101441,5000000,32016127,2013
tt2368672,19700000,30000000,2013
tt2182001,7720000,29523237,2013
tt2244901,13000000,29200000,2013
tt2304771,35000000,27985788,2013
tt2387433,3500000,27858103,2013
tt1821549,12000000,27700000,2013
tt0790628,30000000,27437881,2013
tt1487931,20000000,27200000,2013
tt2222394,2000000,26433651,2013
tt2356180,4600000,25000000,2013
tt2358891,9200000,24930592,2013
tt2576852,49300000,24366656,2013
tt1924429,20000000,24300000,2013
tt2058107,18000000,24174885,2013
tt1727388,4600000,23198652,2013
tt1171222,8500000,22456509,2013
tt1931435,35000000,21800000,2013
tt1758595,15000000,21766271,2013
tt2555958,9200000,21000000,2013
tt2464018,2000000,20552094,2013
tt1967545,18000000,20275812,2013
tt1639826,22000000,19799759,2013
tt2278871,4300000,19796489,2013
tt2101341,30000000,19600000,2013
tt1924396,13500000,19255873,2013
tt2132285,15000000,19145732,2013
tt2476154,4900000,19000000,2013
tt1814621,13000000,18637201,2013
tt2668134,30000000,18010317,2013
tt2635622,3300000,18000000,2013
tt2377938,7100000,18000000,2013
tt2334649,900000,17600000,2013
tt2350496,3400000,17240000,2013
tt1413495,35000000,17056265,2013
tt1532958,20000000,16549477,2013
tt2404181,10900000,16500000,2013
tt2203308,1300000,16000000,2013
tt1291580,23000000,15600000,2013
tt1206543,22000000,15400000,2013
tt2718492,1000000,15298355,2013
tt2034139,5000000,15200000,2013
tt1853739,1000000,14347000,2013
tt2438644,5650000,13700000,2013
tt1937390,2350000,13545832,2013
tt2403021,5000000,12931420,2013
tt1682180,12000000,12077441,2013
tt3417422,750000,12000000,2013
tt2370244,6100000,12000000,2013
tt2877108,310000,12000000,2013
tt2243389,5000000,11724119,2013
tt2261749,7000000,11311521,2013
tt2209418,3000000,11176469,2013
tt3166476,2500803,11074988,2013
tt3215356,1500000,11000000,2013
tt2301155,6900000,11000000,2013
tt3165608,5000000,10980157,2013
tt2404461,11000000,10631747,2013
tt2167202,18000000,10501938,2013
tt2027140,16040770,10435322,2013
tt1602613,4800000,10300000,2013
tt0469021,4000000,9800000,2013
tt2752200,4650000,9757417,2013
tt2004432,8000000,9630444,2013
tt1981107,33000000,9494789,2013
tt1699755,15000000,9300000,2013
tt1450321,5000000,9114264,2013
tt1837703,28000000,8555008,2013
tt2440354,5393500,8552550,2013
tt1486834,11000000,8500000,2013
tt2654480,4000000,8500000,2013
tt1893256,20000000,8352885,2013
tt2187114,3700000,8300000,2013
tt1714915,7000000,8213623,2013
tt2106537,6500000,8100000,2013
tt2172935,18000000,7972967,2013
tt2170299,9500000,7800000,2013
tt2671776,3849796,7471304,2013
tt3316302,3400000,7400000,2013
tt2357926,4600000,7300000,2013
tt2165236,1700000,7029858,2013
tt1425922,17500000,7018189,2013
tt1714206,2500000,6854611,2013
tt2344678,9500000,6800000,2013
tt2855648,5400000,6500000,2013
tt2406676,3500000,6500000,2013
tt2017038,9000000,6108720,2013
tt2181831,970000,6100000,2013
tt2396566,1000000,5892466,2013
tt1951181,16000000,5867686,2013
tt2465578,6000000,5809330,2013
tt2385104,3900000,5600000,2013
tt2910300,2120000,5600000,2013
tt2609222,5112027,5586646,2013
tt2229848,37000000,5500000,2013
tt2005374,27220000,5496951,2013
tt2436516,2700000,5400000,2013
tt2246724,4100000,5300000,2013
tt2806788,2200000,5200000,2013
tt1321511,30000000,5200000,2013
tt1457765,8000000,5127434,2013
tt2876428,4000000,5104868,2013
tt2224317,4100000,5100000,2013
tt2379318,3300000,4949039,2013
tt2382009,2350000,4934725,2013
tt3338310,2000000,4803665,2013
tt2640474,300000,4588899,2013
tt2295196,2300000,4500000,2013
tt2649128,13000000,4463059,2013
tt2856674,4200000,4300000,2013
tt2877104,700000,4200000,2013
tt2472432,1200000,3995340,2013
tt1684233,8500000,3900000,2013
tt2230358,5000000,3876587,2013
tt3121604,390000,3800000,2013
tt2523600,5000000,3768967,2013
tt2363213,6500000,3721345,2013
tt2736854,2500000,3678530,2013
tt2171867,11000000,3639345,2013
tt1847746,2000000,3635718,2013
tt3265990,450000,3600000,2013
tt1758795,1500000,3566225,2013
tt1433811,10000000,3428048,2013
tt2866778,833333,3166666,2013
tt1659338,10000000,3107646,2013
tt3300904,2300000,3100000,2013
tt2699290,2700000,3100000,2013
tt1838603,8200000,2967122,2013
tt2294677,1000000,2963902,2013
tt3280730,1849089,2900000,2013
tt2051894,1200000,2861020,2013
tt3075360,670000,2830000,2013
tt3329246,970000,2800000,2013
tt1932767,6000000,2711379,2013
tt2797242,11000000,2700000,2013
tt2398340,2100000,2600000,2013
tt2643308,2400005,2505528,2013
tt1747958,25500000,2415472,2013
tt1869716,6500000,2401510,2013
tt2882328,700000,2200000,2013
tt2032557,15000000,2200000,2013
tt1985019,4900000,2159041,2013
tt2016940,25000000,2054941,2013
tt3259968,13898500,1872903,2013
tt3069954,799749,1771751,2013
tt2002718,20000000,1750000,2013
tt1662293,3000000,1675381,2013
tt2816776,2000000,1646962,2013
tt2370248,1000000,1645164,2013
tt2408134,6314256,1614831,2013
tt2094854,850000,1600000,2013
tt1311071,5600000,1600000,2013
tt2103267,16000000,1600000,2013
tt1426329,10000000,1585582,2013
tt1828959,15000000,1583687,2013
tt2585840,2200000,1444235,2013
tt2572764,6000000,1431461,2013
tt2395421,1750000,1417453,2013
tt2345112,10000000,1412181,2013
tt2179116,1500000,1400000,2013
tt4771796,690000,1368000,2013
tt1657510,7500000,1359910,2013
tt2402105,7000000,1300000,2013
tt3274666,12000000,1214919,2013
tt1715336,4357373,1200000,2013
tt2852458,1400000,1200000,2013
tt1922685,10000000,1197759,2013
tt2359810,6400000,1171761,2013
tt1731697,1500000,1165882,2013
tt1767354,27000000,1149267,2013
tt1741243,5000000,1080000,2013
tt2996636,580000,1051000,2013
tt2388637,4000000,1031243,2013
tt3659066,100000,1000000,2013
tt3667436,630000,950000,2013
tt1986769,7000000,887851,2013
tt2609050,381950,887460,2013
tt3078718,1400000,835486,2013
tt2572160,1054125,825000,2013
tt2333804,8500000,770706,2013
tt1785669,15600000,747872,2013
tt1829012,20000000,713616,2013
tt2981714,511180,702873,2013
tt1596753,2000000,650675,2013
tt2375574,300000,600000,2013
tt1068953,150000,560000,2013
tt2301592,3000000,558636,2013
tt3258080,250000,540000,2013
tt2088871,1800000,532269,2013
tt3174120,846820,515150,2013
tt3922188,210000,500000,2013
tt1680123,7700000,467282,2013
tt2717558,1052753,466088,2013
tt2084989,100000,444098,2013
tt2503154,500000,410129,2013
tt2899136,858572,382454,2013
tt1986040,2000000,355000,2013
tt1839642,4000000,350006,2013
tt2371287,200000,325000,2013
tt2317225,1500000,314131,2013
tt2580150,160000,310000,2013
tt2009606,6000000,284000,2013
tt2292959,250000,270185,2013
tt2786278,110000,270000,2013
tt1663207,12000000,265452,2013
tt1659216,7000000,257019,2013
tt2328549,2729542,256979,2013
tt1323973,7000000,249601,2013
tt2363471,1000000,243550,2013
tt2044729,12000000,210565,2013
tt3415692,7000000,210000,2013
tt2425542,1500000,193081,2013
tt2187884,650000,171962,2013
tt2358592,79000,170000,2013
tt2100575,5200000,159828,2013
tt2094890,750000,157937,2013
tt2943974,1300000,156002,2013
tt2852400,4000000,154120,2013
tt1783732,1000000,142000,2013
tt2429144,85000,140000,2013
tt2018086,3512454,115860,2013
tt6566142,100000,100000,2013
tt4291166,10000,100000,2013
tt4498818,100000,100000,2013
tt2405564,45000,100000,2013
tt1531901,10000000,89237,2013
tt1763264,2900000,74918,2013
tt2610276,32000,65000,2013
tt2511670,4000000,63946,2013
tt2024506,2000000,61669,2013
tt2872810,108000,57000,2013
tt4782088,5000,50000,2013
tt2380207,60000,50000,2013
tt0817545,4000000,45659,2013
tt2133234,15000,45000,2013
tt2322316,981065,43559,2013
tt1786751,5000000,40400,2013
tt28509692,30000,40000,2013
tt2210834,10000000,30283,2013
tt2990818,15000,30000,2013
tt1709143,10600000,24084,2013
tt2638480,1600000,21403,2013
tt3558190,450000,14000,2013
tt6392808,8500,11000,2013
tt2673854,2000,10604,2013
tt2410266,1200000,10130,2013
tt3206586,5000,10000,2013
tt6813504,100000,9000,2013
tt2201548,100000,8348,2013
tt1376213,25000000,6399,2013
tt1986850,20000,5000,2013
tt1838520,1300000,4404,2013
tt3077530,150,3731,2013
tt24406494,2000,2000,2013
tt3300946,500,1200,2013
tt3215220,1000,1200,2013
tt2083231,15000000,1061,2013
tt11570056,500,1000,2013
tt2656454,1000,500,2013
tt2885734,800,500,2013
tt2337650,500,500,2013
tt2275471,5000000,388,2013
tt3912256,200,200,2013
tt4194270,100,100,2013
tt3332410,10000000,78,2013
tt2857196,46,46,2013
tt3028362,7,16,2013
tt2551378,7,12,2013
tt3369096,1,2,2013
tt2109248,210000000,1104054072,2014
tt2310332,250000000,956019788,2014
tt2015381,170000000,772776600,2014
tt1587310,180000000,758539785,2014
tt1951265,125000000,755356711,2014
tt0816692,165000000,746606706,2014
tt1877832,250000000,746045700,2014
tt1843866,170000000,714766572,2014
tt2103281,170000000,710644566,2014
tt1872181,200000000,708962323,2014
tt2245084,165000000,657870525,2014
tt1646971,145000000,621537519,2014
tt2179136,58800000,542300000,2014
tt0831387,160000000,524978362,2014
tt2357291,103000000,498781117,2014
tt1291150,125000000,485004754,2014
tt1490017,60000000,470759687,2014
tt2872732,40000000,469058574,2014
tt1911658,132000000,373515621,2014
tt2267998,61000000,370890259,2014
tt1631867,178000000,370541256,2014
tt2692250,127000000,363204635,2014
tt1959490,125000000,362600000,2014
tt1790864,34000000,348319861,2014
tt1253863,110000000,337580051,2014
tt2294449,50000000,331333876,2014
tt1109624,55000000,326113057,2014
tt2446042,48000000,325800000,2014
tt2582846,14000000,307166834,2014
tt1840309,85000000,288885818,2014
tt0864835,145000000,272912430,2014
tt2004420,18000000,270665134,2014
tt1528100,140000000,268031828,2014
tt3322940,6500000,257589952,2014
tt1267297,100000000,244819862,2014
tt1234721,120000000,242688965,2014
tt2084970,14000000,233555708,2014
tt2024469,50000000,222809600,2014
tt0829150,70000000,217124280,2014
tt2333784,95000000,214657577,2014
tt2180411,50000000,212902372,2014
tt2713180,68000000,211817906,2014
tt2369135,66000000,203277636,2014
tt2203939,40000000,196800000,2014
tt0455944,55000000,192330738,2014
tt1717715,82000000,182206924,2014
tt2800240,13000000,176404493,2014
tt2278388,30000000,174600318,2014
tt2096672,40000000,169837010,2014
tt1809398,65000000,163400000,2014
tt2106361,50000000,160600000,2014
tt2177771,70000000,154984035,2014
tt1408253,25000000,153997819,2014
tt2980706,50000000,151165787,2014
tt3541262,9500000,138342258,2014
tt1823664,65000000,136853506,2014
tt1924435,17000000,136600000,2014
tt1205537,60000000,135500000,2014
tt1086772,40000000,128000000,2014
tt1956620,40000000,126069509,2014
tt2980516,15000000,123726688,2014
tt1821658,42000000,120885527,2014
tt2338151,13000000,118920000,2014
tt1921064,100000000,117831631,2014
tt1121096,95000000,114178613,2014
tt2975578,9000000,111928365,2014
tt0787474,60000000,108255770,2014
tt2170439,42000000,107645357,2014
tt1204977,5000000,103600000,2014
tt2562232,18000000,103215094,2014
tt2209764,100000000,103039258,2014
tt1929263,12000000,101300000,2014
tt1698641,28000000,100654149,2014
tt2103254,20000000,100375432,2014
tt2262227,50000000,97437106,2014
tt2473682,5000000,90894962,2014
tt2980648,22000000,89500000,2014
tt2377322,30000000,87937815,2014
tt2557490,40000000,86400000,2014
tt2626350,45000000,86165646,2014
tt2911666,20000000,86085191,2014
tt1872194,40000000,84419388,2014
tt3331846,35000000,83100000,2014
tt2281587,50000000,80400000,2014
tt2955316,3000000,78768613,2014
tt1355630,11000000,78300000,2014
tt1418377,65000000,76801179,2014
tt3547740,11000000,72775689,2014
tt1430612,28000000,71416730,2014
tt3210686,22000000,70829270,2014
tt2239832,24000000,70181428,2014
tt1742044,40000000,67347013,2014
tt0435651,25000000,66980456,2014
tt1020072,20000000,66787908,2014
tt3485166,13000000,64400000,2014
tt3713166,1000000,64364198,2014
tt1980929,8000000,63500000,2014
tt1043726,70000000,61279452,2014
tt0365907,28000000,58834384,2014
tt2372222,22000000,55000000,2014
tt2170593,13000000,54837234,2014
tt2011159,13200000,53830415,2014
tt2172934,28000000,53260230,2014
tt2305051,15000000,52501541,2014
tt2978462,36000000,52424533,2014
tt3759416,30000000,51379470,2014
tt2870756,16800000,51029361,2014
tt2883512,11000000,50440695,2014
tt2582802,3300000,50307484,2014
tt1826590,12500000,49002684,2014
tt2339741,15000000,48854305,2014
tt1065073,4000000,48137666,2014
tt2316801,33000000,47430624,2014
tt2872718,8500000,47425835,2014
tt1800246,8000000,45600000,2014
tt2183034,13000000,45300000,2014
tt3316960,5000000,44779195,2014
tt2388715,5000000,44459951,2014
tt3619854,33000000,42000000,2014
tt2870612,5000000,41898409,2014
tt1371150,19800000,41300000,2014
tt0458481,65000000,39407616,2014
tt2039393,25000000,39171130,2014
tt1647668,25000000,38307627,2014
tt34373216,25000000,37000000,2014
tt2752758,7000000,36433975,2014
tt1972779,26000000,35926213,2014
tt1224378,26000000,34592118,2014
tt2318092,20000000,34100000,2014
tt2473602,30000000,33448971,2014
tt2402157,15000000,32600000,2014
tt1972571,15000000,31554855,2014
tt3011894,4000000,31478893,2014
tt1837709,60000000,30800231,2014
tt2247476,15000000,30127963,2014
tt2528814,17000000,29789000,2014
tt1126590,10000000,28900000,2014
tt2223990,25000000,28831145,2014
tt3918368,24720400,28595105,2014
tt2095649,30000000,26576000,2014
tt2784678,12000000,26117471,2014
tt2557256,25477000,26033917,2014
tt2309764,13000000,26000000,2014
tt2828996,4000000,25343661,2014
tt2465146,18000000,25312387,2014
tt2300975,1000000,23456897,2014
tt3433074,5900000,23000000,2014
tt2372678,4587786,22414611,2014
tt0862748,10500000,22300000,2014
tt1742334,35000000,22126842,2014
tt0884726,70000000,21755418,2014
tt2883434,9000000,21571189,2014
tt2707858,12000000,21026290,2014
tt3013602,3400000,20258904,2014
tt3092076,13640000,20193106,2014
tt3717532,750000,19840000,2014
tt2467046,16000000,19682924,2014
tt1600196,12600000,19054534,2014
tt3320578,5900000,19000000,2014
tt2678948,8000000,18000000,2014
tt2235779,200000,17834867,2014
tt1726592,22000000,17669776,2014
tt2231489,8000000,17150803,2014
tt3322420,1900000,17000000,2014
tt2799166,6500000,16861137,2014
tt2465140,8000000,16365451,2014
tt34561042,10000000,16000000,2014
tt3477554,6500000,15640057,2014
tt3001638,224056,15536328,2014
tt3007512,22500000,15520023,2014
tt1686821,30000000,15391979,2014
tt2495104,1300000,15000000,2014
tt1791528,20000000,14810975,2014
tt3125324,7000000,14600000,2014
tt2785390,5000000,14444502,2014
tt3202120,6000000,14348529,2014
tt3711466,2300000,13969785,2014
tt3321428,9300000,13851074,2014
tt3877844,2426950,12848123,2014
tt2788710,44000000,12342632,2014
tt1100089,24000000,12096300,2014
tt2935564,26000000,12062441,2014
tt3098306,5000000,12058187,2014
tt2937898,20000000,12007070,2014
tt3390572,7000000,11500000,2014
tt3140100,5800000,11500000,2014
tt3014666,5000000,10429707,2014
tt2321549,2000000,10300000,2014
tt1850397,14000000,10100000,2014
tt3142232,4200000,10000000,2014
tt3130598,500000,9960000,2014
tt3896016,7300000,9166810,2014
tt2737050,7000000,9016922,2014
tt4168188,2500000,8800000,2014
tt3380264,6431385,8376879,2014
tt2463288,6000000,8100000,2014
tt4036334,800000,8000000,2014
tt3822396,1100000,7700000,2014
tt3495000,2100000,7600000,2014
tt2908856,5000000,7527232,2014
tt2088003,8500000,7500000,2014
tt1441395,13300000,7229933,2014
tt2265171,4500000,6566916,2014
tt2995992,1500000,6500000,2014
tt3203616,10000000,6500000,2014
tt3600950,6000000,6451892,2014
tt3881410,1300000,6300000,2014
tt3416742,1600000,6300000,2014
tt1971325,7000000,6237990,2014
tt3102440,25000000,6015494,2014
tt3259320,10000000,5900000,2014
tt2387408,3000000,5758519,2014
tt2870708,5500000,5483299,2014
tt2980794,2860530,5458444,2014
tt2235108,1300000,5403771,2014
tt3885932,14905188,5337409,2014
tt1571249,1000000,5300000,2014
tt3451498,3000000,5279982,2014
tt3078296,8000000,5216102,2014
tt2766268,6000000,5205106,2014
tt1216491,5000000,5200000,2014
tt3790296,200000,5176467,2014
tt3253930,4000000,5169755,2014
tt3060952,3500000,5155325,2014
tt1552224,25000000,5148503,2014
tt1247690,30000000,5092129,2014
tt2667960,5500000,5000000,2014
tt2397535,5500000,4942449,2014
tt1649443,3000000,4915757,2014
tt3621288,2153912,4864560,2014
tt2692904,2000000,4635300,2014
tt3619772,2300000,4600000,2014
tt2172584,15000000,4510000,2014
tt3957098,1500000,4500000,2014
tt2802154,4000000,4396821,2014
tt3320542,564155,4231162,2014
tt3129656,3377382,4201541,2014
tt2261331,8000000,4070789,2014
tt4266692,2000000,4000000,2014
tt3507794,2500000,4000000,2014
tt3526408,6443990,3790114,2014
tt3614394,3000000,3783006,2014
tt2515030,17000000,3758328,2014
tt3607198,840700,3710000,2014
tt4110972,420000,3700000,2014
tt3674116,1400000,3700000,2014
tt2771372,6000000,3500000,2014
tt3612616,4900000,3494070,2014
tt1181840,33746302,3484370,2014
tt2398231,16000000,3442853,2014
tt2319580,12700000,3430018,2014
tt2652092,20000000,3396345,2014
tt3645014,2459000,3278000,2014
tt2614684,11000000,3200000,2014
tt2910274,1000000,3123963,2014
tt4293766,770000,3100000,2014
tt2390283,12758853,3016126,2014
tt3524530,416000,2822761,2014
tt3569788,1200000,2800000,2014
tt4009460,500000,2783970,2014
tt2980592,5000000,2700051,2014
tt4901934,1400000,2700000,2014
tt2910814,4000000,2665322,2014
tt3341170,3000000,2534077,2014
tt2345737,12250000,2510007,2014
tt3543478,1000000,2505408,2014
tt2382396,4000000,2431443,2014
tt2401807,15000000,2424381,2014
tt2034031,5000000,2379154,2014
tt3442006,7000000,2360281,2014
tt2371399,4700000,2200510,2014
tt5232522,466418,1958955,2014
tt2836252,8358460,1922868,2014
tt2048824,600000,1914090,2014
tt1605717,1000000,1897363,2014
tt3099498,3000000,1882074,2014
tt2452254,6600000,1851517,2014
tt3956396,2800000,1782801,2014
tt2343793,28000000,1749201,2014
tt3179568,16000000,1700000,2014
tt3298690,2500000,1677946,2014
tt3521228,3200000,1668380,2014
tt3202098,6113859,1581125,2014
tt3501994,1460000,1505000,2014
tt3517192,220000,1500000,2014
tt3729920,3000000,1448076,2014
tt1969062,6700000,1430655,2014
tt3801252,640000,1400000,2014
tt2720680,10500000,1363964,2014
tt2328813,7000000,1310673,2014
tt3668162,7400000,1300000,2014
tt1085492,18000000,1289595,2014
tt4228746,1556288,1268395,2014
tt4290746,310000,1200000,2014
tt4147572,900000,1200000,2014
tt2012665,5000000,1189612,2014
tt3565264,404000,1100000,2014
tt1777595,10000000,1064454,2014
tt2933544,6000000,1020921,2014
tt3789946,64319,1000000,2014
tt2359024,420000,993313,2014
tt4019578,380000,980000,2014
tt4145848,1400000,940000,2014
tt4773112,414000,910000,2014
tt2140619,1645000,868081,2014
tt3266724,7000000,855450,2014
tt2800038,5000000,846704,2014
tt3463244,3200000,752786,2014
tt2587914,600000,677577,2014
tt2452200,12000000,660241,2014
tt2844798,2200000,616277,2014
tt1456606,8500000,601737,2014
tt2101570,10000000,594860,2014
tt4265964,300000,590000,2014
tt2756032,100000,513447,2014
tt3037582,722083,499168,2014
tt2884206,1000000,481234,2014
tt3345952,500000,446619,2014
tt3718062,4000000,429098,2014
tt3788918,300000,400000,2014
tt2326554,1000000,395000,2014
tt2268458,2500000,360000,2014
tt2416376,70000,354877,2014
tt2875926,2600000,324440,2014
tt3284618,2000000,319180,2014
tt2474024,3500000,292092,2014
tt3740152,500000,290000,2014
tt1661820,5000000,288591,2014
tt3122174,480334,250000,2014
tt3565354,130138,202593,2014
tt3614516,800000,187000,2014
tt4537362,3500000,179000,2014
tt2814362,30000000,168832,2014
tt3274728,2000000,168604,2014
tt3826834,1500000,156888,2014
tt2788556,9700000,154701,2014
tt3399024,20000000,151530,2014
tt2866360,50000,139745,2014
tt2952602,25000000,129115,2014
tt2309961,318000,121179,2014
tt2298224,2000000,120000,2014
tt2535470,160000,111141,2014
tt5568402,3000000,108097,2014
tt1396523,5000000,107412,2014
tt5945888,3000000,100000,2014
tt3510520,100000,100000,2014
tt3508112,10000,100000,2014
tt3703498,800000,100000,2014
tt2409818,4000000,100000,2014
tt3924450,1250000,92500,2014
tt3751126,15000000,89038,2014
tt2581244,2400000,88273,2014
tt3811916,10000,80000,2014
tt3923572,2000000,79088,2014
tt1609479,5000000,75143,2014
tt6447998,200000,68294,2014
tt1464191,2000000,60048,2014
tt2994190,1000000,59744,2014
tt1798243,5000000,58293,2014
tt3175888,23000,57000,2014
tt3438354,2000000,54606,2014
tt2494384,8000000,53086,2014
tt3719198,15000,50000,2014
tt4261452,150000,50000,2014
tt3463848,9000,47199,2014
tt3095464,31600,45000,2014
tt3529612,5000000,44840,2014
tt3591984,1409700,42491,2014
tt3261302,12000000,39296,2014
tt3569356,800000,36026,2014
tt2182972,6000000,32251,2014
tt2955096,70000,30312,2014
tt4035766,30000,30000,2014
tt2386502,500000,28951,2014
tt2664108,600000,25574,2014
tt3398066,650000,25480,2014
tt4345774,25000,25000,2014
tt4119110,7500,22000,2014
tt2851314,3000000,19585,2014
tt2155405,300000,17888,2014
tt4257084,11810,17715,2014
tt2355495,6000000,15071,2014
tt6276102,129000,14612,2014
tt2059171,5000000,13809,2014
tt2295722,4500000,11774,2014
tt3177316,1000000,9318,2014
tt2383068,4000000,9221,2014
tt3868708,9000,9000,2014
tt11502850,8330,8330,2014
tt3170972,30000,8000,2014
tt3454030,1500,7000,2014
tt13615568,1000,5000,2014
tt3289194,2000,2000,2014
tt4011066,1000,1500,2014
tt3225780,350,550,2014
tt3680638,2000,500,2014
tt3731706,2000,500,2014
tt3602334,2700,450,2014
tt4282396,100,280,2014
tt3688954,2000,250,2014
tt4120518,15,200,2014
tt3399462,200,100,2014
tt3382148,10,100,2014
tt4194460,75,75,2014
tt3265506,50,60,2014
tt2463692,273,32,2014
tt3761144,10,15,2014
tt4131238,2000,10,2014
tt3483712,5,4,2014
tt3805180,750000,3,2014
tt2384022,3,2,2014
tt11991744,500,1,2014
tt3982448,630000,1,2014
tt2488496,245000000,2068223624,2015
tt0369610,150000000,1671537444,2015
tt2820852,190000000,1515400000,2015
tt2395427,235000000,1405403694,2015
tt2293640,74000000,1159457503,2015
tt2379713,245000000,880707597,2015
tt2096673,175000000,857611174,2015
tt2381249,150000000,682716636,2015
tt1951266,160000000,653428261,2015
tt3659388,108000000,631058917,2015
tt2322441,40000000,569651467,2015
tt1661199,95000000,543514353,2015
tt1663202,135000000,532950503,2015
tt0478970,130000000,519311965,2015
tt2126355,110000000,473990832,2015
tt2510894,80000000,473200000,2015
tt1340138,155000000,440603537,2015
tt2802144,81000000,414351546,2015
tt1392190,150000000,378858340,2015
tt2224026,135000000,368871007,2015
tt1979388,175000000,332207671,2015
tt2279373,74000000,325186032,2015
tt4046784,61000000,312296056,2015
tt2908446,110000000,297002527,2015
tt2848292,29000000,287144079,2015
tt4276752,37000000,278300000,2015
tt2452042,99000000,246233113,2015
tt2120120,88000000,244874809,2015
tt1528854,50000000,242786137,2015
tt3079380,65000000,235666219,2015
tt2974918,90000000,233755553,2015
tt2637276,68000000,215863606,2015
tt1964418,190000000,209200000,2015
tt2719848,55000000,203427584,2015
tt1398426,28000000,201634991,2015
tt2361509,35000000,194564672,2015
tt1617661,176000000,184000000,2015
tt3076658,37000000,173600000,2015
tt1502712,120000000,167977596,2015
tt3682448,40000000,165478348,2015
tt1051904,58000000,158261424,2015
tt2888046,36000000,157000000,2015
tt3460252,44000000,155760117,2015
tt2381941,50100000,153962963,2015
tt4644382,10000000,153000000,2015
tt3863552,13000000,150000000,2015
tt1618442,90000000,146936910,2015
tt3152624,35000000,140795793,2015
tt4701702,250000,139191345,2015
tt2058673,105000000,133782481,2015
tt1596363,28000000,133346506,2015
tt3332064,150000000,128388320,2015
tt5290882,15000000,125842935,2015
tt2909116,38000000,123205624,2015
tt3672840,65000000,121545703,2015
tt3195644,10000000,120453155,2015
tt2268016,14800000,117800000,2015
tt2561572,40000000,111800000,2015
tt1638355,75000000,110045109,2015
tt3450650,38000000,107597242,2015
tt2872750,25000000,106209378,2015
tt1850457,30000000,105000000,2015
tt1524930,31000000,104400000,2015
tt1823672,49000000,104399548,2015
tt1754656,64000000,101281211,2015
tt2446980,60000000,101134059,2015
tt1355683,53000000,99975678,2015
tt1895587,20000000,98690254,2015
tt3567288,5000000,98450062,2015
tt1029360,35000000,95682614,2015
tt1390411,100000000,93900000,2015
tt1798684,30000000,91709827,2015
tt2631186,25130430,90747520,2015
tt4768764,7528230,87970000,2015
tt2555736,10000000,85979176,2015
tt3622592,12000000,85500000,2015
tt3397884,30000000,84997446,2015
tt4967094,2700000,82027760,2015
tt2679042,35000000,81967450,2015
tt3540136,12000000,80000000,2015
tt0884732,23000000,79799880,2015
tt2473510,10000000,78903124,2015
tt4692368,20000000,77000000,2015
tt2554274,55000000,74700000,2015
tt3832914,3000000,73267874,2015
tt2938956,25000000,72629670,2015
tt2199571,50000000,71561644,2015
tt3595298,23400000,67000000,2015
tt1655441,25000000,65663276,2015
tt2637294,36000000,64800000,2015
tt0810819,15000000,64200000,2015
tt2918436,3300000,64110728,2015
tt2726560,34000000,63013281,2015
tt2381111,11000000,62076141,2015
tt3850590,15000000,61800000,2015
tt3819668,5000000,61768190,2015
tt2404425,11000000,61619773,2015
tt3488710,35000000,61181942,2015
tt4535650,26000000,61000000,2015
tt3862750,12000000,60273173,2015
tt4178092,5000000,58978653,2015
tt3735246,19500000,56000000,2015
tt1781922,5000000,54400000,2015
tt2752772,10000000,53329150,2015
tt3181822,4000000,52425855,2015
tt3530002,25000000,52395996,2015
tt2967224,35000000,51680201,2015
tt3322364,35000000,50400000,2015
tt1674771,30000000,49263404,2015
tt3045616,60000000,47318560,2015
tt3369806,20000000,43956255,2015
tt1666801,8500000,43528634,2015
tt3569230,25000000,42972994,2015
tt2309260,100000,42964410,2015
tt2279339,17000000,42426912,2015
tt3722070,6000000,41387687,2015
tt3623726,18000000,41325328,2015
tt2424988,11000000,41000000,2015
tt2402927,11800000,40272135,2015
tt2140465,6153000,39270000,2015
tt3626742,4500000,38482411,2015
tt1178665,8000000,37461274,2015
tt0470752,15000000,36869414,2015
tt2503944,20000000,36606743,2015
tt3511596,3000000,36040116,2015
tt4466864,17800000,35800000,2015
tt3170832,13000000,35401758,2015
tt1741273,19500000,34854990,2015
tt2080374,30000000,34400000,2015
tt1976009,40000000,34200000,2015
tt34566373,22000000,34000000,2015
tt34374018,22000000,34000000,2015
tt2436386,12000000,33200000,2015
tt4788602,46597700,32700000,2015
tt2140379,26000000,31807156,2015
tt2935476,14500000,30300000,2015
tt3168230,11000000,29355203,2015
tt0903657,10000000,28600000,2015
tt2006295,25000000,27972023,2015
tt3715320,11000000,27391084,2015
tt3316948,28000000,27100000,2015
tt1243974,37000000,26250020,2015
tt4643580,5300000,26072723,2015
tt4176826,3196621,25513752,2015
tt3713944,17000000,25364150,2015
tt2910904,11930000,25003426,2015
tt4400058,9458736,24563629,2015
tt3235888,2300000,23374076,2015
tt3411432,6000000,22783699,2015
tt3767372,5500000,22159216,2015
tt4110568,13000000,22000000,2015
tt4411504,3500000,20381995,2015
tt2057392,13000000,18704595,2015
tt5178278,9300000,18400000,2015
tt4430212,4600000,18000000,2015
tt3850214,7000000,17986781,2015
tt2717822,70000000,17752940,2015
tt3319920,20000000,17671101,2015
tt1791682,10000000,17287309,2015
tt3072482,2000000,16810562,2015
tt2884018,15000000,16322067,2015
tt1220911,37580800,16294916,2015
tt3077214,14000000,16002420,2015
tt4258292,7900000,16000000,2015
tt4201004,9000000,15772833,2015
tt3858372,17000000,15730665,2015
tt3792960,8700000,15709652,2015
tt3464902,4000000,15700000,2015
tt1727776,15000000,14900000,2015
tt3766394,1000000,14659448,2015
tt4083850,15100000,14526807,2015
tt2358925,35000000,14431253,2015
tt4056738,2300000,14410698,2015
tt4183692,12000000,14394097,2015
tt3469244,8600000,13676590,2015
tt2515034,40000000,13644292,2015
tt4191054,100000000,13603453,2015
tt3616916,5904067,12975143,2015
tt1014763,50000000,12951093,2015
tt3508840,15000000,11991669,2015
tt4442758,5400000,11600000,2015
tt3678782,3700000,11480000,2015
tt3787590,6000000,11100000,2015
tt4024546,14000000,10846026,2015
tt1772288,10000000,10835752,2015
tt4057376,18000000,10495305,2015
tt3136646,2265160,9194350,2015
tt0900387,15000000,9104716,2015
tt1365050,6000000,9077700,2015
tt4865436,2900000,8900000,2015
tt3512072,15000000,8596000,2015
tt4141024,7000000,8521017,2015
tt5157420,1133865,8442829,2015
tt3896100,14000000,8306690,2015
tt4992086,1400000,8300000,2015
tt3203606,15000000,8235661,2015
tt2002868,5200000,8200000,2015
tt3478962,10600000,8003331,2015
tt4888834,1900000,7800000,2015
tt3398048,5600000,7800000,2015
tt5225580,75000,7750000,2015
tt3013610,7000000,7723656,2015
tt3236120,1000000,7449681,2015
tt4270516,600000,7200000,2015
tt1018765,28000000,7002261,2015
tt2231253,30000000,6738764,2015
tt1810683,20000000,6500000,2015
tt3605418,10000000,6341684,2015
tt4833824,730000,6200000,2015
tt5082014,1900000,5900000,2015
tt2401878,8000000,5700000,2015
tt5266218,2800000,5600000,2015
tt1596345,19000000,5578519,2015
tt4415068,2020000,5520000,2015
tt3278330,12000000,5500277,2015
tt3859076,9600000,5383097,2015
tt3966404,1300000,5300000,2015
tt4629032,3300000,5249225,2015
tt3447364,5100000,5200000,2015
tt3742284,200000,5100000,2015
tt4271820,940000,5100000,2015
tt2402101,20000000,5090852,2015
tt4432480,490000,5000000,2015
tt4337690,5000000,4842699,2015
tt4557014,670000,4700000,2015
tt4057916,8000000,4668442,2015
tt1841642,3000000,4668109,2015
tt3700456,12800000,4634032,2015
tt4142022,1816720,4541800,2015
tt5190958,1500000,4400000,2015
tt3276924,8900000,4100000,2015
tt4967920,700000,3853240,2015
tt2140037,25000000,3771345,2015
tt3707106,10000000,3727746,2015
tt2493486,40000000,3643591,2015
tt4597454,1974853,3554736,2015
tt4625752,2400000,3346518,2015
tt1791681,3250000,3250000,2015
tt5112966,1211360,3129507,2015
tt3164256,15000000,3020664,2015
tt3268668,2000000,2801508,2015
tt3646540,2500000,2651302,2015
tt5057300,4900000,2498851,2015
tt3298600,1803780,2460914,2015
tt3467412,7000000,2350695,2015
tt3022458,7500000,2348712,2015
tt3614530,5000000,2333684,2015
tt4881242,1050255,2250547,2015
tt4901756,1000000,2228115,2015
tt3289728,16000000,2084628,2015
tt4701688,240000,2000000,2015
tt3312830,13360000,2000000,2015
tt3704050,9600000,1986615,2015
tt3633118,2700000,1921923,2015
tt1524575,13000000,1784763,2015
tt3808342,1000000,1777043,2015
tt4158834,5556000,1759935,2015
tt4714204,2000000,1683000,2015
tt3205376,2000000,1617522,2015
tt1837636,15000000,1592853,2015
tt4635548,390000,1570000,2015
tt4307968,450000,1500000,2015
tt2979920,18000000,1500000,2015
tt4088848,1500000,1484357,2015
tt3172532,2000000,1477002,2015
tt3921314,50000000,1440044,2015
tt2891174,8000000,1411927,2015
tt4806232,620000,1400000,2015
tt2217859,11000000,1400000,2015
tt2586118,2200000,1366879,2015
tt4421344,2000000,1341185,2015
tt4285496,1400000,1320005,2015
tt4840206,1368070,1249176,2015
tt2948840,12000000,1231606,2015
tt4679210,620000,1100000,2015
tt4625352,50000,1000000,2015
tt2929690,900000,1000000,2015
tt4455690,28600000,998000,2015
tt4439120,1250000,995024,2015
tt5141042,482000,980000,2015
tt4871022,2800000,964206,2015
tt4846920,548240,940000,2015
tt1731701,15000000,933847,2015
tt3464018,300000,925576,2015
tt3824458,100000,925000,2015
tt3422462,3600000,830000,2015
tt2690138,447524,771317,2015
tt2664880,1500000,758497,2015
tt2334733,8000000,658532,2015
tt4306116,143149,645135,2015
tt2401097,11000000,593683,2015
tt1658801,7000000,573335,2015
tt1135989,4000000,572212,2015
tt1707380,12000000,554953,2015
tt5127406,250071,534159,2015
tt4523112,500000,500001,2015
tt4686604,3800000,488569,2015
tt2494362,1800000,475846,2015
tt4853910,1500000,417929,2015
tt5227024,711035,398179,2015
tt1945084,10000000,358156,2015
tt2094872,2728621,329017,2015
tt4935418,350000,318155,2015
tt4761270,2500000,302000,2015
tt2288044,2000000,276792,2015
tt3774694,3000000,249083,2015
tt4942750,200000,200000,2015
tt5735210,110000,190000,2015
tt5253372,2000000,189000,2015
tt3018070,13500000,187674,2015
tt1881002,4000000,187112,2015
tt3488328,7500000,163080,2015
tt3442634,2000000,148205,2015
tt3813310,800000,143658,2015
tt2893490,4000000,143101,2015
tt3181776,20000000,133332,2015
tt2349144,7100000,130541,2015
tt2325977,10000000,111107,2015
tt3836512,500000,110834,2015
tt4374460,1379375,105097,2015
tt5278832,1300000,102986,2015
tt4590218,100000,100000,2015
tt3421354,10000,100000,2015
tt4742670,17000000,99967,2015
tt1226766,5000000,97798,2015
tt2777548,640000,93000,2015
tt2818654,980000,89487,2015
tt1322313,400000,88097,2015
tt4515684,1016549,82392,2015
tt2980554,8245,81379,2015
tt4393278,2000000,77740,2015
tt4899880,89000,72000,2015
tt3300572,2500000,71085,2015
tt3640682,495000,63373,2015
tt4527664,1500,53889,2015
tt2796678,3300000,50206,2015
tt28630907,60000,50000,2015
tt7581124,15000,50000,2015
tt4892962,15000,50000,2015
tt5179252,15000,50000,2015
tt2366608,2000000,45431,2015
tt5299638,1500000,40840,2015
tt4608574,60000,37500,2015
tt5151622,1183424,36982,2015
tt4142012,32500,35000,2015
tt3616292,500000,29198,2015
tt3791302,5000000,26144,2015
tt3593046,25000,25000,2015
tt1137470,26000000,24487,2015
tt4679076,293000,20698,2015
tt3914624,700000,18382,2015
tt4061010,8000000,16458,2015
tt4549796,1000,14000,2015
tt2656588,10000,13684,2015
tt3334374,350000,13000,2015
tt3375286,1000000,11082,2015
tt4356220,10000,10127,2015
tt6255828,2000,8000,2015
tt1519461,5000000,7556,2015
tt2976182,500,5400,2015
tt5761968,200000,5152,2015
tt4586974,400,5000,2015
tt2460506,2100000,3330,2015
tt1950135,600000,3301,2015
tt4374502,60000,3145,2015
tt5164926,1000,2000,2015
tt7365948,150000,2000,2015
tt4448050,2000,2000,2015
tt5180952,1500,1500,2015
tt5132186,36000,1234,2015
tt3513068,610000,1045,2015
tt5020376,500,1000,2015
tt4206048,500,500,2015
tt3985394,10000,300,2015
tt39365599,200,200,2015
tt8643368,61,103,2015
tt9223370,10,100,2015
tt8190662,50,100,2015
tt4337414,500,100,2015
tt4457256,190,80,2015
tt14304326,8,25,2015
tt5467644,25,25,2015
tt4273398,10,17,2015
tt4600396,10000,1,2015
tt5051948,100,1,2015
tt4528386,700,1,2015
tt3498820,250000000,1155046416,2016
tt3748528,200000000,1056057273,2016
tt2277860,200000000,1029266989,2016
tt2948356,150000000,1025521689,2016
tt3040964,175000000,966550600,2016
tt2709768,75000000,875457937,2016
tt2975590,250000000,874362803,2016
tt3183660,180000000,809342332,2016
tt1431045,58000000,782837347,2016
tt1386697,175000000,749200054,2016
tt3521164,150000000,690860472,2016
tt1211837,180000000,676343174,2016
tt3470600,75000000,634151679,2016
tt4701660,60720000,553810228,2016
tt3385516,178000000,543934787,2016
tt2267968,145000000,521170825,2016
tt3783958,30000000,509183536,2016
tt0803096,160000000,433677183,2016
tt4196776,120000000,415484914,2016
tt3416828,105000000,408579038,2016
tt5311514,7500000,405320132,2016
tt1628841,165000000,389681935,2016
tt0918940,180000000,356743061,2016
tt1985949,73000000,349779543,2016
tt1679335,125000000,347337803,2016
tt2660888,185000000,343471816,2016
tt3110958,120000000,334897606,2016
tt2034800,150000000,331957105,2016
tt3065204,40000000,322819915,2016
tt2592614,40000000,312242626,2016
tt5074352,10400000,311000000,2016
tt1355644,110000000,303144152,2016
tt2567026,170000000,299457024,2016
tt1935859,110000000,296482446,2016
tt3949660,135000000,245623848,2016
tt3263904,60000000,240800000,2016
tt2094766,125000000,240700000,2016
tt4846340,25000000,235957472,2016
tt1289401,144000000,229147509,2016
tt3062096,75000000,220021259,2016
tt1489889,50000000,216972543,2016
tt1473832,35000000,211952420,2016
tt2674426,20000000,207945075,2016
tt3300542,60000000,205754447,2016
tt2543164,47000000,203388186,2016
tt3691740,140000000,195243411,2016
tt4591310,68490000,193677158,2016
tt5684466,87933055,189432924,2016
tt4651520,20000000,183936074,2016
tt4624424,70000000,182379278,2016
tt3410834,110000000,179246868,2016
tt2119532,40000000,175302354,2016
tt3631112,45000000,173200000,2016
tt6044910,30200000,173000000,2016
tt2381991,115000000,164989338,2016
tt2404435,90000000,162400000,2016
tt3393786,60000000,162100000,2016
tt4160708,9900000,158906350,2016
tt2140479,44000000,155160045,2016
tt2404233,140000000,150680864,2016
tt4786282,4900000,149368835,2016
tt2788732,65000000,143695338,2016
tt1700841,19000000,140705322,2016
tt3741834,12000000,140312928,2016
tt2238032,32000000,136579287,2016
tt3522806,40000000,125729635,2016
tt2869728,40000000,124827316,2016
tt1860357,110000000,121790376,2016
tt3640424,106000000,119520023,2016
tt4052882,17000000,119100758,2016
tt4094724,10000000,118587880,2016
tt4501244,38000000,118102725,2016
tt1711525,45000000,114500000,2016
tt1292566,38000000,112343513,2016
tt1179933,15000000,110216998,2016
tt2304933,38000000,109906372,2016
tt2261287,30000000,109573511,2016
tt4438848,35000000,108007109,2016
tt4687848,50000000,102205175,2016
tt4832640,10400000,102000000,2016
tt1860213,11500000,94100000,2016
tt2638144,100000000,94061311,2016
tt2241351,27000000,93282604,2016
tt3760922,18000000,90632641,2016
tt4682786,36000000,88528280,2016
tt5700672,8500000,87547518,2016
tt2005151,50000000,86234523,2016
tt3531824,19000000,85241496,2016
tt1920885,4531653,84552250,2016
tt4361050,9000000,81831866,2016
tt3717252,35000000,81093313,2016
tt4034228,9000000,79000000,2016
tt2702724,29000000,78844582,2016
tt4262980,15000000,78053145,2016
tt2823054,33000000,77100000,2016
tt4302938,60000000,76249438,2016
tt5290524,11089000,75173000,2016
tt5325452,20000000,74827344,2016
tt5071886,18700000,74000000,2016
tt4257926,16000000,74000000,2016
tt3882082,10000000,73929392,2016
tt3799694,50000000,71261763,2016
tt4172430,50000000,69411370,2016
tt4975722,4000000,65046687,2016
tt3095734,125000000,64493915,2016
tt2671706,24000000,64400000,2016
tt0475290,22000000,63647656,2016
tt4383594,30000000,57814445,2016
tt1608290,50000000,56722693,2016
tt3628584,20000000,55030051,2016
tt4914580,9620000,53165427,2016
tt5910280,1000000,52444295,2016
tt2025690,80000000,52099090,2016
tt4572514,45000000,50548152,2016
tt5215952,10951000,49851770,2016
tt4939066,12700000,49196532,2016
tt4136084,29000000,48902953,2016
tt4824302,25000000,48782670,2016
tt3553442,35000000,48000000,2016
tt3416532,43000000,47309313,2016
tt1083452,23000000,46152411,2016
tt3231054,20000000,46100000,2016
tt1540011,5000000,45172994,2016
tt4513674,30000000,43763247,2016
tt5481184,38000000,43300000,2016
tt4649416,17000000,42580920,2016
tt4263482,4000000,40423945,2016
tt4731008,13500000,40075446,2016
tt3212812,2000000,39195565,2016
tt2652118,20000000,38659039,2016
tt4016934,8575000,38600000,2016
tt2112096,10000000,37915971,2016
tt3387542,10000000,37608299,2016
tt2582782,12000000,37600000,2016
tt3774114,40000000,37357216,2016
tt5431016,39307171,37070177,2016
tt4926538,8500000,35210425,2016
tt4387040,4500000,32000000,2016
tt2513074,40000000,30930984,2016
tt1389139,10000000,30658387,2016
tt6302160,13938145,30169000,2016
tt2387499,40000000,29900000,2016
tt4550098,22500000,29300000,2016
tt2461150,25000000,29200000,2016
tt5297256,3800000,29000000,2016
tt3495026,12750000,28000000,2016
tt3381008,35000000,28000000,2016
tt5653294,10000000,27305571,2016
tt5165344,6114349,26309214,2016
tt2547584,20000000,25975621,2016
tt1124037,50000000,25035950,2016
tt3499096,5000000,24804129,2016
tt4824308,5000000,24487848,2016
tt4276820,15000000,24121245,2016
tt1798603,26000000,24100000,2016
tt4698684,2500000,23900000,2016
tt0490215,46000000,23834809,2016
tt3797868,10000000,23730891,2016
tt4669186,9900000,23600000,2016
tt5259966,5000000,23500000,2016
tt4981636,8500000,23316139,2016
tt2822672,60000000,23270926,2016
tt3553976,5000000,23123592,2016
tt4559046,13000000,23000000,2016
tt2361317,90000000,22700000,2016
tt4326444,1490000,22468044,2016
tt3068194,3000000,21401949,2016
tt4667094,20000000,21164799,2016
tt1355631,28000000,21011110,2016
tt5946852,7000000,21000000,2016
tt4139124,15000000,20749853,2016
tt5457772,7503564,19059053,2016
tt1878870,9000000,18803648,2016
tt2441982,25868826,18552314,2016
tt31307310,7117500,18505500,2016
tt3606888,8000000,17900000,2016
tt5286444,2900000,17618280,2016
tt4900716,3577143,17412627,2016
tt4864932,5103000,17377000,2016
tt1594972,7000000,17062499,2016
tt5122374,19201483,17000172,2016
tt5312232,600000,16500000,2016
tt1374989,28000000,16457494,2016
tt3859980,17000000,16000000,2016
tt4196450,8500000,15861566,2016
tt4744086,3000000,15480000,2016
tt5571734,75000000,15020702,2016
tt4981966,10000000,15000000,2016
tt4434004,5980000,14900000,2016
tt1800302,20000000,14880939,2016
tt3014866,31500000,14708696,2016
tt2368619,20000000,14397593,2016
tt3702652,5000000,14332467,2016
tt1619029,9000000,13960394,2016
tt3387266,14000000,13819139,2016
tt3544112,4000000,13624522,2016
tt4429194,5000000,13203541,2016
tt5646136,5000000,13099931,2016
tt2582500,10000000,13082071,2016
tt1712261,20000000,12600000,2016
tt4776998,90000000,12448676,2016
tt5674842,3500000,12304617,2016
tt2531318,5,12283800,2016
tt1082807,5000000,11792942,2016
tt5813916,670000,11378898,2016
tt3352390,9900000,10975390,2016
tt1878841,4000000,10904495,2016
tt4341582,15000000,10367161,2016
tt5548032,1000000,10000000,2016
tt5340522,3000000,10000000,2016
tt5457722,11000000,10000000,2016
tt1995390,4000000,9930095,2016
tt1659619,20000000,9722918,2016
tt4088268,5210000,9700000,2016
tt5108476,15500000,9600000,2016
tt3960412,20000000,9500000,2016
tt3216348,5000000,9371036,2016
tt4645368,7400000,9231823,2016
tt0315642,5200000,9200000,2016
tt2980210,30000000,9169507,2016
tt4540710,13000000,9101546,2016
tt4353996,7500000,9100000,2016
tt5197544,7400000,9100000,2016
tt4191580,900000,9097072,2016
tt3655414,6700000,9074836,2016
tt4669986,9000000,8996802,2016
tt4520364,8000000,8810591,2016
tt2865120,20000000,8800000,2016
tt5091538,12156348,8750678,2016
tt4645330,10000000,7994527,2016
tt4683366,6629605,7637304,2016
tt2649554,18000000,7112282,2016
tt6054758,562680,7033500,2016
tt3647498,13000000,6903033,2016
tt5156746,6500000,6900000,2016
tt5953594,4200000,6900000,2016
tt6286666,1500000,6900000,2016
tt2126235,21500000,6817535,2016
tt4258698,1500000,6628603,2016
tt1002563,18500000,6500000,2016
tt5120640,3400000,6463160,2016
tt1472584,10000000,6272403,2016
tt1620935,6000000,6174491,2016
tt3289956,4000000,6170043,2016
tt5282006,12800000,6101904,2016
tt2321405,8000000,5873256,2016
tt4034354,3000000,5800000,2016
tt3775086,1900000,5713331,2016
tt4385888,7000000,5664764,2016
tt5531536,1770000,5539724,2016
tt5824826,200000,5500000,2016
tt4730838,4873880,5296102,2016
tt5591458,1600000,5100000,2016
tt1781827,20000000,5000000,2016
tt4814290,5069632,4817642,2016
tt5333612,1600000,4800000,2016
tt4262516,3056472,4472886,2016
tt1172049,10000000,4366460,2016
tt5291232,1180000,4292000,2016
tt4501454,3200000,4267218,2016
tt6186430,300000,4160000,2016
tt6278008,6411831,4029886,2016
tt4471388,2570000,4026795,2016
tt4573516,250000,3989705,2016
tt1974420,25000000,3900000,2016
tt5326448,162297,3800000,2016
tt3530978,10000000,3800000,2016
tt4062536,5000000,3800000,2016
tt4853102,3500000,3775000,2016
tt4005402,14000000,3621046,2016
tt5423310,1230920,3569670,2016
tt2937696,10000000,3400278,2016
tt3471098,2000000,3400000,2016
tt1974419,7000000,3400000,2016
tt5946128,4300000,3376375,2016
tt5960464,1500000,3000000,2016
tt3850544,10000000,2600000,2016
tt3067166,200000,2500000,2016
tt5198844,1500000,2500000,2016
tt5320514,300000,2500000,2016
tt1713440,5000000,2387127,2016
tt5855378,165000,2350000,2016
tt3716530,9800000,2341534,2016
tt5998104,450000,2300000,2016
tt4851630,594667,2292774,2016
tt3721936,3500000,2290649,2016
tt5096536,10000000,2225770,2016
tt2032572,40000000,2158568,2016
tt5247022,5000000,2152738,2016
tt5310090,300000,2100000,2016
tt5312306,130000,2092000,2016
tt4950110,1500000,2082980,2016
tt3658772,11000000,2049761,2016
tt4936450,2000000,2015002,2016
tt3523996,750000,2000000,2016
tt7881284,1000000,2000000,2016
tt4632440,8000000,2000000,2016
tt4213806,4000000,1903083,2016
tt2392830,8138338,1864266,2016
tt5462400,3500000,1839313,2016
tt4771896,1200000,1813729,2016
tt3576728,30000000,1750000,2016
tt0376479,10000000,1715728,2016
tt1490785,13000000,1646788,2016
tt3963816,15000000,1616004,2016
tt4991384,325000,1600000,2016
tt4944596,4000000,1598584,2016
tt5297140,520000,1500000,2016
tt4940456,6750000,1500000,2016
tt4643432,3500000,1492523,2016
tt5077538,7230000,1453270,2016
tt5161658,15000000,1404291,2016
tt4714782,6000000,1305195,2016
tt6246170,5000000,1256852,2016
tt5358714,900000,1237319,2016
tt2411144,11800000,1236731,2016
tt4468634,2000000,1215691,2016
tt4379800,641000,1180360,2016
tt2093991,5000000,1100000,2016
tt5565896,393894,1058591,2016
tt4634422,869115,1018486,2016
tt3714720,3800000,1016985,2016
tt5662932,521873,1013926,2016
tt5489336,1000000,1000000,2016
tt4940370,10000000,994901,2016
tt5297578,280000,950000,2016
tt4551318,5444966,945991,2016
tt4726636,8104734,920719,2016
tt3450900,25000000,909000,2016
tt10858792,450000,900000,2016
tt4700756,3500000,890303,2016
tt3835080,1500000,850419,2016
tt5264304,882146,833720,2016
tt5434374,2360000,774653,2016
tt5354160,240000,720000,2016
tt4196848,8000000,685780,2016
tt4158624,10000000,680351,2016
tt5893524,1500000,650000,2016
tt4731504,8027100,624747,2016
tt3859304,3500000,615816,2016
tt4651410,10500000,567064,2016
tt5271442,280000,520000,2016
tt5376232,110000,520000,2016
tt4809458,1746706,506588,2016
tt6487540,150000,500000,2016
tt9766610,600000,500000,2016
tt6023800,597015,486567,2016
tt2603600,250000,418940,2016
tt7286250,250000,400000,2016
tt5722530,150000,400000,2016
tt5034474,5000000,388789,2016
tt2400463,1000000,354835,2016
tt5458364,300000,300000,2016
tt5221584,762241,285930,2016
tt4120176,2100000,282382,2016
tt3135556,2500000,230069,2016
tt4947738,3200000,222565,2016
tt4411618,10000000,213982,2016
tt5046070,3300000,210865,2016
tt5971724,650000,209752,2016
tt4129870,700000,200242,2016
tt6118820,30000,200000,2016
tt3563080,543000,181000,2016
tt4238858,170000,169242,2016
tt4947672,2400000,157683,2016
tt4714896,12000000,155111,2016
tt4266638,30000,144822,2016
tt4223366,2200000,124000,2016
tt4717746,60000,120000,2016
tt6459494,500000,119836,2016
tt6269810,300,110000,2016
tt4838334,500000,94326,2016
tt4777660,3000000,90611,2016
tt5551590,1200000,87618,2016
tt6687734,75000,80000,2016
tt6211418,80000,80000,2016
tt4791322,469704,77451,2016
tt3976144,2700000,74000,2016
tt4511566,1181389,56191,2016
tt3776826,1250000,55000,2016
tt9684016,110600,52400,2016
tt7960962,50000,50000,2016
tt5225338,300000,48539,2016
tt3794028,10300000,47748,2016
tt3838992,5000000,38784,2016
tt5254640,67000,38578,2016
tt2091935,8000000,34694,2016
tt4526922,15000,33145,2016
tt4186170,8057,23742,2016
tt2978102,16500000,21256,2016
tt1901024,4480393,21216,2016
tt2436682,10000000,20672,2016
tt5069022,2000,20000,2016
tt6213802,10000,20000,2016
tt6261146,87000,17978,2016
tt5133392,1200000,16410,2016
tt5119202,75000,15000,2016
tt4746484,1728251,13693,2016
tt4327752,10000000,13109,2016
tt5011872,16381,12000,2016
tt3173594,2000000,11239,2016
tt2558022,30000,10147,2016
tt5141848,10000,10000,2016
tt4732072,4000,10000,2016
tt6228672,10000,10000,2016
tt5994874,10000,10000,2016
tt5742306,10000,10000,2016
tt5468300,10000,10000,2016
tt3113696,3500000,8196,2016
tt6079360,32993,6892,2016
tt4232188,25000,5000,2016
tt5485420,800000,4880,2016
tt5662762,5000,4500,2016
tt5142216,1200,4300,2016
tt38771667,4000,4000,2016
tt6350444,2000,3000,2016
tt5269792,11000,3000,2016
tt4473938,1800000,2968,2016
tt8220154,2112,2112,2016
tt6098370,1000,2000,2016
tt5492684,10000,2000,2016
tt6449580,250000,2000,2016
tt5552744,600,1000,2016
tt5939404,1000,1000,2016
tt4613272,150000,646,2016
tt6022812,1000,600,2016
tt5440404,2500,500,2016
tt6286738,100,500,2016
tt5713152,1000,500,2016
tt5447140,500,500,2016
tt6257486,360,360,2016
tt6423766,5000,250,2016
tt5595240,60,109,2016
tt7188858,100,100,2016
tt6248178,500,20,2016
tt6225012,5,5,2016
tt5396900,1,2,2016
tt6155648,1,2,2016
tt2527336,300000000,1332698830,2017
tt2771200,160000000,1266115964,2017
tt4630562,250000000,1236000000,2017
tt3469046,80000000,1034800131,2017
tt2283362,90000000,995339117,2017
tt2250912,175000000,880978185,2017
tt7131870,29700000,870322670,2017
tt3896198,200000000,863756051,2017
tt3501632,180000000,855301806,2017
tt0451279,149000000,823970682,2017
tt2380307,175000000,814641172,2017
tt1790809,230000000,795922298,2017
tt1396484,35000000,719766009,2017
tt0974015,300000000,661326987,2017
tt3315342,97000000,619021436,2017
tt3371366,217000000,605425157,2017
tt3731562,185000000,566652812,2017
tt3874544,125000000,527965936,2017
tt5013056,150000000,527000000,2017
tt3450958,150000000,490719763,2017
tt1485796,84000000,459066134,2017
tt4649466,104000000,410902662,2017
tt2345759,125000000,409231607,2017
tt3606752,175000000,383925276,2017
tt4465564,55000000,381545846,2017
tt3402236,55000000,352800000,2017
tt1293847,85000000,346118277,2017
tt2543472,20000000,315025930,2017
tt4116284,80000000,311950384,2017
tt5140878,15000000,306592201,2017
tt3411444,111000000,295038508,2017
tt4468740,40000000,290132513,2017
tt4849438,31000000,280700000,2017
tt4972582,9000000,278454358,2017
tt1856101,150000000,259239658,2017
tt5052448,4500000,255407969,2017
tt4217392,65000000,254212245,2017
tt5273624,63900000,248805149,2017
tt2316204,97000000,240891763,2017
tt3890160,34000000,226945087,2017
tt2239822,177200000,225973340,2017
tt1981128,120000000,221600160,2017
tt4877122,50000000,216909830,2017
tt1753383,22000000,205000000,2017
tt2398241,60000000,197183546,2017
tt5580390,19500000,195300000,2017
tt4765284,45000000,185400345,2017
tt5657846,69000000,180613180,2017
tt6294822,50000000,179769467,2017
tt1469304,69000000,177900000,2017
tt1959563,30000000,176586701,2017
tt4425200,40000000,171539887,2017
tt1219827,110000000,169801921,2017
tt5027774,15000000,162729321,2017
tt4555426,30000000,150847207,2017
tt1972591,175000000,149175066,2017
tt1615160,35000000,145374099,2017
tt3717490,105000000,142300000,2017
tt3564472,19000000,140376621,2017
tt6108090,286284,137416709,2017
tt3532216,50000000,133511855,2017
tt6359956,28000000,130560428,2017
tt7160070,18300000,125983972,2017
tt5308322,4800000,125479266,2017
tt2091256,38000000,125427681,2017
tt3014284,70000000,123081555,2017
tt1648190,60000000,113231078,2017
tt3348730,10000000,104223315,2017
tt5442430,58000000,100541806,2017
tt2406566,30000000,100014025,2017
tt2872518,20000000,96942115,2017
tt5701718,4000000,90000000,2017
tt6015328,30000000,87965942,2017
tt5956100,19000000,86610000,2017
tt2568862,25000000,84618541,2017
tt0498381,25000000,83080890,2017
tt6878038,12820005,81927980,2017
tt4925292,10000000,79000000,2017
tt3486626,40000000,68743485,2017
tt1961175,33000000,67200000,2017
tt5816682,22000000,66558465,2017
tt2226597,35000000,62832209,2017
tt2932536,5500000,62198461,2017
tt5001718,10000000,61621140,2017
tt4131800,6000000,61294644,2017
tt5912470,8000000,61153455,2017
tt2334871,42000000,60800000,2017
tt4209788,30000000,59284015,2017
tt31461880,11696480,58336194,2017
tt5294550,50000000,56996304,2017
tt5462602,5000000,56303596,2017
tt5606538,8520000,56100000,2017
tt1666185,40000000,55668698,2017
tt1389072,68000000,55003890,2017
tt34566924,4000000,55000000,2017
tt5580036,11000000,53900000,2017
tt7468056,5900000,52946454,2017
tt5764096,3213790,52390000,2017
tt6493286,12308000,49380115,2017
tt5439796,29000000,48453605,2017
tt6217804,25000000,48333932,2017
tt5776858,35000000,47756590,2017
tt4799050,20000000,47347283,2017
tt5715410,30000000,46372519,2017
tt5969696,21000000,46183383,2017
tt2039338,19000000,45158254,2017
tt5362988,11000000,44998252,2017
tt5109784,30000000,44516999,2017
tt1758810,35000000,43203413,2017
tt5726616,3500000,43143046,2017
tt6788942,1839169,42350000,2017
tt3262342,5500000,42187665,2017
tt2763304,18000000,41681746,2017
tt3401882,22000000,41087017,2017
tt4287320,18000000,40651864,2017
tt4481414,7000000,40300000,2017
tt6003368,22000000,40120144,2017
tt1806913,8400000,37000000,2017
tt5478478,55000000,36976336,2017
tt5736696,32400000,34598750,2017
tt5456546,10000000,34500000,2017
tt4481514,40000000,34200000,2017
tt3896102,10778400,34156960,2017
tt2072233,30000000,32540674,2017
tt1458169,21000000,30718107,2017
tt6175394,8250000,30060061,2017
tt34385571,22000000,30000000,2017
tt14606524,2000000,30000000,2017
tt4857264,4000000,30000000,2017
tt3521126,10000000,29820616,2017
tt5657028,7546570,29370592,2017
tt1536537,20000000,27975429,2017
tt5592248,10500000,27869129,2017
tt7914416,52406,27590180,2017
tt5719700,12000000,27020284,2017
tt4906960,12300000,27000000,2017
tt0493405,25000000,26800152,2017
tt4030600,7400000,26700000,2017
tt4731136,40000000,26620002,2017
tt1730768,20000000,26152835,2017
tt3829920,38000000,25754775,2017
tt1966359,25000000,25601244,2017
tt4686844,13000000,24600000,2017
tt5699154,17200000,23800000,2017
tt5390504,34000000,23400000,2017
tt2378507,9000000,22088533,2017
tt6316138,4200000,21107423,2017
tt6878378,18400000,20000000,2017
tt3750872,7000000,20000000,2017
tt4731148,5027266,19454845,2017
tt4695012,5000000,19280931,2017
tt5851904,3000000,19030780,2017
tt6113488,3000000,18200000,2017
tt3462710,12000000,17800000,2017
tt6143568,6000000,17544173,2017
tt4682788,4667008,17535962,2017
tt5727282,7500000,16657800,2017
tt1691916,5000000,16373843,2017
tt4065552,8000000,15550000,2017
tt4538916,7154497,15500000,2017
tt5825380,25000000,15366466,2017
tt5997666,16600000,15360368,2017
tt2114504,10000000,15316635,2017
tt5258850,23000000,15100000,2017
tt4600952,5400000,15065483,2017
tt5460530,28000000,14940116,2017
tt3922818,30000000,14793385,2017
tt5322012,12000000,14300000,2017
tt6712014,2800000,14000000,2017
tt5785170,3700000,13800000,2017
tt6537238,15000000,13767037,2017
tt7037566,550000,13392049,2017
tt4155534,17000000,13285512,2017
tt6000478,22000000,13025860,2017
tt5474042,7445000,12805400,2017
tt0491175,25000000,12751667,2017
tt4622512,25000000,12638526,2017
tt4129428,19700000,12500000,2017
tt6314690,7300000,12400000,2017
tt5886440,8000000,12294931,2017
tt3127022,5400000,12055868,2017
tt5832544,6000000,12000000,2017
tt5649144,2000000,11303040,2017
tt1935194,28210303,11247280,2017
tt4105584,6000000,10972300,2017
tt5091612,21400000,10898998,2017
tt5715874,3000000,10700000,2017
tt6054874,5610000,10657499,2017
tt6947630,5084000,10449798,2017
tt5301662,12000000,10051659,2017
tt2776878,20000000,9995692,2017
tt6673840,7075038,9868942,2017
tt5996836,9400000,9600000,2017
tt3300980,7806306,9567121,2017
tt5742374,17000000,9400000,2017
tt0491203,25000000,9204549,2017
tt5910350,3912363,9072414,2017
tt7076834,120000,9033726,2017
tt6971752,3425875,8838757,2017
tt6777338,125000,8737458,2017
tt1212428,30000000,8574339,2017
tt3881784,30000000,8484418,2017
tt6106526,6000000,8220990,2017
tt6225520,17000000,8100000,2017
tt6417204,1200000,8100000,2017
tt6967980,2740700,8050806,2017
tt7294534,780000,8000000,2017
tt6692354,4400000,7900000,2017
tt6705612,1092000,7800000,2017
tt5892746,1500000,7800000,2017
tt6135348,6600000,7632420,2017
tt6416676,528,7436000,2017
tt5991410,4600000,7315040,2017
tt5348236,7000000,7286136,2017
tt5804314,3000000,7240000,2017
tt2720826,31000000,7220490,2017
tt5804038,1000000,7123919,2017
tt5125414,3082000,7082000,2017
tt4738174,10000000,7007931,2017
tt7159382,2100000,7000000,2017
tt6095090,1500000,6945256,2017
tt4726988,1900000,6543075,2017
tt1366338,916000,6312033,2017
tt6097918,1300000,6300000,2017
tt6823698,686410,6143216,2017
tt5721088,22000000,6069605,2017
tt6059074,1000000,6000000,2017
tt6990206,6900000,5987319,2017
tt6047298,6000000,5699056,2017
tt4717208,5500000,5500000,2017
tt6322922,1000000,5398976,2017
tt1412528,5000000,5042014,2017
tt5331532,4099830,4837799,2017
tt5161058,707503,4781454,2017
tt4572792,10000000,4596705,2017
tt4218696,3000000,4500000,2017
tt3296908,32679734,4412639,2017
tt34566840,2200000,4300000,2017
tt6299040,1900000,4300000,2017
tt6367558,7110000,4248574,2017
tt6423776,2978000,4192590,2017
tt4954522,3500000,4100000,2017
tt1139592,6200000,4017852,2017
tt5925772,1400000,3900000,2017
tt4158096,7000000,3719383,2017
tt5121816,6045750,3662671,2017
tt1661275,11795877,3603484,2017
tt6574272,2800000,3600000,2017
tt6352548,2360586,3540879,2017
tt6194538,9850941,3503943,2017
tt4693612,5000000,3358085,2017
tt4846232,2000000,3283369,2017
tt6221000,700000,3200000,2017
tt5711148,10000000,3179847,2017
tt6167894,610000,3100000,2017
tt6315524,1300000,3100000,2017
tt4680182,15000000,3029287,2017
tt5176252,3144622,2963886,2017
tt6214928,5000000,2943477,2017
tt6857332,1000000,2775228,2017
tt7194618,551000,2756768,2017
tt5238240,2000000,2745966,2017
tt5304464,13600000,2610794,2017
tt4106376,66190000,2602149,2017
tt4778988,20000000,2510151,2017
tt6711660,1400000,2500000,2017
tt5472374,3014770,2437852,2017
tt3280262,6500000,2332018,2017
tt4902904,2000000,2308355,2017
tt6649794,625000,2200000,2017
tt6168002,780000,2200000,2017
tt7273648,1350000,2157136,2017
tt5187886,5200000,2114260,2017
tt6256468,700000,2100000,2017
tt5871080,4650000,2003824,2017
tt6576288,550000,2000000,2017
tt5780034,2400000,2000000,2017
tt5208216,7000000,1947099,2017
tt6265828,100000,1929659,2017
tt3881026,1686858,1891907,2017
tt6018306,25000000,1872950,2017
tt6247708,620000,1800000,2017
tt5226984,4200000,1792414,2017
tt5638642,1000000,1786396,2017
tt7650604,1747037,1747037,2017
tt5636222,3987716,1738143,2017
tt2062700,10000000,1710528,2017
tt6015706,15119234,1637776,2017
tt5982852,4480000,1632440,2017
tt6133130,7000000,1600000,2017
tt5559528,779000,1550000,2017
tt5162658,7130000,1528185,2017
tt8037658,100000,1500000,2017
tt6188518,850000,1500000,2017
tt6211480,100000,1500000,2017
tt6327400,2650000,1500000,2017
tt6304046,5700000,1500000,2017
tt6055082,550000,1483677,2017
tt2620590,500000,1476843,2017
tt5614612,4000000,1440000,2017
tt6770082,160000,1400000,2017
tt6426832,930000,1400000,2017
tt6441310,859484,1360851,2017
tt5669936,5000000,1319566,2017
tt6160504,870000,1300000,2017
tt6512784,2400000,1240000,2017
tt10072948,14000,1226000,2017
tt7063130,280000,1200000,2017
tt6517874,550000,1100000,2017
tt6363436,2400000,1100000,2017
tt5990474,700000,1015744,2017
tt7048622,3000000,1001305,2017
tt5597198,490000,1000000,2017
tt1724970,14000000,992181,2017
tt3986820,1000000,956425,2017
tt6680752,620000,940000,2017
tt6458726,665000,902684,2017
tt4581576,10500000,840809,2017
tt5858514,1200000,806000,2017
tt7431980,300000,800000,2017
tt4486986,30000000,646946,2017
tt6244876,690000,640000,2017
tt7547768,600000,571302,2017
tt3182620,20000000,557241,2017
tt6620266,630000,540000,2017
tt5785200,3851785,500732,2017
tt6194530,3000000,500000,2017
tt8333222,160000,440000,2017
tt4729896,500000,434336,2017
tt4943322,40000000,413844,2017
tt6964554,2000000,409913,2017
tt6288694,10000000,320705,2017
tt1712192,10000000,315132,2017
tt1691152,179554,311470,2017
tt6659294,150000,250000,2017
tt6513084,100000,250000,2017
tt5816374,10000000,248370,2017
tt6597454,11203,230258,2017
tt7791106,250000,225000,2017
tt4917224,5500000,200229,2017
tt14773954,135000,200000,2017
tt6155922,535220,199509,2017
tt5091108,2000000,182710,2017
tt5540992,15500000,182415,2017
tt4334266,6000000,180851,2017
tt5777312,1000000,179519,2017
tt7085164,1000000,173187,2017
tt4180286,3000000,168738,2017
tt5662550,10000000,151493,2017
tt5778384,562918,123842,2017
tt4656810,2000000,113772,2017
tt6355328,10000,100000,2017
tt7762454,10000,100000,2017
tt6227164,10000,100000,2017
tt7563890,100000,100000,2017
tt5837242,441755,95589,2017
tt6397530,25000,93039,2017
tt8037662,10000,90000,2017
tt6684270,50000,88000,2017
tt5687334,12840746,82264,2017
tt5540188,4250000,81089,2017
tt6721132,125000,78000,2017
tt5657856,10000000,64453,2017
tt3853830,1250000,62398,2017
tt29639800,5000,60000,2017
tt6211506,150000,60000,2017
tt6217564,15000,50000,2017
tt8532152,15454,45150,2017
tt4677924,5000000,43682,2017
tt6797190,2500000,40000,2017
tt6556890,3500000,39091,2017
tt4949290,7000000,37766,2017
tt7240130,1250000,35423,2017
tt5124206,11000,29700,2017
tt1680140,4000000,27741,2017
tt3722614,4000000,24416,2017
tt8134670,1185468,24207,2017
tt7938472,12000,24000,2017
tt5153860,2000000,22253,2017
tt6231840,150000,20000,2017
tt6164502,1550000,19084,2017
tt4348012,2500000,17366,2017
tt8885088,9850,12160,2017
tt6897974,3000000,12000,2017
tt4892424,500,10000,2017
tt8589358,10000,10000,2017
tt6224580,10000,10000,2017
tt6209534,10000,10000,2017
tt6213850,10000,10000,2017
tt11750814,5000,10000,2017
tt6217672,1000000,10000,2017
tt8967900,10000,10000,2017
tt6207956,10000,10000,2017
tt6774196,4000,9407,2017
tt38838813,4000,8000,2017
tt4400994,8000000,7856,2017
tt7834828,5000,6000,2017
tt1785635,5000000,5728,2017
tt4927984,2000000,5504,2017
tt4703182,1000000,5199,2017
tt5437922,2500,5000,2017
tt6344678,2500,5000,2017
tt8789562,1000,4500,2017
tt5120010,830000,4297,2017
tt13966292,1000,2103,2017
tt6264558,1000000,1661,2017
tt6286796,4500000,1008,2017
tt14928704,700,1000,2017
tt13863866,1000,900,2017
tt7494122,20,753,2017
tt5397464,8616,702,2017
tt5300754,1,500,2017
tt7020762,5,300,2017
tt8937542,100,100,2017
tt3902120,1000,40,2017
tt5671248,1,25,2017
tt8641076,400,20,2017
tt7616710,100000,17,2017
tt6237548,9,15,2017
tt6850102,10000,10,2017
tt7445206,1700,1,2017
tt6547398,1,1,2017
tt4154756,300000000,2052415039,2018
tt1825683,200000000,1349926083,2018
tt4881806,170000000,1310469037,2018
tt3606756,200000000,1243225667,2018
tt1477834,160000000,1152028393,2018
tt1727824,52000000,910813521,2018
tt1270797,116000000,856085151,2018
tt4912910,178000000,791658205,2018
tt5463162,110000000,785896632,2018
tt4123430,200000000,654900000,2018
tt5095030,140000000,622674139,2018
tt1677720,175000000,607274134,2018
tt6878882,70000000,579330426,2018
tt7752454,63000000,544185156,2018
tt4779682,150000000,530517320,2018
tt5848272,175000000,529323962,2018
tt5220122,80000000,528600000,2018
tt2709692,75000000,508600000,2018
tt4701182,135000000,467989645,2018
tt1517451,36000000,436388866,2018
tt2231461,120000000,428028233,2018
tt6911608,75000000,395607854,2018
tt4633694,90000000,393602435,2018
tt3778644,250000000,392952373,2018
tt4477536,55000000,371985018,2018
tt5814060,22000000,366082797,2018
tt5117670,50000000,351266433,2018
tt5028340,130000000,348807090,2018
tt6644200,17000000,340955294,2018
tt6966692,23000000,321752656,2018
tt5758778,125000000,304870828,2018
tt5164214,70000000,297718711,2018
tt2557478,150000000,290061297,2018
tt4500922,62000000,288175335,2018
tt1365519,94000000,274650803,2018
tt1502407,10000000,259939869,2018
tt3104988,30000000,238539198,2018
tt6343314,50000000,214200000,2018
tt6182908,80000000,214115531,2018
tt4575576,75000000,197744377,2018
tt3766354,62000000,190400157,2018
tt7959026,50000000,174800000,2018
tt5523010,120000000,173961069,2018
tt5726086,10000000,172811971,2018
tt3829266,88000000,160542134,2018
tt6921996,25000000,158972570,2018
tt2873282,69000000,151572634,2018
tt6133466,13000000,137056262,2018
tt1620680,103000000,132675864,2018
tt2119543,42000000,131523093,2018
tt7961060,1000000,125002821,2018
tt7401588,48000000,121000000,2018
tt1590193,30000000,119942387,2018
tt2704998,37000000,117501013,2018
tt6466464,87000000,115089944,2018
tt5080556,77000000,114629169,2018
tt8116428,18300000,112790210,2018
tt1213641,70000000,105713218,2018
tt4244998,51000000,99630675,2018
tt7040874,20000000,97644617,2018
tt5083738,15000000,95918706,2018
tt6772950,3500000,95330493,2018
tt6791096,32000000,94539426,2018
tt2531344,21000000,94017294,2018
tt7349662,15000000,93411426,2018
tt5664636,35000000,93320380,2018
tt6864046,44005000,91708374,2018
tt1563742,12000000,91244913,2018
tt2296777,59000000,90497778,2018
tt7784604,10000000,87796204,2018
tt4532826,100000000,86493046,2018
tt6450186,7000000,86086881,2018
tt1571234,100000000,83869818,2018
tt12790098,17620000,82500000,2018
tt5935704,31000000,81673897,2018
tt1259528,30000000,80509622,2018
tt7731512,1250000,78778562,2018
tt6857166,10000000,78720293,2018
tt6266538,60000000,76100000,2018
tt5052474,35000000,75836683,2018
tt7668870,1000000,75462037,2018
tt2854926,28000000,75100000,2018
tt8001346,36000000,74488686,2018
tt4218572,42000000,73900000,2018
tt5104604,35000000,72991435,2018
tt2126357,16000000,72282227,2018
tt7946836,125000,69885700,2018
tt1413492,35000000,67450815,2018
tt6452574,21918618,67414985,2018
tt5164432,17000000,66316289,2018
tt4560436,35000000,66308758,2018
tt8267604,4000000,64978931,2018
tt7238392,20390000,64497208,2018
tt5619332,30000000,61700416,2018
tt6306064,35000000,59945012,2018
tt6802308,30000000,57076286,2018
tt6850820,25000000,53918723,2018
tt4701724,50000000,53431158,2018
tt7424200,10000000,52390236,2018
tt5690360,10000000,51738549,2018
tt31050020,110000000,51349833,2018
tt7137846,6000000,49078000,2018
tt7066382,15000000,47427990,2018
tt2328900,25000000,46712809,2018
tt1072748,3500000,44019588,2018
tt2798920,40000000,43070915,2018
tt5734576,9500000,43000000,2018
tt8185182,13000000,42140000,2018
tt4530422,38000000,41657844,2018
tt6931414,13305000,41509280,2018
tt4073790,34000000,41142379,2018
tt6774212,9150000,41000000,2018
tt1255919,42000000,40500000,2018
tt8108198,4500000,40000000,2018
tt7725596,4000000,39000000,2018
tt5691024,5500000,38830219,2018
tt4669788,20000000,38755968,2018
tt8396188,2179800,36837802,2018
tt8820590,8000000,36220872,2018
tt4844148,9600000,35487190,2018
tt5177088,43000000,35164920,2018
tt5580266,23000000,34934009,2018
tt6063050,20000000,34800000,2018
tt1137450,30000000,34017028,2018
tt6980546,11000000,33907059,2018
tt6449336,13500000,33895230,2018
tt6663582,40000000,33562069,2018
tt6781982,29000000,33157615,2018
tt5360952,35000000,32517248,2018
tt1285009,12500000,32144262,2018
tt6628394,32000000,31882724,2018
tt1226837,25000000,31749905,2018
tt1846589,40000000,31672678,2018
tt0859635,13500000,31626386,2018
tt8119680,7120949,29433930,2018
tt8097306,19000000,29200000,2018
tt7745068,12000000,27507549,2018
tt1308728,40000000,27506452,2018
tt4799066,2800000,27365467,2018
tt4537896,29000000,25957482,2018
tt7388562,5000000,25915966,2018
tt6588966,2000000,25629954,2018
tt3385524,10000000,24420923,2018
tt8574252,5500000,24340302,2018
tt7098658,4500000,23800000,2018
tt7218518,10000000,23000000,2018
tt6421110,14000000,21753365,2018
tt5747714,80000,21000000,2018
tt8108202,2800000,21000000,2018
tt7125860,12000000,20572691,2018
tt7690670,16000000,20545116,2018
tt6793580,4920975,20121318,2018
tt5842616,6800000,19700000,2018
tt6929642,20000000,19256857,2018
tt7136896,18900000,19000000,2018
tt6543652,4954500,18754051,2018
tt5688932,3200000,18200000,2018
tt1999890,5500000,18160930,2018
tt7363076,4700000,18000000,2018
tt4964788,11318430,17997350,2018
tt5270948,34000000,17904202,2018
tt7334528,19000000,17700000,2018
tt6513656,20000000,17592626,2018
tt5208252,24000000,17506878,2018
tt6499752,3000000,16976561,2018
tt4761916,1000000,16434588,2018
tt4103724,3500000,16367326,2018
tt31463404,3433250,15576565,2018
tt7832124,4400000,14701918,2018
tt7153766,1500000,14293601,2018
tt7843946,675000,13564570,2018
tt7014006,2000000,13539709,2018
tt4971344,38000000,13143056,2018
tt3289724,39000000,13061491,2018
tt7638344,4800000,13000000,2018
tt7545524,13000000,12616995,2018
tt4110388,5200000,12496155,2018
tt5834262,15000000,12371132,2018
tt2140507,30000000,12217160,2018
tt6495094,4000000,12165890,2018
tt8925540,3000000,12000000,2018
tt5360996,20000000,11710110,2018
tt7465992,4346100,11589600,2018
tt2837574,15800000,11277120,2018
tt3721964,10000000,11001627,2018
tt7204348,3000000,10452324,2018
tt7026672,4900000,10400000,2018
tt8255452,5125000,10063938,2018
tt6017942,30000000,10023153,2018
tt7720922,7100000,9600000,2018
tt8682096,2500000,9343827,2018
tt5613484,1700000,9303022,2018
tt4086018,20000000,8751856,2018
tt7187860,8166084,8475827,2018
tt6818140,7600000,8400000,2018
tt4154916,30000000,8100000,2018
tt6108178,6000000,8000000,2018
tt5989218,10000000,7997774,2018
tt1034415,20000000,7953089,2018
tt7008872,15000000,7900000,2018
tt5475734,3694425,7694425,2018
tt6652708,5700000,7414178,2018
tt7064498,10800000,7362730,2018
tt7365604,10000000,6842356,2018
tt9063106,2200000,6748935,2018
tt34609706,4400000,6700000,2018
tt7282468,7280000,6591038,2018
tt7339792,6000000,6200000,2018
tt7329858,2600000,6000000,2018
tt8564902,6000000,5885881,2018
tt7137380,9000000,5580940,2018
tt4003440,9800000,5566776,2018
tt8072400,2123894,5479646,2018
tt5670152,4000000,5132274,2018
tt6495770,19000000,5059608,2018
tt8602654,282099,4936739,2018
tt6951892,3500000,4900000,2018
tt5314190,25000000,4900000,2018
tt5311542,18000000,4831836,2018
tt3203528,13000000,4781638,2018
tt6748466,21000000,4746815,2018
tt3319730,18000000,4536348,2018
tt1801552,10000000,4343227,2018
tt6981702,3900000,4200000,2018
tt6288124,3500000,4200000,2018
tt6820256,2000000,4100000,2018
tt7618184,2721526,4080000,2018
tt6053438,3500000,3988612,2018
tt7959216,22000000,3738618,2018
tt3722234,4000000,3679893,2018
tt6559390,9661157,3562793,2018
tt6697582,1705235,3501037,2018
tt7919680,3038109,3489863,2018
tt7167630,1000000,3469151,2018
tt1667321,745971,3335913,2018
tt7074886,25000000,3300000,2018
tt5325684,2900000,3200000,2018
tt5970844,31000000,3136000,2018
tt8043306,1500000,3062477,2018
tt8335880,21000000,2984733,2018
tt6205872,7000000,2900000,2018
tt6212478,3000000,2847319,2018
tt5092380,13749400,2842040,2018
tt5649108,5000000,2830775,2018
tt8831284,67000,2800000,2018
tt9037222,1200000,2693044,2018
tt7139246,10000000,2635349,2018
tt1318517,19116000,2433457,2018
tt5340300,8000000,2400000,2018
tt6987770,7000000,2183025,2018
tt4614612,18000000,2153029,2018
tt7515456,10000000,2137751,2018
tt4827558,8933400,2133033,2018
tt7158430,2000000,2115765,2018
tt8398768,6861490,2080679,2018
tt5691670,8500000,2053469,2018
tt6257174,900000,2019874,2018
tt6494418,2000000,2006704,2018
tt7878846,3500000,2000000,2018
tt8956464,400000,1966105,2018
tt7095482,4552700,1932261,2018
tt8183544,300000,1800000,2018
tt8359848,2900000,1696075,2018
tt10182822,21000000,1681525,2018
tt7520532,1504710,1671700,2018
tt6998518,6000000,1653784,2018
tt7994188,296770,1632236,2018
tt5254610,20000000,1472770,2018
tt8792898,495343,1399479,2018
tt6774420,562000,1334800,2018
tt5960374,7000000,1300000,2018
tt6932818,6000000,1211394,2018
tt8769226,20000000,1197984,2018
tt5397194,20000000,1197741,2018
tt7941612,900000,1180000,2018
tt6155172,15000000,1140769,2018
tt7967954,1360000,1080000,2018
tt9226154,2495650,1066431,2018
tt7844166,2500000,1053002,2018
tt5280308,300000,1000000,2018
tt12551078,100000,1000000,2018
tt4602066,14000000,953953,2018
tt6738136,2900000,938055,2018
tt5001754,5000000,854319,2018
tt7715988,350000,850000,2018
tt7795376,100000,850000,2018
tt5685006,2500000,780846,2018
tt7963848,3000000,703734,2018
tt2243900,250000,679000,2018
tt1773753,5000000,661769,2018
tt8037610,255000,635082,2018
tt1799516,6000000,585333,2018
tt6747224,2340000,577500,2018
tt1273221,8000000,487420,2018
tt6155374,8155000,482806,2018
tt6916362,6000000,470000,2018
tt6443294,1200000,467306,2018
tt7738450,200000,448184,2018
tt5476182,350000,426290,2018
tt4281724,35000,421798,2018
tt6532192,3725000,381668,2018
tt8662114,1365419,316210,2018
tt8691532,266937,248835,2018
tt3688342,4000000,231719,2018
tt7499368,100000,219342,2018
tt15170150,100000,200000,2018
tt7111402,10000,200000,2018
tt8393764,100000,190000,2018
tt5938084,1600000,178471,2018
tt6251024,2500000,165623,2018
tt8840490,157202,157202,2018
tt6924204,50000,140000,2018
tt2967856,5000000,134801,2018
tt7497890,146000,120000,2018
tt5883570,15000000,113956,2018
tt8686136,300,110000,2018
tt5601424,21000,101211,2018
tt9063684,11000,100000,2018
tt9073702,10000,100000,2018
tt6704346,10000,100000,2018
tt9056646,10000,100000,2018
tt8106708,10000,100000,2018
tt7816386,486235,78655,2018
tt7192164,30000,75000,2018
tt8554460,10000,70000,2018
tt5822132,1500000,69416,2018
tt6073576,17000000,60622,2018
tt9735328,4432,55647,2018
tt9876312,8799,44566,2018
tt2249081,15000000,42213,2018
tt5774450,1500000,42027,2018
tt8406750,1800000,31086,2018
tt7448180,3000000,28645,2018
tt3458760,1000000,25015,2018
tt6545212,56000,23000,2018
tt6997426,170000,22834,2018
tt7946422,4000000,22777,2018
tt6774786,6000000,21704,2018
tt6020428,2400000,18598,2018
tt7133202,887000,14318,2018
tt7976502,142575,12397,2018
tt6910612,3000,10000,2018
tt13129744,10000,10000,2018
tt8869624,8000,10000,2018
tt8377736,10000,10000,2018
tt7901384,10000,10000,2018
tt8166164,10000,10000,2018
tt6237562,10000,10000,2018
tt8060054,1000,10000,2018
tt7897432,10000,10000,2018
tt7897348,10000,10000,2018
tt6217724,10000,10000,2018
tt7901408,10000,10000,2018
tt4418152,850000,9465,2018
tt8408288,127,7500,2018
tt6749318,15000000,5812,2018
tt8235660,130178,5303,2018
tt17042592,20000,5000,2018
tt10540314,3000,5000,2018
tt5208950,13000000,4537,2018
tt10687574,2000,3500,2018
tt8290698,17000000,3175,2018
tt10146982,3000,3000,2018
tt3956336,2000000,2231,2018
tt7881364,1000,2000,2018
tt9805820,80,1800,2018
tt9460462,1000,1200,2018
tt7970690,500,1100,2018
tt8395602,500,1000,2018
tt9448656,200000,1000,2018
tt10903446,1000,1000,2018
tt13827976,127,500,2018
tt13594694,500,500,2018
tt13588258,500,500,2018
tt8077374,1300,435,2018
tt38691476,150,350,2018
tt3958432,1000,200,2018
tt7437508,200,200,2018
tt29312221,120,140,2018
tt5562804,350,120,2018
tt16112554,3000,100,2018
tt0134108,130,65,2018
tt8571866,125,40,2018
tt7428166,100,30,2018
tt10182450,15,30,2018
tt9783202,50,10,2018
tt9783060,50,10,2018
tt8259442,10000,10,2018
tt8438328,4000,10,2018
tt10148580,2000,5,2018
tt8822390,3,2,2018
tt7921182,10,1,2018
tt4154796,356000000,2799439100,2019
tt6105098,260000000,1662020819,2019
tt4520988,150000000,1453683476,2019
tt6320628,160000000,1132723226,2019
tt4154664,152000000,1131416446,2019
tt7286456,55000000,1078958629,2019
tt2527338,489900000,1074144248,2019
tt1979376,175000000,1073841394,2019
tt6139732,183000000,1054304000,2019
tt7975244,125000000,801693929,2019
tt6806448,200000000,760098996,2019
tt10627720,22000000,742718496,2019
tt2386490,129000000,539987993,2019
tt4777008,185000000,491730089,2019
tt7349950,79000000,473123154,2019
tt5884052,150000000,449762638,2019
tt8579674,100000000,446064352,2019
tt5113040,80000000,429434163,2019
tt0437086,170000000,405000000,2019
tt7131622,95000000,392105159,2019
tt3741700,170000000,387300138,2019
tt0448115,80000000,367799011,2019
tt3861390,170000000,353284621,2019
tt3281548,40000000,332103783,2019
tt6146586,55000000,328349908,2019
tt8946378,40000000,312897920,2019
tt6450804,185000000,261119292,2019
tt6751668,11363000,257591776,2019
tt6857112,20000000,256071218,2019
tt2283336,110000000,253890701,2019
tt6565702,200000000,252442974,2019
tt6823368,20000000,246999039,2019
tt2076298,52000000,239000000,2019
tt8350360,27000000,231252591,2019
tt1950186,97600000,225508210,2019
tt1620981,40000000,204394183,2019
tt3513498,99000000,199603202,2019
tt6398184,20000000,194694725,2019
tt9426210,11100000,192729404,2019
tt6324278,75000000,190304772,2019
tt1025100,140000000,173469516,2019
tt5814534,100000000,171616764,2019
tt2066051,40000000,167300000,2019
tt5503686,20000000,157563598,2019
tt5886046,9000000,155712077,2019
tt8079248,26000000,154608856,2019
tt6189022,40000000,146661977,2019
tt6095472,65000000,137792047,2019
tt2935510,87500000,127461872,2019
tt6924650,100000000,127400000,2019
tt1987680,37500000,125856180,2019
tt9541602,8120000,124652206,2019
tt4913966,9000000,123233739,2019
tt1560220,42000000,122810399,2019
tt8623904,30000000,121600000,2019
tt7547410,49000000,120600000,2019
tt6428676,100000000,119559110,2019
tt0837563,21000000,113118226,2019
tt6977338,20000000,111037232,2019
tt9368628,8000000,106618508,2019
tt3387520,25000000,104545505,2019
tt1298644,21000000,97400000,2019
tt6643972,10000000,94160344,2019
tt6472976,7000000,92600000,2019
tt8364368,13500000,91542097,2019
tt1206885,50000000,91500000,2019
tt8836988,2400000,89900000,2019
tt6556670,18500000,87761988,2019
tt2584384,14000000,82468705,2019
tt8385474,16000000,78871079,2019
tt5697572,95000000,77276321,2019
tt5719748,60000000,76419755,2019
tt7054636,20000000,74747725,2019
tt5033998,48000000,73279888,2019
tt5606664,45000000,72385286,2019
tt7634968,20000000,69766483,2019
tt10648440,10892000,69501772,2019
tt4126476,14000000,69497587,2019
tt9134216,29900000,69412425,2019
tt3224458,25000000,67900000,2019
tt7430722,24140000,67540000,2019
tt8155288,9000000,64600152,2019
tt9288776,11936735,62098770,2019
tt6394270,32000000,61404394,2019
tt11285908,17700000,61321941,2019
tt7958736,5000000,61220856,2019
tt7798634,6000000,57615777,2019
tt8983202,8751000,55478164,2019
tt2274648,50000000,55065289,2019
tt6836936,51000000,55000000,2019
tt10199590,2500000,54606372,2019
tt8096832,60000000,51000000,2019
tt11418452,2600000,50803834,2019
tt4916630,25000000,50401502,2019
tt5727208,19000000,50023780,2019
tt8688634,33000000,49900000,2019
tt3612126,10000000,49511319,2019
tt7083526,14000000,49200000,2019
tt2452244,31000000,48800000,2019
tt8772262,9000000,48498408,2019
tt10039344,6500000,48021766,2019
tt8722346,20000000,47803176,2019
tt7329656,12000000,47582563,2019
tt8663516,10000000,44902237,2019
tt9248972,4571000,41512000,2019
tt6722030,8000000,40600000,2019
tt10611372,2000000,39273021,2019
tt6513120,11000000,39055536,2019
tt7549996,10000000,38981322,2019
tt8186318,5000000,38026103,2019
tt8291806,10769016,37359689,2019
tt7721946,18000000,35000000,2019
tt3513548,45000000,33900000,2019
tt5563334,10000000,33856058,2019
tt1478839,18000000,33800000,2019
tt7752126,6000000,33224654,2019
tt1946502,45000000,32500000,2019
tt7734218,16000000,32400000,2019
tt6811018,59000000,32140970,2019
tt7456310,34000000,31626978,2019
tt8333978,12000000,31562422,2019
tt9052870,6825000,29353057,2019
tt2395469,5782853,28299498,2019
tt6348138,100000000,26565710,2019
tt9019352,5000000,26500000,2019
tt10208198,6500000,25775371,2019
tt1489887,6000000,24849029,2019
tt9420648,3571000,24571428,2019
tt7139936,25000000,23805899,2019
tt4364194,6200000,23712097,2019
tt8637428,250300,23076657,2019
tt7390646,12000000,22741061,2019
tt6107548,4000000,22384741,2019
tt9024106,6000000,21600000,2019
tt4463894,30000000,21360215,2019
tt4504044,6000000,21200000,2019
tt2398149,25300000,18899214,2019
tt10481868,5000000,18529730,2019
tt0385887,26000000,18377736,2019
tt7984734,11000000,18262464,2019
tt8266310,8300000,18144644,2019
tt7616798,18000000,17643857,2019
tt8085790,20000000,17399000,2019
tt8333746,12400000,17133446,2019
tt6628322,30000000,16900000,2019
tt5461944,25000000,16900000,2019
tt4199898,75000000,16349303,2019
tt5822564,38000000,16000000,2019
tt9427166,3400000,15894372,2019
tt8695030,11000000,15325468,2019
tt5941692,15000000,15200000,2019
tt6476140,25000000,14500000,2019
tt9172422,11000000,13935410,2019
tt9071322,20000000,13601384,2019
tt10555920,13000000,13000000,2019
tt7458762,22400000,12652790,2019
tt7818580,4735684,12277353,2019
tt6329716,2869666,12000000,2019
tt7294400,1500000,11900000,2019
tt8806768,4833490,11788968,2019
tt7537738,5831703,11663406,2019
tt6439020,15600000,11620337,2019
tt9648942,675000,11283099,2019
tt4429160,20000000,10054356,2019
tt9564774,3500000,10000000,2019
tt8649186,1300000,9943901,2019
tt8613070,5740000,9923127,2019
tt9558468,2100000,9600000,2019
tt9354944,5000000,9341824,2019
tt5968394,25000000,8808611,2019
tt5668770,2800000,8700000,2019
tt6218010,49000000,8685794,2019
tt3361792,20000000,8654322,2019
tt10256570,4000000,8277796,2019
tt9020536,1570000,7324768,2019
tt9284430,13000000,7201952,2019
tt6423362,9000000,6800000,2019
tt11013572,6837995,6294941,2019
tt9285882,1600000,5750000,2019
tt10291544,5000000,5556301,2019
tt6803212,5000000,5300000,2019
tt8785134,2170217,5063840,2019
tt9260446,8000000,5000000,2019
tt5932728,25000000,4957273,2019
tt5951188,3500000,4944386,2019
tt9412268,1000000,4822485,2019
tt6918220,3500000,4645750,2019
tt5827916,9000000,4645140,2019
tt8438910,3748416,4591809,2019
tt6511932,5000000,4554416,2019
tt9165806,1300000,4400000,2019
tt8305806,66000,4369493,2019
tt3920820,10000000,4300000,2019
tt8237172,1863258,4223384,2019
tt9537346,1100000,4165528,2019
tt10140922,5000000,4000000,2019
tt5746054,9000000,3882729,2019
tt9264336,704334,3803406,2019
tt2762506,1430000,3554178,2019
tt6141246,40000000,3485251,2019
tt8151874,3500000,3400977,2019
tt34385817,3000000,3400000,2019
tt4042818,35000000,3326364,2019
tt7858496,8250378,3262957,2019
tt10540024,1843114,3237737,2019
tt8329148,5100000,3123088,2019
tt8876008,350000,3000000,2019
tt8753438,7300000,2996763,2019
tt1833116,60000000,2927708,2019
tt10329842,4065470,2889720,2019
tt8652728,6000000,2576990,2019
tt8080196,5350000,2536386,2019
tt8594376,4000000,2514679,2019
tt7278824,8000000,2440478,2019
tt7967412,3328289,2407571,2019
tt7339248,1800000,2400000,2019
tt8134742,3000000,2295825,2019
tt6535880,5000000,2243353,2019
tt0441881,23934823,2078370,2019
tt7025388,7000000,1940234,2019
tt6062774,1800000,1929915,2019
tt10871460,1413543,1862261,2019
tt6772804,3600000,1766092,2019
tt4516162,3800000,1681545,2019
tt9387352,5000000,1668824,2019
tt4975920,8000000,1561698,2019
tt7439064,2900000,1560697,2019
tt10096424,1143043,1554631,2019
tt9614416,630000,1500000,2019
tt11529348,1500000,1489573,2019
tt8972256,5500000,1460431,2019
tt8948208,4300000,1369324,2019
tt8169552,1803570,1357142,2019
tt8561690,3000000,1292773,2019
tt8363914,686599,1291514,2019
tt9034290,3000000,1289283,2019
tt7200946,2800000,1200582,2019
tt10122042,300000,1188936,2019
tt9764654,12547000,1091477,2019
tt8228288,1203235,1090116,2019
tt6521876,10000000,1011305,2019
tt1302006,159000000,968853,2019
tt11253526,7000000,958558,2019
tt9133370,929868,929868,2019
tt8881326,84600,920000,2019
tt10409498,5000000,878668,2019
tt11413018,110000,845000,2019
tt9015746,1645266,757123,2019
tt8615732,4302540,731827,2019
tt6491178,15000000,660132,2019
tt1667354,7800000,659535,2019
tt1780967,8000000,592565,2019
tt7531096,2100000,585443,2019
tt10262160,350000,580000,2019
tt8799390,509000,566764,2019
tt7858472,5600000,540482,2019
tt8368406,4000000,488000,2019
tt9173002,2700000,443038,2019
tt3282076,7800000,439085,2019
tt6817944,4700000,434977,2019
tt3038708,17500000,392166,2019
tt4060544,17000000,388518,2019
tt9063902,1450000,368430,2019
tt8781414,2000,368410,2019
tt10521814,6000000,359377,2019
tt7662118,210000,350000,2019
tt7616584,450000,343500,2019
tt7653254,18000000,333686,2019
tt7524414,25000,310827,2019
tt11355320,100000,300000,2019
tt8974368,220000,297388,2019
tt8236336,8000000,275000,2019
tt6458228,15000000,243043,2019
tt7016254,2500000,242483,2019
tt5690810,12000000,242115,2019
tt6032704,1000000,175038,2019
tt9822864,120000,166000,2019
tt2275743,7000000,163908,2019
tt10276554,1100000,162640,2019
tt6259380,15000000,157209,2019
tt7394816,9000000,146863,2019
tt11386020,826500,146000,2019
tt7903530,4000000,143837,2019
tt7736212,1780456,140195,2019
tt8109800,2000000,134696,2019
tt7294844,226885,131500,2019
tt5795282,64988,125348,2019
tt1158939,12000000,106796,2019
tt10809934,10000,100000,2019
tt7468616,5000000,98559,2019
tt7718114,208000,78254,2019
tt11123206,25000,75000,2019
tt8956872,5256817,70821,2019
tt11197384,20000000,70049,2019
tt11341572,25000,70000,2019
tt8110290,420000,69000,2019
tt3486080,80000,67522,2019
tt5974030,4500000,64648,2019
tt10310222,860000,53565,2019
tt10918524,25000,50000,2019
tt6469548,30000,44652,2019
tt9877340,632040,42200,2019
tt11254246,10000,40000,2019
tt10706138,5000,40000,2019
tt7246542,450000,39266,2019
tt11697356,3000,35000,2019
tt15382170,4065,27096,2019
tt8483272,16800000,24743,2019
tt9894470,1000000,23101,2019
tt10319732,10000,15000,2019
tt9681728,700000,13939,2019
tt8071360,3200,10000,2019
tt10250846,7615,7615,2019
tt13260472,5000,6000,2019
tt12996130,8000,4000,2019
tt6096852,3000,4000,2019
tt4558200,3600000,3868,2019
tt10457946,2000,3238,2019
tt7869070,18000000,3153,2019
tt8286772,105497,2263,2019
tt11242700,20190,2019,2019
tt9720440,25000,2000,2019
tt6986718,5000,2000,2019
tt11788384,500,1500,2019
tt10963910,20,1500,2019
tt10014838,625000,1420,2019
tt9876680,7300,1200,2019
tt12098452,1000,1080,2019
tt14391292,100000,1000,2019
tt10471404,100,1000,2019
tt11252938,500,1000,2019
tt9614314,2000,1000,2019
tt10651098,1000,1000,2019
tt10011102,1000,1000,2019
tt4707274,1100000,976,2019
tt10867750,303,930,2019
tt10460990,1400000,881,2019
tt10706724,748,850,2019
tt7992722,2000,800,2019
tt10947284,1000,500,2019
tt10675760,500,500,2019
tt12057400,500,500,2019
tt7088508,150000,445,2019
tt10670200,80,350,2019
tt11799392,27,300,2019
tt11966896,120,200,2019
tt32430706,500,100,2019
tt10591194,50,100,2019
tt10651588,50,100,2019
tt10421218,50,100,2019
tt10923940,100,100,2019
tt18925320,42,42,2019
tt8318616,24,21,2019
tt10540336,3,13,2019
tt10182544,20,10,2019
tt11502344,6,6,2019
tt7520068,420,3,2019
tt11301008,80,1,2019
tt11366358,300,1,2019
tt12009844,65,1,2019
tt11032374,15700000,523542183,2020
tt7294150,80000000,461421559,2020
tt1502397,90000000,426505244,2020
tt6723592,205000000,365304105,2020
tt3794354,85000000,319715683,2020
tt6673612,175000000,251410631,2020
tt9597838,40000000,226400000,2020
tt2850386,65000000,215905815,2020
tt7713068,75000000,205537933,2020
tt7126948,200000000,169601036,2020
tt1051906,7000000,144492724,2020
tt7146812,200000000,141888276,2020
tt2948372,150000000,121977511,2020
tt8367814,22000000,115171795,2020
tt7504726,109000000,111200000,2020
tt34611118,3000000,77000000,2020
tt4566758,200000000,69965374,2020
tt7737786,34000000,52300000,2020
tt10413566,20000000,52186426,2020
tt0983946,7000000,49500000,2020
tt6587640,90000000,49276818,2020
tt4682266,67000000,49169594,2020
tt8108274,16440000,48375000,2020
tt10362466,14000000,47990414,2020
tt10773090,11000000,46892742,2020
tt4532038,18000000,43387445,2020
tt8850222,17000000,42698327,2020
tt6475714,60000000,42145959,2020
tt5774060,50000000,40882928,2020
tt1634106,42000000,39861118,2020
tt10059518,33000000,39238300,2020
tt12763920,12000000,34662454,2020
tt9537292,11450000,34000000,2020
tt8060328,8819200,32104054,2020
tt3152592,90000000,28600000,2020
tt13606158,8400000,27658331,2020
tt7545266,29000000,26900000,2020
tt9214832,10000000,25200000,2020
tt9086228,5000000,22304357,2020
tt10288566,5150000,21700000,2020
tt10272386,6000000,21029340,2020
tt7798646,16000000,20690779,2020
tt9620292,10000000,20379604,2020
tt9173418,10000000,20311536,2020
tt7510346,14000000,19428166,2020
tt8366590,7952450,18473570,2020
tt21839542,100000,17000000,2020
tt10196398,9700000,16955173,2020
tt9779516,12000000,16069730,2020
tt10919380,5000000,15100000,2020
tt11506284,4000000,14871307,2020
tt8544498,23000000,14590514,2020
tt10620868,6300000,13416285,2020
tt8004664,9000000,13182254,2020
tt12200256,7000000,12916151,2020
tt6878306,38000000,12700000,2020
tt9648672,9204790,12589965,2020
tt9199374,3997866,11327287,2020
tt9877170,7907534,11136444,2020
tt11206302,13000000,11020901,2020
tt9204164,17520000,10855626,2020
tt8959680,1250000,10791301,2020
tt9208444,3000000,10700000,2020
tt8244784,14000000,10550350,2020
tt8242084,18000000,10200000,2020
tt10942220,1800000,10158380,2020
tt11559652,75000,9500000,2020
tt6087226,2250000,9500000,2020
tt15397862,2000000,9013287,2020
tt10233406,6438600,8859185,2020
tt10818092,1839363,8613317,2020
tt11566164,8100000,8300000,2020
tt9340860,21000000,7997460,2020
tt10065694,15000000,7060384,2020
tt7080422,17800000,7000000,2020
tt11127878,4000000,6782253,2020
tt9839038,20000000,6700000,2020
tt1086064,25000000,6274027,2020
tt7134096,50000000,5989583,2020
tt9288726,5080800,5460628,2020
tt10964430,2859129,5306068,2020
tt8633478,1700000,5184368,2020
tt9303772,9466480,5127426,2020
tt4823776,60000000,4810790,2020
tt5867314,16000000,4796993,2020
tt10003008,3500000,4311042,2020
tt12745164,17000000,4200000,2020
tt11531530,587640,4139731,2020
tt9534948,2000000,3607899,2020
tt10457128,6900000,3600000,2020
tt10816484,2500000,3486375,2020
tt8048384,4500000,3404229,2020
tt0783640,20000000,3364426,2020
tt9072352,1229578,3238539,2020
tt4411584,21000000,3215636,2020
tt8045906,8000000,3151849,2020
tt10023150,10854516,2982559,2020
tt9207700,101339,2915266,2020
tt10965792,4327440,2513010,2020
tt4685762,18000000,2300000,2020
tt9686708,35000000,2200000,2020
tt3833480,18000000,2133452,2020
tt8305852,25000000,2000000,2020
tt9484998,5000000,1818417,2020
tt4651466,3500000,1700000,2020
tt10310140,20000000,1651413,2020
tt11547520,3500000,1593464,2020
tt12269174,409000,1500000,2020
tt6760876,10530000,1400000,2020
tt9537888,6000000,1339784,2020
tt5198068,12000000,1310720,2020
tt11490170,720000,1300000,2020
tt10420532,2100000,1200000,2020
tt10798072,1500000,1173740,2020
tt2222042,30000000,1122066,2020
tt10314450,5000000,1045873,2020
tt5073642,6000000,1023510,2020
tt12592252,2500000,1000000,2020
tt11502802,216000,947455,2020
tt8461224,30000000,942666,2020
tt5918982,2500000,911000,2020
tt6199572,20600000,858281,2020
tt6902676,15000000,835102,2020
tt8960138,1400000,769563,2020
tt3278540,6100000,769234,2020
tt10044182,646955,709452,2020
tt8406660,141129,695501,2020
tt11655202,5300000,679505,2020
tt10919132,266103,665258,2020
tt12222324,225413,640744,2020
tt10308928,15000000,638221,2020
tt9252488,7200000,615233,2020
tt5259822,5000000,459051,2020
tt12749596,100000,443807,2020
tt34512762,330000,440000,2020
tt11905962,2600000,354023,2020
tt7876510,344000,351500,2020
tt8615822,25000000,343414,2020
tt10272460,1340000,342857,2020
tt10735778,1200000,307143,2020
tt13017046,250000,247351,2020
tt11140488,2000000,239828,2020
tt2420124,5000000,235016,2020
tt10948820,1800000,230051,2020
tt9387250,70000000,170581,2020
tt10618286,25000000,122252,2020
tt12564514,1000000,117368,2020
tt1070874,35000000,107423,2020
tt9231040,2000000,101068,2020
tt12649538,100000,100000,2020
tt9624766,23000000,99924,2020
tt11252440,1700000,95384,2020
tt6834916,4500000,94583,2020
tt9634036,647000,73111,2020
tt9694312,5500000,62251,2020
tt6659936,1000000,27913,2020
tt12165422,14250,20000,2020
tt13463474,20000,20000,2020
tt11618536,80000,18370,2020
tt7059626,714285,17214,2020
tt11312414,5000,12000,2020
tt10122618,20000,11400,2020
tt13309790,20000,10000,2020
tt10822762,10000,10000,2020
tt10974942,10000,10000,2020
tt13502066,10000,10000,2020
tt12948972,500,10000,2020
tt5852314,20140,10000,2020
tt3848268,5000,10000,2020
tt18305690,9859,9859,2020
tt11664368,2000,5000,2020
tt11734696,5000,5000,2020
tt21403948,550,4500,2020
tt13314216,2000,4000,2020
tt15491534,800,3500,2020
tt9517302,12000,3500,2020
tt37155589,3000,3000,2020
tt9334814,800000,2880,2020
tt11676022,1000,2708,2020
tt34149131,1000,2000,2020
tt4924656,10000,2000,2020
tt13592800,2000,2000,2020
tt12209072,1000,1000,2020
tt13616492,100,1000,2020
tt14327366,150,1000,2020
tt13217666,300,849,2020
tt19878566,400,845,2020
tt7286966,568443,618,2020
tt30217924,120,602,2020
tt10880486,200,600,2020
tt14331302,500,500,2020
tt14555972,500,500,2020
tt12580336,500,500,2020
tt14933800,3000,500,2020
tt21746840,402,402,2020
tt12338536,5,250,2020
tt16227268,200,200,2020
tt13549664,130,160,2020
tt12424786,100,100,2020
tt12980476,100,100,2020
tt11852364,10,100,2020
tt13357750,5000,100,2020
tt10523114,100,100,2020
tt11916256,5000,100,2020
tt4935782,120000,70,2020
tt11890896,300,60,2020
tt14154200,50,50,2020
tt11985684,200,40,2020
tt12240368,50000,34,2020
tt18501100,10,10,2020
tt12389626,30,10,2020
tt9452824,5,10,2020
tt13544340,15,10,2020
tt13524482,300,10,2020
tt8694428,5,5,2020
tt12748256,5000,4,2020
tt34773318,2,2,2020
tt1247112,10,1,2020
tt26492302,1,1,2020
tt10872600,200000000,1921847111,2021
tt13462900,200000000,902540935,2021
tt13364790,59000000,822049668,2021
tt2382320,250000000,774153024,2021
tt5433138,200000000,726229501,2021
tt10370822,117000000,686257563,2021
tt7097896,110000000,506863592,2021
tt5034838,200000000,470116094,2021
tt9376612,150000000,432243292,2021
tt1160419,165000000,410668500,2021
tt6467266,85000000,408402685,2021
tt9032400,236200000,402064899,2021
tt3480822,200000000,379751131,2021
tt6264654,110000000,331526598,2021
tt8332922,55000000,297372261,2021
tt2953050,150000000,261292688,2021
tt3228774,200000000,233503234,2021
tt0870154,200000000,220889446,2021
tt7069210,39000000,206444123,2021
tt4513678,75000000,204445747,2021
tt0993840,90000000,190700000,2021
tt6334354,185000000,168717425,2021
tt3554046,150000000,163692228,2021
tt10838180,190000000,156497322,2021
tt11214590,75000000,153235995,2021
tt8376234,45000000,153000000,2021
tt6932874,82000000,146745280,2021
tt11832046,26000000,144327371,2021
tt1361336,50000000,136536687,2021
tt10665338,20000000,133423964,2021
tt16043930,40000000,132326332,2021
tt5109280,100000000,130423032,2021
tt6856242,100000000,125897478,2021
tt2397461,64000000,116586376,2021
tt11083552,40000000,103966489,2021
tt2458948,29700000,93882453,2021
tt10954652,18000000,90146510,2021
tt0293429,20000000,84426031,2021
tt9347730,25000000,77411570,2021
tt10327252,18000000,76994245,2021
tt3581652,100000000,76016171,2021
tt8385148,70000000,70060492,2021
tt9844522,15000000,65774490,2021
tt7888964,16000000,57512470,2021
tt6246322,15000000,53785551,2021
tt12801262,200000000,51074773,2021
tt12789558,11000000,49158343,2021
tt13024674,30000000,46900000,2021
tt8847712,25000000,46333545,2021
tt9389998,17200000,45800000,2021
tt1321510,55000000,45175167,2021
tt11084896,30000000,42717215,2021
tt6920084,25000000,41914915,2021
tt10342730,20000000,40618920,2021
tt7740496,60000000,39629195,2021
tt9770150,5000000,39458207,2021
tt9620288,50000000,39400000,2021
tt8404256,88000000,36964325,2021
tt9531772,13000000,35000000,2021
tt3811906,40000000,34891791,2021
tt11271038,40000000,33276075,2021
tt2452150,55000000,31217372,2021
tt9419056,10000000,30832137,2021
tt4244994,100000000,30552111,2021
tt10016180,30000000,29942746,2021
tt13769630,7000000,29694624,2021
tt10405142,22000000,27832384,2021
tt11729298,25000000,26514814,2021
tt2076822,125000000,26508132,2021
tt7518786,36786988,25452983,2021
tt12536294,18000000,25246967,2021
tt3215824,20000000,23384502,2021
tt12618926,11000000,23099858,2021
tt6902332,23000000,23076711,2021
tt9639470,43000000,22957625,2021
tt11455260,11700000,22028248,2021
tt13069986,14000000,21753705,2021
tt10696896,20000000,19754272,2021
tt9357050,27500000,19133454,2021
tt9844322,17516235,19002036,2021
tt9243804,15000000,18887953,2021
tt7740510,17000000,18867659,2021
tt3272066,68000000,18717947,2021
tt12664618,11400000,17970000,2021
tt13925862,954000,17130489,2021
tt1924245,33000000,16510734,2021
tt14039582,1300000,15356046,2021
tt10945288,11900000,15300000,2021
tt9777666,200000000,14400000,2021
tt7972012,20400000,13457801,2021
tt8110232,50000000,13037403,2021
tt10366514,26000000,13000000,2021
tt14941222,6144000,13000000,2021
tt10633456,2000000,12900000,2021
tt10370710,5000000,12687507,2021
tt9735462,25900000,11131254,2021
tt6570098,10000000,10237061,2021
tt10341034,10722240,9738741,2021
tt13150080,5300000,9600000,2021
tt9742794,15000000,8804000,2021
tt10505316,20800000,8600000,2021
tt10738536,5000000,8356097,2021
tt3758814,40000000,7502846,2021
tt14598754,1065465,7100000,2021
tt5748448,43500000,6807158,2021
tt0995854,25000000,6700000,2021
tt14534992,2000000,6666618,2021
tt34385849,5000000,6600000,2021
tt10648714,9100000,6459306,2021
tt9883996,20000000,6435260,2021
tt9784798,26000000,6416063,2021
tt14146688,4180000,5606810,2021
tt13445076,40000000,5218666,2021
tt10944760,6600000,4982335,2021
tt11700260,4100000,4732705,2021
tt11003218,3000000,4638959,2021
tt7601480,10000000,4493306,2021
tt10986222,8300000,4300000,2021
tt9664108,20000000,4298184,2021
tt10945274,6500000,4181043,2021
tt8049994,6400000,4093345,2021
tt10945254,1400000,3795575,2021
tt6217926,15500000,3688261,2021
tt9110904,8232858,3680596,2021
tt10098288,4100000,3600000,2021
tt5439812,5000000,3500000,2021
tt7587604,38504400,3310000,2021
tt7270808,12000000,3279079,2021
tt9812474,5000000,3200000,2021
tt9381682,11000000,3189418,2021
tt12889404,20000000,3000000,2021
tt12753120,8300000,2836382,2021
tt6823148,24350000,2652725,2021
tt13453006,1100000,2200000,2021
tt13321730,5000000,2178083,2021
tt11674072,1900000,2100000,2021
tt10375106,4900000,2044087,2021
tt14023894,2000000,2000000,2021
tt7638348,45000000,2000000,2021
tt10366460,10000000,1905058,2021
tt7014378,9850000,1756552,2021
tt14024066,1000000,1694828,2021
tt11310670,3800000,1549405,2021
tt10537660,16438275,1453459,2021
tt12851324,547127,1412957,2021
tt14578032,5000000,1200000,2021
tt11613746,3404274,1163538,2021
tt13204490,3100000,1024575,2021
tt8368408,30000000,1015760,2021
tt6910282,6500000,1005843,2021
tt14057950,600000,1000000,2021
tt7444626,1000000,1000000,2021
tt14103036,1000,1000000,2021
tt10451852,10000000,969204,2021
tt9288692,6500000,937490,2021
tt8480678,6100000,822000,2021
tt8633462,4750000,813253,2021
tt11286314,75000000,791863,2021
tt8430054,3400000,712229,2021
tt9100054,5000000,703281,2021
tt14387660,1273890,657371,2021
tt7541720,16000000,645949,2021
tt10077034,2000000,510466,2021
tt14547524,8000000,475488,2021
tt11493006,25000000,458000,2021
tt8114980,5000000,431020,2021
tt8550054,1800000,393824,2021
tt11317142,250000,359247,2021
tt11762434,20000000,349757,2021
tt15090124,250000,322619,2021
tt4028464,3400000,322000,2021
tt10370042,20000000,318989,2021
tt15389924,1831837,293094,2021
tt13834788,584550,265268,2021
tt11656220,15000000,229811,2021
tt14723224,2500000,201000,2021
tt7991608,160000000,178143,2021
tt0137510,150000,178000,2021
tt12680684,13049974,167909,2021
tt6516228,100000,150000,2021
tt14625190,98,149755,2021
tt5078852,5000000,136579,2021
tt11612144,45000,122400,2021
tt13839612,250000,100000,2021
tt15465610,99000,99999,2021
tt10443794,200000,97111,2021
tt16350250,9000,87520,2021
tt12731980,1500000,77463,2021
tt12919688,2700000,76626,2021
tt13097336,15000000,74441,2021
tt14577300,20000000,52169,2021
tt9224288,5000000,49638,2021
tt15387654,10850,47467,2021
tt16298818,75000,43991,2021
tt10451312,8000000,39300,2021
tt4440842,1300000,36006,2021
tt11456054,2000000,34561,2021
tt1697800,4000000,31395,2021
tt12746176,100,30000,2021
tt12838766,21000000,24571,2021
tt8639326,6750000,23561,2021
tt13432158,6000,20000,2021
tt15599356,12000,16000,2021
tt16868156,1500000,15000,2021
tt13289298,2000,12000,2021
tt12443946,1619835,11546,2021
tt15415554,50000,10000,2021
tt14700970,20000,10000,2021
tt11448490,2500000,8866,2021
tt14221050,2500,6500,2021
tt14513802,5000,5000,2021
tt14873790,132925,5000,2021
tt14518986,100,4000,2021
tt11878266,100000,3695,2021
tt12867326,1000,3000,2021
tt15192668,1500,2500,2021
tt16245330,2000,2000,2021
tt16118962,500,2000,2021
tt0603188,5788,2000,2021
tt39366665,900,1200,2021
tt17071130,5000,1000,2021
tt13526272,500,1000,2021
tt16118932,100,1000,2021
tt0330643,500,1000,2021
tt13434762,5,750,2021
tt13886070,500,641,2021
tt14739232,500,500,2021
tt14022314,500,500,2021
tt15482456,20000,500,2021
tt10140666,500,500,2021
tt15126948,69,420,2021
tt16419016,200,250,2021
tt16749114,1465,204,2021
tt13309416,100,200,2021
tt12746390,100,200,2021
tt27634529,100,100,2021
tt17494546,195,98,2021
tt37594820,50,50,2021
tt15690918,50,50,2021
tt14821184,470778,18,2021
tt13864330,5,6,2021
tt13659826,200,5,2021
tt15629638,100,5,2021
tt31512817,15,2,2021
tt28519770,1,2,2021
tt1630029,350000000,2353096253,2022
tt1745960,170000000,1488732821,2022
tt8041270,465000000,1004004592,2022
tt9419884,290000000,955775804,2022
tt5113044,85000000,940203765,2022
tt9114286,250000000,859102154,2022
tt1877830,185000000,772775278,2022
tt10648342,250000000,760928081,2022
tt16194408,200000000,626203271,2022
tt3915174,90000000,484700000,2022
tt4123432,200000000,407200000,2022
tt1464335,120000000,407141258,2022
tt12412888,110000000,405421518,2022
tt6443346,200000000,393452111,2022
tt16428256,13000000,314992206,2022
tt3704428,85000000,288670284,2022
tt15801594,8800000,253816909,2022
tt8115900,80000000,250162278,2022
tt12593682,90000000,239300000,2022
tt10298810,200000000,226425420,2022
tt15474916,17000000,217408513,2022
tt8912936,90000000,203000000,2022
tt13320622,74000000,192907684,2022
tt8760708,12000000,181796517,2022
tt10954984,68000000,171932082,2022
tt14109724,20000000,168800000,2022
tt5108870,75000000,167635712,2022
tt7144666,16000000,161441914,2022
tt8178634,69000000,160000000,2022
tt9411972,24000000,144353965,2022
tt6710474,25000000,139200000,2022
tt11245972,24000000,138874789,2022
tt7657566,90000000,137307235,2022
tt7405458,50000000,108961677,2022
tt10665342,33000000,104374176,2022
tt14668630,50000000,104088441,2022
tt15838850,7600000,101166707,2022
tt8093700,50000000,97300000,2022
tt11703710,40000000,92651384,2022
tt10698680,13000000,90410749,2022
tt10731256,35000000,86700000,2022
tt11252248,20000000,84774243,2022
tt11466222,10000000,80340218,2022
tt9764362,35000000,79628200,2022
tt12003946,20000000,75734910,2022
tt5500218,100000000,75000000,2022
tt10298840,180000000,73621640,2022
tt11138512,70000000,69633110,2022
tt5834426,146000000,67319703,2022
tt10640346,78000000,65267446,2022
tt15327088,1960000,60447800,2022
tt12193804,50000000,59800000,2022
tt10701074,29500000,59000000,2022
tt15301048,20000000,58424000,2022
tt8356942,75000000,55700000,2022
tt13833688,3000000,55101305,2022
tt34612621,24000000,55000000,2022
tt9179430,15354648,54172014,2022
tt4998632,40000000,52303589,2022
tt11813216,20000000,49300000,2022
tt14208870,40000000,45629909,2022
tt15791034,4500000,45400000,2022
tt10223460,23000000,44000000,2022
tt4428398,45000000,42500000,2022
tt15501640,7200000,41000000,2022
tt3447590,25000000,37289659,2022
tt10737918,5500000,34441594,2022
tt7466442,38000000,34148750,2022
tt12873562,10000000,33628000,2022
tt14941698,11983950,32800000,2022
tt6455162,8400000,32000000,2022
tt10304142,80000000,31245810,2022
tt11291274,30000000,29116320,2022
tt14444726,35000000,29048571,2022
tt10083340,12000000,25300000,2022
tt7322224,15600000,24733572,2022
tt13640696,40000000,21921551,2022
tt22771994,1100000,21805737,2022
tt11013610,1100000,21608747,2022
tt14439896,4000000,21591034,2022
tt11347146,1800000,21144617,2022
tt10473036,17000000,21110363,2022
tt10806040,19200000,20900000,2022
tt9198364,60000000,20300000,2022
tt7693316,90000000,20000000,2022
tt13070038,14000000,19238073,2022
tt11535228,18052672,19200000,2022
tt13484872,1240864,18612962,2022
tt14668196,7000000,18600000,2022
tt9848626,75000000,18500000,2022
tt14542254,17700000,18114769,2022
tt15325794,3000000,17363261,2022
tt13645322,7000000,16000000,2022
tt10028196,23000000,16000000,2022
tt14060094,43000000,15902207,2022
tt10403420,250000,15741780,2022
tt10168670,16000000,15234907,2022
tt13560574,1000000,15113105,2022
tt21913198,100000,15000000,2022
tt11564570,40000000,15000000,2022
tt1798632,12000000,15000000,2022
tt9731598,22000000,14781779,2022
tt16915972,1000000,14342131,2022
tt14846026,6600000,14281199,2022
tt15685876,5000000,14000000,2022
tt8110652,3000000,13929670,2022
tt11198810,32000000,13900000,2022
tt11827628,30000000,13900000,2022
tt11952606,17000000,13071438,2022
tt20168564,24500000,12109608,2022
tt20850406,3400000,11800000,2022
tt4960748,33000000,11498884,2022
tt14402146,13500000,11395604,2022
tt13531468,7780000,11196824,2022
tt13841850,6500000,11152071,2022
tt14099334,7100000,11000000,2022
tt12532368,20000000,10885116,2022
tt17491040,19597380,10247262,2022
tt15006566,3900000,10238603,2022
tt18925334,1000000,10139416,2022
tt11851548,10000000,9572765,2022
tt11365186,30000000,9464198,2022
tt11075264,2450634,8824658,2022
tt13669038,20000000,7589419,2022
tt21847254,119,7328061,2022
tt13361648,13125000,7295051,2022
tt9051908,10000000,6999027,2022
tt15339456,6000000,6909209,2022
tt14534796,14000000,6667598,2022
tt10343028,15000000,6524886,2022
tt14188930,600000,6300000,2022
tt14121726,5000000,6175213,2022
tt10545696,7000000,5934907,2022
tt19841734,4000000,5175806,2022
tt14279982,1800000,5000000,2022
tt11128440,7000000,4717597,2022
tt13086670,1186380,4697273,2022
tt10994712,1242172,4577403,2022
tt14549466,27000000,4551565,2022
tt8883486,23000000,4311284,2022
tt14114802,5000000,4000000,2022
tt9263550,7900000,3900000,2022
tt17164334,1900000,3872971,2022
tt16899302,4455979,3839773,2022
tt15452062,7047000,3646605,2022
tt11006950,3800000,3562423,2022
tt11930126,10250000,3324521,2022
tt11992694,7580600,3092534,2022
tt16529002,225000,2633654,2022
tt18526902,4000000,2613252,2022
tt7529298,9600000,2600000,2022
tt12004038,5000000,2543216,2022
tt13462472,5800000,2440653,2022
tt13145534,4340000,2329813,2022
tt2328678,40500000,2200000,2022
tt15255876,2000000,2157673,2022
tt24225212,7580815,2112824,2022
tt13235822,3000000,2100000,2022
tt14317880,4300000,2046233,2022
tt21212718,3800000,2013434,2022
tt9155512,4500000,1946816,2022
tt19783626,2400000,1874343,2022
tt12550376,5000000,1824152,2022
tt11807888,3749231,1817696,2022
tt21745356,300000,1802922,2022
tt16756942,1428000,1785000,2022
tt14060232,4749917,1707067,2022
tt19623228,5000000,1560518,2022
tt13846402,4300000,1512938,2022
tt28082927,25000,1500000,2022
tt18924506,5000000,1465513,2022
tt13353386,5000000,1085112,2022
tt21288456,375000,977650,2022
tt19712084,54000,900000,2022
tt17080412,5270000,890967,2022
tt6805938,2500000,685303,2022
tt14253846,3200000,631249,2022
tt3513500,70000000,623190,2022
tt10399608,2400000,543064,2022
tt12519030,3896000,508000,2022
tt12718300,20000000,500000,2022
tt9193690,120000,500000,2022
tt8206398,6500000,492000,2022
tt12390572,2620000,492000,2022
tt10090058,1400000,455532,2022
tt1649418,200000000,454023,2022
tt17146978,71560,382227,2022
tt11040762,19500000,373043,2022
tt14622802,4800000,369419,2022
tt21136616,120000,365000,2022
tt10315050,15000000,362113,2022
tt27851949,1530468,318949,2022
tt13270424,1200000,216220,2022
tt5656994,6000000,211674,2022
tt4741504,3100000,196401,2022
tt13680520,3000000,193908,2022
tt6020800,6500000,176048,2022
tt17014214,3900000,170419,2022
tt5851696,4600000,159180,2022
tt11146760,661839,132367,2022
tt11348232,8500000,130493,2022
tt11687104,4000000,121067,2022
tt19402216,45000,120000,2022
tt11771656,77000,100000,2022
tt10334222,1720000,94914,2022
tt27642541,76486,75455,2022
tt6160448,100000000,71476,2022
tt14577304,22000000,69075,2022
tt19404494,12000,65000,2022
tt15307448,250000,63830,2022
tt27447284,50000,60000,2022
tt27489262,50000,60000,2022
tt22038748,10000,60000,2022
tt13391708,3370000,46666,2022
tt13269580,3000000,42566,2022
tt16607614,163,41000,2022
tt22474470,600000,40076,2022
tt13496136,2738900,37780,2022
tt13635702,1600000,36972,2022
tt19877662,21000,35000,2022
tt13075730,5000000,30272,2022
tt6931658,17000000,25994,2022
tt13429928,15000,23000,2022
tt13460398,80000,21000,2022
tt15575470,9000000,20541,2022
tt35114517,12900,20000,2022
tt16464194,20000,20000,2022
tt19719862,2600000,19833,2022
tt20247118,1591000,13877,2022
tt18259430,5000,12000,2022
tt0887261,14000000,10303,2022
tt28465876,1000,10000,2022
tt21397474,5000,10000,2022
tt11306896,4,10000,2022
tt20420612,10000,10000,2022
tt21325088,3000,8000,2022
tt22487480,4000,6000,2022
tt23985812,5000,5000,2022
tt30475200,5000,5000,2022
tt21622038,2500,5000,2022
tt18573632,1000,5000,2022
tt12049484,3000,4000,2022
tt36955396,15000,3000,2022
tt34181475,1500,3000,2022
tt17780878,3000,3000,2022
tt19842756,4400,2900,2022
tt22796872,1000,2000,2022
tt21338082,10,2000,2022
tt21418328,5000,1300,2022
tt21190316,1200,1200,2022
tt13045058,25000,1200,2022
tt13092784,1000,1000,2022
tt21058720,1000,1000,2022
tt19465630,1000000,881,2022
tt22042944,40000,800,2022
tt4059554,750000,663,2022
tt23333866,6400,574,2022
tt19366006,500,500,2022
tt28789068,2000,500,2022
tt21622270,50,500,2022
tt22048180,568000,428,2022
tt20853200,150,400,2022
tt19898550,1,400,2022
tt23031564,1000,300,2022
tt19097336,40000,200,2022
tt19244204,200,200,2022
tt16972306,10,200,2022
tt18952274,100,150,2022
tt16432600,100,100,2022
tt23723194,5000,100,2022
tt23139544,100,100,2022
tt15131868,70,100,2022
tt19896318,300,100,2022
tt20834114,800,100,2022
tt7909204,10000,100,2022
tt15541920,100,100,2022
tt13613284,126,100,2022
tt29692677,15,75,2022
tt24855974,240,55,2022
tt32373178,1000,50,2022
tt18548612,10000,50,2022
tt23861264,50,50,2022
tt36473979,176,30,2022
tt32500092,2000,25,2022
tt22487726,20,20,2022
tt18764684,25,17,2022
tt28013320,25,17,2022
tt33022831,100,15,2022
tt21618932,200,10,2022
tt15109082,1,6,2022
tt37048174,5,1,2022
tt23778280,1,1,2022
tt23148392,2000,1,2022
tt23633062,1,1,2022
tt24015876,1,1,2022
tt19799530,5,1,2022
tt14976386,4,1,2022
tt1517268,145000000,1447138421,2023
tt6718170,100000000,1362000000,2023
tt15398776,100000000,952000000,2023
tt6791350,250000000,845550000,2023
tt5433140,340000000,704709660,2023
tt9362722,100000000,690897910,2023
tt6166392,125000000,634502312,2023
tt9603212,220000000,571125435,2023
tt5971474,297000000,569626289,2023
tt15789038,200000000,496444308,2023
tt10954600,200000000,476071180,2023
tt10366206,100000000,447316405,2023
tt5090568,195000000,441381193,2023
tt9663764,205000000,440181226,2023
tt9224104,129000000,398500317,2023
tt1462764,294700000,383963057,2023
tt6979756,85000000,369081777,2023
tt10545296,100000000,337371917,2023
tt17507018,9500000,334039200,2023
tt6495056,72000000,298776052,2023
tt4589218,20000000,297242145,2023
tt6587046,50000000,294200000,2023
tt11145118,75000000,275300000,2023
tt0439572,220000000,271333313,2023
tt10160976,38500000,269670590,2023
tt28814949,15000000,261656269,2023
tt11304740,175000000,254997360,2023
tt7599146,14500000,250600000,2023
tt13287846,165000000,222435664,2023
tt26047818,25000000,214891370,2023
tt14362112,95000000,210231405,2023
tt2906216,151000000,208200000,2023
tt10676048,274800000,206136825,2023
tt15837338,30000000,202231360,2023
tt17024450,70000000,191067560,2023
tt13405778,16000000,189086877,2023
tt8589698,75000000,180513586,2023
tt17663992,33000000,169063850,2023
tt5537002,200000000,158722599,2023
tt13345606,15000000,147156372,2023
tt12921446,30000000,136284218,2023
tt15354916,36150000,136698671,2023
tt25434854,28700000,136090000,2023
tt10151854,110000000,134221819,2023
tt9362930,104000000,130788072,2023
tt12844910,30270000,127180000,2023
tt21807222,13000000,125319714,2023
tt4495098,60000000,121700000,2023
tt22687790,60000000,121400000,2023
tt14230458,35000000,117607117,2023
tt1695843,157800000,117449790,2023
tt23289160,15000000,113676322,2023
tt13751694,13000000,108300000,2023
tt11858890,80000000,104272136,2023
tt18690030,14506629,102500000,2023
tt16550628,7700000,97000000,2023
tt10638522,4500000,91959188,2023
tt16419074,80000000,90100000,2023
tt14209916,32500000,88314672,2023
tt13927994,34000000,87229100,2023
tt15671028,45000000,83000000,2023
tt3427252,35000000,82344833,2023
tt13375076,18000000,76987621,2023
tt5884796,25000000,74515586,2023
tt24516518,30000000,72500000,2023
tt15654328,42219285,71772785,2023
tt1200263,90000000,68919191,2023
tt27510542,18000000,65963147,2023
tt12261776,45000000,60730568,2023
tt26684398,5000000,59629242,2023
tt18411490,36320000,56490000,2023
tt15679400,20000000,54700000,2023
tt1856080,40000000,54401583,2023
tt12915716,63000000,54300000,2023
tt14230388,25000000,53857743,2023
tt23177868,12000000,53400000,2023
tt7160372,15000000,52631884,2023
tt10098448,15000000,52300000,2023
tt16280138,45000000,52000000,2023
tt21800162,9000000,50121593,2023
tt7985704,50000000,48983306,2023
tt1448754,15000000,46553280,2023
tt11210390,72000000,46497678,2023
tt27155038,70000000,46247409,2023
tt10855768,7000000,45100756,2023
tt29354040,15000000,44029271,2023
tt14849194,13000000,42513270,2023
tt10364034,86000000,40208268,2023
tt21064584,15900000,40130232,2023
tt22444570,29500000,40000000,2023
tt3758542,95000000,39220516,2023
tt3291150,100000000,37917985,2023
tt17009710,6700000,35634133,2023
tt22813112,40000000,34210966,2023
tt15153532,46000000,32000000,2023
tt12672536,27500000,31843086,2023
tt22041854,20000000,30140906,2023
tt18079362,28000000,29637811,2023
tt13238346,12000000,28126646,2023
tt15732324,7500000,28000000,2023
tt20768712,20000000,27849137,2023
tt11358390,65000000,26874347,2023
tt15163652,12100000,24500000,2023
tt27503384,14000000,24094016,2023
tt9006564,3009565,24076520,2023
tt23561236,16000000,22483370,2023
tt4873118,55000000,21948551,2023
tt9185206,30000000,21800000,2023
tt14570440,10000000,21761164,2023
tt12672620,39000000,21730766,2023
tt1001520,45000000,21600000,2023
tt17351924,20000000,21013738,2023
tt13957560,30000000,20703794,2023
tt6906292,20000000,18685751,2023
tt11703244,5000000,18563767,2023
tt29031019,6000000,18416734,2023
tt8373206,29100000,18167819,2023
tt10767052,14000000,18062279,2023
tt6685538,5000000,17974964,2023
tt16374352,30000000,17265487,2023
tt15464390,2169000,16367572,2023
tt8080204,70000000,16014123,2023
tt26445483,3000000,16000000,2023
tt15268244,20000000,15800000,2023
tt22742964,1874400,15410325,2023
tt27712015,20000000,15152854,2023
tt15428134,14500000,15000000,2023
tt9115752,9827000,14990406,2023
tt21192142,5000000,14864960,2023
tt21942866,10000000,14114415,2023
tt17277414,22400000,13000000,2023
tt17527468,11300000,12976079,2023
tt21027780,1480000,12400000,2023
tt13521006,35000000,12337378,2023
tt19406606,6500000,12238643,2023
tt8277246,250000,12100000,2023
tt21191906,40000000,11537680,2023
tt22543326,4000000,11000000,2023
tt21114104,5500000,10950000,2023
tt15334488,14000000,10644463,2023
tt20330434,13700000,10436638,2023
tt28358950,1805100,10247900,2023
tt9100018,13000000,10091821,2023
tt10651230,7475000,10064347,2023
tt25377462,2800000,10000000,2023
tt10276482,9000000,10000000,2023
tt5761544,30000000,9400000,2023
tt19894774,8500000,9235757,2023
tt25433734,7819000,9184966,2023
tt16606592,15200000,9138503,2023
tt15744298,40000000,9112817,2023
tt11068094,20000000,8799528,2023
tt23849204,2400000,8300000,2023
tt17373012,250000,8000000,2023
tt15140278,10000000,7837847,2023
tt13848804,6000000,7778330,2023
tt19623240,100000,7717044,2023
tt9044418,6700000,7100000,2023
tt21352380,13000000,7004555,2023
tt6528290,60000000,7000000,2023
tt22024396,4200000,6866680,2023
tt2316548,25000000,6850036,2023
tt16731908,13266839,6551542,2023
tt15380630,6300000,6400000,2023
tt6722802,20000000,6262663,2023
tt14099796,45000000,6136329,2023
tt27502365,9600000,6129032,2023
tt19760052,6500000,5970753,2023
tt27657534,300000,5510590,2023
tt14537248,3000000,5400000,2023
tt21934046,4535077,5280000,2023
tt23049206,6300000,5099005,2023
tt10365998,4500000,5078400,2023
tt26255020,3700000,4710394,2023
tt28335618,3300000,4681464,2023
tt13429870,5300000,4656348,2023
tt23136186,1230065,4512749,2023
tt15134398,5900000,4500000,2023
tt13321244,38000000,4474931,2023
tt21232992,5000000,4400000,2023
tt20879602,7500000,4393504,2023
tt13651794,20000000,4232370,2023
tt12758486,35000000,4200000,2023
tt14137416,14100000,4123091,2023
tt13923456,41000000,3900000,2023
tt29544868,1350000,3800000,2023
tt28228231,230000,3800000,2023
tt20465746,9500000,3800000,2023
tt12226632,32000000,3800000,2023
tt16174868,10000000,3649422,2023
tt27724113,6600000,3637940,2023
tt21348598,8200000,3452861,2023
tt19890316,3000000,3370345,2023
tt15400448,3300000,3200000,2023
tt26448350,3000000,3063844,2023
tt16160622,2600000,2883655,2023
tt10656212,4200000,2787351,2023
tt18224752,6700000,2726128,2023
tt21867434,5000000,2600000,2023
tt27490380,4600000,2466863,2023
tt20561198,8500000,2246680,2023
tt21307994,15000,2131183,2023
tt8059926,250000,2040000,2023
tt5822848,10000000,2037563,2023
tt27881515,650000,2000000,2023
tt2403439,10000000,2000000,2023
tt29475628,600000,1997639,2023
tt27715920,4915109,1992797,2023
tt26693652,1087475,1704030,2023
tt13334578,22000000,1700000,2023
tt20420628,10000000,1697993,2023
tt20192062,11000000,1678897,2023
tt20672356,5500000,1645196,2023
tt16969006,9200000,1622705,2023
tt24581070,2910882,1567398,2023
tt5198890,16000000,1560142,2023
tt28627002,580000,1537143,2023
tt15342244,4100000,1506008,2023
tt19319352,4920000,1500000,2023
tt7130916,8000000,1472114,2023
tt26915336,7900000,1455713,2023
tt14904622,22800000,1418682,2023
tt27445004,653000,1363827,2023
tt8649252,84,1234483,2023
tt26749945,633981,1206914,2023
tt21113962,2000000,1193593,2023
tt16425284,8538750,1120191,2023
tt13846540,6570000,1101136,2023
tt14051976,3500000,1100000,2023
tt26699529,2470000,1091821,2023
tt13055264,800000,1064830,2023
tt26473516,1000000,1050490,2023
tt15734582,4300000,1036926,2023
tt15097224,2700000,1005607,2023
tt19815386,4700000,945987,2023
tt19783714,750000,904000,2023
tt2016303,23900000,899683,2023
tt9013340,3000000,885712,2023
tt9362492,2000000,821731,2023
tt14432536,5000000,800000,2023
tt30142715,576749,689365,2023
tt24053750,9800000,652968,2023
tt18626656,2100000,636052,2023
tt24017902,2250000,633385,2023
tt17005282,16000000,615042,2023
tt21810682,10000000,604830,2023
tt8591526,3000000,600376,2023
tt18453866,425000,561322,2023
tt11908172,50000000,476375,2023
tt14549270,18700000,420350,2023
tt23538910,600000,400000,2023
tt27190968,1091500,379692,2023
tt1136617,175000000,362113,2023
tt22743064,3012048,321687,2023
tt21080296,150000,305526,2023
tt28513569,3000000,303587,2023
tt37038990,100000,300000,2023
tt5535276,80000000,300000,2023
tt14647404,12000000,282000,2023
tt14212090,6750000,279383,2023
tt20916568,199507,207118,2023
tt25750836,2000000,200993,2023
tt26729484,500000,200000,2023
tt24850476,15000,185356,2023
tt6337816,1700000,182000,2023
tt26773537,1255886,170652,2023
tt26256406,1750000,164602,2023
tt23790924,4340000,158787,2023
tt23847450,67000,141000,2023
tt15422224,350000,123000,2023
tt2488666,1000000,114000,2023
tt28567651,300000,111251,2023
tt27131692,1056000,107098,2023
tt6318608,4300000,104266,2023
tt8010064,2500000,101045,2023
tt11934038,1200000,100772,2023
tt25054796,20000,100000,2023
tt24216998,3000000,97578,2023
tt27688034,20000000,92718,2023
tt21372280,362932,86564,2023
tt27625771,83,83966,2023
tt21138322,1896010,76217,2023
tt28671034,650000,73061,2023
tt29939675,10000,72000,2023
tt2071590,27000000,66284,2023
tt31458300,50000,60000,2023
tt29950241,15000,57000,2023
tt14200576,10000,53000,2023
tt21874690,2860000,51664,2023
tt27704538,20000,50000,2023
tt22394702,2000000,36171,2023
tt16402818,30000,32219,2023
tt27731806,1100000,32082,2023
tt21086802,1046000,29498,2023
tt37404293,3000,25000,2023
tt28561745,25000,25000,2023
tt12637946,625000,21524,2023
tt31022259,10000,21000,2023
tt29537023,20000,20000,2023
tt28284515,351121,19837,2023
tt26670820,15000,15000,2023
tt20420790,2900000,14861,2023
tt16961210,1700000,13764,2023
tt30394255,10000,13574,2023
tt13736010,2000000,13026,2023
tt26343545,12500,12500,2023
tt33292816,800,12000,2023
tt27711687,10300,10300,2023
tt31539773,10000,10000,2023
tt31522158,10000,10000,2023
tt28602625,1000,10000,2023
tt27853868,9000,9199,2023
tt20420400,2500,7500,2023
tt15824990,17000000,5314,2023
tt37171218,5000,5000,2023
tt7023634,5000,5000,2023
tt20833394,442059,4700,2023
tt28128606,60000,4600,2023
tt27737511,2500,4500,2023
tt17351870,1,3608,2023
tt37171146,3000,3000,2023
tt28551005,3000,3000,2023
tt26421447,120000,3000,2023
tt30873804,1000,3000,2023
tt22180518,3500000,2610,2023
tt18330504,186413,2168,2023
tt29714068,1200,2000,2023
tt29371109,1000,2000,2023
tt22990502,200000,2000,2023
tt29516480,1000,1500,2023
tt30463098,200,1500,2023
tt28779511,5000,1330,2023
tt16277242,65500000,1281,2023
tt30780739,1000,1200,2023
tt28489948,1000,1000,2023
tt21744076,1000,1000,2023
tt14582816,1000,1000,2023
tt31091764,604,767,2023
tt29510842,800,550,2023
tt28197460,1257,525,2023
tt31149622,3000,500,2023
tt28656696,100,500,2023
tt29045246,200,500,2023
tt15654502,5404446,456,2023
tt31492863,200,450,2023
tt23735840,300,450,2023
tt27547511,69,420,2023
tt35666648,300,400,2023
tt28812259,98,360,2023
tt28689884,300,300,2023
tt27683828,250000,300,2023
tt30842427,2750,250,2023
tt32359625,200,200,2023
tt28118665,7000,200,2023
tt28266160,100,200,2023
tt30988718,100,200,2023
tt29474032,1300,200,2023
tt31021587,160,160,2023
tt30424444,100,150,2023
tt28317056,450,125,2023
tt28289318,28,102,2023
tt16369410,60,100,2023
tt31242829,750,100,2023
tt30399855,142,100,2023
tt28630947,1000,100,2023
tt27390869,60,100,2023
tt24517886,399,100,2023
tt26999897,100,100,2023
tt28778139,103,63,2023
tt29473437,10,50,2023
tt22308936,200,50,2023
tt32373420,1000,25,2023
tt32513978,2000,25,2023
tt15670222,2,25,2023
tt27122601,49,21,2023
tt28137674,1000,20,2023
tt27787040,500,10,2023
tt27097230,6,10,2023
tt32858075,10,5,2023
tt27695089,93000,5,2023
tt13539646,73800000,5,2023
tt37749102,1,1,2023
tt33088466,3000,1,2023
tt27591369,4,1,2023
tt21232712,10,1,2023
tt27161272,1,1,2023
tt26655820,10,1,2023
tt26259708,1,1,2023
tt22022452,200000000,1698863816,2024
tt6263850,200000000,1338073645,2024
tt13622970,150000000,1059242164,2024
tt7510222,100000000,969597394,2024
tt1262426,150000000,758737211,2024
tt13186482,200000000,722631756,2024
tt15239678,190000000,714844358,2024
tt14539740,150000000,571750016,2024
tt21692408,80000000,548040835,2024
tt18259086,122000000,492162604,2024
tt16366836,120000000,478937618,2024
tt9218128,310000000,462180717,2024
tt2049403,99000000,452000435,2024
tt28151876,100000000,433606094,2024
tt4919268,100000000,404547819,2024
tt11389872,160000000,397378150,2024
tt2963262,10500000,377523000,2024
tt12584954,155000000,372262265,2024
tt10655524,55000000,350993761,2024
tt18412256,80000000,350865342,2024
tt29623480,78000000,331982078,2024
tt29632994,40000000,275815986,2024
tt13433802,67000000,261907653,2024
tt5779228,60000000,254907482,2024
tt16539454,52900000,219000000,2024
tt11315808,190000000,207500287,2024
tt21235248,100000000,201967521,2024
tt11152168,110000000,190309707,2024
tt14948432,250000000,185700759,2024
tt5040012,50000000,181764515,2024
tt1684562,125000000,181073291,2024
tt8521778,70000000,180828556,2024
tt12037194,168000000,174287546,2024
tt5822536,90000000,171458837,2024
tt15314262,35000000,152720535,2024
tt12735488,75000000,141000000,2024
tt29268110,28000000,138128854,2024
tt11563598,65000000,138003641,2024
tt8864596,75000000,129408392,2024
tt30024043,38500000,128093757,2024
tt23468450,10000000,127961936,2024
tt17279496,50000000,126542249,2024
tt20215234,20000000,115657988,2024
tt30476518,7000000,109500000,2024
tt11762114,36000000,104970953,2024
tt11057302,80000000,100498764,2024
tt30476486,5000000,100255784,2024
tt15009428,200000000,96221061,2024
tt20316748,38400000,95399186,2024
tt16426418,55000000,94182533,2024
tt27911000,2000000,90322103,2024
tt30795948,6400000,84058132,2024
tt26753003,30000000,83677281,2024
tt27534307,15000000,76756109,2024
tt17526714,17500000,76506196,2024
tt26446278,46000000,75360860,2024
tt31392609,1000000,73800000,2024
tt8790086,130000000,62076533,2024
tt30057084,20000000,60934894,2024
tt21478426,234325,59530099,2024
tt28607951,6000000,56286295,2024
tt9682428,15000000,54785387,2024
tt11821912,31764000,54216867,2024
tt5672290,30000000,53992802,2024
tt28015403,10000000,51913394,2024
tt26736843,30000000,51147812,2024
tt21261712,30000000,51001975,2024
tt8999762,9600000,50145227,2024
tt14088510,8000000,49256239,2024
tt22050754,8500000,48166448,2024
tt27487934,36000000,47700000,2024
tt14858658,20000000,46393906,2024
tt26932223,17600000,45700000,2024
tt20721318,8300000,44459991,2024
tt11976134,41100000,43800000,2024
tt26658104,10000000,43778760,2024
tt13818368,30069500,43160558,2024
tt27489557,28000000,43015969,2024
tt1896747,100000000,42260534,2024
tt28630624,25000000,42238170,2024
tt10720352,19000000,40829138,2024
tt26731216,5000000,40392664,2024
tt2347285,10000000,40262167,2024
tt27118357,14700000,39200000,2024
tt17505010,50000000,38735702,2024
tt27131358,20000000,37182814,2024
tt14961016,8000000,36361572,2024
tt21454134,40000000,36110860,2024
tt27490099,37315205,36010728,2024
tt23137390,9000000,35340015,2024
tt9214772,10000000,35271631,2024
tt21352916,13000000,34884591,2024
tt4978420,115000000,33017367,2024
tt1609486,40000000,32227855,2024
tt24218164,10800000,30831827,2024
tt26936666,35500000,30745762,2024
tt1723808,25000000,30107173,2024
tt5177120,60000000,29768915,2024
tt14536120,15000000,28013812,2024
tt20234774,12600000,27219729,2024
tt30327451,6100000,26252618,2024
tt21823606,3000000,24856027,2024
tt1340094,50000000,24109036,2024
tt14260836,110000000,22549151,2024
tt22048412,10000000,22057161,2024
tt14415204,20000000,21760713,2024
tt29439114,15000000,21519488,2024
tt27403986,30000000,21418477,2024
tt23638614,6000000,21220422,2024
tt29137778,5000000,20811864,2024
tt14564000,24066000,20687449,2024
tt14824600,30000000,20658572,2024
tt14351082,50000000,20592796,2024
tt4996328,13000000,20571534,2024
tt28856462,60000,19601819,2024
tt5525650,9800000,19000000,2024
tt23789874,9700000,17757554,2024
tt4772188,3700000,17660107,2024
tt8368368,16000000,17271613,2024
tt22408160,15000000,16398509,2024
tt20221436,26000000,16317120,2024
tt27995594,3500000,16000000,2024
tt14966898,2000000,15469415,2024
tt18272208,40000000,15397270,2024
tt15352542,15000000,15076954,2024
tt26233598,11900000,15000000,2024
tt10128846,120000000,14387154,2024
tt28696532,8000000,13600000,2024
tt30970235,2413068,13222021,2024
tt24577462,12000000,12977758,2024
tt26537298,7700000,12886684,2024
tt19637052,10000000,12778225,2024
tt28547912,1200000,12613867,2024
tt11240348,22000000,12610418,2024
tt23778968,5000000,12537071,2024
tt27196021,3000000,12534032,2024
tt33034103,3000000,12311598,2024
tt26237514,25000000,12165702,2024
tt18072316,41100000,12018000,2024
tt22036406,37647000,11882000,2024
tt26903104,6503911,11825293,2024
tt6881490,8500000,11721425,2024
tt29383379,3467000,11559000,2024
tt31064841,16000000,10591426,2024
tt23853982,32000000,10361110,2024
tt27431598,3300000,10000000,2024
tt21188080,13400000,9927714,2024
tt27657135,25000000,9802525,2024
tt27744786,7800000,9600000,2024
tt28288786,380000,9000000,2024
tt15980138,830000,8920490,2024
tt24517830,9600000,8500000,2024
tt27587485,3500000,8405432,2024
tt6133444,12000000,8104331,2024
tt19356262,8000000,7935363,2024
tt29344974,9700000,7633135,2024
tt23330554,500000,7582541,2024
tt26546715,800000,7400000,2024
tt19864802,18000000,7021101,2024
tt27757805,21176000,6941000,2024
tt12349832,7000000,6680396,2024
tt27056012,11760000,6680000,2024
tt13655120,13800000,6605079,2024
tt32178949,3000000,6501810,2024
tt17351056,1303000,6500000,2024
tt30442596,5000000,6483501,2024
tt31193791,2000000,6380079,2024
tt25808194,14750000,6283415,2024
tt7093904,25600000,6206231,2024
tt22866358,40000000,6205230,2024
tt33312280,254785,5938128,2024
tt0327785,30000000,5928351,2024
tt30526240,1900000,5800981,2024
tt18559464,3000000,5705895,2024
tt28259207,4800000,5600000,2024
tt23875550,11760000,5520000,2024
tt13616980,10000000,5514627,2024
tt24176060,53400000,5450715,2024
tt15574270,10000000,5396508,2024
tt20215968,8800000,5101673,2024
tt22375054,4000000,4853595,2024
tt32260498,1500000,4772954,2024
tt30321146,600000,4258197,2024
tt27218960,15000000,4210306,2024
tt8337290,30000000,3854594,2024
tt15028676,2156845,3813746,2024
tt21276958,3700000,3663309,2024
tt28479262,2000000,3401789,2024
tt26656821,12900000,3337320,2024
tt19861162,20000000,3300444,2024
tt23558280,18000000,3300000,2024
tt15334030,17647000,3247000,2024
tt21905744,3500000,3165361,2024
tt13923084,18000000,3139717,2024
tt20315818,5000000,3046741,2024
tt23055660,23200000,3016380,2024
tt5674658,11000000,2919215,2024
tt4959750,6500000,2900000,2024
tt28142896,30000000,2826064,2024
tt12981702,37500000,2779874,2024
tt30911335,6100000,2765705,2024
tt28172032,1000000,2601719,2024
tt15078804,12000000,2503154,2024
tt27395353,3750000,2448552,2024
tt26928684,10000000,2402245,2024
tt13176330,45000000,2345398,2024
tt10345546,17500000,2100000,2024
tt26757462,20000000,2014050,2024
tt7527682,1500000,1987281,2024
tt26625693,20000000,1970445,2024
tt33839105,1789909,1860952,2024
tt31259487,9700000,1789103,2024
tt27050277,5400000,1751343,2024
tt10171472,5000000,1559772,2024
tt8310486,4000000,1430985,2024
tt28336131,12460000,1359330,2024
tt14828040,3000000,1333332,2024
tt17375596,8789000,1293747,2024
tt12818328,150000,1267995,2024
tt25650046,4000000,1261221,2024
tt26656556,42744,1157127,2024
tt19838634,4300000,1100000,2024
tt30444418,2500000,1097812,2024
tt29519507,4652900,876296,2024
tt28821588,3500000,864825,2024
tt10695672,12300000,814204,2024
tt14407336,7500000,760979,2024
tt20247888,19000000,712413,2024
tt13482796,6000000,703176,2024
tt22173666,12000000,631272,2024
tt29898251,10000000,624492,2024
tt9462944,2000000,583631,2024
tt5177114,40000000,581725,2024
tt27813775,13500000,579253,2024
tt29585679,1713000,514596,2024
tt22004344,3000000,455708,2024
tt28639152,3500000,419252,2024
tt28354262,4800000,417578,2024
tt31012570,820000,391393,2024
tt36113132,376444,344066,2024
tt27679825,340000,332140,2024
tt30419970,125000,321171,2024
tt28184207,275000,319765,2024
tt1121948,30000000,318618,2024
tt26342863,7000000,308326,2024
tt10640084,600000,306554,2024
tt28080273,3500000,300000,2024
tt14827150,30000,273650,2024
tt24871974,4400000,262793,2024
tt29261272,242024,250739,2024
tt28244549,200000,211734,2024
tt12810074,20000000,170737,2024
tt27996716,1140000,167000,2024
tt16300138,2000000,160499,2024
tt18077924,10000000,158933,2024
tt30869622,250000,153811,2024
tt9201172,10000000,141270,2024
tt27581865,1100000,141117,2024
tt26659406,110000,130000,2024
tt33480194,58558,128828,2024
tt12972134,13000000,126540,2024
tt34204649,25000,108648,2024
tt5986440,116000,108000,2024
tt33298252,2900000,107359,2024
tt2118648,5141025,105046,2024
tt30957694,1000000,91452,2024
tt32151707,50000,80000,2024
tt21352854,1600000,76740,2024
tt30012572,712185,73122,2024
tt27503400,3800000,71924,2024
tt21941532,3000000,57251,2024
tt33477058,1000000,43585,2024
tt27696645,326000,41000,2024
tt15023958,770000,37610,2024
tt30953660,572000,28350,2024
tt26342131,2000000,28161,2024
tt30255070,50000,27443,2024
tt32152390,220000,25000,2024
tt30213663,922588,24395,2024
tt30877290,550000,20942,2024
tt32063721,10000,20000,2024
tt31415279,10000,20000,2024
tt21421252,200000,10769,2024
tt27733702,50000,10000,2024
tt32868545,300,10000,2024
tt31408354,25000,10000,2024
tt31459447,50000,10000,2024
tt32116841,7000,7000,2024
tt33422468,4869884,6700,2024
tt17909522,3000,6100,2024
tt30983561,3000,6000,2024
tt30743549,800000,5737,2024
tt32559920,5000,5000,2024
tt32478158,5000,5000,2024
tt31112475,3000,5000,2024
tt27726053,5000,5000,2024
tt27351080,5000,5000,2024
tt13452446,60000000,5000,2024
tt32868274,400000,4110,2024
tt35114531,1483,3483,2024
tt34150494,1000,2000,2024
tt34381884,1500,2000,2024
tt32430935,20000,2000,2024
tt22075124,150000,1705,2024
tt33131487,5000,1500,2024
tt34748191,1000,1500,2024
tt33292348,1000,1500,2024
tt35213416,1,1500,2024
tt34361578,22000,1500,2024
tt26902481,40000,1336,2024
tt32544327,1000,1000,2024
tt8089832,10000,1000,2024
tt32655740,1000,1000,2024
tt32229864,500,1000,2024
tt33041218,625,1000,2024
tt32629192,400,1000,2024
tt32513734,500,800,2024
tt16733438,4000000,701,2024
tt32508095,300,700,2024
tt11941694,4,650,2024
tt32657816,304,609,2024
tt32902986,400,600,2024
tt32499484,500,500,2024
tt33680241,100,500,2024
tt33172332,400,400,2024
tt30309698,3749000,331,2024
tt30789930,325,325,2024
tt34832848,180,300,2024
tt36838438,2215,300,2024
tt36354371,5,300,2024
tt36129770,3000,300,2024
tt37543453,3000,300,2024
tt32491615,300,250,2024
tt34494428,500,250,2024
tt35108605,200,210,2024
tt31912440,400,200,2024
tt32872909,20,200,2024
tt31637207,37,151,2024
tt31322751,150,150,2024
tt34269281,100,100,2024
tt36966296,27,100,2024
tt36313070,100,100,2024
tt35305134,100,100,2024
tt33501981,100,100,2024
tt33382776,100,100,2024
tt33059737,10,100,2024
tt30955047,1500,100,2024
tt32886926,80,75,2024
tt33511110,25,63,2024
tt37786256,55,55,2024
tt31023766,4000,54,2024
tt34949093,50,50,2024
tt33506157,30,50,2024
tt32509253,30,50,2024
tt31381727,30,40,2024
tt32149766,5,24,2024
tt29694808,50,23,2024
tt33310656,10,20,2024
tt26743414,28000000,16,2024
tt34496292,10,12,2024
tt33135843,1000,12,2024
tt35571290,10,10,2024
tt36365018,6,10,2024
tt35768467,100,10,2024
tt27864814,500,10,2024
tt23770030,4350000,7,2024
tt12873300,6000000,7,2024
tt34607008,415,5,2024
tt33401152,100000,5,2024
tt34800088,7000,4,2024
tt23476446,6700000,3,2024
tt31849609,10000,2,2024
tt33307282,2000,1,2024
tt35353926,1,1,2024
tt29781096,1,1,2024
tt21609466,5000,1,2024
tt27219440,8178032,1,2024
tt16227830,8,1,2024
tt34956443,80000000,2259822417,2025
tt26443597,150000000,1859660668,2025
tt1757678,350000000,1480930688,2025
tt11655566,100000000,1038027526,2025
tt3566834,150000000,958287780,2025
tt31036941,180000000,869146189,2025
tt32820897,20000000,733030221,2025
tt26743210,150000000,636351148,2025
tt16311594,250000000,631627111,2025
tt5950044,225000000,616823803,2025
tt9603208,400000000,598767057,2025
tt19847976,150000000,524676531,2025
tt10676052,200000000,521858728,2025
tt22898462,55000000,499156445,2025
tt36598036,20000000,422785908,2025
tt14513804,180000000,415101577,2025
tt27543632,35000000,383000000,2025
tt20969586,180000000,382436917,2025
tt31193180,90000000,368389632,2025
tt9619824,50000000,317854739,2025
tt26581740,38000000,269072492,2025
tt4712810,90000000,242431024,2025
tt30274401,36000000,239502619,2025
tt30017619,80000000,239449449,2025
tt30144839,175000000,206311045,2025
tt6208148,270000000,205679463,2025
tt31227572,105000000,184500000,2025
tt30472557,4100000,174502910,2025
tt32843325,120000000,172619925,2025
tt23572848,64000000,163197450,2025
tt33014583,22500000,160000000,2025
tt32916440,65000000,155425182,2025
tt4900148,150000000,154291182,2025
tt31956415,42000000,153176952,2025
tt10548174,60000000,151308832,2025
tt10954718,40000000,145603415,2025
tt6604188,220000000,142249983,2025
tt32063050,50000000,140431671,2025
tt7181546,90000000,137408107,2025
tt33244668,45000000,133869056,2025
tt12299608,118000000,133442263,2025
tt29644189,30000000,132248152,2025
tt35231039,8000000,130541608,2025
tt18069420,58000000,124157356,2025
tt1674782,45000000,117105466,2025
tt23173980,5000000,116950000,2025
tt30253473,20000000,106436908,2025
tt35314383,40000000,104582715,2025
tt7068946,80000000,103223366,2025
tt31888477,50000000,102925647,2025
tt3402138,42000000,102147396,2025
tt0899043,60000000,96000836,2025
tt27922706,15800000,94988235,2025
tt33057137,2000000,94700000,2025
tt14905854,35000000,93400000,2025
tt26439764,14000000,91000000,2025
tt33088452,30000000,90452948,2025
tt9150192,40000000,88200711,2025
tt15678738,60900000,83092325,2025
tt7967302,25200000,81328990,2025
tt32214143,32000000,80322142,2025
tt38350059,28100000,73797878,2025
tt27714946,10000000,68871071,2025
tt14107334,110000000,68615641,2025
tt4045450,18000000,64808120,2025
tt28037987,5500000,63539300,2025
tt10374610,20000000,62871697,2025
tt8008948,40000000,58371508,2025
tt27441481,43000000,57917990,2025
tt30343021,30000000,54982453,2025
tt30955489,15000000,54105064,2025
tt31973693,30000000,51981278,2025
tt32221196,14000000,51896264,2025
tt32634271,80000000,50155648,2025
tt10078772,25000000,48703174,2025
tt31923069,55000000,45195389,2025
tt30988739,50000000,43887905,2025
tt24218194,9100000,42244414,2025
tt28996126,25000000,41618135,2025
tt12300742,50000000,40796580,2025
tt30840798,30000000,40566381,2025
tt32246771,15000000,39410222,2025
tt26342662,15000000,39085942,2025
tt33348127,45000000,38946463,2025
tt1527793,12200000,37154602,2025
tt29567915,11800000,37009109,2025
tt26584495,10000000,36869122,2025
tt34365591,4700000,36000000,2025
tt4216984,25000000,35153314,2025
tt31184028,17000000,34573161,2025
tt29603959,18000000,34536061,2025
tt4627382,18000000,34263666,2025
tt33372494,3379386,34242894,2025
tt31434639,20000000,33649631,2025
tt31434030,52000000,33593404,2025
tt32558992,18000000,33129099,2025
tt24950660,12000000,32867848,2025
tt1493274,40000000,32703294,2025
tt10505918,21035003,30823000,2025
tt9104736,28000000,30000000,2025
tt32149847,11000000,28744699,2025
tt20990442,27000000,27834512,2025
tt37997249,8000000,27076000,2025
tt27540217,30500000,27000000,2025
tt27543578,30000000,26117423,2025
tt27433995,1200000,25167656,2025
tt14403504,23800000,24823454,2025
tt31712434,23500000,24727058,2025
tt14205554,100000000,24619953,2025
tt35851026,9500000,24508523,2025
tt31314296,12000000,23311502,2025
tt13650700,45000000,22331708,2025
tt27714581,7800000,22000000,2025
tt28671344,8000000,21921749,2025
tt14209618,47000000,21915000,2025
tt34621892,8988900,21722847,2025
tt11214558,50000000,21133481,2025
tt8503618,12500000,20659643,2025
tt27907811,6400000,20000000,2025
tt12908150,25000000,19700844,2025
tt30788842,18000000,17669913,2025
tt32369229,1500000,17387282,2025
tt30505698,2000000,16979301,2025
tt28443655,15000000,16423085,2025
tt18926098,21700000,15900000,2025
tt30908405,8500000,15202565,2025
tt27847051,5000000,14532477,2025
tt14044924,14450000,14125640,2025
tt23804696,7700000,14000000,2025
tt33381728,2200000,13913873,2025
tt23060698,1000000,13850731,2025
tt32080876,4273176,13776156,2025
tt31176520,25000000,13738227,2025
tt35727399,1500000,12418062,2025
tt4968738,50000000,12194726,2025
tt32223398,11764705,12117647,2025
tt31727267,18000000,11675627,2025
tt31945132,7600000,11420300,2025
tt28249919,2000000,11069405,2025
tt26238710,4800000,10758888,2025
tt32298285,7000000,10445082,2025
tt21815562,45000000,10225566,2025
tt31844586,12200000,9724644,2025
tt36491653,6000000,9602793,2025
tt32159989,20000000,9426825,2025
tt32299316,2000000,9207791,2025
tt35521922,70000,8781040,2025
tt31514146,6000000,8390131,2025
tt26927452,15000000,7763055,2025
tt5181260,6000000,7511126,2025
tt30645201,20000000,7445237,2025
tt29606499,6441957,7261843,2025
tt32284154,1058000,6741000,2025
tt27852049,5882000,6705000,2025
tt26720001,34800000,6495978,2025
tt16150082,4000000,6440453,2025
tt32461003,8000000,6254291,2025
tt26229612,2352000,6230000,2025
tt21825416,15000000,6045655,2025
tt29544253,12000000,5598939,2025
tt33039045,4500000,5563421,2025
tt32332404,6000000,5478986,2025
tt11092020,40000000,5416976,2025
tt29344903,4250000,5325096,2025
tt8866456,10000000,4872389,2025
tt4419684,55000000,4755330,2025
tt26671996,20000000,4647059,2025
tt14883538,10000000,4570178,2025
tt30096221,35000000,4546837,2025
tt10381102,200000,4529925,2025
tt15431864,1050000,4480301,2025
tt35220086,453772,4083949,2025
tt14364480,210000000,4000000,2025
tt32982610,3000000,3871169,2025
tt37893389,65000000,3500000,2025
tt33022710,5100000,3400000,2025
tt33247023,20000000,3255315,2025
tt21267296,3000000,3182680,2025
tt32321317,1000000,3142860,2025
tt27425164,47000000,3096145,2025
tt33397897,4000000,3008666,2025
tt28078628,3000000,3000000,2025
tt23398348,15000000,2972865,2025
tt33235979,20000000,2595702,2025
tt13652286,40000000,2482071,2025
tt14999684,1400000,2350523,2025
tt35121660,1800000,2281457,2025
tt32843349,1500000,2279895,2025
tt32204858,4600000,2248056,2025
tt27679608,2940000,2241176,2025
tt33540970,3700000,2225596,2025
tt29929565,10000000,2183539,2025
tt32214413,5000000,2074545,2025
tt23149780,50000000,1907486,2025
tt34819091,10000000,1727085,2025
tt26783625,1000000,1688650,2025
tt30400277,34000000,1681351,2025
tt20222166,22600000,1674926,2025
tt20723376,2000000,1620829,2025
tt21955520,250000,1561361,2025
tt29313285,11100000,1530750,2025
tt31194612,25000000,1500000,2025
tt28618654,180000000,1481368,2025
tt38047685,1600000,1472934,2025
tt27766538,18218260,1457292,2025
tt31322753,2000000,1400477,2025
tt30781967,9500000,1395909,2025
tt18382850,1500000,1346808,2025
tt32323252,15000000,1310888,2025
tt21442114,10000000,1236630,2025
tt37107071,17000000,1193835,2025
tt33549447,11000000,1161830,2025
tt26439870,9400000,1078000,2025
tt31702278,7324508,1061893,2025
tt30141489,1000000,1000000,2025
tt33366696,1900000,972776,2025
tt28648248,3000000,915689,2025
tt9254940,30000000,876150,2025
tt29383191,1140000,860000,2025
tt31415482,11002819,827331,2025
tt35676003,500000,772869,2025
tt32591435,1800000,769536,2025
tt28252563,24000000,736301,2025
tt17070412,6500000,721048,2025
tt32792934,1000000,685153,2025
tt23621682,325000,534030,2025
tt30889136,8000,530852,2025
tt33030107,2000000,527786,2025
tt6203702,8733004,500145,2025
tt17676734,9000000,500000,2025
tt32478708,5000000,490149,2025
tt1312221,120000000,480678,2025
tt2256055,20000000,480640,2025
tt26597666,25000000,465008,2025
tt20414834,15000000,428925,2025
tt32851910,900000,419333,2025
tt37626027,250000,400000,2025
tt37270452,706000,395930,2025
tt30766582,2000000,393011,2025
tt33382323,4025000,377925,2025
tt33996352,10000000,350750,2025
tt32123395,15000000,346774,2025
tt33821001,222471,342471,2025
tt34714055,1500000,313084,2025
tt13098590,11000000,311205,2025
tt32768323,8000000,279328,2025
tt36454677,455401,276647,2025
tt38598406,1095000,274766,2025
tt33320882,500000,269767,2025
tt21375602,2500000,215586,2025
tt1210027,60000000,184758,2025
tt36474071,62000,145000,2025
tt36315440,234280,141739,2025
tt31261333,566000,115952,2025
tt33367899,500000,100000,2025
tt4682810,26000000,92691,2025
tt20258920,45000000,89572,2025
tt36389438,1126959,83641,2025
tt32059878,100000,82873,2025
tt31513874,500000,82556,2025
tt27571431,70000,70000,2025
tt36464309,35000,70000,2025
tt35419747,676000,69772,2025
tt38635633,3000000,69233,2025
tt34886821,24500000,68995,2025
tt17663238,10000000,57009,2025
tt14175640,110,54613,2025
tt33507467,8000,50000,2025
tt28633405,80000,38840,2025
tt38938067,95,30000,2025
tt28028430,30000,30000,2025
tt15086202,3482910,29155,2025
tt32448239,2000000,25775,2025
tt39132364,15000,25000,2025
tt35257669,200000,20000,2025
tt36041986,1000,20000,2025
tt31500456,6800,20000,2025
tt35101356,3000,17000,2025
tt26229118,5000,12000,2025
tt32597616,14243,11836,2025
tt37741658,100,10000,2025
tt35551642,1798,7397,2025
tt35127969,7000,7000,2025
tt39181004,4200,6767,2025
tt39547749,100,5000,2025
tt19888408,5000,5000,2025
tt39045071,500,5000,2025
tt36585521,1200,5000,2025
tt33384687,5000,5000,2025
tt35264667,5000,5000,2025
tt36693713,3000,5000,2025
tt37846979,400000,4981,2025
tt30973842,10000000,4772,2025
tt32276913,1500000,4548,2025
tt37449059,1400,2587,2025
tt37338923,1500,2343,2025
tt27664301,8716125,2224,2025
tt32106176,7001179,2120,2025
tt36074964,750,1600,2025
tt37022996,2000,1500,2025
tt28089167,4000,1490,2025
tt37420589,10000,1200,2025
tt33131023,400,1200,2025
tt40117128,177,1180,2025
tt30057193,7000,1068,2025
tt39396327,1,1000,2025
tt34442533,500,1000,2025
tt38733247,1000,1000,2025
tt38778593,100,1000,2025
tt38222067,100,1000,2025
tt38117863,1000,1000,2025
tt37975369,1000,1000,2025
tt37070974,1000,1000,2025
tt15679984,1000,1000,2025
tt36098942,66,666,2025
tt36962950,600,600,2025
tt38699226,100,583,2025
tt34868063,100,500,2025
tt28523599,500,500,2025
tt34487780,3500000,426,2025
tt39308654,67,420,2025
tt36358984,40,400,2025
tt34840893,200,300,2025
tt36593666,300,300,2025
tt35608671,70,280,2025
tt39601893,100,275,2025
tt39601674,100,250,2025
tt39104892,250,250,2025
tt38351235,18000,250,2025
tt37457644,543,212,2025
tt36673871,414,212,2025
tt39301846,200,200,2025
tt39333390,750,200,2025
tt33061916,200,200,2025
tt39028343,100,100,2025
tt39069627,1290,100,2025
tt37872544,100,100,2025
tt37599947,3000,100,2025
tt35755685,100,100,2025
tt35469431,100,100,2025
tt34473219,100,100,2025
tt36302667,87,99,2025
tt38748730,100,50,2025
tt38131455,67,41,2025
tt36213011,34,34,2025
tt37396584,14,14,2025
tt38785196,10,10,2025
tt31227393,10,10,2025
tt36259772,5,9,2025
tt36414538,5,7,2025
tt36270431,4,7,2025
tt36168048,5,7,2025
tt39173556,2,6,2025
tt0137526,10,6,2025
tt36173934,5,6,2025
tt38534204,20,5,2025
tt36462121,7,5,2025
tt37577390,2,3,2025
tt36413974,15,3,2025
tt39749160,30,1,2025
tt38789048,5000,1,2025
tt39127851,1,1,2025
tt37848946,16,1,2025
tt37818361,1,1,2025
tt38853567,1,1,2025
